ISO-10303-21;
HEADER;

/* File generated by Alibre Version V28 */

FILE_DESCRIPTION(('HOOPS Exchange Step'),'2;1');

FILE_NAME('C:\\Users\\runds\\AppData\\Local\\Temp\\Alibre Design\\28.0.2.28126\\export-18B3BBEB-73AC-4077-B19A-0EB5CCB30715.stp',
'2025-02-06T10:28:48+01:00',
('runds'),
('Alibre'),
'HOOPS Exchange 2024.5',
'Alibre',
'Unknown authorisation');

FILE_SCHEMA( ('AP242_MANAGED_MODEL_BASED_3D_ENGINEERING_MIM_LF {1 0 10303 442 1 1 4 }') );

ENDSEC;

DATA;
#3=(NAMED_UNIT(*)PLANE_ANGLE_UNIT()SI_UNIT($,.RADIAN.));
#4=PLANE_ANGLE_MEASURE_WITH_UNIT(PLANE_ANGLE_MEASURE(0.0174532925),#3);
#5=(CONVERSION_BASED_UNIT('DEGREE',#4)NAMED_UNIT(#6)PLANE_ANGLE_UNIT());
#6=DIMENSIONAL_EXPONENTS(0.,0.,0.,0.,0.,0.,0.);
#7=(NAMED_UNIT(*)SI_UNIT($,.STERADIAN.)SOLID_ANGLE_UNIT());
#8=(LENGTH_UNIT()NAMED_UNIT(*)SI_UNIT(.MILLI.,.METRE.));
#9=UNCERTAINTY_MEASURE_WITH_UNIT(LENGTH_MEASURE(1.000000E-06),#8,'DISTANCE_ACCURACY_VALUE','Maximum Tolerance applied to model');
#10=(GEOMETRIC_REPRESENTATION_CONTEXT(3)GLOBAL_UNCERTAINTY_ASSIGNED_CONTEXT((#9))GLOBAL_UNIT_ASSIGNED_CONTEXT((#8,#5,#7))REPRESENTATION_CONTEXT('','Conn_Mini_DIN_round_3_canned'));
#12=CARTESIAN_POINT('',(0.,0.,0.));
#13=DIRECTION('',(0.,0.,1.));
#14=DIRECTION('',(1.,0.,0.));
#15=AXIS2_PLACEMENT_3D('',#12,#13,#14);
#27=CARTESIAN_POINT('',(0.,-1.568851024,0.));
#28=DIRECTION('',(0.,1.,0.));
#29=DIRECTION('',(1.,0.,0.));
#30=AXIS2_PLACEMENT_3D('',#27,#28,#29);
#31=PLANE('',#30);
#32=CARTESIAN_POINT('',(-1.,-1.568851024,-2.5));
#33=VERTEX_POINT('',#32);
#34=CARTESIAN_POINT('',(1.,-1.568851024,-2.5));
#35=VERTEX_POINT('',#34);
#36=CARTESIAN_POINT('',(0.,-1.568851024,-2.5));
#37=DIRECTION('',(0.,-1.,-0.));
#38=DIRECTION('',(-0.707106781,0.,-0.707106781));
#39=AXIS2_PLACEMENT_3D('',#36,#37,#38);
#40=CIRCLE('',#39,1.);
#41=EDGE_CURVE('',#33,#35,#40,.T.);
#42=ORIENTED_EDGE('',*,*,#41,.F.);
#43=CARTESIAN_POINT('',(-1.,-1.568851024,0.));
#44=VERTEX_POINT('',#43);
#45=CARTESIAN_POINT('',(-1.,-1.568851024,0.));
#46=DIRECTION('',(0.,0.,-1.));
#47=VECTOR('',#46,25.);
#48=LINE('',#45,#47);
#49=EDGE_CURVE('',#44,#33,#48,.T.);
#50=ORIENTED_EDGE('',*,*,#49,.F.);
#51=CARTESIAN_POINT('',(1.,-1.568851024,0.));
#52=VERTEX_POINT('',#51);
#53=CARTESIAN_POINT('',(10.,-1.568851024,0.));
#54=DIRECTION('',(-1.,0.,0.));
#55=VECTOR('',#54,20.);
#56=LINE('',#53,#55);
#57=EDGE_CURVE('',#52,#44,#56,.T.);
#58=ORIENTED_EDGE('',*,*,#57,.F.);
#59=CARTESIAN_POINT('',(1.,-1.568851024,0.));
#60=DIRECTION('',(0.,0.,-1.));
#61=VECTOR('',#60,25.);
#62=LINE('',#59,#61);
#63=EDGE_CURVE('',#52,#35,#62,.T.);
#64=ORIENTED_EDGE('',*,*,#63,.T.);
#65=EDGE_LOOP('',(#42,#50,#58,#64));
#66=FACE_BOUND('',#65,.T.);
#67=ADVANCED_FACE('',(#66),#31,.T.);
#68=COLOUR_RGB('',0.752941191,0.752941191,0.752941191);
#69=FILL_AREA_STYLE_COLOUR('',#68);
#70=FILL_AREA_STYLE('',(#69));
#71=SURFACE_STYLE_FILL_AREA(#70);
#72=SURFACE_SIDE_STYLE('',(#71));
#73=SURFACE_STYLE_USAGE(.BOTH.,#72);
#74=PRESENTATION_STYLE_ASSIGNMENT((#73));
#75=OVER_RIDING_STYLED_ITEM('',(#74),#67,#26);
#76=CARTESIAN_POINT('',(0.,-1.818851024,-2.5));
#77=DIRECTION('',(0.,-1.,-0.));
#78=DIRECTION('',(-0.707106781,0.,-0.707106781));
#79=AXIS2_PLACEMENT_3D('',#76,#77,#78);
#80=CYLINDRICAL_SURFACE('',#79,1.);
#81=CARTESIAN_POINT('',(1.,-2.068851024,-2.5));
#82=VERTEX_POINT('',#81);
#83=CARTESIAN_POINT('',(-1.,-2.068851024,-2.5));
#84=VERTEX_POINT('',#83);
#85=CARTESIAN_POINT('',(0.,-2.068851024,-2.5));
#86=DIRECTION('',(0.,1.,0.));
#87=DIRECTION('',(0.707106781,0.,-0.707106781));
#88=AXIS2_PLACEMENT_3D('',#85,#86,#87);
#89=CIRCLE('',#88,1.);
#90=EDGE_CURVE('',#82,#84,#89,.T.);
#91=ORIENTED_EDGE('',*,*,#90,.T.);
#92=CARTESIAN_POINT('',(-1.,-4.318851024,-2.5));
#93=DIRECTION('',(0.,1.,0.));
#94=VECTOR('',#93,5.);
#95=LINE('',#92,#94);
#96=EDGE_CURVE('',#84,#33,#95,.T.);
#97=ORIENTED_EDGE('',*,*,#96,.T.);
#98=ORIENTED_EDGE('',*,*,#41,.T.);
#99=CARTESIAN_POINT('',(1.,0.681148976,-2.5));
#100=DIRECTION('',(0.,-1.,0.));
#101=VECTOR('',#100,5.);
#102=LINE('',#99,#101);
#103=EDGE_CURVE('',#35,#82,#102,.T.);
#104=ORIENTED_EDGE('',*,*,#103,.T.);
#105=EDGE_LOOP('',(#91,#97,#98,#104));
#106=FACE_BOUND('',#105,.T.);
#107=ADVANCED_FACE('',(#106),#80,.T.);
#108=CARTESIAN_POINT('',(-3.4,2.,0.));
#109=DIRECTION('',(0.,0.,-1.));
#110=DIRECTION('',(-1.,0.,0.));
#111=AXIS2_PLACEMENT_3D('',#108,#109,#110);
#112=CYLINDRICAL_SURFACE('',#111,0.35);
#113=CARTESIAN_POINT('',(-3.05,2.,-3.5));
#114=VERTEX_POINT('',#113);
#115=CARTESIAN_POINT('',(-3.05,2.,0.));
#116=VERTEX_POINT('',#115);
#117=CARTESIAN_POINT('',(-3.05,2.,-3.5));
#118=DIRECTION('',(-0.,-0.,1.));
#119=VECTOR('',#118,3.5);
#120=LINE('',#117,#119);
#121=EDGE_CURVE('',#114,#116,#120,.T.);
#122=ORIENTED_EDGE('',*,*,#121,.T.);
#123=CARTESIAN_POINT('',(-3.75,2.,0.));
#124=VERTEX_POINT('',#123);
#125=CARTESIAN_POINT('',(-3.4,2.,0.));
#126=DIRECTION('',(0.,0.,1.));
#127=DIRECTION('',(-1.,0.,0.));
#128=AXIS2_PLACEMENT_3D('',#125,#126,#127);
#129=CIRCLE('',#128,0.35);
#130=EDGE_CURVE('',#124,#116,#129,.T.);
#131=ORIENTED_EDGE('',*,*,#130,.F.);
#132=CARTESIAN_POINT('',(-3.4,2.,0.));
#133=DIRECTION('',(0.,0.,1.));
#134=DIRECTION('',(-1.,0.,0.));
#135=AXIS2_PLACEMENT_3D('',#132,#133,#134);
#136=CIRCLE('',#135,0.35);
#137=EDGE_CURVE('',#116,#124,#136,.T.);
#138=ORIENTED_EDGE('',*,*,#137,.F.);
#139=ORIENTED_EDGE('',*,*,#121,.F.);
#140=CARTESIAN_POINT('',(-3.75,2.,-3.5));
#141=VERTEX_POINT('',#140);
#142=CARTESIAN_POINT('',(-3.4,2.,-3.5));
#143=DIRECTION('',(0.,0.,1.));
#144=DIRECTION('',(-1.,0.,0.));
#145=AXIS2_PLACEMENT_3D('',#142,#143,#144);
#146=CIRCLE('',#145,0.35);
#147=EDGE_CURVE('',#114,#141,#146,.T.);
#148=ORIENTED_EDGE('',*,*,#147,.T.);
#149=CARTESIAN_POINT('',(-3.4,2.,-3.5));
#150=DIRECTION('',(0.,0.,1.));
#151=DIRECTION('',(-1.,0.,0.));
#152=AXIS2_PLACEMENT_3D('',#149,#150,#151);
#153=CIRCLE('',#152,0.35);
#154=EDGE_CURVE('',#141,#114,#153,.T.);
#155=ORIENTED_EDGE('',*,*,#154,.T.);
#156=EDGE_LOOP('',(#122,#131,#138,#139,#148,#155));
#157=FACE_BOUND('',#156,.T.);
#158=ADVANCED_FACE('',(#157),#112,.T.);
#159=OVER_RIDING_STYLED_ITEM('',(#74),#158,#26);
#160=CARTESIAN_POINT('',(-3.4,2.,-3.5));
#161=DIRECTION('',(0.,0.,-1.));
#162=DIRECTION('',(-1.,0.,0.));
#163=AXIS2_PLACEMENT_3D('',#160,#161,#162);
#164=PLANE('',#163);
#165=ORIENTED_EDGE('',*,*,#147,.F.);
#166=ORIENTED_EDGE('',*,*,#154,.F.);
#167=EDGE_LOOP('',(#165,#166));
#168=FACE_BOUND('',#167,.T.);
#169=ADVANCED_FACE('',(#168),#164,.T.);
#170=OVER_RIDING_STYLED_ITEM('',(#74),#169,#26);
#171=CARTESIAN_POINT('',(-1.,-1.818851024,0.));
#172=DIRECTION('',(-1.,0.,0.));
#173=DIRECTION('',(0.,1.,0.));
#174=AXIS2_PLACEMENT_3D('',#171,#172,#173);
#175=PLANE('',#174);
#176=ORIENTED_EDGE('',*,*,#96,.F.);
#177=CARTESIAN_POINT('',(-1.,-2.068851024,0.));
#178=VERTEX_POINT('',#177);
#179=CARTESIAN_POINT('',(-1.,-2.068851024,0.));
#180=DIRECTION('',(0.,0.,-1.));
#181=VECTOR('',#180,25.);
#182=LINE('',#179,#181);
#183=EDGE_CURVE('',#178,#84,#182,.T.);
#184=ORIENTED_EDGE('',*,*,#183,.F.);
#185=CARTESIAN_POINT('',(-1.,-5.470190065,0.));
#186=DIRECTION('',(0.,-1.,0.));
#187=VECTOR('',#186,5.);
#188=LINE('',#185,#187);
#189=EDGE_CURVE('',#44,#178,#188,.T.);
#190=ORIENTED_EDGE('',*,*,#189,.F.);
#191=ORIENTED_EDGE('',*,*,#49,.T.);
#192=EDGE_LOOP('',(#176,#184,#190,#191));
#193=FACE_BOUND('',#192,.T.);
#194=ADVANCED_FACE('',(#193),#175,.T.);
#195=OVER_RIDING_STYLED_ITEM('',(#74),#194,#26);
#196=CARTESIAN_POINT('',(0.,-2.068851024,0.));
#197=DIRECTION('',(0.,-1.,0.));
#198=DIRECTION('',(-1.,0.,0.));
#199=AXIS2_PLACEMENT_3D('',#196,#197,#198);
#200=PLANE('',#199);
#201=ORIENTED_EDGE('',*,*,#90,.F.);
#202=CARTESIAN_POINT('',(1.,-2.068851024,0.));
#203=VERTEX_POINT('',#202);
#204=CARTESIAN_POINT('',(1.,-2.068851024,0.));
#205=DIRECTION('',(0.,0.,-1.));
#206=VECTOR('',#205,25.);
#207=LINE('',#204,#206);
#208=EDGE_CURVE('',#203,#82,#207,.T.);
#209=ORIENTED_EDGE('',*,*,#208,.F.);
#210=CARTESIAN_POINT('',(-10.,-2.068851024,0.));
#211=DIRECTION('',(1.,0.,-0.));
#212=VECTOR('',#211,20.);
#213=LINE('',#210,#212);
#214=EDGE_CURVE('',#178,#203,#213,.T.);
#215=ORIENTED_EDGE('',*,*,#214,.F.);
#216=ORIENTED_EDGE('',*,*,#183,.T.);
#217=EDGE_LOOP('',(#201,#209,#215,#216));
#218=FACE_BOUND('',#217,.T.);
#219=ADVANCED_FACE('',(#218),#200,.T.);
#220=OVER_RIDING_STYLED_ITEM('',(#74),#219,#26);
#221=CARTESIAN_POINT('',(1.,-1.818851024,0.));
#222=DIRECTION('',(1.,0.,0.));
#223=DIRECTION('',(0.,-1.,0.));
#224=AXIS2_PLACEMENT_3D('',#221,#222,#223);
#225=PLANE('',#224);
#226=ORIENTED_EDGE('',*,*,#103,.F.);
#227=ORIENTED_EDGE('',*,*,#63,.F.);
#228=CARTESIAN_POINT('',(1.,-10.470190065,0.));
#229=DIRECTION('',(0.,1.,0.));
#230=VECTOR('',#229,5.);
#231=LINE('',#228,#230);
#232=EDGE_CURVE('',#203,#52,#231,.T.);
#233=ORIENTED_EDGE('',*,*,#232,.F.);
#234=ORIENTED_EDGE('',*,*,#208,.T.);
#235=EDGE_LOOP('',(#226,#227,#233,#234));
#236=FACE_BOUND('',#235,.T.);
#237=ADVANCED_FACE('',(#236),#225,.T.);
#238=OVER_RIDING_STYLED_ITEM('',(#74),#237,#26);
#239=CARTESIAN_POINT('',(0.9,4.5,0.));
#240=DIRECTION('',(0.,0.,-1.));
#241=DIRECTION('',(-1.,0.,0.));
#242=AXIS2_PLACEMENT_3D('',#239,#240,#241);
#243=CYLINDRICAL_SURFACE('',#242,0.35);
#244=CARTESIAN_POINT('',(1.25,4.5,-3.5));
#245=VERTEX_POINT('',#244);
#246=CARTESIAN_POINT('',(1.25,4.5,0.));
#247=VERTEX_POINT('',#246);
#248=CARTESIAN_POINT('',(1.25,4.5,-3.5));
#249=DIRECTION('',(-0.,-0.,1.));
#250=VECTOR('',#249,3.5);
#251=LINE('',#248,#250);
#252=EDGE_CURVE('',#245,#247,#251,.T.);
#253=ORIENTED_EDGE('',*,*,#252,.T.);
#254=CARTESIAN_POINT('',(0.55,4.5,0.));
#255=VERTEX_POINT('',#254);
#256=CARTESIAN_POINT('',(0.9,4.5,0.));
#257=DIRECTION('',(0.,0.,1.));
#258=DIRECTION('',(-1.,0.,0.));
#259=AXIS2_PLACEMENT_3D('',#256,#257,#258);
#260=CIRCLE('',#259,0.35);
#261=EDGE_CURVE('',#255,#247,#260,.T.);
#262=ORIENTED_EDGE('',*,*,#261,.F.);
#263=CARTESIAN_POINT('',(0.9,4.5,0.));
#264=DIRECTION('',(0.,0.,1.));
#265=DIRECTION('',(-1.,0.,0.));
#266=AXIS2_PLACEMENT_3D('',#263,#264,#265);
#267=CIRCLE('',#266,0.35);
#268=EDGE_CURVE('',#247,#255,#267,.T.);
#269=ORIENTED_EDGE('',*,*,#268,.F.);
#270=ORIENTED_EDGE('',*,*,#252,.F.);
#271=CARTESIAN_POINT('',(0.55,4.5,-3.5));
#272=VERTEX_POINT('',#271);
#273=CARTESIAN_POINT('',(0.9,4.5,-3.5));
#274=DIRECTION('',(0.,0.,1.));
#275=DIRECTION('',(-1.,0.,0.));
#276=AXIS2_PLACEMENT_3D('',#273,#274,#275);
#277=CIRCLE('',#276,0.35);
#278=EDGE_CURVE('',#245,#272,#277,.T.);
#279=ORIENTED_EDGE('',*,*,#278,.T.);
#280=CARTESIAN_POINT('',(0.9,4.5,-3.5));
#281=DIRECTION('',(0.,0.,1.));
#282=DIRECTION('',(-1.,0.,0.));
#283=AXIS2_PLACEMENT_3D('',#280,#281,#282);
#284=CIRCLE('',#283,0.35);
#285=EDGE_CURVE('',#272,#245,#284,.T.);
#286=ORIENTED_EDGE('',*,*,#285,.T.);
#287=EDGE_LOOP('',(#253,#262,#269,#270,#279,#286));
#288=FACE_BOUND('',#287,.T.);
#289=ADVANCED_FACE('',(#288),#243,.T.);
#290=OVER_RIDING_STYLED_ITEM('',(#74),#289,#26);
#291=CARTESIAN_POINT('',(0.9,4.5,-3.5));
#292=DIRECTION('',(0.,0.,-1.));
#293=DIRECTION('',(-1.,0.,0.));
#294=AXIS2_PLACEMENT_3D('',#291,#292,#293);
#295=PLANE('',#294);
#296=ORIENTED_EDGE('',*,*,#278,.F.);
#297=ORIENTED_EDGE('',*,*,#285,.F.);
#298=EDGE_LOOP('',(#296,#297));
#299=FACE_BOUND('',#298,.T.);
#300=ADVANCED_FACE('',(#299),#295,.T.);
#301=OVER_RIDING_STYLED_ITEM('',(#74),#300,#26);
#302=CARTESIAN_POINT('',(3.400006082,2.,0.));
#303=DIRECTION('',(0.,0.,-1.));
#304=DIRECTION('',(-1.,0.,0.));
#305=AXIS2_PLACEMENT_3D('',#302,#303,#304);
#306=CYLINDRICAL_SURFACE('',#305,0.35);
#307=CARTESIAN_POINT('',(3.750006082,2.,-3.5));
#308=VERTEX_POINT('',#307);
#309=CARTESIAN_POINT('',(3.750006082,2.,0.));
#310=VERTEX_POINT('',#309);
#311=CARTESIAN_POINT('',(3.750006082,2.,-3.5));
#312=DIRECTION('',(-0.,-0.,1.));
#313=VECTOR('',#312,3.5);
#314=LINE('',#311,#313);
#315=EDGE_CURVE('',#308,#310,#314,.T.);
#316=ORIENTED_EDGE('',*,*,#315,.T.);
#317=CARTESIAN_POINT('',(3.050006082,2.,0.));
#318=VERTEX_POINT('',#317);
#319=CARTESIAN_POINT('',(3.400006082,2.,0.));
#320=DIRECTION('',(0.,0.,1.));
#321=DIRECTION('',(-1.,0.,0.));
#322=AXIS2_PLACEMENT_3D('',#319,#320,#321);
#323=CIRCLE('',#322,0.35);
#324=EDGE_CURVE('',#318,#310,#323,.T.);
#325=ORIENTED_EDGE('',*,*,#324,.F.);
#326=CARTESIAN_POINT('',(3.400006082,2.,0.));
#327=DIRECTION('',(0.,0.,1.));
#328=DIRECTION('',(-1.,0.,0.));
#329=AXIS2_PLACEMENT_3D('',#326,#327,#328);
#330=CIRCLE('',#329,0.35);
#331=EDGE_CURVE('',#310,#318,#330,.T.);
#332=ORIENTED_EDGE('',*,*,#331,.F.);
#333=ORIENTED_EDGE('',*,*,#315,.F.);
#334=CARTESIAN_POINT('',(3.050006082,2.,-3.5));
#335=VERTEX_POINT('',#334);
#336=CARTESIAN_POINT('',(3.400006082,2.,-3.5));
#337=DIRECTION('',(0.,0.,1.));
#338=DIRECTION('',(-1.,0.,0.));
#339=AXIS2_PLACEMENT_3D('',#336,#337,#338);
#340=CIRCLE('',#339,0.35);
#341=EDGE_CURVE('',#308,#335,#340,.T.);
#342=ORIENTED_EDGE('',*,*,#341,.T.);
#343=CARTESIAN_POINT('',(3.400006082,2.,-3.5));
#344=DIRECTION('',(0.,0.,1.));
#345=DIRECTION('',(-1.,0.,0.));
#346=AXIS2_PLACEMENT_3D('',#343,#344,#345);
#347=CIRCLE('',#346,0.35);
#348=EDGE_CURVE('',#335,#308,#347,.T.);
#349=ORIENTED_EDGE('',*,*,#348,.T.);
#350=EDGE_LOOP('',(#316,#325,#332,#333,#342,#349));
#351=FACE_BOUND('',#350,.T.);
#352=ADVANCED_FACE('',(#351),#306,.T.);
#353=OVER_RIDING_STYLED_ITEM('',(#74),#352,#26);
#354=CARTESIAN_POINT('',(3.400006082,2.,-3.5));
#355=DIRECTION('',(0.,0.,-1.));
#356=DIRECTION('',(-1.,0.,0.));
#357=AXIS2_PLACEMENT_3D('',#354,#355,#356);
#358=PLANE('',#357);
#359=ORIENTED_EDGE('',*,*,#341,.F.);
#360=ORIENTED_EDGE('',*,*,#348,.F.);
#361=EDGE_LOOP('',(#359,#360));
#362=FACE_BOUND('',#361,.T.);
#363=ADVANCED_FACE('',(#362),#358,.T.);
#364=OVER_RIDING_STYLED_ITEM('',(#74),#363,#26);
#365=CARTESIAN_POINT('',(0.,-0.451886792,0.));
#366=DIRECTION('',(0.,0.,1.));
#367=DIRECTION('',(1.,0.,0.));
#368=AXIS2_PLACEMENT_3D('',#365,#366,#367);
#369=PLANE('',#368);
#370=CARTESIAN_POINT('',(-7.,-6.5,0.));
#371=VERTEX_POINT('',#370);
#372=CARTESIAN_POINT('',(7.,-6.5,0.));
#373=VERTEX_POINT('',#372);
#374=CARTESIAN_POINT('',(-7.,-6.5,0.));
#375=DIRECTION('',(1.,0.,-0.));
#376=VECTOR('',#375,140.);
#377=LINE('',#374,#376);
#378=EDGE_CURVE('',#371,#373,#377,.T.);
#379=ORIENTED_EDGE('',*,*,#378,.F.);
#380=CARTESIAN_POINT('',(-7.,-4.7,0.));
#381=VERTEX_POINT('',#380);
#382=CARTESIAN_POINT('',(-7.,-4.7,0.));
#383=DIRECTION('',(0.,-1.,0.));
#384=VECTOR('',#383,18.);
#385=LINE('',#382,#384);
#386=EDGE_CURVE('',#381,#371,#385,.T.);
#387=ORIENTED_EDGE('',*,*,#386,.F.);
#388=CARTESIAN_POINT('',(-6.5,-4.7,0.));
#389=VERTEX_POINT('',#388);
#390=CARTESIAN_POINT('',(-6.5,-4.7,0.));
#391=DIRECTION('',(-1.,0.,0.));
#392=VECTOR('',#391,5.);
#393=LINE('',#390,#392);
#394=EDGE_CURVE('',#389,#381,#393,.T.);
#395=ORIENTED_EDGE('',*,*,#394,.F.);
#396=CARTESIAN_POINT('',(-6.5,-1.95,0.));
#397=VERTEX_POINT('',#396);
#398=CARTESIAN_POINT('',(-6.5,-73.5,0.));
#399=DIRECTION('',(0.,-1.,0.));
#400=VECTOR('',#399,27.5);
#401=LINE('',#398,#400);
#402=EDGE_CURVE('',#397,#389,#401,.T.);
#403=ORIENTED_EDGE('',*,*,#402,.F.);
#404=CARTESIAN_POINT('',(-6.5,0.05,0.));
#405=VERTEX_POINT('',#404);
#406=CARTESIAN_POINT('',(-6.5,-53.5,0.));
#407=DIRECTION('',(0.,-1.,0.));
#408=VECTOR('',#407,20.);
#409=LINE('',#406,#408);
#410=EDGE_CURVE('',#405,#397,#409,.T.);
#411=ORIENTED_EDGE('',*,*,#410,.F.);
#412=CARTESIAN_POINT('',(-6.5,6.,0.));
#413=VERTEX_POINT('',#412);
#414=CARTESIAN_POINT('',(-6.5,6.,0.));
#415=DIRECTION('',(0.,-1.,0.));
#416=VECTOR('',#415,59.5);
#417=LINE('',#414,#416);
#418=EDGE_CURVE('',#413,#405,#417,.T.);
#419=ORIENTED_EDGE('',*,*,#418,.F.);
#420=CARTESIAN_POINT('',(6.5,6.,0.));
#421=VERTEX_POINT('',#420);
#422=CARTESIAN_POINT('',(6.5,6.,0.));
#423=DIRECTION('',(-1.,0.,0.));
#424=VECTOR('',#423,130.);
#425=LINE('',#422,#424);
#426=EDGE_CURVE('',#421,#413,#425,.T.);
#427=ORIENTED_EDGE('',*,*,#426,.F.);
#428=CARTESIAN_POINT('',(6.5,0.05,0.));
#429=VERTEX_POINT('',#428);
#430=CARTESIAN_POINT('',(6.5,42.8,0.));
#431=DIRECTION('',(0.,1.,0.));
#432=VECTOR('',#431,59.5);
#433=LINE('',#430,#432);
#434=EDGE_CURVE('',#429,#421,#433,.T.);
#435=ORIENTED_EDGE('',*,*,#434,.F.);
#436=CARTESIAN_POINT('',(6.5,-1.95,0.));
#437=VERTEX_POINT('',#436);
#438=CARTESIAN_POINT('',(6.5,22.8,0.));
#439=DIRECTION('',(0.,1.,0.));
#440=VECTOR('',#439,20.);
#441=LINE('',#438,#440);
#442=EDGE_CURVE('',#437,#429,#441,.T.);
#443=ORIENTED_EDGE('',*,*,#442,.F.);
#444=CARTESIAN_POINT('',(6.5,-4.7,0.));
#445=VERTEX_POINT('',#444);
#446=CARTESIAN_POINT('',(6.5,-4.7,0.));
#447=DIRECTION('',(0.,1.,0.));
#448=VECTOR('',#447,27.5);
#449=LINE('',#446,#448);
#450=EDGE_CURVE('',#445,#437,#449,.T.);
#451=ORIENTED_EDGE('',*,*,#450,.F.);
#452=CARTESIAN_POINT('',(7.,-4.7,0.));
#453=VERTEX_POINT('',#452);
#454=CARTESIAN_POINT('',(7.,-4.7,0.));
#455=DIRECTION('',(-1.,0.,0.));
#456=VECTOR('',#455,5.);
#457=LINE('',#454,#456);
#458=EDGE_CURVE('',#453,#445,#457,.T.);
#459=ORIENTED_EDGE('',*,*,#458,.F.);
#460=CARTESIAN_POINT('',(7.,-6.5,0.));
#461=DIRECTION('',(0.,1.,0.));
#462=VECTOR('',#461,18.);
#463=LINE('',#460,#462);
#464=EDGE_CURVE('',#373,#453,#463,.T.);
#465=ORIENTED_EDGE('',*,*,#464,.F.);
#466=EDGE_LOOP('',(#379,#387,#395,#403,#411,#419,#427,#435,#443,#451,#459,#465));
#467=FACE_BOUND('',#466,.T.);
#468=ORIENTED_EDGE('',*,*,#324,.T.);
#469=ORIENTED_EDGE('',*,*,#331,.T.);
#470=EDGE_LOOP('',(#468,#469));
#471=FACE_BOUND('',#470,.T.);
#472=ORIENTED_EDGE('',*,*,#261,.T.);
#473=ORIENTED_EDGE('',*,*,#268,.T.);
#474=EDGE_LOOP('',(#472,#473));
#475=FACE_BOUND('',#474,.T.);
#476=ORIENTED_EDGE('',*,*,#57,.T.);
#477=ORIENTED_EDGE('',*,*,#189,.T.);
#478=ORIENTED_EDGE('',*,*,#214,.T.);
#479=ORIENTED_EDGE('',*,*,#232,.T.);
#480=EDGE_LOOP('',(#476,#477,#478,#479));
#481=FACE_BOUND('',#480,.T.);
#482=ORIENTED_EDGE('',*,*,#130,.T.);
#483=ORIENTED_EDGE('',*,*,#137,.T.);
#484=EDGE_LOOP('',(#482,#483));
#485=FACE_BOUND('',#484,.T.);
#486=ADVANCED_FACE('',(#467,#471,#475,#481,#485),#369,.F.);
#487=DRAUGHTING_PRE_DEFINED_COLOUR('black');
#488=FILL_AREA_STYLE_COLOUR('',#487);
#489=FILL_AREA_STYLE('',(#488));
#490=SURFACE_STYLE_FILL_AREA(#489);
#491=SURFACE_SIDE_STYLE('',(#490));
#492=SURFACE_STYLE_USAGE(.BOTH.,#491);
#493=PRESENTATION_STYLE_ASSIGNMENT((#492));
#494=OVER_RIDING_STYLED_ITEM('',(#493),#486,#26);
#495=CARTESIAN_POINT('',(-6.5,0.747619048,12.31));
#496=DIRECTION('',(-0.,1.,-0.));
#497=DIRECTION('',(-0.707106781,0.,0.707106781));
#498=AXIS2_PLACEMENT_3D('',#495,#496,#497);
#499=CYLINDRICAL_SURFACE('',#498,0.5);
#500=CARTESIAN_POINT('',(-6.5,5.8,12.81));
#501=VERTEX_POINT('',#500);
#502=CARTESIAN_POINT('',(-7.,5.8,12.31));
#503=VERTEX_POINT('',#502);
#504=CARTESIAN_POINT('',(-6.5,5.8,12.31));
#505=DIRECTION('',(0.,-1.,0.));
#506=DIRECTION('',(-0.707106781,0.,0.707106781));
#507=AXIS2_PLACEMENT_3D('',#504,#505,#506);
#508=CIRCLE('',#507,0.5);
#509=EDGE_CURVE('',#501,#503,#508,.T.);
#510=ORIENTED_EDGE('',*,*,#509,.T.);
#511=CARTESIAN_POINT('',(-7.,-4.65,12.31));
#512=VERTEX_POINT('',#511);
#513=CARTESIAN_POINT('',(-7.,51.271428571,12.31));
#514=DIRECTION('',(0.,-1.,0.));
#515=VECTOR('',#514,104.5);
#516=LINE('',#513,#515);
#517=EDGE_CURVE('',#503,#512,#516,.T.);
#518=ORIENTED_EDGE('',*,*,#517,.T.);
#519=CARTESIAN_POINT('',(-6.5,-4.65,12.81));
#520=VERTEX_POINT('',#519);
#521=CARTESIAN_POINT('',(-6.5,-4.65,12.31));
#522=DIRECTION('',(0.,1.,0.));
#523=DIRECTION('',(-0.707106781,0.,0.707106781));
#524=AXIS2_PLACEMENT_3D('',#521,#522,#523);
#525=CIRCLE('',#524,0.5);
#526=EDGE_CURVE('',#512,#520,#525,.T.);
#527=ORIENTED_EDGE('',*,*,#526,.T.);
#528=CARTESIAN_POINT('',(-6.5,-53.228571429,12.81));
#529=DIRECTION('',(0.,1.,-0.));
#530=VECTOR('',#529,104.5);
#531=LINE('',#528,#530);
#532=EDGE_CURVE('',#520,#501,#531,.T.);
#533=ORIENTED_EDGE('',*,*,#532,.T.);
#534=EDGE_LOOP('',(#510,#518,#527,#533));
#535=FACE_BOUND('',#534,.T.);
#536=ADVANCED_FACE('',(#535),#499,.T.);
#537=CARTESIAN_POINT('',(0.,-4.65,12.3));
#538=DIRECTION('',(0.,-1.,0.));
#539=DIRECTION('',(1.,0.,0.));
#540=AXIS2_PLACEMENT_3D('',#537,#538,#539);
#541=PLANE('',#540);
#542=ORIENTED_EDGE('',*,*,#526,.F.);
#543=CARTESIAN_POINT('',(-7.,-4.65,0.474337997));
#544=VERTEX_POINT('',#543);
#545=CARTESIAN_POINT('',(-7.,-4.65,-105.956620031));
#546=DIRECTION('',(0.,0.,1.));
#547=VECTOR('',#546,118.356620031);
#548=LINE('',#545,#547);
#549=EDGE_CURVE('',#544,#512,#548,.T.);
#550=ORIENTED_EDGE('',*,*,#549,.F.);
#551=CARTESIAN_POINT('',(-6.5,-4.65,0.474337997));
#552=VERTEX_POINT('',#551);
#553=CARTESIAN_POINT('',(-38.5,-4.65,0.474337997));
#554=DIRECTION('',(1.,0.,-0.));
#555=VECTOR('',#554,5.);
#556=LINE('',#553,#555);
#557=EDGE_CURVE('',#544,#552,#556,.T.);
#558=ORIENTED_EDGE('',*,*,#557,.T.);
#559=CARTESIAN_POINT('',(-6.5,-4.65,12.3));
#560=VERTEX_POINT('',#559);
#561=CARTESIAN_POINT('',(-6.5,-4.65,67.65));
#562=DIRECTION('',(0.,0.,-1.));
#563=VECTOR('',#562,118.256620031);
#564=LINE('',#561,#563);
#565=EDGE_CURVE('',#560,#552,#564,.T.);
#566=ORIENTED_EDGE('',*,*,#565,.F.);
#567=CARTESIAN_POINT('',(6.5,-4.65,12.3));
#568=VERTEX_POINT('',#567);
#569=CARTESIAN_POINT('',(65.,-4.65,12.3));
#570=DIRECTION('',(-1.,0.,0.));
#571=VECTOR('',#570,130.);
#572=LINE('',#569,#571);
#573=EDGE_CURVE('',#568,#560,#572,.T.);
#574=ORIENTED_EDGE('',*,*,#573,.F.);
#575=CARTESIAN_POINT('',(6.5,-4.65,0.474337997));
#576=VERTEX_POINT('',#575);
#577=CARTESIAN_POINT('',(6.5,-4.65,-50.606620031));
#578=DIRECTION('',(0.,0.,1.));
#579=VECTOR('',#578,118.256620031);
#580=LINE('',#577,#579);
#581=EDGE_CURVE('',#576,#568,#580,.T.);
#582=ORIENTED_EDGE('',*,*,#581,.F.);
#583=CARTESIAN_POINT('',(7.,-4.65,0.474337997));
#584=VERTEX_POINT('',#583);
#585=CARTESIAN_POINT('',(33.5,-4.65,0.474337997));
#586=DIRECTION('',(1.,0.,-0.));
#587=VECTOR('',#586,5.);
#588=LINE('',#585,#587);
#589=EDGE_CURVE('',#576,#584,#588,.T.);
#590=ORIENTED_EDGE('',*,*,#589,.T.);
#591=CARTESIAN_POINT('',(7.,-4.65,12.31));
#592=VERTEX_POINT('',#591);
#593=CARTESIAN_POINT('',(7.,-4.65,12.4));
#594=DIRECTION('',(0.,0.,-1.));
#595=VECTOR('',#594,118.356620031);
#596=LINE('',#593,#595);
#597=EDGE_CURVE('',#592,#584,#596,.T.);
#598=ORIENTED_EDGE('',*,*,#597,.F.);
#599=CARTESIAN_POINT('',(6.5,-4.65,12.81));
#600=VERTEX_POINT('',#599);
#601=CARTESIAN_POINT('',(6.5,-4.65,12.31));
#602=DIRECTION('',(-0.,1.,0.));
#603=DIRECTION('',(0.707106781,0.,0.707106781));
#604=AXIS2_PLACEMENT_3D('',#601,#602,#603);
#605=CIRCLE('',#604,0.5);
#606=EDGE_CURVE('',#600,#592,#605,.T.);
#607=ORIENTED_EDGE('',*,*,#606,.F.);
#608=CARTESIAN_POINT('',(128.,-4.65,12.81));
#609=DIRECTION('',(-1.,0.,0.));
#610=VECTOR('',#609,130.);
#611=LINE('',#608,#610);
#612=EDGE_CURVE('',#600,#520,#611,.T.);
#613=ORIENTED_EDGE('',*,*,#612,.T.);
#614=EDGE_LOOP('',(#542,#550,#558,#566,#574,#582,#590,#598,#607,#613));
#615=FACE_BOUND('',#614,.T.);
#616=ADVANCED_FACE('',(#615),#541,.T.);
#617=OVER_RIDING_STYLED_ITEM('',(#74),#616,#26);
#618=CARTESIAN_POINT('',(-7.,0.575,12.3));
#619=DIRECTION('',(-1.,0.,0.));
#620=DIRECTION('',(0.,-1.,0.));
#621=AXIS2_PLACEMENT_3D('',#618,#619,#620);
#622=PLANE('',#621);
#623=ORIENTED_EDGE('',*,*,#517,.F.);
#624=CARTESIAN_POINT('',(-7.,5.8,0.474337997));
#625=VERTEX_POINT('',#624);
#626=CARTESIAN_POINT('',(-7.,5.8,12.4));
#627=DIRECTION('',(0.,0.,-1.));
#628=VECTOR('',#627,118.356620031);
#629=LINE('',#626,#628);
#630=EDGE_CURVE('',#503,#625,#629,.T.);
#631=ORIENTED_EDGE('',*,*,#630,.T.);
#632=CARTESIAN_POINT('',(-7.,0.05,0.474337997));
#633=VERTEX_POINT('',#632);
#634=CARTESIAN_POINT('',(-7.,42.25,0.474337997));
#635=DIRECTION('',(0.,-1.,0.));
#636=VECTOR('',#635,57.5);
#637=LINE('',#634,#636);
#638=EDGE_CURVE('',#625,#633,#637,.T.);
#639=ORIENTED_EDGE('',*,*,#638,.T.);
#640=CARTESIAN_POINT('',(-7.,0.05,-2.49));
#641=VERTEX_POINT('',#640);
#642=CARTESIAN_POINT('',(-7.,0.05,-46.071380524));
#643=DIRECTION('',(0.,0.,-1.));
#644=VECTOR('',#643,29.643379969);
#645=LINE('',#642,#644);
#646=EDGE_CURVE('',#633,#641,#645,.T.);
#647=ORIENTED_EDGE('',*,*,#646,.T.);
#648=CARTESIAN_POINT('',(-7.,-1.95,-2.49));
#649=VERTEX_POINT('',#648);
#650=CARTESIAN_POINT('',(-7.,-0.95,-2.49));
#651=DIRECTION('',(-1.,0.,0.));
#652=DIRECTION('',(0.,0.,-1.));
#653=AXIS2_PLACEMENT_3D('',#650,#651,#652);
#654=CIRCLE('',#653,1.);
#655=EDGE_CURVE('',#641,#649,#654,.T.);
#656=ORIENTED_EDGE('',*,*,#655,.T.);
#657=CARTESIAN_POINT('',(-7.,-1.95,0.474337997));
#658=VERTEX_POINT('',#657);
#659=CARTESIAN_POINT('',(-7.,-1.95,-75.714760493));
#660=DIRECTION('',(0.,0.,1.));
#661=VECTOR('',#660,29.643379969);
#662=LINE('',#659,#661);
#663=EDGE_CURVE('',#649,#658,#662,.T.);
#664=ORIENTED_EDGE('',*,*,#663,.T.);
#665=CARTESIAN_POINT('',(-7.,-7.2375,0.474337997));
#666=DIRECTION('',(0.,-1.,0.));
#667=VECTOR('',#666,27.);
#668=LINE('',#665,#667);
#669=EDGE_CURVE('',#658,#544,#668,.T.);
#670=ORIENTED_EDGE('',*,*,#669,.T.);
#671=ORIENTED_EDGE('',*,*,#549,.T.);
#672=EDGE_LOOP('',(#623,#631,#639,#647,#656,#664,#670,#671));
#673=FACE_BOUND('',#672,.T.);
#674=ADVANCED_FACE('',(#673),#622,.T.);
#675=OVER_RIDING_STYLED_ITEM('',(#74),#674,#26);
#676=CARTESIAN_POINT('',(0.,6.05,12.31));
#677=DIRECTION('',(1.,0.,-0.));
#678=DIRECTION('',(0.,0.707106781,0.707106781));
#679=AXIS2_PLACEMENT_3D('',#676,#677,#678);
#680=CYLINDRICAL_SURFACE('',#679,0.5);
#681=CARTESIAN_POINT('',(6.,6.05,12.81));
#682=VERTEX_POINT('',#681);
#683=CARTESIAN_POINT('',(6.,6.55,12.31));
#684=VERTEX_POINT('',#683);
#685=CARTESIAN_POINT('',(6.,6.05,12.31));
#686=DIRECTION('',(-1.,0.,0.));
#687=DIRECTION('',(0.,0.707106781,0.707106781));
#688=AXIS2_PLACEMENT_3D('',#685,#686,#687);
#689=CIRCLE('',#688,0.5);
#690=EDGE_CURVE('',#682,#684,#689,.T.);
#691=ORIENTED_EDGE('',*,*,#690,.T.);
#692=CARTESIAN_POINT('',(-6.,6.55,12.31));
#693=VERTEX_POINT('',#692);
#694=CARTESIAN_POINT('',(60.,6.55,12.31));
#695=DIRECTION('',(-1.,0.,0.));
#696=VECTOR('',#695,120.);
#697=LINE('',#694,#696);
#698=EDGE_CURVE('',#684,#693,#697,.T.);
#699=ORIENTED_EDGE('',*,*,#698,.T.);
#700=CARTESIAN_POINT('',(-6.,6.05,12.81));
#701=VERTEX_POINT('',#700);
#702=CARTESIAN_POINT('',(-6.,6.05,12.31));
#703=DIRECTION('',(1.,0.,-0.));
#704=DIRECTION('',(0.,0.707106781,0.707106781));
#705=AXIS2_PLACEMENT_3D('',#702,#703,#704);
#706=CIRCLE('',#705,0.5);
#707=EDGE_CURVE('',#693,#701,#706,.T.);
#708=ORIENTED_EDGE('',*,*,#707,.T.);
#709=CARTESIAN_POINT('',(-60.,6.05,12.81));
#710=DIRECTION('',(1.,0.,-0.));
#711=VECTOR('',#710,120.);
#712=LINE('',#709,#711);
#713=EDGE_CURVE('',#701,#682,#712,.T.);
#714=ORIENTED_EDGE('',*,*,#713,.T.);
#715=EDGE_LOOP('',(#691,#699,#708,#714));
#716=FACE_BOUND('',#715,.T.);
#717=ADVANCED_FACE('',(#716),#680,.T.);
#718=CARTESIAN_POINT('',(-6.,6.175,12.3));
#719=DIRECTION('',(-1.,0.,0.));
#720=DIRECTION('',(0.,-1.,0.));
#721=AXIS2_PLACEMENT_3D('',#718,#719,#720);
#722=PLANE('',#721);
#723=ORIENTED_EDGE('',*,*,#707,.F.);
#724=CARTESIAN_POINT('',(-6.,6.55,4.936563253));
#725=VERTEX_POINT('',#724);
#726=CARTESIAN_POINT('',(-6.,6.55,12.4));
#727=DIRECTION('',(0.,0.,-1.));
#728=VECTOR('',#727,73.734367471);
#729=LINE('',#726,#728);
#730=EDGE_CURVE('',#693,#725,#729,.T.);
#731=ORIENTED_EDGE('',*,*,#730,.T.);
#732=CARTESIAN_POINT('',(-6.,6.05,4.936563253));
#733=VERTEX_POINT('',#732);
#734=CARTESIAN_POINT('',(-6.,7.9675,4.936563253));
#735=DIRECTION('',(0.,-1.,0.));
#736=VECTOR('',#735,5.);
#737=LINE('',#734,#736);
#738=EDGE_CURVE('',#725,#733,#737,.T.);
#739=ORIENTED_EDGE('',*,*,#738,.T.);
#740=CARTESIAN_POINT('',(-6.,6.05,12.3));
#741=VERTEX_POINT('',#740);
#742=CARTESIAN_POINT('',(-6.,6.05,12.3));
#743=DIRECTION('',(0.,0.,-1.));
#744=VECTOR('',#743,73.634367471);
#745=LINE('',#742,#744);
#746=EDGE_CURVE('',#741,#733,#745,.T.);
#747=ORIENTED_EDGE('',*,*,#746,.F.);
#748=CARTESIAN_POINT('',(-6.,6.,12.3));
#749=VERTEX_POINT('',#748);
#750=CARTESIAN_POINT('',(-6.,1.55,12.3));
#751=DIRECTION('',(0.,-1.,0.));
#752=VECTOR('',#751,0.5);
#753=LINE('',#750,#752);
#754=EDGE_CURVE('',#741,#749,#753,.T.);
#755=ORIENTED_EDGE('',*,*,#754,.T.);
#756=CARTESIAN_POINT('',(-6.,5.8,12.3));
#757=VERTEX_POINT('',#756);
#758=CARTESIAN_POINT('',(-6.,27.2875,12.3));
#759=DIRECTION('',(0.,1.,0.));
#760=VECTOR('',#759,2.);
#761=LINE('',#758,#760);
#762=EDGE_CURVE('',#757,#749,#761,.T.);
#763=ORIENTED_EDGE('',*,*,#762,.F.);
#764=CARTESIAN_POINT('',(-6.,5.8,12.81));
#765=VERTEX_POINT('',#764);
#766=CARTESIAN_POINT('',(-6.,5.8,12.3));
#767=DIRECTION('',(0.,0.,1.));
#768=VECTOR('',#767,5.1);
#769=LINE('',#766,#768);
#770=EDGE_CURVE('',#757,#765,#769,.T.);
#771=ORIENTED_EDGE('',*,*,#770,.T.);
#772=CARTESIAN_POINT('',(-6.,-0.95,12.81));
#773=DIRECTION('',(0.,1.,0.));
#774=VECTOR('',#773,2.5);
#775=LINE('',#772,#774);
#776=EDGE_CURVE('',#765,#701,#775,.T.);
#777=ORIENTED_EDGE('',*,*,#776,.T.);
#778=EDGE_LOOP('',(#723,#731,#739,#747,#755,#763,#771,#777));
#779=FACE_BOUND('',#778,.T.);
#780=ADVANCED_FACE('',(#779),#722,.T.);
#781=OVER_RIDING_STYLED_ITEM('',(#74),#780,#26);
#782=CARTESIAN_POINT('',(0.,6.55,12.3));
#783=DIRECTION('',(0.,1.,0.));
#784=DIRECTION('',(-1.,0.,0.));
#785=AXIS2_PLACEMENT_3D('',#782,#783,#784);
#786=PLANE('',#785);
#787=ORIENTED_EDGE('',*,*,#698,.F.);
#788=CARTESIAN_POINT('',(6.,6.55,4.936563253));
#789=VERTEX_POINT('',#788);
#790=CARTESIAN_POINT('',(6.,6.55,12.4));
#791=DIRECTION('',(0.,0.,-1.));
#792=VECTOR('',#791,73.734367471);
#793=LINE('',#790,#792);
#794=EDGE_CURVE('',#684,#789,#793,.T.);
#795=ORIENTED_EDGE('',*,*,#794,.T.);
#796=CARTESIAN_POINT('',(4.,6.55,4.936563253));
#797=VERTEX_POINT('',#796);
#798=CARTESIAN_POINT('',(37.0275,6.55,4.936563253));
#799=DIRECTION('',(-1.,0.,0.));
#800=VECTOR('',#799,20.);
#801=LINE('',#798,#800);
#802=EDGE_CURVE('',#789,#797,#801,.T.);
#803=ORIENTED_EDGE('',*,*,#802,.T.);
#804=CARTESIAN_POINT('',(3.5,6.55,4.436563253));
#805=VERTEX_POINT('',#804);
#806=CARTESIAN_POINT('',(4.,6.55,4.436563253));
#807=DIRECTION('',(0.,-1.,0.));
#808=DIRECTION('',(1.,0.,0.));
#809=AXIS2_PLACEMENT_3D('',#806,#807,#808);
#810=CIRCLE('',#809,0.5);
#811=EDGE_CURVE('',#797,#805,#810,.T.);
#812=ORIENTED_EDGE('',*,*,#811,.T.);
#813=CARTESIAN_POINT('',(3.5,6.55,1.5));
#814=VERTEX_POINT('',#813);
#815=CARTESIAN_POINT('',(3.5,6.55,-24.34163479));
#816=DIRECTION('',(0.,0.,-1.));
#817=VECTOR('',#816,29.365632529);
#818=LINE('',#815,#817);
#819=EDGE_CURVE('',#805,#814,#818,.T.);
#820=ORIENTED_EDGE('',*,*,#819,.T.);
#821=CARTESIAN_POINT('',(2.5,6.55,0.5));
#822=VERTEX_POINT('',#821);
#823=CARTESIAN_POINT('',(2.5,6.55,1.5));
#824=DIRECTION('',(-0.,1.,0.));
#825=DIRECTION('',(1.,0.,0.));
#826=AXIS2_PLACEMENT_3D('',#823,#824,#825);
#827=CIRCLE('',#826,1.);
#828=EDGE_CURVE('',#814,#822,#827,.T.);
#829=ORIENTED_EDGE('',*,*,#828,.T.);
#830=CARTESIAN_POINT('',(-2.5,6.55,0.5));
#831=VERTEX_POINT('',#830);
#832=CARTESIAN_POINT('',(25.,6.55,0.5));
#833=DIRECTION('',(-1.,0.,-0.));
#834=VECTOR('',#833,50.);
#835=LINE('',#832,#834);
#836=EDGE_CURVE('',#822,#831,#835,.T.);
#837=ORIENTED_EDGE('',*,*,#836,.T.);
#838=CARTESIAN_POINT('',(-3.5,6.55,1.5));
#839=VERTEX_POINT('',#838);
#840=CARTESIAN_POINT('',(-2.5,6.55,1.5));
#841=DIRECTION('',(-0.,1.,0.));
#842=DIRECTION('',(1.,0.,0.));
#843=AXIS2_PLACEMENT_3D('',#840,#841,#842);
#844=CIRCLE('',#843,1.);
#845=EDGE_CURVE('',#831,#839,#844,.T.);
#846=ORIENTED_EDGE('',*,*,#845,.T.);
#847=CARTESIAN_POINT('',(-3.5,6.55,4.436563253));
#848=VERTEX_POINT('',#847);
#849=CARTESIAN_POINT('',(-3.5,6.55,-53.707267319));
#850=DIRECTION('',(0.,0.,1.));
#851=VECTOR('',#850,29.365632529);
#852=LINE('',#849,#851);
#853=EDGE_CURVE('',#839,#848,#852,.T.);
#854=ORIENTED_EDGE('',*,*,#853,.T.);
#855=CARTESIAN_POINT('',(-4.,6.55,4.936563253));
#856=VERTEX_POINT('',#855);
#857=CARTESIAN_POINT('',(-4.,6.55,4.436563253));
#858=DIRECTION('',(0.,-1.,0.));
#859=DIRECTION('',(1.,0.,0.));
#860=AXIS2_PLACEMENT_3D('',#857,#858,#859);
#861=CIRCLE('',#860,0.5);
#862=EDGE_CURVE('',#848,#856,#861,.T.);
#863=ORIENTED_EDGE('',*,*,#862,.T.);
#864=CARTESIAN_POINT('',(-17.0275,6.55,4.936563253));
#865=DIRECTION('',(-1.,0.,0.));
#866=VECTOR('',#865,20.);
#867=LINE('',#864,#866);
#868=EDGE_CURVE('',#856,#725,#867,.T.);
#869=ORIENTED_EDGE('',*,*,#868,.T.);
#870=ORIENTED_EDGE('',*,*,#730,.F.);
#871=EDGE_LOOP('',(#787,#795,#803,#812,#820,#829,#837,#846,#854,#863,#869,#870));
#872=FACE_BOUND('',#871,.T.);
#873=ADVANCED_FACE('',(#872),#786,.T.);
#874=OVER_RIDING_STYLED_ITEM('',(#74),#873,#26);
#875=CARTESIAN_POINT('',(6.5,0.747619048,12.31));
#876=DIRECTION('',(-0.,-1.,0.));
#877=DIRECTION('',(0.707106781,0.,0.707106781));
#878=AXIS2_PLACEMENT_3D('',#875,#876,#877);
#879=CYLINDRICAL_SURFACE('',#878,0.5);
#880=ORIENTED_EDGE('',*,*,#606,.T.);
#881=CARTESIAN_POINT('',(7.,5.8,12.31));
#882=VERTEX_POINT('',#881);
#883=CARTESIAN_POINT('',(7.,-53.228571429,12.31));
#884=DIRECTION('',(0.,1.,-0.));
#885=VECTOR('',#884,104.5);
#886=LINE('',#883,#885);
#887=EDGE_CURVE('',#592,#882,#886,.T.);
#888=ORIENTED_EDGE('',*,*,#887,.T.);
#889=CARTESIAN_POINT('',(6.5,5.8,12.81));
#890=VERTEX_POINT('',#889);
#891=CARTESIAN_POINT('',(6.5,5.8,12.31));
#892=DIRECTION('',(0.,-1.,0.));
#893=DIRECTION('',(0.707106781,0.,0.707106781));
#894=AXIS2_PLACEMENT_3D('',#891,#892,#893);
#895=CIRCLE('',#894,0.5);
#896=EDGE_CURVE('',#882,#890,#895,.T.);
#897=ORIENTED_EDGE('',*,*,#896,.T.);
#898=CARTESIAN_POINT('',(6.5,51.271428571,12.81));
#899=DIRECTION('',(0.,-1.,0.));
#900=VECTOR('',#899,104.5);
#901=LINE('',#898,#900);
#902=EDGE_CURVE('',#890,#600,#901,.T.);
#903=ORIENTED_EDGE('',*,*,#902,.T.);
#904=EDGE_LOOP('',(#880,#888,#897,#903));
#905=FACE_BOUND('',#904,.T.);
#906=ADVANCED_FACE('',(#905),#879,.T.);
#907=CARTESIAN_POINT('',(6.5,5.8,12.3));
#908=DIRECTION('',(0.,1.,0.));
#909=DIRECTION('',(-1.,0.,0.));
#910=AXIS2_PLACEMENT_3D('',#907,#908,#909);
#911=PLANE('',#910);
#912=ORIENTED_EDGE('',*,*,#896,.F.);
#913=CARTESIAN_POINT('',(7.,5.8,0.474337997));
#914=VERTEX_POINT('',#913);
#915=CARTESIAN_POINT('',(7.,5.8,12.4));
#916=DIRECTION('',(0.,0.,-1.));
#917=VECTOR('',#916,118.356620031);
#918=LINE('',#915,#917);
#919=EDGE_CURVE('',#882,#914,#918,.T.);
#920=ORIENTED_EDGE('',*,*,#919,.T.);
#921=CARTESIAN_POINT('',(6.5,5.8,0.474337997));
#922=VERTEX_POINT('',#921);
#923=CARTESIAN_POINT('',(9.25,5.8,0.474337997));
#924=DIRECTION('',(-1.,0.,0.));
#925=VECTOR('',#924,5.);
#926=LINE('',#923,#925);
#927=EDGE_CURVE('',#914,#922,#926,.T.);
#928=ORIENTED_EDGE('',*,*,#927,.T.);
#929=CARTESIAN_POINT('',(6.5,5.8,12.3));
#930=VERTEX_POINT('',#929);
#931=CARTESIAN_POINT('',(6.5,5.8,67.65));
#932=DIRECTION('',(0.,0.,-1.));
#933=VECTOR('',#932,118.256620031);
#934=LINE('',#931,#933);
#935=EDGE_CURVE('',#930,#922,#934,.T.);
#936=ORIENTED_EDGE('',*,*,#935,.F.);
#937=CARTESIAN_POINT('',(6.,5.8,12.3));
#938=VERTEX_POINT('',#937);
#939=CARTESIAN_POINT('',(30.75,5.8,12.3));
#940=DIRECTION('',(1.,0.,-0.));
#941=VECTOR('',#940,5.);
#942=LINE('',#939,#941);
#943=EDGE_CURVE('',#938,#930,#942,.T.);
#944=ORIENTED_EDGE('',*,*,#943,.F.);
#945=CARTESIAN_POINT('',(6.,5.8,12.81));
#946=VERTEX_POINT('',#945);
#947=CARTESIAN_POINT('',(6.,5.8,12.3));
#948=DIRECTION('',(0.,0.,1.));
#949=VECTOR('',#948,5.1);
#950=LINE('',#947,#949);
#951=EDGE_CURVE('',#938,#946,#950,.T.);
#952=ORIENTED_EDGE('',*,*,#951,.T.);
#953=CARTESIAN_POINT('',(-3.,5.8,12.81));
#954=DIRECTION('',(1.,0.,-0.));
#955=VECTOR('',#954,5.);
#956=LINE('',#953,#955);
#957=EDGE_CURVE('',#946,#890,#956,.T.);
#958=ORIENTED_EDGE('',*,*,#957,.T.);
#959=EDGE_LOOP('',(#912,#920,#928,#936,#944,#952,#958));
#960=FACE_BOUND('',#959,.T.);
#961=ADVANCED_FACE('',(#960),#911,.T.);
#962=OVER_RIDING_STYLED_ITEM('',(#74),#961,#26);
#963=CARTESIAN_POINT('',(7.,0.575,12.3));
#964=DIRECTION('',(1.,0.,0.));
#965=DIRECTION('',(0.,1.,0.));
#966=AXIS2_PLACEMENT_3D('',#963,#964,#965);
#967=PLANE('',#966);
#968=ORIENTED_EDGE('',*,*,#887,.F.);
#969=ORIENTED_EDGE('',*,*,#597,.T.);
#970=CARTESIAN_POINT('',(7.,-1.95,0.474337997));
#971=VERTEX_POINT('',#970);
#972=CARTESIAN_POINT('',(7.,-34.2375,0.474337997));
#973=DIRECTION('',(0.,1.,0.));
#974=VECTOR('',#973,27.);
#975=LINE('',#972,#974);
#976=EDGE_CURVE('',#584,#971,#975,.T.);
#977=ORIENTED_EDGE('',*,*,#976,.T.);
#978=CARTESIAN_POINT('',(7.,-1.95,-2.49));
#979=VERTEX_POINT('',#978);
#980=CARTESIAN_POINT('',(7.,-1.95,-46.071380524));
#981=DIRECTION('',(0.,0.,-1.));
#982=VECTOR('',#981,29.643379969);
#983=LINE('',#980,#982);
#984=EDGE_CURVE('',#971,#979,#983,.T.);
#985=ORIENTED_EDGE('',*,*,#984,.T.);
#986=CARTESIAN_POINT('',(7.,0.05,-2.49));
#987=VERTEX_POINT('',#986);
#988=CARTESIAN_POINT('',(7.,-0.95,-2.49));
#989=DIRECTION('',(1.,0.,0.));
#990=DIRECTION('',(0.,0.,-1.));
#991=AXIS2_PLACEMENT_3D('',#988,#989,#990);
#992=CIRCLE('',#991,1.);
#993=EDGE_CURVE('',#979,#987,#992,.T.);
#994=ORIENTED_EDGE('',*,*,#993,.T.);
#995=CARTESIAN_POINT('',(7.,0.05,0.474337997));
#996=VERTEX_POINT('',#995);
#997=CARTESIAN_POINT('',(7.,0.05,-75.714760493));
#998=DIRECTION('',(0.,-0.,1.));
#999=VECTOR('',#998,29.643379969);
#1000=LINE('',#997,#999);
#1001=EDGE_CURVE('',#987,#996,#1000,.T.);
#1002=ORIENTED_EDGE('',*,*,#1001,.T.);
#1003=CARTESIAN_POINT('',(7.,-15.25,0.474337997));
#1004=DIRECTION('',(0.,1.,0.));
#1005=VECTOR('',#1004,57.5);
#1006=LINE('',#1003,#1005);
#1007=EDGE_CURVE('',#996,#914,#1006,.T.);
#1008=ORIENTED_EDGE('',*,*,#1007,.T.);
#1009=ORIENTED_EDGE('',*,*,#919,.F.);
#1010=EDGE_LOOP('',(#968,#969,#977,#985,#994,#1002,#1008,#1009));
#1011=FACE_BOUND('',#1010,.T.);
#1012=ADVANCED_FACE('',(#1011),#967,.T.);
#1013=OVER_RIDING_STYLED_ITEM('',(#74),#1012,#26);
#1014=CARTESIAN_POINT('',(-7.,-1.95,-1.007831002));
#1015=DIRECTION('',(0.,1.,0.));
#1016=DIRECTION('',(0.,0.,1.));
#1017=AXIS2_PLACEMENT_3D('',#1014,#1015,#1016);
#1018=PLANE('',#1017);
#1019=CARTESIAN_POINT('',(-6.5,-1.95,0.474337997));
#1020=VERTEX_POINT('',#1019);
#1021=CARTESIAN_POINT('',(-6.5,-1.95,9.278619476));
#1022=DIRECTION('',(0.,0.,-1.));
#1023=VECTOR('',#1022,4.743379969);
#1024=LINE('',#1021,#1023);
#1025=EDGE_CURVE('',#1020,#397,#1024,.T.);
#1026=ORIENTED_EDGE('',*,*,#1025,.F.);
#1027=CARTESIAN_POINT('',(-7.,-1.95,0.474337997));
#1028=DIRECTION('',(1.,0.,-0.));
#1029=VECTOR('',#1028,5.);
#1030=LINE('',#1027,#1029);
#1031=EDGE_CURVE('',#658,#1020,#1030,.T.);
#1032=ORIENTED_EDGE('',*,*,#1031,.F.);
#1033=ORIENTED_EDGE('',*,*,#663,.F.);
#1034=CARTESIAN_POINT('',(-6.5,-1.95,-2.49));
#1035=VERTEX_POINT('',#1034);
#1036=CARTESIAN_POINT('',(-7.,-1.95,-2.49));
#1037=DIRECTION('',(1.,0.,-0.));
#1038=VECTOR('',#1037,5.);
#1039=LINE('',#1036,#1038);
#1040=EDGE_CURVE('',#649,#1035,#1039,.T.);
#1041=ORIENTED_EDGE('',*,*,#1040,.T.);
#1042=CARTESIAN_POINT('',(-6.5,-1.95,-50.814760493));
#1043=DIRECTION('',(0.,0.,-1.));
#1044=VECTOR('',#1043,24.9);
#1045=LINE('',#1042,#1044);
#1046=EDGE_CURVE('',#397,#1035,#1045,.T.);
#1047=ORIENTED_EDGE('',*,*,#1046,.F.);
#1048=EDGE_LOOP('',(#1026,#1032,#1033,#1041,#1047));
#1049=FACE_BOUND('',#1048,.T.);
#1050=ADVANCED_FACE('',(#1049),#1018,.F.);
#1051=CARTESIAN_POINT('',(-7.,-0.95,-2.49));
#1052=DIRECTION('',(1.,0.,0.));
#1053=DIRECTION('',(0.,0.,-1.));
#1054=AXIS2_PLACEMENT_3D('',#1051,#1052,#1053);
#1055=CYLINDRICAL_SURFACE('',#1054,1.);
#1056=CARTESIAN_POINT('',(-6.5,0.05,-2.49));
#1057=VERTEX_POINT('',#1056);
#1058=CARTESIAN_POINT('',(-6.5,-0.95,-2.49));
#1059=DIRECTION('',(1.,0.,0.));
#1060=DIRECTION('',(0.,0.,-1.));
#1061=AXIS2_PLACEMENT_3D('',#1058,#1059,#1060);
#1062=CIRCLE('',#1061,1.);
#1063=EDGE_CURVE('',#1035,#1057,#1062,.T.);
#1064=ORIENTED_EDGE('',*,*,#1063,.F.);
#1065=ORIENTED_EDGE('',*,*,#1040,.F.);
#1066=ORIENTED_EDGE('',*,*,#655,.F.);
#1067=CARTESIAN_POINT('',(-7.,0.05,-2.49));
#1068=DIRECTION('',(1.,0.,-0.));
#1069=VECTOR('',#1068,5.);
#1070=LINE('',#1067,#1069);
#1071=EDGE_CURVE('',#641,#1057,#1070,.T.);
#1072=ORIENTED_EDGE('',*,*,#1071,.T.);
#1073=EDGE_LOOP('',(#1064,#1065,#1066,#1072));
#1074=FACE_BOUND('',#1073,.T.);
#1075=ADVANCED_FACE('',(#1074),#1055,.T.);
#1076=CARTESIAN_POINT('',(-7.,0.05,-1.007831002));
#1077=DIRECTION('',(0.,-1.,-0.));
#1078=DIRECTION('',(0.,0.,-1.));
#1079=AXIS2_PLACEMENT_3D('',#1076,#1077,#1078);
#1080=PLANE('',#1079);
#1081=CARTESIAN_POINT('',(-6.5,0.05,-75.714760493));
#1082=DIRECTION('',(0.,-0.,1.));
#1083=VECTOR('',#1082,24.9);
#1084=LINE('',#1081,#1083);
#1085=EDGE_CURVE('',#1057,#405,#1084,.T.);
#1086=ORIENTED_EDGE('',*,*,#1085,.F.);
#1087=ORIENTED_EDGE('',*,*,#1071,.F.);
#1088=ORIENTED_EDGE('',*,*,#646,.F.);
#1089=CARTESIAN_POINT('',(-6.5,0.05,0.474337997));
#1090=VERTEX_POINT('',#1089);
#1091=CARTESIAN_POINT('',(-7.,0.05,0.474337997));
#1092=DIRECTION('',(1.,0.,-0.));
#1093=VECTOR('',#1092,5.);
#1094=LINE('',#1091,#1093);
#1095=EDGE_CURVE('',#633,#1090,#1094,.T.);
#1096=ORIENTED_EDGE('',*,*,#1095,.T.);
#1097=CARTESIAN_POINT('',(-6.5,0.05,4.535239507));
#1098=DIRECTION('',(0.,-0.,1.));
#1099=VECTOR('',#1098,4.743379969);
#1100=LINE('',#1097,#1099);
#1101=EDGE_CURVE('',#405,#1090,#1100,.T.);
#1102=ORIENTED_EDGE('',*,*,#1101,.F.);
#1103=EDGE_LOOP('',(#1086,#1087,#1088,#1096,#1102));
#1104=FACE_BOUND('',#1103,.T.);
#1105=ADVANCED_FACE('',(#1104),#1080,.F.);
#1106=CARTESIAN_POINT('',(-7.,2.925,0.474337997));
#1107=DIRECTION('',(0.,0.,1.));
#1108=DIRECTION('',(0.,-1.,0.));
#1109=AXIS2_PLACEMENT_3D('',#1106,#1107,#1108);
#1110=PLANE('',#1109);
#1111=CARTESIAN_POINT('',(-6.5,5.8,0.474337997));
#1112=VERTEX_POINT('',#1111);
#1113=CARTESIAN_POINT('',(-6.5,-12.6625,0.474337997));
#1114=DIRECTION('',(0.,1.,0.));
#1115=VECTOR('',#1114,57.5);
#1116=LINE('',#1113,#1115);
#1117=EDGE_CURVE('',#1090,#1112,#1116,.T.);
#1118=ORIENTED_EDGE('',*,*,#1117,.F.);
#1119=ORIENTED_EDGE('',*,*,#1095,.F.);
#1120=ORIENTED_EDGE('',*,*,#638,.F.);
#1121=CARTESIAN_POINT('',(-4.25,5.8,0.474337997));
#1122=DIRECTION('',(-1.,0.,0.));
#1123=VECTOR('',#1122,5.);
#1124=LINE('',#1121,#1123);
#1125=EDGE_CURVE('',#1112,#625,#1124,.T.);
#1126=ORIENTED_EDGE('',*,*,#1125,.F.);
#1127=EDGE_LOOP('',(#1118,#1119,#1120,#1126));
#1128=FACE_BOUND('',#1127,.T.);
#1129=ADVANCED_FACE('',(#1128),#1110,.F.);
#1130=CARTESIAN_POINT('',(-7.,-3.3,0.474337997));
#1131=DIRECTION('',(0.,0.,1.));
#1132=DIRECTION('',(0.,-1.,0.));
#1133=AXIS2_PLACEMENT_3D('',#1130,#1131,#1132);
#1134=PLANE('',#1133);
#1135=CARTESIAN_POINT('',(-6.5,-31.65,0.474337997));
#1136=DIRECTION('',(0.,1.,0.));
#1137=VECTOR('',#1136,27.);
#1138=LINE('',#1135,#1137);
#1139=EDGE_CURVE('',#552,#1020,#1138,.T.);
#1140=ORIENTED_EDGE('',*,*,#1139,.F.);
#1141=ORIENTED_EDGE('',*,*,#557,.F.);
#1142=ORIENTED_EDGE('',*,*,#669,.F.);
#1143=ORIENTED_EDGE('',*,*,#1031,.T.);
#1144=EDGE_LOOP('',(#1140,#1141,#1142,#1143));
#1145=FACE_BOUND('',#1144,.T.);
#1146=ADVANCED_FACE('',(#1145),#1134,.F.);
#1147=CARTESIAN_POINT('',(-6.5,0.575,12.3));
#1148=DIRECTION('',(1.,0.,0.));
#1149=DIRECTION('',(0.,-1.,0.));
#1150=AXIS2_PLACEMENT_3D('',#1147,#1148,#1149);
#1151=PLANE('',#1150);
#1152=ORIENTED_EDGE('',*,*,#1046,.T.);
#1153=ORIENTED_EDGE('',*,*,#1063,.T.);
#1154=ORIENTED_EDGE('',*,*,#1085,.T.);
#1155=ORIENTED_EDGE('',*,*,#410,.T.);
#1156=EDGE_LOOP('',(#1152,#1153,#1154,#1155));
#1157=FACE_BOUND('',#1156,.T.);
#1158=ADVANCED_FACE('',(#1157),#1151,.T.);
#1159=CARTESIAN_POINT('',(7.,2.925,0.474337997));
#1160=DIRECTION('',(0.,0.,1.));
#1161=DIRECTION('',(0.,1.,0.));
#1162=AXIS2_PLACEMENT_3D('',#1159,#1160,#1161);
#1163=PLANE('',#1162);
#1164=CARTESIAN_POINT('',(6.5,0.05,0.474337997));
#1165=VERTEX_POINT('',#1164);
#1166=CARTESIAN_POINT('',(6.5,42.25,0.474337997));
#1167=DIRECTION('',(0.,-1.,0.));
#1168=VECTOR('',#1167,57.5);
#1169=LINE('',#1166,#1168);
#1170=EDGE_CURVE('',#922,#1165,#1169,.T.);
#1171=ORIENTED_EDGE('',*,*,#1170,.F.);
#1172=ORIENTED_EDGE('',*,*,#927,.F.);
#1173=ORIENTED_EDGE('',*,*,#1007,.F.);
#1174=CARTESIAN_POINT('',(7.,0.05,0.474337997));
#1175=DIRECTION('',(-1.,0.,0.));
#1176=VECTOR('',#1175,5.);
#1177=LINE('',#1174,#1176);
#1178=EDGE_CURVE('',#996,#1165,#1177,.T.);
#1179=ORIENTED_EDGE('',*,*,#1178,.T.);
#1180=EDGE_LOOP('',(#1171,#1172,#1173,#1179));
#1181=FACE_BOUND('',#1180,.T.);
#1182=ADVANCED_FACE('',(#1181),#1163,.F.);
#1183=CARTESIAN_POINT('',(7.,0.05,-1.007831002));
#1184=DIRECTION('',(0.,-1.,-0.));
#1185=DIRECTION('',(0.,-0.,1.));
#1186=AXIS2_PLACEMENT_3D('',#1183,#1184,#1185);
#1187=PLANE('',#1186);
#1188=CARTESIAN_POINT('',(6.5,0.05,-46.071380524));
#1189=DIRECTION('',(0.,0.,-1.));
#1190=VECTOR('',#1189,4.743379969);
#1191=LINE('',#1188,#1190);
#1192=EDGE_CURVE('',#1165,#429,#1191,.T.);
#1193=ORIENTED_EDGE('',*,*,#1192,.F.);
#1194=ORIENTED_EDGE('',*,*,#1178,.F.);
#1195=ORIENTED_EDGE('',*,*,#1001,.F.);
#1196=CARTESIAN_POINT('',(6.5,0.05,-2.49));
#1197=VERTEX_POINT('',#1196);
#1198=CARTESIAN_POINT('',(7.,0.05,-2.49));
#1199=DIRECTION('',(-1.,0.,0.));
#1200=VECTOR('',#1199,5.);
#1201=LINE('',#1198,#1200);
#1202=EDGE_CURVE('',#987,#1197,#1201,.T.);
#1203=ORIENTED_EDGE('',*,*,#1202,.T.);
#1204=CARTESIAN_POINT('',(6.5,0.05,-50.814760493));
#1205=DIRECTION('',(0.,0.,-1.));
#1206=VECTOR('',#1205,24.9);
#1207=LINE('',#1204,#1206);
#1208=EDGE_CURVE('',#429,#1197,#1207,.T.);
#1209=ORIENTED_EDGE('',*,*,#1208,.F.);
#1210=EDGE_LOOP('',(#1193,#1194,#1195,#1203,#1209));
#1211=FACE_BOUND('',#1210,.T.);
#1212=ADVANCED_FACE('',(#1211),#1187,.F.);
#1213=CARTESIAN_POINT('',(7.,-0.95,-2.49));
#1214=DIRECTION('',(-1.,0.,0.));
#1215=DIRECTION('',(0.,0.,-1.));
#1216=AXIS2_PLACEMENT_3D('',#1213,#1214,#1215);
#1217=CYLINDRICAL_SURFACE('',#1216,1.);
#1218=CARTESIAN_POINT('',(6.5,-1.95,-2.49));
#1219=VERTEX_POINT('',#1218);
#1220=CARTESIAN_POINT('',(6.5,-0.95,-2.49));
#1221=DIRECTION('',(-1.,0.,0.));
#1222=DIRECTION('',(0.,0.,-1.));
#1223=AXIS2_PLACEMENT_3D('',#1220,#1221,#1222);
#1224=CIRCLE('',#1223,1.);
#1225=EDGE_CURVE('',#1197,#1219,#1224,.T.);
#1226=ORIENTED_EDGE('',*,*,#1225,.F.);
#1227=ORIENTED_EDGE('',*,*,#1202,.F.);
#1228=ORIENTED_EDGE('',*,*,#993,.F.);
#1229=CARTESIAN_POINT('',(7.,-1.95,-2.49));
#1230=DIRECTION('',(-1.,0.,0.));
#1231=VECTOR('',#1230,5.);
#1232=LINE('',#1229,#1231);
#1233=EDGE_CURVE('',#979,#1219,#1232,.T.);
#1234=ORIENTED_EDGE('',*,*,#1233,.T.);
#1235=EDGE_LOOP('',(#1226,#1227,#1228,#1234));
#1236=FACE_BOUND('',#1235,.T.);
#1237=ADVANCED_FACE('',(#1236),#1217,.T.);
#1238=CARTESIAN_POINT('',(7.,-1.95,-1.007831002));
#1239=DIRECTION('',(0.,1.,0.));
#1240=DIRECTION('',(0.,0.,-1.));
#1241=AXIS2_PLACEMENT_3D('',#1238,#1239,#1240);
#1242=PLANE('',#1241);
#1243=CARTESIAN_POINT('',(6.5,-1.95,-75.714760493));
#1244=DIRECTION('',(0.,0.,1.));
#1245=VECTOR('',#1244,24.9);
#1246=LINE('',#1243,#1245);
#1247=EDGE_CURVE('',#1219,#437,#1246,.T.);
#1248=ORIENTED_EDGE('',*,*,#1247,.F.);
#1249=ORIENTED_EDGE('',*,*,#1233,.F.);
#1250=ORIENTED_EDGE('',*,*,#984,.F.);
#1251=CARTESIAN_POINT('',(6.5,-1.95,0.474337997));
#1252=VERTEX_POINT('',#1251);
#1253=CARTESIAN_POINT('',(7.,-1.95,0.474337997));
#1254=DIRECTION('',(-1.,0.,0.));
#1255=VECTOR('',#1254,5.);
#1256=LINE('',#1253,#1255);
#1257=EDGE_CURVE('',#971,#1252,#1256,.T.);
#1258=ORIENTED_EDGE('',*,*,#1257,.T.);
#1259=CARTESIAN_POINT('',(6.5,-1.95,-50.814760493));
#1260=DIRECTION('',(0.,0.,1.));
#1261=VECTOR('',#1260,4.743379969);
#1262=LINE('',#1259,#1261);
#1263=EDGE_CURVE('',#437,#1252,#1262,.T.);
#1264=ORIENTED_EDGE('',*,*,#1263,.F.);
#1265=EDGE_LOOP('',(#1248,#1249,#1250,#1258,#1264));
#1266=FACE_BOUND('',#1265,.T.);
#1267=ADVANCED_FACE('',(#1266),#1242,.F.);
#1268=CARTESIAN_POINT('',(7.,-3.3,0.474337997));
#1269=DIRECTION('',(0.,0.,1.));
#1270=DIRECTION('',(0.,1.,0.));
#1271=AXIS2_PLACEMENT_3D('',#1268,#1269,#1270);
#1272=PLANE('',#1271);
#1273=CARTESIAN_POINT('',(6.5,-7.2375,0.474337997));
#1274=DIRECTION('',(0.,-1.,0.));
#1275=VECTOR('',#1274,27.);
#1276=LINE('',#1273,#1275);
#1277=EDGE_CURVE('',#1252,#576,#1276,.T.);
#1278=ORIENTED_EDGE('',*,*,#1277,.F.);
#1279=ORIENTED_EDGE('',*,*,#1257,.F.);
#1280=ORIENTED_EDGE('',*,*,#976,.F.);
#1281=ORIENTED_EDGE('',*,*,#589,.F.);
#1282=EDGE_LOOP('',(#1278,#1279,#1280,#1281));
#1283=FACE_BOUND('',#1282,.T.);
#1284=ADVANCED_FACE('',(#1283),#1272,.F.);
#1285=CARTESIAN_POINT('',(4.,6.61,4.436563253));
#1286=DIRECTION('',(0.,-1.,0.));
#1287=DIRECTION('',(1.,0.,0.));
#1288=AXIS2_PLACEMENT_3D('',#1285,#1286,#1287);
#1289=CYLINDRICAL_SURFACE('',#1288,0.5);
#1290=ORIENTED_EDGE('',*,*,#811,.F.);
#1291=CARTESIAN_POINT('',(4.,6.05,4.936563253));
#1292=VERTEX_POINT('',#1291);
#1293=CARTESIAN_POINT('',(4.,6.01,4.936563253));
#1294=DIRECTION('',(0.,-1.,0.));
#1295=VECTOR('',#1294,5.);
#1296=LINE('',#1293,#1295);
#1297=EDGE_CURVE('',#797,#1292,#1296,.T.);
#1298=ORIENTED_EDGE('',*,*,#1297,.T.);
#1299=CARTESIAN_POINT('',(3.5,6.05,4.436563253));
#1300=VERTEX_POINT('',#1299);
#1301=CARTESIAN_POINT('',(4.,6.05,4.436563253));
#1302=DIRECTION('',(-0.,1.,0.));
#1303=DIRECTION('',(1.,0.,0.));
#1304=AXIS2_PLACEMENT_3D('',#1301,#1302,#1303);
#1305=CIRCLE('',#1304,0.5);
#1306=EDGE_CURVE('',#1300,#1292,#1305,.T.);
#1307=ORIENTED_EDGE('',*,*,#1306,.F.);
#1308=CARTESIAN_POINT('',(3.5,6.01,4.436563253));
#1309=DIRECTION('',(0.,-1.,0.));
#1310=VECTOR('',#1309,5.);
#1311=LINE('',#1308,#1310);
#1312=EDGE_CURVE('',#805,#1300,#1311,.T.);
#1313=ORIENTED_EDGE('',*,*,#1312,.F.);
#1314=EDGE_LOOP('',(#1290,#1298,#1307,#1313));
#1315=FACE_BOUND('',#1314,.T.);
#1316=ADVANCED_FACE('',(#1315),#1289,.F.);
#1317=CARTESIAN_POINT('',(3.5,6.61,2.968281626));
#1318=DIRECTION('',(-1.,0.,0.));
#1319=DIRECTION('',(0.,0.,-1.));
#1320=AXIS2_PLACEMENT_3D('',#1317,#1318,#1319);
#1321=PLANE('',#1320);
#1322=ORIENTED_EDGE('',*,*,#819,.F.);
#1323=ORIENTED_EDGE('',*,*,#1312,.T.);
#1324=CARTESIAN_POINT('',(3.5,6.05,1.5));
#1325=VERTEX_POINT('',#1324);
#1326=CARTESIAN_POINT('',(3.5,6.05,-53.707267319));
#1327=DIRECTION('',(0.,0.,1.));
#1328=VECTOR('',#1327,29.365632529);
#1329=LINE('',#1326,#1328);
#1330=EDGE_CURVE('',#1325,#1300,#1329,.T.);
#1331=ORIENTED_EDGE('',*,*,#1330,.F.);
#1332=CARTESIAN_POINT('',(3.5,6.01,1.5));
#1333=DIRECTION('',(0.,-1.,0.));
#1334=VECTOR('',#1333,5.);
#1335=LINE('',#1332,#1334);
#1336=EDGE_CURVE('',#814,#1325,#1335,.T.);
#1337=ORIENTED_EDGE('',*,*,#1336,.F.);
#1338=EDGE_LOOP('',(#1322,#1323,#1331,#1337));
#1339=FACE_BOUND('',#1338,.T.);
#1340=ADVANCED_FACE('',(#1339),#1321,.F.);
#1341=CARTESIAN_POINT('',(2.5,6.61,1.5));
#1342=DIRECTION('',(0.,-1.,0.));
#1343=DIRECTION('',(1.,0.,0.));
#1344=AXIS2_PLACEMENT_3D('',#1341,#1342,#1343);
#1345=CYLINDRICAL_SURFACE('',#1344,1.);
#1346=ORIENTED_EDGE('',*,*,#828,.F.);
#1347=ORIENTED_EDGE('',*,*,#1336,.T.);
#1348=CARTESIAN_POINT('',(2.5,6.05,0.5));
#1349=VERTEX_POINT('',#1348);
#1350=CARTESIAN_POINT('',(2.5,6.05,1.5));
#1351=DIRECTION('',(0.,-1.,0.));
#1352=DIRECTION('',(1.,0.,0.));
#1353=AXIS2_PLACEMENT_3D('',#1350,#1351,#1352);
#1354=CIRCLE('',#1353,1.);
#1355=EDGE_CURVE('',#1349,#1325,#1354,.T.);
#1356=ORIENTED_EDGE('',*,*,#1355,.F.);
#1357=CARTESIAN_POINT('',(2.5,6.01,0.5));
#1358=DIRECTION('',(0.,-1.,0.));
#1359=VECTOR('',#1358,5.);
#1360=LINE('',#1357,#1359);
#1361=EDGE_CURVE('',#822,#1349,#1360,.T.);
#1362=ORIENTED_EDGE('',*,*,#1361,.F.);
#1363=EDGE_LOOP('',(#1346,#1347,#1356,#1362));
#1364=FACE_BOUND('',#1363,.T.);
#1365=ADVANCED_FACE('',(#1364),#1345,.T.);
#1366=CARTESIAN_POINT('',(0.,6.61,0.5));
#1367=DIRECTION('',(-0.,0.,1.));
#1368=DIRECTION('',(-1.,0.,-0.));
#1369=AXIS2_PLACEMENT_3D('',#1366,#1367,#1368);
#1370=PLANE('',#1369);
#1371=ORIENTED_EDGE('',*,*,#836,.F.);
#1372=ORIENTED_EDGE('',*,*,#1361,.T.);
#1373=CARTESIAN_POINT('',(-2.5,6.05,0.5));
#1374=VERTEX_POINT('',#1373);
#1375=CARTESIAN_POINT('',(-25.,6.05,0.5));
#1376=DIRECTION('',(1.,0.,0.));
#1377=VECTOR('',#1376,50.);
#1378=LINE('',#1375,#1377);
#1379=EDGE_CURVE('',#1374,#1349,#1378,.T.);
#1380=ORIENTED_EDGE('',*,*,#1379,.F.);
#1381=CARTESIAN_POINT('',(-2.5,6.01,0.5));
#1382=DIRECTION('',(0.,-1.,0.));
#1383=VECTOR('',#1382,5.);
#1384=LINE('',#1381,#1383);
#1385=EDGE_CURVE('',#831,#1374,#1384,.T.);
#1386=ORIENTED_EDGE('',*,*,#1385,.F.);
#1387=EDGE_LOOP('',(#1371,#1372,#1380,#1386));
#1388=FACE_BOUND('',#1387,.T.);
#1389=ADVANCED_FACE('',(#1388),#1370,.F.);
#1390=CARTESIAN_POINT('',(-2.5,6.61,1.5));
#1391=DIRECTION('',(0.,-1.,0.));
#1392=DIRECTION('',(1.,0.,0.));
#1393=AXIS2_PLACEMENT_3D('',#1390,#1391,#1392);
#1394=CYLINDRICAL_SURFACE('',#1393,1.);
#1395=ORIENTED_EDGE('',*,*,#845,.F.);
#1396=ORIENTED_EDGE('',*,*,#1385,.T.);
#1397=CARTESIAN_POINT('',(-3.5,6.05,1.5));
#1398=VERTEX_POINT('',#1397);
#1399=CARTESIAN_POINT('',(-2.5,6.05,1.5));
#1400=DIRECTION('',(0.,-1.,0.));
#1401=DIRECTION('',(1.,0.,0.));
#1402=AXIS2_PLACEMENT_3D('',#1399,#1400,#1401);
#1403=CIRCLE('',#1402,1.);
#1404=EDGE_CURVE('',#1398,#1374,#1403,.T.);
#1405=ORIENTED_EDGE('',*,*,#1404,.F.);
#1406=CARTESIAN_POINT('',(-3.5,6.01,1.5));
#1407=DIRECTION('',(0.,-1.,0.));
#1408=VECTOR('',#1407,5.);
#1409=LINE('',#1406,#1408);
#1410=EDGE_CURVE('',#839,#1398,#1409,.T.);
#1411=ORIENTED_EDGE('',*,*,#1410,.F.);
#1412=EDGE_LOOP('',(#1395,#1396,#1405,#1411));
#1413=FACE_BOUND('',#1412,.T.);
#1414=ADVANCED_FACE('',(#1413),#1394,.T.);
#1415=CARTESIAN_POINT('',(-3.5,6.61,2.968281626));
#1416=DIRECTION('',(1.,0.,0.));
#1417=DIRECTION('',(0.,0.,1.));
#1418=AXIS2_PLACEMENT_3D('',#1415,#1416,#1417);
#1419=PLANE('',#1418);
#1420=ORIENTED_EDGE('',*,*,#853,.F.);
#1421=ORIENTED_EDGE('',*,*,#1410,.T.);
#1422=CARTESIAN_POINT('',(-3.5,6.05,4.436563253));
#1423=VERTEX_POINT('',#1422);
#1424=CARTESIAN_POINT('',(-3.5,6.05,-24.34163479));
#1425=DIRECTION('',(0.,0.,-1.));
#1426=VECTOR('',#1425,29.365632529);
#1427=LINE('',#1424,#1426);
#1428=EDGE_CURVE('',#1423,#1398,#1427,.T.);
#1429=ORIENTED_EDGE('',*,*,#1428,.F.);
#1430=CARTESIAN_POINT('',(-3.5,6.01,4.436563253));
#1431=DIRECTION('',(0.,-1.,0.));
#1432=VECTOR('',#1431,5.);
#1433=LINE('',#1430,#1432);
#1434=EDGE_CURVE('',#848,#1423,#1433,.T.);
#1435=ORIENTED_EDGE('',*,*,#1434,.F.);
#1436=EDGE_LOOP('',(#1420,#1421,#1429,#1435));
#1437=FACE_BOUND('',#1436,.T.);
#1438=ADVANCED_FACE('',(#1437),#1419,.F.);
#1439=CARTESIAN_POINT('',(-5.105,6.61,4.936563253));
#1440=DIRECTION('',(0.,0.,1.));
#1441=DIRECTION('',(-1.,0.,0.));
#1442=AXIS2_PLACEMENT_3D('',#1439,#1440,#1441);
#1443=PLANE('',#1442);
#1444=ORIENTED_EDGE('',*,*,#868,.F.);
#1445=CARTESIAN_POINT('',(-4.,6.05,4.936563253));
#1446=VERTEX_POINT('',#1445);
#1447=CARTESIAN_POINT('',(-4.,6.01,4.936563253));
#1448=DIRECTION('',(0.,-1.,0.));
#1449=VECTOR('',#1448,5.);
#1450=LINE('',#1447,#1449);
#1451=EDGE_CURVE('',#856,#1446,#1450,.T.);
#1452=ORIENTED_EDGE('',*,*,#1451,.T.);
#1453=CARTESIAN_POINT('',(-37.0275,6.05,4.936563253));
#1454=DIRECTION('',(1.,0.,-0.));
#1455=VECTOR('',#1454,20.);
#1456=LINE('',#1453,#1455);
#1457=EDGE_CURVE('',#733,#1446,#1456,.T.);
#1458=ORIENTED_EDGE('',*,*,#1457,.F.);
#1459=ORIENTED_EDGE('',*,*,#738,.F.);
#1460=EDGE_LOOP('',(#1444,#1452,#1458,#1459));
#1461=FACE_BOUND('',#1460,.T.);
#1462=ADVANCED_FACE('',(#1461),#1443,.F.);
#1463=CARTESIAN_POINT('',(-4.,6.61,4.436563253));
#1464=DIRECTION('',(0.,-1.,0.));
#1465=DIRECTION('',(1.,0.,0.));
#1466=AXIS2_PLACEMENT_3D('',#1463,#1464,#1465);
#1467=CYLINDRICAL_SURFACE('',#1466,0.5);
#1468=ORIENTED_EDGE('',*,*,#862,.F.);
#1469=ORIENTED_EDGE('',*,*,#1434,.T.);
#1470=CARTESIAN_POINT('',(-4.,6.05,4.436563253));
#1471=DIRECTION('',(-0.,1.,0.));
#1472=DIRECTION('',(1.,0.,0.));
#1473=AXIS2_PLACEMENT_3D('',#1470,#1471,#1472);
#1474=CIRCLE('',#1473,0.5);
#1475=EDGE_CURVE('',#1446,#1423,#1474,.T.);
#1476=ORIENTED_EDGE('',*,*,#1475,.F.);
#1477=ORIENTED_EDGE('',*,*,#1451,.F.);
#1478=EDGE_LOOP('',(#1468,#1469,#1476,#1477));
#1479=FACE_BOUND('',#1478,.T.);
#1480=ADVANCED_FACE('',(#1479),#1467,.F.);
#1481=CARTESIAN_POINT('',(5.105,6.61,4.936563253));
#1482=DIRECTION('',(0.,0.,1.));
#1483=DIRECTION('',(-1.,0.,0.));
#1484=AXIS2_PLACEMENT_3D('',#1481,#1482,#1483);
#1485=PLANE('',#1484);
#1486=ORIENTED_EDGE('',*,*,#802,.F.);
#1487=CARTESIAN_POINT('',(6.,6.05,4.936563253));
#1488=VERTEX_POINT('',#1487);
#1489=CARTESIAN_POINT('',(6.,2.9675,4.936563253));
#1490=DIRECTION('',(0.,1.,0.));
#1491=VECTOR('',#1490,5.);
#1492=LINE('',#1489,#1491);
#1493=EDGE_CURVE('',#1488,#789,#1492,.T.);
#1494=ORIENTED_EDGE('',*,*,#1493,.F.);
#1495=CARTESIAN_POINT('',(17.0275,6.05,4.936563253));
#1496=DIRECTION('',(1.,0.,-0.));
#1497=VECTOR('',#1496,20.);
#1498=LINE('',#1495,#1497);
#1499=EDGE_CURVE('',#1292,#1488,#1498,.T.);
#1500=ORIENTED_EDGE('',*,*,#1499,.F.);
#1501=ORIENTED_EDGE('',*,*,#1297,.F.);
#1502=EDGE_LOOP('',(#1486,#1494,#1500,#1501));
#1503=FACE_BOUND('',#1502,.T.);
#1504=ADVANCED_FACE('',(#1503),#1485,.F.);
#1505=CARTESIAN_POINT('',(6.5,0.575,12.3));
#1506=DIRECTION('',(-1.,0.,0.));
#1507=DIRECTION('',(0.,1.,0.));
#1508=AXIS2_PLACEMENT_3D('',#1505,#1506,#1507);
#1509=PLANE('',#1508);
#1510=ORIENTED_EDGE('',*,*,#1247,.T.);
#1511=ORIENTED_EDGE('',*,*,#442,.T.);
#1512=ORIENTED_EDGE('',*,*,#1208,.T.);
#1513=ORIENTED_EDGE('',*,*,#1225,.T.);
#1514=EDGE_LOOP('',(#1510,#1511,#1512,#1513));
#1515=FACE_BOUND('',#1514,.T.);
#1516=ADVANCED_FACE('',(#1515),#1509,.T.);
#1517=CARTESIAN_POINT('',(0.,6.05,12.3));
#1518=DIRECTION('',(0.,-1.,0.));
#1519=DIRECTION('',(-1.,0.,0.));
#1520=AXIS2_PLACEMENT_3D('',#1517,#1518,#1519);
#1521=PLANE('',#1520);
#1522=ORIENTED_EDGE('',*,*,#1499,.T.);
#1523=CARTESIAN_POINT('',(6.,6.05,12.3));
#1524=VERTEX_POINT('',#1523);
#1525=CARTESIAN_POINT('',(6.,6.05,12.3));
#1526=DIRECTION('',(0.,0.,-1.));
#1527=VECTOR('',#1526,73.634367471);
#1528=LINE('',#1525,#1527);
#1529=EDGE_CURVE('',#1524,#1488,#1528,.T.);
#1530=ORIENTED_EDGE('',*,*,#1529,.F.);
#1531=CARTESIAN_POINT('',(-60.,6.05,12.3));
#1532=DIRECTION('',(1.,0.,-0.));
#1533=VECTOR('',#1532,120.);
#1534=LINE('',#1531,#1533);
#1535=EDGE_CURVE('',#741,#1524,#1534,.T.);
#1536=ORIENTED_EDGE('',*,*,#1535,.F.);
#1537=ORIENTED_EDGE('',*,*,#746,.T.);
#1538=ORIENTED_EDGE('',*,*,#1457,.T.);
#1539=ORIENTED_EDGE('',*,*,#1475,.T.);
#1540=ORIENTED_EDGE('',*,*,#1428,.T.);
#1541=ORIENTED_EDGE('',*,*,#1404,.T.);
#1542=ORIENTED_EDGE('',*,*,#1379,.T.);
#1543=ORIENTED_EDGE('',*,*,#1355,.T.);
#1544=ORIENTED_EDGE('',*,*,#1330,.T.);
#1545=ORIENTED_EDGE('',*,*,#1306,.T.);
#1546=EDGE_LOOP('',(#1522,#1530,#1536,#1537,#1538,#1539,#1540,#1541,#1542,#1543,#1544,#1545));
#1547=FACE_BOUND('',#1546,.T.);
#1548=ADVANCED_FACE('',(#1547),#1521,.T.);
#1549=CARTESIAN_POINT('',(-6.5,0.65,0.));
#1550=DIRECTION('',(-1.,0.,0.));
#1551=DIRECTION('',(0.,-1.,0.));
#1552=AXIS2_PLACEMENT_3D('',#1549,#1550,#1551);
#1553=PLANE('',#1552);
#1554=ORIENTED_EDGE('',*,*,#565,.T.);
#1555=ORIENTED_EDGE('',*,*,#1139,.T.);
#1556=ORIENTED_EDGE('',*,*,#1025,.T.);
#1557=ORIENTED_EDGE('',*,*,#402,.T.);
#1558=CARTESIAN_POINT('',(-6.5,-4.7,12.3));
#1559=VERTEX_POINT('',#1558);
#1560=CARTESIAN_POINT('',(-6.5,-4.7,0.));
#1561=DIRECTION('',(0.,0.,1.));
#1562=VECTOR('',#1561,123.);
#1563=LINE('',#1560,#1562);
#1564=EDGE_CURVE('',#389,#1559,#1563,.T.);
#1565=ORIENTED_EDGE('',*,*,#1564,.T.);
#1566=CARTESIAN_POINT('',(-6.5,-52.85,12.3));
#1567=DIRECTION('',(0.,1.,0.));
#1568=VECTOR('',#1567,0.5);
#1569=LINE('',#1566,#1568);
#1570=EDGE_CURVE('',#1559,#560,#1569,.T.);
#1571=ORIENTED_EDGE('',*,*,#1570,.T.);
#1572=EDGE_LOOP('',(#1554,#1555,#1556,#1557,#1565,#1571));
#1573=FACE_BOUND('',#1572,.T.);
#1574=ADVANCED_FACE('',(#1573),#1553,.T.);
#1575=OVER_RIDING_STYLED_ITEM('',(#493),#1574,#26);
#1576=CARTESIAN_POINT('',(-6.5,0.65,0.));
#1577=DIRECTION('',(-1.,0.,0.));
#1578=DIRECTION('',(0.,-1.,0.));
#1579=AXIS2_PLACEMENT_3D('',#1576,#1577,#1578);
#1580=PLANE('',#1579);
#1581=ORIENTED_EDGE('',*,*,#418,.T.);
#1582=ORIENTED_EDGE('',*,*,#1101,.T.);
#1583=ORIENTED_EDGE('',*,*,#1117,.T.);
#1584=CARTESIAN_POINT('',(-6.5,5.8,12.3));
#1585=VERTEX_POINT('',#1584);
#1586=CARTESIAN_POINT('',(-6.5,5.8,-50.606620031));
#1587=DIRECTION('',(0.,0.,1.));
#1588=VECTOR('',#1587,118.256620031);
#1589=LINE('',#1586,#1588);
#1590=EDGE_CURVE('',#1112,#1585,#1589,.T.);
#1591=ORIENTED_EDGE('',*,*,#1590,.T.);
#1592=CARTESIAN_POINT('',(-6.5,6.,12.3));
#1593=VERTEX_POINT('',#1592);
#1594=CARTESIAN_POINT('',(-6.5,52.15,12.3));
#1595=DIRECTION('',(0.,1.,0.));
#1596=VECTOR('',#1595,2.);
#1597=LINE('',#1594,#1596);
#1598=EDGE_CURVE('',#1585,#1593,#1597,.T.);
#1599=ORIENTED_EDGE('',*,*,#1598,.T.);
#1600=CARTESIAN_POINT('',(-6.5,6.,0.));
#1601=DIRECTION('',(0.,0.,1.));
#1602=VECTOR('',#1601,123.);
#1603=LINE('',#1600,#1602);
#1604=EDGE_CURVE('',#413,#1593,#1603,.T.);
#1605=ORIENTED_EDGE('',*,*,#1604,.F.);
#1606=EDGE_LOOP('',(#1581,#1582,#1583,#1591,#1599,#1605));
#1607=FACE_BOUND('',#1606,.T.);
#1608=ADVANCED_FACE('',(#1607),#1580,.T.);
#1609=OVER_RIDING_STYLED_ITEM('',(#493),#1608,#26);
#1610=CARTESIAN_POINT('',(6.5,0.65,0.));
#1611=DIRECTION('',(1.,0.,0.));
#1612=DIRECTION('',(0.,1.,0.));
#1613=AXIS2_PLACEMENT_3D('',#1610,#1611,#1612);
#1614=PLANE('',#1613);
#1615=ORIENTED_EDGE('',*,*,#935,.T.);
#1616=ORIENTED_EDGE('',*,*,#1170,.T.);
#1617=ORIENTED_EDGE('',*,*,#1192,.T.);
#1618=ORIENTED_EDGE('',*,*,#434,.T.);
#1619=CARTESIAN_POINT('',(6.5,6.,12.3));
#1620=VERTEX_POINT('',#1619);
#1621=CARTESIAN_POINT('',(6.5,6.,0.));
#1622=DIRECTION('',(0.,0.,1.));
#1623=VECTOR('',#1622,123.);
#1624=LINE('',#1621,#1623);
#1625=EDGE_CURVE('',#421,#1620,#1624,.T.);
#1626=ORIENTED_EDGE('',*,*,#1625,.T.);
#1627=CARTESIAN_POINT('',(6.5,54.15,12.3));
#1628=DIRECTION('',(0.,-1.,-0.));
#1629=VECTOR('',#1628,2.);
#1630=LINE('',#1627,#1629);
#1631=EDGE_CURVE('',#1620,#930,#1630,.T.);
#1632=ORIENTED_EDGE('',*,*,#1631,.T.);
#1633=EDGE_LOOP('',(#1615,#1616,#1617,#1618,#1626,#1632));
#1634=FACE_BOUND('',#1633,.T.);
#1635=ADVANCED_FACE('',(#1634),#1614,.T.);
#1636=OVER_RIDING_STYLED_ITEM('',(#493),#1635,#26);
#1637=CARTESIAN_POINT('',(6.5,0.65,0.));
#1638=DIRECTION('',(1.,0.,0.));
#1639=DIRECTION('',(0.,1.,0.));
#1640=AXIS2_PLACEMENT_3D('',#1637,#1638,#1639);
#1641=PLANE('',#1640);
#1642=ORIENTED_EDGE('',*,*,#450,.T.);
#1643=ORIENTED_EDGE('',*,*,#1263,.T.);
#1644=ORIENTED_EDGE('',*,*,#1277,.T.);
#1645=ORIENTED_EDGE('',*,*,#581,.T.);
#1646=CARTESIAN_POINT('',(6.5,-4.7,12.3));
#1647=VERTEX_POINT('',#1646);
#1648=CARTESIAN_POINT('',(6.5,-52.35,12.3));
#1649=DIRECTION('',(0.,-1.,-0.));
#1650=VECTOR('',#1649,0.5);
#1651=LINE('',#1648,#1650);
#1652=EDGE_CURVE('',#568,#1647,#1651,.T.);
#1653=ORIENTED_EDGE('',*,*,#1652,.T.);
#1654=CARTESIAN_POINT('',(6.5,-4.7,0.));
#1655=DIRECTION('',(0.,0.,1.));
#1656=VECTOR('',#1655,123.);
#1657=LINE('',#1654,#1656);
#1658=EDGE_CURVE('',#445,#1647,#1657,.T.);
#1659=ORIENTED_EDGE('',*,*,#1658,.F.);
#1660=EDGE_LOOP('',(#1642,#1643,#1644,#1645,#1653,#1659));
#1661=FACE_BOUND('',#1660,.T.);
#1662=ADVANCED_FACE('',(#1661),#1641,.T.);
#1663=OVER_RIDING_STYLED_ITEM('',(#493),#1662,#26);
#1664=CARTESIAN_POINT('',(0.,0.920238095,12.3));
#1665=DIRECTION('',(0.,0.,1.));
#1666=DIRECTION('',(1.,0.,-0.));
#1667=AXIS2_PLACEMENT_3D('',#1664,#1665,#1666);
#1668=PLANE('',#1667);
#1669=ORIENTED_EDGE('',*,*,#1535,.T.);
#1670=CARTESIAN_POINT('',(6.,6.,12.3));
#1671=VERTEX_POINT('',#1670);
#1672=CARTESIAN_POINT('',(6.,7.8,12.3));
#1673=DIRECTION('',(0.,1.,0.));
#1674=VECTOR('',#1673,0.5);
#1675=LINE('',#1672,#1674);
#1676=EDGE_CURVE('',#1671,#1524,#1675,.T.);
#1677=ORIENTED_EDGE('',*,*,#1676,.F.);
#1678=CARTESIAN_POINT('',(-60.,6.,12.3));
#1679=DIRECTION('',(1.,0.,-0.));
#1680=VECTOR('',#1679,120.);
#1681=LINE('',#1678,#1680);
#1682=EDGE_CURVE('',#749,#1671,#1681,.T.);
#1683=ORIENTED_EDGE('',*,*,#1682,.F.);
#1684=ORIENTED_EDGE('',*,*,#754,.F.);
#1685=EDGE_LOOP('',(#1669,#1677,#1683,#1684));
#1686=FACE_BOUND('',#1685,.T.);
#1687=ADVANCED_FACE('',(#1686),#1668,.F.);
#1688=OVER_RIDING_STYLED_ITEM('',(#74),#1687,#26);
#1689=CARTESIAN_POINT('',(-6.5,5.8,12.3));
#1690=DIRECTION('',(0.,1.,0.));
#1691=DIRECTION('',(-1.,0.,0.));
#1692=AXIS2_PLACEMENT_3D('',#1689,#1690,#1691);
#1693=PLANE('',#1692);
#1694=ORIENTED_EDGE('',*,*,#509,.F.);
#1695=CARTESIAN_POINT('',(-11.,5.8,12.81));
#1696=DIRECTION('',(1.,0.,-0.));
#1697=VECTOR('',#1696,5.);
#1698=LINE('',#1695,#1697);
#1699=EDGE_CURVE('',#501,#765,#1698,.T.);
#1700=ORIENTED_EDGE('',*,*,#1699,.T.);
#1701=ORIENTED_EDGE('',*,*,#770,.F.);
#1702=CARTESIAN_POINT('',(-35.75,5.8,12.3));
#1703=DIRECTION('',(1.,0.,-0.));
#1704=VECTOR('',#1703,5.);
#1705=LINE('',#1702,#1704);
#1706=EDGE_CURVE('',#1585,#757,#1705,.T.);
#1707=ORIENTED_EDGE('',*,*,#1706,.F.);
#1708=ORIENTED_EDGE('',*,*,#1590,.F.);
#1709=ORIENTED_EDGE('',*,*,#1125,.T.);
#1710=ORIENTED_EDGE('',*,*,#630,.F.);
#1711=EDGE_LOOP('',(#1694,#1700,#1701,#1707,#1708,#1709,#1710));
#1712=FACE_BOUND('',#1711,.T.);
#1713=ADVANCED_FACE('',(#1712),#1693,.T.);
#1714=OVER_RIDING_STYLED_ITEM('',(#74),#1713,#26);
#1715=CARTESIAN_POINT('',(6.,6.175,12.3));
#1716=DIRECTION('',(1.,0.,0.));
#1717=DIRECTION('',(0.,1.,0.));
#1718=AXIS2_PLACEMENT_3D('',#1715,#1716,#1717);
#1719=PLANE('',#1718);
#1720=ORIENTED_EDGE('',*,*,#690,.F.);
#1721=CARTESIAN_POINT('',(6.,8.3,12.81));
#1722=DIRECTION('',(0.,-1.,0.));
#1723=VECTOR('',#1722,2.5);
#1724=LINE('',#1721,#1723);
#1725=EDGE_CURVE('',#682,#946,#1724,.T.);
#1726=ORIENTED_EDGE('',*,*,#1725,.T.);
#1727=ORIENTED_EDGE('',*,*,#951,.F.);
#1728=CARTESIAN_POINT('',(6.,29.2875,12.3));
#1729=DIRECTION('',(0.,-1.,-0.));
#1730=VECTOR('',#1729,2.);
#1731=LINE('',#1728,#1730);
#1732=EDGE_CURVE('',#1671,#938,#1731,.T.);
#1733=ORIENTED_EDGE('',*,*,#1732,.F.);
#1734=ORIENTED_EDGE('',*,*,#1676,.T.);
#1735=ORIENTED_EDGE('',*,*,#1529,.T.);
#1736=ORIENTED_EDGE('',*,*,#1493,.T.);
#1737=ORIENTED_EDGE('',*,*,#794,.F.);
#1738=EDGE_LOOP('',(#1720,#1726,#1727,#1733,#1734,#1735,#1736,#1737));
#1739=FACE_BOUND('',#1738,.T.);
#1740=ADVANCED_FACE('',(#1739),#1719,.T.);
#1741=OVER_RIDING_STYLED_ITEM('',(#74),#1740,#26);
#1742=CARTESIAN_POINT('',(0.,0.920238095,12.81));
#1743=DIRECTION('',(0.,0.,1.));
#1744=DIRECTION('',(1.,0.,-0.));
#1745=AXIS2_PLACEMENT_3D('',#1742,#1743,#1744);
#1746=PLANE('',#1745);
#1747=ORIENTED_EDGE('',*,*,#532,.F.);
#1748=ORIENTED_EDGE('',*,*,#612,.F.);
#1749=ORIENTED_EDGE('',*,*,#902,.F.);
#1750=ORIENTED_EDGE('',*,*,#957,.F.);
#1751=ORIENTED_EDGE('',*,*,#1725,.F.);
#1752=ORIENTED_EDGE('',*,*,#713,.F.);
#1753=ORIENTED_EDGE('',*,*,#776,.F.);
#1754=ORIENTED_EDGE('',*,*,#1699,.F.);
#1755=EDGE_LOOP('',(#1747,#1748,#1749,#1750,#1751,#1752,#1753,#1754));
#1756=FACE_BOUND('',#1755,.T.);
#1757=ADVANCED_FACE('',(#1756),#1746,.T.);
#1758=OVER_RIDING_STYLED_ITEM('',(#74),#1757,#26);
#1759=CARTESIAN_POINT('',(0.,0.65,12.3));
#1760=DIRECTION('',(0.,-0.,1.));
#1761=DIRECTION('',(1.,0.,-0.));
#1762=AXIS2_PLACEMENT_3D('',#1759,#1760,#1761);
#1763=PLANE('',#1762);
#1764=ORIENTED_EDGE('',*,*,#1732,.T.);
#1765=ORIENTED_EDGE('',*,*,#943,.T.);
#1766=ORIENTED_EDGE('',*,*,#1631,.F.);
#1767=CARTESIAN_POINT('',(60.,6.,12.3));
#1768=DIRECTION('',(1.,0.,-0.));
#1769=VECTOR('',#1768,5.);
#1770=LINE('',#1767,#1769);
#1771=EDGE_CURVE('',#1671,#1620,#1770,.T.);
#1772=ORIENTED_EDGE('',*,*,#1771,.F.);
#1773=EDGE_LOOP('',(#1764,#1765,#1766,#1772));
#1774=FACE_BOUND('',#1773,.T.);
#1775=ADVANCED_FACE('',(#1774),#1763,.T.);
#1776=OVER_RIDING_STYLED_ITEM('',(#493),#1775,#26);
#1777=CARTESIAN_POINT('',(0.,0.65,12.3));
#1778=DIRECTION('',(0.,-0.,1.));
#1779=DIRECTION('',(1.,0.,-0.));
#1780=AXIS2_PLACEMENT_3D('',#1777,#1778,#1779);
#1781=PLANE('',#1780);
#1782=ORIENTED_EDGE('',*,*,#573,.T.);
#1783=ORIENTED_EDGE('',*,*,#1570,.F.);
#1784=CARTESIAN_POINT('',(-6.5,-4.7,12.3));
#1785=DIRECTION('',(1.,0.,-0.));
#1786=VECTOR('',#1785,130.);
#1787=LINE('',#1784,#1786);
#1788=EDGE_CURVE('',#1559,#1647,#1787,.T.);
#1789=ORIENTED_EDGE('',*,*,#1788,.T.);
#1790=ORIENTED_EDGE('',*,*,#1652,.F.);
#1791=EDGE_LOOP('',(#1782,#1783,#1789,#1790));
#1792=FACE_BOUND('',#1791,.T.);
#1793=ADVANCED_FACE('',(#1792),#1781,.T.);
#1794=OVER_RIDING_STYLED_ITEM('',(#493),#1793,#26);
#1795=CARTESIAN_POINT('',(-0.038262546,-6.4,7.483524227));
#1796=DIRECTION('',(0.,-0.707106781,0.707106781));
#1797=DIRECTION('',(1.,0.,0.));
#1798=AXIS2_PLACEMENT_3D('',#1795,#1796,#1797);
#1799=PLANE('',#1798);
#1800=CARTESIAN_POINT('',(-0.776525092,-6.5,7.383524227));
#1801=VERTEX_POINT('',#1800);
#1802=CARTESIAN_POINT('',(0.623474908,-6.5,7.383524227));
#1803=VERTEX_POINT('',#1802);
#1804=CARTESIAN_POINT('',(-7.420888007,-6.5,7.383524227));
#1805=DIRECTION('',(1.,0.,-0.));
#1806=VECTOR('',#1805,14.);
#1807=LINE('',#1804,#1806);
#1808=EDGE_CURVE('',#1801,#1803,#1807,.T.);
#1809=ORIENTED_EDGE('',*,*,#1808,.T.);
#1810=CARTESIAN_POINT('',(0.423474908,-6.3,7.583524227));
#1811=VERTEX_POINT('',#1810);
#1812=CARTESIAN_POINT('',(0.623474908,-6.5,7.383524227));
#1813=DIRECTION('',(-0.577350269,0.577350269,0.577350269));
#1814=VECTOR('',#1813,3.464101615);
#1815=LINE('',#1812,#1814);
#1816=EDGE_CURVE('',#1803,#1811,#1815,.T.);
#1817=ORIENTED_EDGE('',*,*,#1816,.T.);
#1818=CARTESIAN_POINT('',(-0.576525092,-6.3,7.583524227));
#1819=VERTEX_POINT('',#1818);
#1820=CARTESIAN_POINT('',(4.579111993,-6.3,7.583524227));
#1821=DIRECTION('',(-1.,0.,0.));
#1822=VECTOR('',#1821,10.);
#1823=LINE('',#1820,#1822);
#1824=EDGE_CURVE('',#1811,#1819,#1823,.T.);
#1825=ORIENTED_EDGE('',*,*,#1824,.T.);
#1826=CARTESIAN_POINT('',(-0.576525092,-6.3,7.583524227));
#1827=DIRECTION('',(-0.577350269,-0.577350269,-0.577350269));
#1828=VECTOR('',#1827,3.464101615);
#1829=LINE('',#1826,#1828);
#1830=EDGE_CURVE('',#1819,#1801,#1829,.T.);
#1831=ORIENTED_EDGE('',*,*,#1830,.T.);
#1832=EDGE_LOOP('',(#1809,#1817,#1825,#1831));
#1833=FACE_BOUND('',#1832,.T.);
#1834=ADVANCED_FACE('',(#1833),#1799,.T.);
#1835=CARTESIAN_POINT('',(0.523474908,-6.4,4.041762114));
#1836=DIRECTION('',(-0.707106781,-0.707106781,0.));
#1837=DIRECTION('',(0.,0.,1.));
#1838=AXIS2_PLACEMENT_3D('',#1835,#1836,#1837);
#1839=PLANE('',#1838);
#1840=CARTESIAN_POINT('',(0.623474908,-6.5,8.783524227));
#1841=VERTEX_POINT('',#1840);
#1842=CARTESIAN_POINT('',(0.623474908,-6.5,37.459383249));
#1843=DIRECTION('',(0.,0.,1.));
#1844=VECTOR('',#1843,14.);
#1845=LINE('',#1842,#1844);
#1846=EDGE_CURVE('',#1803,#1841,#1845,.T.);
#1847=ORIENTED_EDGE('',*,*,#1846,.T.);
#1848=CARTESIAN_POINT('',(0.423474908,-6.3,8.583524227));
#1849=VERTEX_POINT('',#1848);
#1850=CARTESIAN_POINT('',(0.623474908,-6.5,8.783524227));
#1851=DIRECTION('',(-0.577350269,0.577350269,-0.577350269));
#1852=VECTOR('',#1851,3.464101615);
#1853=LINE('',#1850,#1852);
#1854=EDGE_CURVE('',#1841,#1849,#1853,.T.);
#1855=ORIENTED_EDGE('',*,*,#1854,.T.);
#1856=CARTESIAN_POINT('',(0.423474908,-6.3,49.459383249));
#1857=DIRECTION('',(0.,0.,-1.));
#1858=VECTOR('',#1857,10.);
#1859=LINE('',#1856,#1858);
#1860=EDGE_CURVE('',#1849,#1811,#1859,.T.);
#1861=ORIENTED_EDGE('',*,*,#1860,.T.);
#1862=ORIENTED_EDGE('',*,*,#1816,.F.);
#1863=EDGE_LOOP('',(#1847,#1855,#1861,#1862));
#1864=FACE_BOUND('',#1863,.T.);
#1865=ADVANCED_FACE('',(#1864),#1839,.T.);
#1866=CARTESIAN_POINT('',(-0.038262546,-6.4,8.683524227));
#1867=DIRECTION('',(-0.,-0.707106781,-0.707106781));
#1868=DIRECTION('',(-1.,0.,0.));
#1869=AXIS2_PLACEMENT_3D('',#1866,#1867,#1868);
#1870=PLANE('',#1869);
#1871=CARTESIAN_POINT('',(-0.776525092,-6.5,8.783524227));
#1872=VERTEX_POINT('',#1871);
#1873=CARTESIAN_POINT('',(6.579111993,-6.5,8.783524227));
#1874=DIRECTION('',(-1.,0.,0.));
#1875=VECTOR('',#1874,14.);
#1876=LINE('',#1873,#1875);
#1877=EDGE_CURVE('',#1841,#1872,#1876,.T.);
#1878=ORIENTED_EDGE('',*,*,#1877,.T.);
#1879=CARTESIAN_POINT('',(-0.576525092,-6.3,8.583524227));
#1880=VERTEX_POINT('',#1879);
#1881=CARTESIAN_POINT('',(-0.776525092,-6.5,8.783524227));
#1882=DIRECTION('',(0.577350269,0.577350269,-0.577350269));
#1883=VECTOR('',#1882,3.464101615);
#1884=LINE('',#1881,#1883);
#1885=EDGE_CURVE('',#1872,#1880,#1884,.T.);
#1886=ORIENTED_EDGE('',*,*,#1885,.T.);
#1887=CARTESIAN_POINT('',(-5.420888007,-6.3,8.583524227));
#1888=DIRECTION('',(1.,0.,-0.));
#1889=VECTOR('',#1888,10.);
#1890=LINE('',#1887,#1889);
#1891=EDGE_CURVE('',#1880,#1849,#1890,.T.);
#1892=ORIENTED_EDGE('',*,*,#1891,.T.);
#1893=ORIENTED_EDGE('',*,*,#1854,.F.);
#1894=EDGE_LOOP('',(#1878,#1886,#1892,#1893));
#1895=FACE_BOUND('',#1894,.T.);
#1896=ADVANCED_FACE('',(#1895),#1870,.T.);
#1897=CARTESIAN_POINT('',(-0.676525092,-6.4,4.041762114));
#1898=DIRECTION('',(0.707106781,-0.707106781,0.));
#1899=DIRECTION('',(0.,0.,-1.));
#1900=AXIS2_PLACEMENT_3D('',#1897,#1898,#1899);
#1901=PLANE('',#1900);
#1902=CARTESIAN_POINT('',(-0.776525092,-6.5,51.459383249));
#1903=DIRECTION('',(0.,0.,-1.));
#1904=VECTOR('',#1903,14.);
#1905=LINE('',#1902,#1904);
#1906=EDGE_CURVE('',#1872,#1801,#1905,.T.);
#1907=ORIENTED_EDGE('',*,*,#1906,.T.);
#1908=ORIENTED_EDGE('',*,*,#1830,.F.);
#1909=CARTESIAN_POINT('',(-0.576525092,-6.3,39.459383249));
#1910=DIRECTION('',(0.,0.,1.));
#1911=VECTOR('',#1910,10.);
#1912=LINE('',#1909,#1911);
#1913=EDGE_CURVE('',#1819,#1880,#1912,.T.);
#1914=ORIENTED_EDGE('',*,*,#1913,.T.);
#1915=ORIENTED_EDGE('',*,*,#1885,.F.);
#1916=EDGE_LOOP('',(#1907,#1908,#1914,#1915));
#1917=FACE_BOUND('',#1916,.T.);
#1918=ADVANCED_FACE('',(#1917),#1901,.T.);
#1919=CARTESIAN_POINT('',(-0.576525092,-6.5,8.083524227));
#1920=DIRECTION('',(-1.,-0.,0.));
#1921=DIRECTION('',(0.,0.,1.));
#1922=AXIS2_PLACEMENT_3D('',#1919,#1920,#1921);
#1923=PLANE('',#1922);
#1924=ORIENTED_EDGE('',*,*,#1913,.F.);
#1925=CARTESIAN_POINT('',(-0.576525092,-1.5,7.583524227));
#1926=VERTEX_POINT('',#1925);
#1927=CARTESIAN_POINT('',(-0.576525092,-4.5,7.583524227));
#1928=DIRECTION('',(-0.,1.,0.));
#1929=VECTOR('',#1928,48.);
#1930=LINE('',#1927,#1929);
#1931=EDGE_CURVE('',#1819,#1926,#1930,.T.);
#1932=ORIENTED_EDGE('',*,*,#1931,.T.);
#1933=CARTESIAN_POINT('',(-0.576525092,-1.5,8.583524227));
#1934=VERTEX_POINT('',#1933);
#1935=CARTESIAN_POINT('',(-0.576525092,-1.5,8.583524227));
#1936=DIRECTION('',(0.,0.,-1.));
#1937=VECTOR('',#1936,10.);
#1938=LINE('',#1935,#1937);
#1939=EDGE_CURVE('',#1934,#1926,#1938,.T.);
#1940=ORIENTED_EDGE('',*,*,#1939,.F.);
#1941=CARTESIAN_POINT('',(-0.576525092,-4.5,8.583524227));
#1942=DIRECTION('',(-0.,1.,0.));
#1943=VECTOR('',#1942,48.);
#1944=LINE('',#1941,#1943);
#1945=EDGE_CURVE('',#1880,#1934,#1944,.T.);
#1946=ORIENTED_EDGE('',*,*,#1945,.F.);
#1947=EDGE_LOOP('',(#1924,#1932,#1940,#1946));
#1948=FACE_BOUND('',#1947,.T.);
#1949=ADVANCED_FACE('',(#1948),#1923,.F.);
#1950=COLOUR_RGB('',0.501960814,0.501960814,0.501960814);
#1951=FILL_AREA_STYLE_COLOUR('',#1950);
#1952=FILL_AREA_STYLE('',(#1951));
#1953=SURFACE_STYLE_FILL_AREA(#1952);
#1954=SURFACE_SIDE_STYLE('',(#1953));
#1955=SURFACE_STYLE_USAGE(.BOTH.,#1954);
#1956=PRESENTATION_STYLE_ASSIGNMENT((#1955));
#1957=OVER_RIDING_STYLED_ITEM('',(#1956),#1949,#26);
#1958=CARTESIAN_POINT('',(-0.076525092,-6.5,7.583524227));
#1959=DIRECTION('',(0.,0.,-1.));
#1960=DIRECTION('',(-1.,0.,0.));
#1961=AXIS2_PLACEMENT_3D('',#1958,#1959,#1960);
#1962=PLANE('',#1961);
#1963=ORIENTED_EDGE('',*,*,#1824,.F.);
#1964=CARTESIAN_POINT('',(0.423474908,-1.5,7.583524227));
#1965=VERTEX_POINT('',#1964);
#1966=CARTESIAN_POINT('',(0.423474908,-4.5,7.583524227));
#1967=DIRECTION('',(-0.,1.,0.));
#1968=VECTOR('',#1967,48.);
#1969=LINE('',#1966,#1968);
#1970=EDGE_CURVE('',#1811,#1965,#1969,.T.);
#1971=ORIENTED_EDGE('',*,*,#1970,.T.);
#1972=CARTESIAN_POINT('',(-0.576525092,-1.5,7.583524227));
#1973=DIRECTION('',(1.,0.,-0.));
#1974=VECTOR('',#1973,10.);
#1975=LINE('',#1972,#1974);
#1976=EDGE_CURVE('',#1926,#1965,#1975,.T.);
#1977=ORIENTED_EDGE('',*,*,#1976,.F.);
#1978=ORIENTED_EDGE('',*,*,#1931,.F.);
#1979=EDGE_LOOP('',(#1963,#1971,#1977,#1978));
#1980=FACE_BOUND('',#1979,.T.);
#1981=ADVANCED_FACE('',(#1980),#1962,.F.);
#1982=OVER_RIDING_STYLED_ITEM('',(#1956),#1981,#26);
#1983=CARTESIAN_POINT('',(0.,-6.5,0.));
#1984=DIRECTION('',(0.,-1.,0.));
#1985=DIRECTION('',(1.,0.,0.));
#1986=AXIS2_PLACEMENT_3D('',#1983,#1984,#1985);
#1987=PLANE('',#1986);
#1988=CARTESIAN_POINT('',(1.962955999,-6.5,4.869689989));
#1989=VERTEX_POINT('',#1988);
#1990=CARTESIAN_POINT('',(3.362955999,-6.5,4.869689989));
#1991=VERTEX_POINT('',#1990);
#1992=CARTESIAN_POINT('',(7.646257997,-6.5,4.869689989));
#1993=DIRECTION('',(1.,0.,-0.));
#1994=VECTOR('',#1993,14.);
#1995=LINE('',#1992,#1994);
#1996=EDGE_CURVE('',#1989,#1991,#1995,.T.);
#1997=ORIENTED_EDGE('',*,*,#1996,.F.);
#1998=CARTESIAN_POINT('',(1.962955999,-6.5,6.269689989));
#1999=VERTEX_POINT('',#1998);
#2000=CARTESIAN_POINT('',(1.962955999,-6.5,37.63329494));
#2001=DIRECTION('',(0.,0.,-1.));
#2002=VECTOR('',#2001,14.);
#2003=LINE('',#2000,#2002);
#2004=EDGE_CURVE('',#1999,#1989,#2003,.T.);
#2005=ORIENTED_EDGE('',*,*,#2004,.F.);
#2006=CARTESIAN_POINT('',(3.362955999,-6.5,6.269689989));
#2007=VERTEX_POINT('',#2006);
#2008=CARTESIAN_POINT('',(21.646257997,-6.5,6.269689989));
#2009=DIRECTION('',(-1.,0.,0.));
#2010=VECTOR('',#2009,14.);
#2011=LINE('',#2008,#2010);
#2012=EDGE_CURVE('',#2007,#1999,#2011,.T.);
#2013=ORIENTED_EDGE('',*,*,#2012,.F.);
#2014=CARTESIAN_POINT('',(3.362955999,-6.5,23.63329494));
#2015=DIRECTION('',(0.,0.,1.));
#2016=VECTOR('',#2015,14.);
#2017=LINE('',#2014,#2016);
#2018=EDGE_CURVE('',#1991,#2007,#2017,.T.);
#2019=ORIENTED_EDGE('',*,*,#2018,.F.);
#2020=EDGE_LOOP('',(#1997,#2005,#2013,#2019));
#2021=FACE_BOUND('',#2020,.T.);
#2022=CARTESIAN_POINT('',(0.75,-6.5,10.429058411));
#2023=VERTEX_POINT('',#2022);
#2024=CARTESIAN_POINT('',(0.75,-6.5,9.406855703));
#2025=VERTEX_POINT('',#2024);
#2026=CARTESIAN_POINT('',(0.75,-6.5,59.659777357));
#2027=DIRECTION('',(0.,0.,-1.));
#2028=VECTOR('',#2027,10.222027086);
#2029=LINE('',#2026,#2028);
#2030=EDGE_CURVE('',#2023,#2025,#2029,.T.);
#2031=ORIENTED_EDGE('',*,*,#2030,.T.);
#2032=CARTESIAN_POINT('',(-0.75,-6.5,9.406855703));
#2033=VERTEX_POINT('',#2032);
#2034=CARTESIAN_POINT('',(7.5,-6.5,9.406855703));
#2035=DIRECTION('',(-1.,0.,0.));
#2036=VECTOR('',#2035,15.);
#2037=LINE('',#2034,#2036);
#2038=EDGE_CURVE('',#2025,#2033,#2037,.T.);
#2039=ORIENTED_EDGE('',*,*,#2038,.T.);
#2040=CARTESIAN_POINT('',(-0.75,-6.5,10.429058411));
#2041=VERTEX_POINT('',#2040);
#2042=CARTESIAN_POINT('',(-0.75,-6.5,49.437750271));
#2043=DIRECTION('',(0.,0.,1.));
#2044=VECTOR('',#2043,10.222027086);
#2045=LINE('',#2042,#2044);
#2046=EDGE_CURVE('',#2033,#2041,#2045,.T.);
#2047=ORIENTED_EDGE('',*,*,#2046,.T.);
#2048=CARTESIAN_POINT('',(-4.,-6.5,6.5));
#2049=VERTEX_POINT('',#2048);
#2050=CARTESIAN_POINT('',(0.,-6.5,6.5));
#2051=DIRECTION('',(0.,-1.,0.));
#2052=DIRECTION('',(1.,0.,0.));
#2053=AXIS2_PLACEMENT_3D('',#2050,#2051,#2052);
#2054=CIRCLE('',#2053,4.);
#2055=EDGE_CURVE('',#2041,#2049,#2054,.T.);
#2056=ORIENTED_EDGE('',*,*,#2055,.T.);
#2057=CARTESIAN_POINT('',(-3.422737317,-6.5,4.430007426));
#2058=VERTEX_POINT('',#2057);
#2059=CARTESIAN_POINT('',(0.,-6.5,6.5));
#2060=DIRECTION('',(0.,-1.,0.));
#2061=DIRECTION('',(1.,0.,0.));
#2062=AXIS2_PLACEMENT_3D('',#2059,#2060,#2061);
#2063=CIRCLE('',#2062,4.);
#2064=EDGE_CURVE('',#2049,#2058,#2063,.T.);
#2065=ORIENTED_EDGE('',*,*,#2064,.T.);
#2066=CARTESIAN_POINT('',(-2.684192287,-6.5,4.430007426));
#2067=VERTEX_POINT('',#2066);
#2068=CARTESIAN_POINT('',(-20.486781566,-6.5,4.430007426));
#2069=DIRECTION('',(1.,0.,-0.));
#2070=VECTOR('',#2069,7.38545031);
#2071=LINE('',#2068,#2070);
#2072=EDGE_CURVE('',#2058,#2067,#2071,.T.);
#2073=ORIENTED_EDGE('',*,*,#2072,.T.);
#2074=CARTESIAN_POINT('',(-2.684192287,-6.5,3.534344631));
#2075=VERTEX_POINT('',#2074);
#2076=CARTESIAN_POINT('',(-2.684192287,-6.5,26.380282134));
#2077=DIRECTION('',(0.,0.,-1.));
#2078=VECTOR('',#2077,8.956627954);
#2079=LINE('',#2076,#2078);
#2080=EDGE_CURVE('',#2067,#2075,#2079,.T.);
#2081=ORIENTED_EDGE('',*,*,#2080,.T.);
#2082=CARTESIAN_POINT('',(2.684192287,-6.5,3.534344631));
#2083=VERTEX_POINT('',#2082);
#2084=CARTESIAN_POINT('',(0.,-6.5,6.5));
#2085=DIRECTION('',(0.,-1.,0.));
#2086=DIRECTION('',(1.,0.,0.));
#2087=AXIS2_PLACEMENT_3D('',#2084,#2085,#2086);
#2088=CIRCLE('',#2087,4.);
#2089=EDGE_CURVE('',#2075,#2083,#2088,.T.);
#2090=ORIENTED_EDGE('',*,*,#2089,.T.);
#2091=CARTESIAN_POINT('',(2.684192287,-6.5,4.430007426));
#2092=VERTEX_POINT('',#2091);
#2093=CARTESIAN_POINT('',(2.684192287,-6.5,17.42365418));
#2094=DIRECTION('',(0.,0.,1.));
#2095=VECTOR('',#2094,8.956627954);
#2096=LINE('',#2093,#2095);
#2097=EDGE_CURVE('',#2083,#2092,#2096,.T.);
#2098=ORIENTED_EDGE('',*,*,#2097,.T.);
#2099=CARTESIAN_POINT('',(3.422737317,-6.5,4.430007426));
#2100=VERTEX_POINT('',#2099);
#2101=CARTESIAN_POINT('',(13.101331256,-6.5,4.430007426));
#2102=DIRECTION('',(1.,0.,-0.));
#2103=VECTOR('',#2102,7.38545031);
#2104=LINE('',#2101,#2103);
#2105=EDGE_CURVE('',#2092,#2100,#2104,.T.);
#2106=ORIENTED_EDGE('',*,*,#2105,.T.);
#2107=CARTESIAN_POINT('',(0.,-6.5,6.5));
#2108=DIRECTION('',(0.,-1.,0.));
#2109=DIRECTION('',(1.,0.,0.));
#2110=AXIS2_PLACEMENT_3D('',#2107,#2108,#2109);
#2111=CIRCLE('',#2110,4.);
#2112=EDGE_CURVE('',#2100,#2023,#2111,.T.);
#2113=ORIENTED_EDGE('',*,*,#2112,.T.);
#2114=EDGE_LOOP('',(#2031,#2039,#2047,#2056,#2065,#2073,#2081,#2090,#2098,#2106,#2113));
#2115=FACE_BOUND('',#2114,.T.);
#2116=CARTESIAN_POINT('',(0.5,-6.5,3.642479062));
#2117=VERTEX_POINT('',#2116);
#2118=CARTESIAN_POINT('',(-0.5,-6.5,3.642479062));
#2119=VERTEX_POINT('',#2118);
#2120=CARTESIAN_POINT('',(5.,-6.5,3.642479062));
#2121=DIRECTION('',(-1.,0.,0.));
#2122=VECTOR('',#2121,10.);
#2123=LINE('',#2120,#2122);
#2124=EDGE_CURVE('',#2117,#2119,#2123,.T.);
#2125=ORIENTED_EDGE('',*,*,#2124,.T.);
#2126=CARTESIAN_POINT('',(-0.5,-6.5,5.642479062));
#2127=VERTEX_POINT('',#2126);
#2128=CARTESIAN_POINT('',(-0.5,-6.5,15.533634841));
#2129=DIRECTION('',(-0.,0.,1.));
#2130=VECTOR('',#2129,20.);
#2131=LINE('',#2128,#2130);
#2132=EDGE_CURVE('',#2119,#2127,#2131,.T.);
#2133=ORIENTED_EDGE('',*,*,#2132,.T.);
#2134=CARTESIAN_POINT('',(0.5,-6.5,5.642479062));
#2135=VERTEX_POINT('',#2134);
#2136=CARTESIAN_POINT('',(-5.,-6.5,5.642479062));
#2137=DIRECTION('',(1.,0.,-0.));
#2138=VECTOR('',#2137,10.);
#2139=LINE('',#2136,#2138);
#2140=EDGE_CURVE('',#2127,#2135,#2139,.T.);
#2141=ORIENTED_EDGE('',*,*,#2140,.T.);
#2142=CARTESIAN_POINT('',(0.5,-6.5,35.533634841));
#2143=DIRECTION('',(0.,0.,-1.));
#2144=VECTOR('',#2143,20.);
#2145=LINE('',#2142,#2144);
#2146=EDGE_CURVE('',#2135,#2117,#2145,.T.);
#2147=ORIENTED_EDGE('',*,*,#2146,.T.);
#2148=EDGE_LOOP('',(#2125,#2133,#2141,#2147));
#2149=FACE_BOUND('',#2148,.T.);
#2150=CARTESIAN_POINT('',(-3.362955999,-6.5,4.869689989));
#2151=VERTEX_POINT('',#2150);
#2152=CARTESIAN_POINT('',(-1.962955999,-6.5,4.869689989));
#2153=VERTEX_POINT('',#2152);
#2154=CARTESIAN_POINT('',(-21.646257997,-6.5,4.869689989));
#2155=DIRECTION('',(1.,0.,-0.));
#2156=VECTOR('',#2155,14.);
#2157=LINE('',#2154,#2156);
#2158=EDGE_CURVE('',#2151,#2153,#2157,.T.);
#2159=ORIENTED_EDGE('',*,*,#2158,.F.);
#2160=CARTESIAN_POINT('',(-3.362955999,-6.5,6.269689989));
#2161=VERTEX_POINT('',#2160);
#2162=CARTESIAN_POINT('',(-3.362955999,-6.5,37.63329494));
#2163=DIRECTION('',(0.,0.,-1.));
#2164=VECTOR('',#2163,14.);
#2165=LINE('',#2162,#2164);
#2166=EDGE_CURVE('',#2161,#2151,#2165,.T.);
#2167=ORIENTED_EDGE('',*,*,#2166,.F.);
#2168=CARTESIAN_POINT('',(-1.962955999,-6.5,6.269689989));
#2169=VERTEX_POINT('',#2168);
#2170=CARTESIAN_POINT('',(-7.646257997,-6.5,6.269689989));
#2171=DIRECTION('',(-1.,0.,0.));
#2172=VECTOR('',#2171,14.);
#2173=LINE('',#2170,#2172);
#2174=EDGE_CURVE('',#2169,#2161,#2173,.T.);
#2175=ORIENTED_EDGE('',*,*,#2174,.F.);
#2176=CARTESIAN_POINT('',(-1.962955999,-6.5,23.63329494));
#2177=DIRECTION('',(0.,0.,1.));
#2178=VECTOR('',#2177,14.);
#2179=LINE('',#2176,#2178);
#2180=EDGE_CURVE('',#2153,#2169,#2179,.T.);
#2181=ORIENTED_EDGE('',*,*,#2180,.F.);
#2182=EDGE_LOOP('',(#2159,#2167,#2175,#2181));
#2183=FACE_BOUND('',#2182,.T.);
#2184=ORIENTED_EDGE('',*,*,#1808,.F.);
#2185=ORIENTED_EDGE('',*,*,#1906,.F.);
#2186=ORIENTED_EDGE('',*,*,#1877,.F.);
#2187=ORIENTED_EDGE('',*,*,#1846,.F.);
#2188=EDGE_LOOP('',(#2184,#2185,#2186,#2187));
#2189=FACE_BOUND('',#2188,.T.);
#2190=ADVANCED_FACE('',(#2021,#2115,#2149,#2183,#2189),#1987,.T.);
#2191=OVER_RIDING_STYLED_ITEM('',(#493),#2190,#26);
#2192=CARTESIAN_POINT('',(1.331478,-6.4,4.969689989));
#2193=DIRECTION('',(0.,-0.707106781,0.707106781));
#2194=DIRECTION('',(1.,0.,0.));
#2195=AXIS2_PLACEMENT_3D('',#2192,#2193,#2194);
#2196=PLANE('',#2195);
#2197=ORIENTED_EDGE('',*,*,#1996,.T.);
#2198=CARTESIAN_POINT('',(3.162955999,-6.3,5.069689989));
#2199=VERTEX_POINT('',#2198);
#2200=CARTESIAN_POINT('',(3.362955999,-6.5,4.869689989));
#2201=DIRECTION('',(-0.577350269,0.577350269,0.577350269));
#2202=VECTOR('',#2201,3.464101615);
#2203=LINE('',#2200,#2202);
#2204=EDGE_CURVE('',#1991,#2199,#2203,.T.);
#2205=ORIENTED_EDGE('',*,*,#2204,.T.);
#2206=CARTESIAN_POINT('',(2.162955999,-6.3,5.069689989));
#2207=VERTEX_POINT('',#2206);
#2208=CARTESIAN_POINT('',(19.646257997,-6.3,5.069689989));
#2209=DIRECTION('',(-1.,0.,0.));
#2210=VECTOR('',#2209,10.);
#2211=LINE('',#2208,#2210);
#2212=EDGE_CURVE('',#2199,#2207,#2211,.T.);
#2213=ORIENTED_EDGE('',*,*,#2212,.T.);
#2214=CARTESIAN_POINT('',(2.162955999,-6.3,5.069689989));
#2215=DIRECTION('',(-0.577350269,-0.577350269,-0.577350269));
#2216=VECTOR('',#2215,3.464101615);
#2217=LINE('',#2214,#2216);
#2218=EDGE_CURVE('',#2207,#1989,#2217,.T.);
#2219=ORIENTED_EDGE('',*,*,#2218,.T.);
#2220=EDGE_LOOP('',(#2197,#2205,#2213,#2219));
#2221=FACE_BOUND('',#2220,.T.);
#2222=ADVANCED_FACE('',(#2221),#2196,.T.);
#2223=CARTESIAN_POINT('',(3.262955999,-6.4,2.784844995));
#2224=DIRECTION('',(-0.707106781,-0.707106781,0.));
#2225=DIRECTION('',(0.,0.,1.));
#2226=AXIS2_PLACEMENT_3D('',#2223,#2224,#2225);
#2227=PLANE('',#2226);
#2228=ORIENTED_EDGE('',*,*,#2018,.T.);
#2229=CARTESIAN_POINT('',(3.162955999,-6.3,6.069689989));
#2230=VERTEX_POINT('',#2229);
#2231=CARTESIAN_POINT('',(3.362955999,-6.5,6.269689989));
#2232=DIRECTION('',(-0.577350269,0.577350269,-0.577350269));
#2233=VECTOR('',#2232,3.464101615);
#2234=LINE('',#2231,#2233);
#2235=EDGE_CURVE('',#2007,#2230,#2234,.T.);
#2236=ORIENTED_EDGE('',*,*,#2235,.T.);
#2237=CARTESIAN_POINT('',(3.162955999,-6.3,35.63329494));
#2238=DIRECTION('',(0.,0.,-1.));
#2239=VECTOR('',#2238,10.);
#2240=LINE('',#2237,#2239);
#2241=EDGE_CURVE('',#2230,#2199,#2240,.T.);
#2242=ORIENTED_EDGE('',*,*,#2241,.T.);
#2243=ORIENTED_EDGE('',*,*,#2204,.F.);
#2244=EDGE_LOOP('',(#2228,#2236,#2242,#2243));
#2245=FACE_BOUND('',#2244,.T.);
#2246=ADVANCED_FACE('',(#2245),#2227,.T.);
#2247=CARTESIAN_POINT('',(2.062955999,-6.4,2.784844995));
#2248=DIRECTION('',(0.707106781,-0.707106781,0.));
#2249=DIRECTION('',(0.,0.,-1.));
#2250=AXIS2_PLACEMENT_3D('',#2247,#2248,#2249);
#2251=PLANE('',#2250);
#2252=ORIENTED_EDGE('',*,*,#2004,.T.);
#2253=ORIENTED_EDGE('',*,*,#2218,.F.);
#2254=CARTESIAN_POINT('',(2.162955999,-6.3,6.069689989));
#2255=VERTEX_POINT('',#2254);
#2256=CARTESIAN_POINT('',(2.162955999,-6.3,25.63329494));
#2257=DIRECTION('',(0.,0.,1.));
#2258=VECTOR('',#2257,10.);
#2259=LINE('',#2256,#2258);
#2260=EDGE_CURVE('',#2207,#2255,#2259,.T.);
#2261=ORIENTED_EDGE('',*,*,#2260,.T.);
#2262=CARTESIAN_POINT('',(1.962955999,-6.5,6.269689989));
#2263=DIRECTION('',(0.577350269,0.577350269,-0.577350269));
#2264=VECTOR('',#2263,3.464101615);
#2265=LINE('',#2262,#2264);
#2266=EDGE_CURVE('',#1999,#2255,#2265,.T.);
#2267=ORIENTED_EDGE('',*,*,#2266,.F.);
#2268=EDGE_LOOP('',(#2252,#2253,#2261,#2267));
#2269=FACE_BOUND('',#2268,.T.);
#2270=ADVANCED_FACE('',(#2269),#2251,.T.);
#2271=CARTESIAN_POINT('',(1.331478,-6.4,6.169689989));
#2272=DIRECTION('',(-0.,-0.707106781,-0.707106781));
#2273=DIRECTION('',(-1.,0.,0.));
#2274=AXIS2_PLACEMENT_3D('',#2271,#2272,#2273);
#2275=PLANE('',#2274);
#2276=ORIENTED_EDGE('',*,*,#2012,.T.);
#2277=ORIENTED_EDGE('',*,*,#2266,.T.);
#2278=CARTESIAN_POINT('',(9.646257997,-6.3,6.069689989));
#2279=DIRECTION('',(1.,0.,-0.));
#2280=VECTOR('',#2279,10.);
#2281=LINE('',#2278,#2280);
#2282=EDGE_CURVE('',#2255,#2230,#2281,.T.);
#2283=ORIENTED_EDGE('',*,*,#2282,.T.);
#2284=ORIENTED_EDGE('',*,*,#2235,.F.);
#2285=EDGE_LOOP('',(#2276,#2277,#2283,#2284));
#2286=FACE_BOUND('',#2285,.T.);
#2287=ADVANCED_FACE('',(#2286),#2275,.T.);
#2288=CARTESIAN_POINT('',(2.162955999,-6.5,5.569689989));
#2289=DIRECTION('',(-1.,-0.,0.));
#2290=DIRECTION('',(0.,0.,1.));
#2291=AXIS2_PLACEMENT_3D('',#2288,#2289,#2290);
#2292=PLANE('',#2291);
#2293=ORIENTED_EDGE('',*,*,#2260,.F.);
#2294=CARTESIAN_POINT('',(2.162955999,-1.5,5.069689989));
#2295=VERTEX_POINT('',#2294);
#2296=CARTESIAN_POINT('',(2.162955999,-4.5,5.069689989));
#2297=DIRECTION('',(-0.,1.,0.));
#2298=VECTOR('',#2297,48.);
#2299=LINE('',#2296,#2298);
#2300=EDGE_CURVE('',#2207,#2295,#2299,.T.);
#2301=ORIENTED_EDGE('',*,*,#2300,.T.);
#2302=CARTESIAN_POINT('',(2.162955999,-1.5,6.069689989));
#2303=VERTEX_POINT('',#2302);
#2304=CARTESIAN_POINT('',(2.162955999,-1.5,6.069689989));
#2305=DIRECTION('',(0.,0.,-1.));
#2306=VECTOR('',#2305,10.);
#2307=LINE('',#2304,#2306);
#2308=EDGE_CURVE('',#2303,#2295,#2307,.T.);
#2309=ORIENTED_EDGE('',*,*,#2308,.F.);
#2310=CARTESIAN_POINT('',(2.162955999,-4.5,6.069689989));
#2311=DIRECTION('',(-0.,1.,0.));
#2312=VECTOR('',#2311,48.);
#2313=LINE('',#2310,#2312);
#2314=EDGE_CURVE('',#2255,#2303,#2313,.T.);
#2315=ORIENTED_EDGE('',*,*,#2314,.F.);
#2316=EDGE_LOOP('',(#2293,#2301,#2309,#2315));
#2317=FACE_BOUND('',#2316,.T.);
#2318=ADVANCED_FACE('',(#2317),#2292,.F.);
#2319=OVER_RIDING_STYLED_ITEM('',(#1956),#2318,#26);
#2320=CARTESIAN_POINT('',(2.662955999,-6.5,5.069689989));
#2321=DIRECTION('',(0.,0.,-1.));
#2322=DIRECTION('',(-1.,0.,0.));
#2323=AXIS2_PLACEMENT_3D('',#2320,#2321,#2322);
#2324=PLANE('',#2323);
#2325=ORIENTED_EDGE('',*,*,#2212,.F.);
#2326=CARTESIAN_POINT('',(3.162955999,-1.5,5.069689989));
#2327=VERTEX_POINT('',#2326);
#2328=CARTESIAN_POINT('',(3.162955999,-4.5,5.069689989));
#2329=DIRECTION('',(-0.,1.,0.));
#2330=VECTOR('',#2329,48.);
#2331=LINE('',#2328,#2330);
#2332=EDGE_CURVE('',#2199,#2327,#2331,.T.);
#2333=ORIENTED_EDGE('',*,*,#2332,.T.);
#2334=CARTESIAN_POINT('',(2.162955999,-1.5,5.069689989));
#2335=DIRECTION('',(1.,0.,-0.));
#2336=VECTOR('',#2335,10.);
#2337=LINE('',#2334,#2336);
#2338=EDGE_CURVE('',#2295,#2327,#2337,.T.);
#2339=ORIENTED_EDGE('',*,*,#2338,.F.);
#2340=ORIENTED_EDGE('',*,*,#2300,.F.);
#2341=EDGE_LOOP('',(#2325,#2333,#2339,#2340));
#2342=FACE_BOUND('',#2341,.T.);
#2343=ADVANCED_FACE('',(#2342),#2324,.F.);
#2344=OVER_RIDING_STYLED_ITEM('',(#1956),#2343,#26);
#2345=CARTESIAN_POINT('',(-1.331478,-6.4,4.969689989));
#2346=DIRECTION('',(0.,-0.707106781,0.707106781));
#2347=DIRECTION('',(1.,0.,0.));
#2348=AXIS2_PLACEMENT_3D('',#2345,#2346,#2347);
#2349=PLANE('',#2348);
#2350=ORIENTED_EDGE('',*,*,#2158,.T.);
#2351=CARTESIAN_POINT('',(-2.162955999,-6.3,5.069689989));
#2352=VERTEX_POINT('',#2351);
#2353=CARTESIAN_POINT('',(-1.962955999,-6.5,4.869689989));
#2354=DIRECTION('',(-0.577350269,0.577350269,0.577350269));
#2355=VECTOR('',#2354,3.464101615);
#2356=LINE('',#2353,#2355);
#2357=EDGE_CURVE('',#2153,#2352,#2356,.T.);
#2358=ORIENTED_EDGE('',*,*,#2357,.T.);
#2359=CARTESIAN_POINT('',(-3.162955999,-6.3,5.069689989));
#2360=VERTEX_POINT('',#2359);
#2361=CARTESIAN_POINT('',(-9.646257997,-6.3,5.069689989));
#2362=DIRECTION('',(-1.,0.,0.));
#2363=VECTOR('',#2362,10.);
#2364=LINE('',#2361,#2363);
#2365=EDGE_CURVE('',#2352,#2360,#2364,.T.);
#2366=ORIENTED_EDGE('',*,*,#2365,.T.);
#2367=CARTESIAN_POINT('',(-3.162955999,-6.3,5.069689989));
#2368=DIRECTION('',(-0.577350269,-0.577350269,-0.577350269));
#2369=VECTOR('',#2368,3.464101615);
#2370=LINE('',#2367,#2369);
#2371=EDGE_CURVE('',#2360,#2151,#2370,.T.);
#2372=ORIENTED_EDGE('',*,*,#2371,.T.);
#2373=EDGE_LOOP('',(#2350,#2358,#2366,#2372));
#2374=FACE_BOUND('',#2373,.T.);
#2375=ADVANCED_FACE('',(#2374),#2349,.T.);
#2376=CARTESIAN_POINT('',(-2.062955999,-6.4,2.784844995));
#2377=DIRECTION('',(-0.707106781,-0.707106781,0.));
#2378=DIRECTION('',(0.,0.,1.));
#2379=AXIS2_PLACEMENT_3D('',#2376,#2377,#2378);
#2380=PLANE('',#2379);
#2381=ORIENTED_EDGE('',*,*,#2180,.T.);
#2382=CARTESIAN_POINT('',(-2.162955999,-6.3,6.069689989));
#2383=VERTEX_POINT('',#2382);
#2384=CARTESIAN_POINT('',(-1.962955999,-6.5,6.269689989));
#2385=DIRECTION('',(-0.577350269,0.577350269,-0.577350269));
#2386=VECTOR('',#2385,3.464101615);
#2387=LINE('',#2384,#2386);
#2388=EDGE_CURVE('',#2169,#2383,#2387,.T.);
#2389=ORIENTED_EDGE('',*,*,#2388,.T.);
#2390=CARTESIAN_POINT('',(-2.162955999,-6.3,35.63329494));
#2391=DIRECTION('',(0.,0.,-1.));
#2392=VECTOR('',#2391,10.);
#2393=LINE('',#2390,#2392);
#2394=EDGE_CURVE('',#2383,#2352,#2393,.T.);
#2395=ORIENTED_EDGE('',*,*,#2394,.T.);
#2396=ORIENTED_EDGE('',*,*,#2357,.F.);
#2397=EDGE_LOOP('',(#2381,#2389,#2395,#2396));
#2398=FACE_BOUND('',#2397,.T.);
#2399=ADVANCED_FACE('',(#2398),#2380,.T.);
#2400=CARTESIAN_POINT('',(-3.262955999,-6.4,2.784844995));
#2401=DIRECTION('',(0.707106781,-0.707106781,0.));
#2402=DIRECTION('',(0.,0.,-1.));
#2403=AXIS2_PLACEMENT_3D('',#2400,#2401,#2402);
#2404=PLANE('',#2403);
#2405=ORIENTED_EDGE('',*,*,#2166,.T.);
#2406=ORIENTED_EDGE('',*,*,#2371,.F.);
#2407=CARTESIAN_POINT('',(-3.162955999,-6.3,6.069689989));
#2408=VERTEX_POINT('',#2407);
#2409=CARTESIAN_POINT('',(-3.162955999,-6.3,25.63329494));
#2410=DIRECTION('',(0.,0.,1.));
#2411=VECTOR('',#2410,10.);
#2412=LINE('',#2409,#2411);
#2413=EDGE_CURVE('',#2360,#2408,#2412,.T.);
#2414=ORIENTED_EDGE('',*,*,#2413,.T.);
#2415=CARTESIAN_POINT('',(-3.362955999,-6.5,6.269689989));
#2416=DIRECTION('',(0.577350269,0.577350269,-0.577350269));
#2417=VECTOR('',#2416,3.464101615);
#2418=LINE('',#2415,#2417);
#2419=EDGE_CURVE('',#2161,#2408,#2418,.T.);
#2420=ORIENTED_EDGE('',*,*,#2419,.F.);
#2421=EDGE_LOOP('',(#2405,#2406,#2414,#2420));
#2422=FACE_BOUND('',#2421,.T.);
#2423=ADVANCED_FACE('',(#2422),#2404,.T.);
#2424=CARTESIAN_POINT('',(-1.331478,-6.4,6.169689989));
#2425=DIRECTION('',(0.,-0.707106781,-0.707106781));
#2426=DIRECTION('',(-1.,0.,0.));
#2427=AXIS2_PLACEMENT_3D('',#2424,#2425,#2426);
#2428=PLANE('',#2427);
#2429=ORIENTED_EDGE('',*,*,#2174,.T.);
#2430=ORIENTED_EDGE('',*,*,#2419,.T.);
#2431=CARTESIAN_POINT('',(-19.646257997,-6.3,6.069689989));
#2432=DIRECTION('',(1.,0.,-0.));
#2433=VECTOR('',#2432,10.);
#2434=LINE('',#2431,#2433);
#2435=EDGE_CURVE('',#2408,#2383,#2434,.T.);
#2436=ORIENTED_EDGE('',*,*,#2435,.T.);
#2437=ORIENTED_EDGE('',*,*,#2388,.F.);
#2438=EDGE_LOOP('',(#2429,#2430,#2436,#2437));
#2439=FACE_BOUND('',#2438,.T.);
#2440=ADVANCED_FACE('',(#2439),#2428,.T.);
#2441=CARTESIAN_POINT('',(-3.162955999,-6.5,5.569689989));
#2442=DIRECTION('',(-1.,-0.,0.));
#2443=DIRECTION('',(0.,0.,1.));
#2444=AXIS2_PLACEMENT_3D('',#2441,#2442,#2443);
#2445=PLANE('',#2444);
#2446=ORIENTED_EDGE('',*,*,#2413,.F.);
#2447=CARTESIAN_POINT('',(-3.162955999,-1.5,5.069689989));
#2448=VERTEX_POINT('',#2447);
#2449=CARTESIAN_POINT('',(-3.162955999,-4.5,5.069689989));
#2450=DIRECTION('',(-0.,1.,0.));
#2451=VECTOR('',#2450,48.);
#2452=LINE('',#2449,#2451);
#2453=EDGE_CURVE('',#2360,#2448,#2452,.T.);
#2454=ORIENTED_EDGE('',*,*,#2453,.T.);
#2455=CARTESIAN_POINT('',(-3.162955999,-1.5,6.069689989));
#2456=VERTEX_POINT('',#2455);
#2457=CARTESIAN_POINT('',(-3.162955999,-1.5,6.069689989));
#2458=DIRECTION('',(0.,0.,-1.));
#2459=VECTOR('',#2458,10.);
#2460=LINE('',#2457,#2459);
#2461=EDGE_CURVE('',#2456,#2448,#2460,.T.);
#2462=ORIENTED_EDGE('',*,*,#2461,.F.);
#2463=CARTESIAN_POINT('',(-3.162955999,-4.5,6.069689989));
#2464=DIRECTION('',(-0.,1.,0.));
#2465=VECTOR('',#2464,48.);
#2466=LINE('',#2463,#2465);
#2467=EDGE_CURVE('',#2408,#2456,#2466,.T.);
#2468=ORIENTED_EDGE('',*,*,#2467,.F.);
#2469=EDGE_LOOP('',(#2446,#2454,#2462,#2468));
#2470=FACE_BOUND('',#2469,.T.);
#2471=ADVANCED_FACE('',(#2470),#2445,.F.);
#2472=OVER_RIDING_STYLED_ITEM('',(#1956),#2471,#26);
#2473=CARTESIAN_POINT('',(-2.662955999,-6.5,5.069689989));
#2474=DIRECTION('',(0.,0.,-1.));
#2475=DIRECTION('',(-1.,0.,0.));
#2476=AXIS2_PLACEMENT_3D('',#2473,#2474,#2475);
#2477=PLANE('',#2476);
#2478=ORIENTED_EDGE('',*,*,#2365,.F.);
#2479=CARTESIAN_POINT('',(-2.162955999,-1.5,5.069689989));
#2480=VERTEX_POINT('',#2479);
#2481=CARTESIAN_POINT('',(-2.162955999,-4.5,5.069689989));
#2482=DIRECTION('',(-0.,1.,0.));
#2483=VECTOR('',#2482,48.);
#2484=LINE('',#2481,#2483);
#2485=EDGE_CURVE('',#2352,#2480,#2484,.T.);
#2486=ORIENTED_EDGE('',*,*,#2485,.T.);
#2487=CARTESIAN_POINT('',(-3.162955999,-1.5,5.069689989));
#2488=DIRECTION('',(1.,0.,-0.));
#2489=VECTOR('',#2488,10.);
#2490=LINE('',#2487,#2489);
#2491=EDGE_CURVE('',#2448,#2480,#2490,.T.);
#2492=ORIENTED_EDGE('',*,*,#2491,.F.);
#2493=ORIENTED_EDGE('',*,*,#2453,.F.);
#2494=EDGE_LOOP('',(#2478,#2486,#2492,#2493));
#2495=FACE_BOUND('',#2494,.T.);
#2496=ADVANCED_FACE('',(#2495),#2477,.F.);
#2497=OVER_RIDING_STYLED_ITEM('',(#1956),#2496,#26);
#2498=CARTESIAN_POINT('',(0.423474908,-6.5,8.083524227));
#2499=DIRECTION('',(1.,0.,0.));
#2500=DIRECTION('',(0.,0.,-1.));
#2501=AXIS2_PLACEMENT_3D('',#2498,#2499,#2500);
#2502=PLANE('',#2501);
#2503=ORIENTED_EDGE('',*,*,#1860,.F.);
#2504=CARTESIAN_POINT('',(0.423474908,-1.5,8.583524227));
#2505=VERTEX_POINT('',#2504);
#2506=CARTESIAN_POINT('',(0.423474908,-4.5,8.583524227));
#2507=DIRECTION('',(-0.,1.,0.));
#2508=VECTOR('',#2507,48.);
#2509=LINE('',#2506,#2508);
#2510=EDGE_CURVE('',#1849,#2505,#2509,.T.);
#2511=ORIENTED_EDGE('',*,*,#2510,.T.);
#2512=CARTESIAN_POINT('',(0.423474908,-1.5,7.583524227));
#2513=DIRECTION('',(0.,0.,1.));
#2514=VECTOR('',#2513,10.);
#2515=LINE('',#2512,#2514);
#2516=EDGE_CURVE('',#1965,#2505,#2515,.T.);
#2517=ORIENTED_EDGE('',*,*,#2516,.F.);
#2518=ORIENTED_EDGE('',*,*,#1970,.F.);
#2519=EDGE_LOOP('',(#2503,#2511,#2517,#2518));
#2520=FACE_BOUND('',#2519,.T.);
#2521=ADVANCED_FACE('',(#2520),#2502,.F.);
#2522=OVER_RIDING_STYLED_ITEM('',(#1956),#2521,#26);
#2523=CARTESIAN_POINT('',(-0.076525092,-6.5,8.583524227));
#2524=DIRECTION('',(0.,0.,1.));
#2525=DIRECTION('',(1.,0.,-0.));
#2526=AXIS2_PLACEMENT_3D('',#2523,#2524,#2525);
#2527=PLANE('',#2526);
#2528=ORIENTED_EDGE('',*,*,#1891,.F.);
#2529=ORIENTED_EDGE('',*,*,#1945,.T.);
#2530=CARTESIAN_POINT('',(0.423474908,-1.5,8.583524227));
#2531=DIRECTION('',(-1.,0.,0.));
#2532=VECTOR('',#2531,10.);
#2533=LINE('',#2530,#2532);
#2534=EDGE_CURVE('',#2505,#1934,#2533,.T.);
#2535=ORIENTED_EDGE('',*,*,#2534,.F.);
#2536=ORIENTED_EDGE('',*,*,#2510,.F.);
#2537=EDGE_LOOP('',(#2528,#2529,#2535,#2536));
#2538=FACE_BOUND('',#2537,.T.);
#2539=ADVANCED_FACE('',(#2538),#2527,.F.);
#2540=OVER_RIDING_STYLED_ITEM('',(#1956),#2539,#26);
#2541=CARTESIAN_POINT('',(-0.076525092,-1.5,8.083524227));
#2542=DIRECTION('',(-0.,1.,-0.));
#2543=DIRECTION('',(0.,0.,1.));
#2544=AXIS2_PLACEMENT_3D('',#2541,#2542,#2543);
#2545=PLANE('',#2544);
#2546=ORIENTED_EDGE('',*,*,#1976,.T.);
#2547=ORIENTED_EDGE('',*,*,#2516,.T.);
#2548=ORIENTED_EDGE('',*,*,#2534,.T.);
#2549=ORIENTED_EDGE('',*,*,#1939,.T.);
#2550=EDGE_LOOP('',(#2546,#2547,#2548,#2549));
#2551=FACE_BOUND('',#2550,.T.);
#2552=ADVANCED_FACE('',(#2551),#2545,.F.);
#2553=OVER_RIDING_STYLED_ITEM('',(#1956),#2552,#26);
#2554=CARTESIAN_POINT('',(3.162955999,-6.5,5.569689989));
#2555=DIRECTION('',(1.,0.,0.));
#2556=DIRECTION('',(0.,0.,-1.));
#2557=AXIS2_PLACEMENT_3D('',#2554,#2555,#2556);
#2558=PLANE('',#2557);
#2559=ORIENTED_EDGE('',*,*,#2241,.F.);
#2560=CARTESIAN_POINT('',(3.162955999,-1.5,6.069689989));
#2561=VERTEX_POINT('',#2560);
#2562=CARTESIAN_POINT('',(3.162955999,-4.5,6.069689989));
#2563=DIRECTION('',(-0.,1.,0.));
#2564=VECTOR('',#2563,48.);
#2565=LINE('',#2562,#2564);
#2566=EDGE_CURVE('',#2230,#2561,#2565,.T.);
#2567=ORIENTED_EDGE('',*,*,#2566,.T.);
#2568=CARTESIAN_POINT('',(3.162955999,-1.5,5.069689989));
#2569=DIRECTION('',(0.,0.,1.));
#2570=VECTOR('',#2569,10.);
#2571=LINE('',#2568,#2570);
#2572=EDGE_CURVE('',#2327,#2561,#2571,.T.);
#2573=ORIENTED_EDGE('',*,*,#2572,.F.);
#2574=ORIENTED_EDGE('',*,*,#2332,.F.);
#2575=EDGE_LOOP('',(#2559,#2567,#2573,#2574));
#2576=FACE_BOUND('',#2575,.T.);
#2577=ADVANCED_FACE('',(#2576),#2558,.F.);
#2578=OVER_RIDING_STYLED_ITEM('',(#1956),#2577,#26);
#2579=CARTESIAN_POINT('',(2.662955999,-6.5,6.069689989));
#2580=DIRECTION('',(0.,0.,1.));
#2581=DIRECTION('',(1.,0.,-0.));
#2582=AXIS2_PLACEMENT_3D('',#2579,#2580,#2581);
#2583=PLANE('',#2582);
#2584=ORIENTED_EDGE('',*,*,#2282,.F.);
#2585=ORIENTED_EDGE('',*,*,#2314,.T.);
#2586=CARTESIAN_POINT('',(3.162955999,-1.5,6.069689989));
#2587=DIRECTION('',(-1.,0.,0.));
#2588=VECTOR('',#2587,10.);
#2589=LINE('',#2586,#2588);
#2590=EDGE_CURVE('',#2561,#2303,#2589,.T.);
#2591=ORIENTED_EDGE('',*,*,#2590,.F.);
#2592=ORIENTED_EDGE('',*,*,#2566,.F.);
#2593=EDGE_LOOP('',(#2584,#2585,#2591,#2592));
#2594=FACE_BOUND('',#2593,.T.);
#2595=ADVANCED_FACE('',(#2594),#2583,.F.);
#2596=OVER_RIDING_STYLED_ITEM('',(#1956),#2595,#26);
#2597=CARTESIAN_POINT('',(2.662955999,-1.5,5.569689989));
#2598=DIRECTION('',(0.,1.,0.));
#2599=DIRECTION('',(0.,-0.,1.));
#2600=AXIS2_PLACEMENT_3D('',#2597,#2598,#2599);
#2601=PLANE('',#2600);
#2602=ORIENTED_EDGE('',*,*,#2338,.T.);
#2603=ORIENTED_EDGE('',*,*,#2572,.T.);
#2604=ORIENTED_EDGE('',*,*,#2590,.T.);
#2605=ORIENTED_EDGE('',*,*,#2308,.T.);
#2606=EDGE_LOOP('',(#2602,#2603,#2604,#2605));
#2607=FACE_BOUND('',#2606,.T.);
#2608=ADVANCED_FACE('',(#2607),#2601,.F.);
#2609=OVER_RIDING_STYLED_ITEM('',(#1956),#2608,#26);
#2610=CARTESIAN_POINT('',(0.,-6.5,3.642479062));
#2611=DIRECTION('',(0.,0.,-1.));
#2612=DIRECTION('',(-1.,0.,0.));
#2613=AXIS2_PLACEMENT_3D('',#2610,#2611,#2612);
#2614=PLANE('',#2613);
#2615=CARTESIAN_POINT('',(-0.5,-1.5,3.642479062));
#2616=VERTEX_POINT('',#2615);
#2617=CARTESIAN_POINT('',(0.5,-1.5,3.642479062));
#2618=VERTEX_POINT('',#2617);
#2619=CARTESIAN_POINT('',(-0.5,-1.5,3.642479062));
#2620=DIRECTION('',(1.,0.,-0.));
#2621=VECTOR('',#2620,10.);
#2622=LINE('',#2619,#2621);
#2623=EDGE_CURVE('',#2616,#2618,#2622,.T.);
#2624=ORIENTED_EDGE('',*,*,#2623,.F.);
#2625=CARTESIAN_POINT('',(-0.5,-6.5,3.642479062));
#2626=DIRECTION('',(-0.,1.,0.));
#2627=VECTOR('',#2626,50.);
#2628=LINE('',#2625,#2627);
#2629=EDGE_CURVE('',#2119,#2616,#2628,.T.);
#2630=ORIENTED_EDGE('',*,*,#2629,.F.);
#2631=ORIENTED_EDGE('',*,*,#2124,.F.);
#2632=CARTESIAN_POINT('',(0.5,-6.5,3.642479062));
#2633=DIRECTION('',(-0.,1.,0.));
#2634=VECTOR('',#2633,50.);
#2635=LINE('',#2632,#2634);
#2636=EDGE_CURVE('',#2117,#2618,#2635,.T.);
#2637=ORIENTED_EDGE('',*,*,#2636,.T.);
#2638=EDGE_LOOP('',(#2624,#2630,#2631,#2637));
#2639=FACE_BOUND('',#2638,.T.);
#2640=ADVANCED_FACE('',(#2639),#2614,.F.);
#2641=OVER_RIDING_STYLED_ITEM('',(#1956),#2640,#26);
#2642=CARTESIAN_POINT('',(0.5,-6.5,4.642479062));
#2643=DIRECTION('',(1.,0.,0.));
#2644=DIRECTION('',(0.,0.,-1.));
#2645=AXIS2_PLACEMENT_3D('',#2642,#2643,#2644);
#2646=PLANE('',#2645);
#2647=CARTESIAN_POINT('',(0.5,-1.5,5.642479062));
#2648=VERTEX_POINT('',#2647);
#2649=CARTESIAN_POINT('',(0.5,-1.5,3.642479062));
#2650=DIRECTION('',(0.,0.,1.));
#2651=VECTOR('',#2650,20.);
#2652=LINE('',#2649,#2651);
#2653=EDGE_CURVE('',#2618,#2648,#2652,.T.);
#2654=ORIENTED_EDGE('',*,*,#2653,.F.);
#2655=ORIENTED_EDGE('',*,*,#2636,.F.);
#2656=ORIENTED_EDGE('',*,*,#2146,.F.);
#2657=CARTESIAN_POINT('',(0.5,-6.5,5.642479062));
#2658=DIRECTION('',(-0.,1.,0.));
#2659=VECTOR('',#2658,50.);
#2660=LINE('',#2657,#2659);
#2661=EDGE_CURVE('',#2135,#2648,#2660,.T.);
#2662=ORIENTED_EDGE('',*,*,#2661,.T.);
#2663=EDGE_LOOP('',(#2654,#2655,#2656,#2662));
#2664=FACE_BOUND('',#2663,.T.);
#2665=ADVANCED_FACE('',(#2664),#2646,.F.);
#2666=OVER_RIDING_STYLED_ITEM('',(#1956),#2665,#26);
#2667=CARTESIAN_POINT('',(-0.,-6.5,5.642479062));
#2668=DIRECTION('',(0.,0.,1.));
#2669=DIRECTION('',(1.,0.,0.));
#2670=AXIS2_PLACEMENT_3D('',#2667,#2668,#2669);
#2671=PLANE('',#2670);
#2672=CARTESIAN_POINT('',(-0.5,-1.5,5.642479062));
#2673=VERTEX_POINT('',#2672);
#2674=CARTESIAN_POINT('',(0.5,-1.5,5.642479062));
#2675=DIRECTION('',(-1.,0.,0.));
#2676=VECTOR('',#2675,10.);
#2677=LINE('',#2674,#2676);
#2678=EDGE_CURVE('',#2648,#2673,#2677,.T.);
#2679=ORIENTED_EDGE('',*,*,#2678,.F.);
#2680=ORIENTED_EDGE('',*,*,#2661,.F.);
#2681=ORIENTED_EDGE('',*,*,#2140,.F.);
#2682=CARTESIAN_POINT('',(-0.5,-6.5,5.642479062));
#2683=DIRECTION('',(-0.,1.,0.));
#2684=VECTOR('',#2683,50.);
#2685=LINE('',#2682,#2684);
#2686=EDGE_CURVE('',#2127,#2673,#2685,.T.);
#2687=ORIENTED_EDGE('',*,*,#2686,.T.);
#2688=EDGE_LOOP('',(#2679,#2680,#2681,#2687));
#2689=FACE_BOUND('',#2688,.T.);
#2690=ADVANCED_FACE('',(#2689),#2671,.F.);
#2691=OVER_RIDING_STYLED_ITEM('',(#1956),#2690,#26);
#2692=CARTESIAN_POINT('',(-0.5,-6.5,4.642479062));
#2693=DIRECTION('',(-1.,-0.,-0.));
#2694=DIRECTION('',(-0.,0.,1.));
#2695=AXIS2_PLACEMENT_3D('',#2692,#2693,#2694);
#2696=PLANE('',#2695);
#2697=CARTESIAN_POINT('',(-0.5,-1.5,5.642479062));
#2698=DIRECTION('',(0.,0.,-1.));
#2699=VECTOR('',#2698,20.);
#2700=LINE('',#2697,#2699);
#2701=EDGE_CURVE('',#2673,#2616,#2700,.T.);
#2702=ORIENTED_EDGE('',*,*,#2701,.F.);
#2703=ORIENTED_EDGE('',*,*,#2686,.F.);
#2704=ORIENTED_EDGE('',*,*,#2132,.F.);
#2705=ORIENTED_EDGE('',*,*,#2629,.T.);
#2706=EDGE_LOOP('',(#2702,#2703,#2704,#2705));
#2707=FACE_BOUND('',#2706,.T.);
#2708=ADVANCED_FACE('',(#2707),#2696,.F.);
#2709=OVER_RIDING_STYLED_ITEM('',(#1956),#2708,#26);
#2710=CARTESIAN_POINT('',(-0.,-1.5,4.642479062));
#2711=DIRECTION('',(0.,1.,-0.));
#2712=DIRECTION('',(0.,0.,1.));
#2713=AXIS2_PLACEMENT_3D('',#2710,#2711,#2712);
#2714=PLANE('',#2713);
#2715=ORIENTED_EDGE('',*,*,#2623,.T.);
#2716=ORIENTED_EDGE('',*,*,#2653,.T.);
#2717=ORIENTED_EDGE('',*,*,#2678,.T.);
#2718=ORIENTED_EDGE('',*,*,#2701,.T.);
#2719=EDGE_LOOP('',(#2715,#2716,#2717,#2718));
#2720=FACE_BOUND('',#2719,.T.);
#2721=ADVANCED_FACE('',(#2720),#2714,.F.);
#2722=OVER_RIDING_STYLED_ITEM('',(#1956),#2721,#26);
#2723=CARTESIAN_POINT('',(-2.162955999,-6.5,5.569689989));
#2724=DIRECTION('',(1.,0.,0.));
#2725=DIRECTION('',(0.,0.,-1.));
#2726=AXIS2_PLACEMENT_3D('',#2723,#2724,#2725);
#2727=PLANE('',#2726);
#2728=ORIENTED_EDGE('',*,*,#2394,.F.);
#2729=CARTESIAN_POINT('',(-2.162955999,-1.5,6.069689989));
#2730=VERTEX_POINT('',#2729);
#2731=CARTESIAN_POINT('',(-2.162955999,-4.5,6.069689989));
#2732=DIRECTION('',(-0.,1.,0.));
#2733=VECTOR('',#2732,48.);
#2734=LINE('',#2731,#2733);
#2735=EDGE_CURVE('',#2383,#2730,#2734,.T.);
#2736=ORIENTED_EDGE('',*,*,#2735,.T.);
#2737=CARTESIAN_POINT('',(-2.162955999,-1.5,5.069689989));
#2738=DIRECTION('',(0.,0.,1.));
#2739=VECTOR('',#2738,10.);
#2740=LINE('',#2737,#2739);
#2741=EDGE_CURVE('',#2480,#2730,#2740,.T.);
#2742=ORIENTED_EDGE('',*,*,#2741,.F.);
#2743=ORIENTED_EDGE('',*,*,#2485,.F.);
#2744=EDGE_LOOP('',(#2728,#2736,#2742,#2743));
#2745=FACE_BOUND('',#2744,.T.);
#2746=ADVANCED_FACE('',(#2745),#2727,.F.);
#2747=OVER_RIDING_STYLED_ITEM('',(#1956),#2746,#26);
#2748=CARTESIAN_POINT('',(-2.662955999,-6.5,6.069689989));
#2749=DIRECTION('',(0.,0.,1.));
#2750=DIRECTION('',(1.,0.,0.));
#2751=AXIS2_PLACEMENT_3D('',#2748,#2749,#2750);
#2752=PLANE('',#2751);
#2753=ORIENTED_EDGE('',*,*,#2435,.F.);
#2754=ORIENTED_EDGE('',*,*,#2467,.T.);
#2755=CARTESIAN_POINT('',(-2.162955999,-1.5,6.069689989));
#2756=DIRECTION('',(-1.,0.,0.));
#2757=VECTOR('',#2756,10.);
#2758=LINE('',#2755,#2757);
#2759=EDGE_CURVE('',#2730,#2456,#2758,.T.);
#2760=ORIENTED_EDGE('',*,*,#2759,.F.);
#2761=ORIENTED_EDGE('',*,*,#2735,.F.);
#2762=EDGE_LOOP('',(#2753,#2754,#2760,#2761));
#2763=FACE_BOUND('',#2762,.T.);
#2764=ADVANCED_FACE('',(#2763),#2752,.F.);
#2765=OVER_RIDING_STYLED_ITEM('',(#1956),#2764,#26);
#2766=CARTESIAN_POINT('',(-2.662955999,-1.5,5.569689989));
#2767=DIRECTION('',(0.,1.,0.));
#2768=DIRECTION('',(0.,-0.,1.));
#2769=AXIS2_PLACEMENT_3D('',#2766,#2767,#2768);
#2770=PLANE('',#2769);
#2771=ORIENTED_EDGE('',*,*,#2491,.T.);
#2772=ORIENTED_EDGE('',*,*,#2741,.T.);
#2773=ORIENTED_EDGE('',*,*,#2759,.T.);
#2774=ORIENTED_EDGE('',*,*,#2461,.T.);
#2775=EDGE_LOOP('',(#2771,#2772,#2773,#2774));
#2776=FACE_BOUND('',#2775,.T.);
#2777=ADVANCED_FACE('',(#2776),#2770,.F.);
#2778=OVER_RIDING_STYLED_ITEM('',(#1956),#2777,#26);
#2779=CARTESIAN_POINT('',(0.,-6.5,6.5));
#2780=DIRECTION('',(-0.,1.,0.));
#2781=DIRECTION('',(1.,0.,0.));
#2782=AXIS2_PLACEMENT_3D('',#2779,#2780,#2781);
#2783=CYLINDRICAL_SURFACE('',#2782,4.5);
#2784=CARTESIAN_POINT('',(-4.5,-1.5,6.5));
#2785=VERTEX_POINT('',#2784);
#2786=CARTESIAN_POINT('',(-4.5,-6.5,6.5));
#2787=VERTEX_POINT('',#2786);
#2788=CARTESIAN_POINT('',(-4.5,-1.5,6.5));
#2789=DIRECTION('',(0.,-1.,-0.));
#2790=VECTOR('',#2789,5.);
#2791=LINE('',#2788,#2790);
#2792=EDGE_CURVE('',#2785,#2787,#2791,.T.);
#2793=ORIENTED_EDGE('',*,*,#2792,.F.);
#2794=CARTESIAN_POINT('',(4.5,-1.5,6.5));
#2795=VERTEX_POINT('',#2794);
#2796=CARTESIAN_POINT('',(0.,-1.5,6.5));
#2797=DIRECTION('',(0.,-1.,0.));
#2798=DIRECTION('',(1.,0.,0.));
#2799=AXIS2_PLACEMENT_3D('',#2796,#2797,#2798);
#2800=CIRCLE('',#2799,4.5);
#2801=EDGE_CURVE('',#2795,#2785,#2800,.T.);
#2802=ORIENTED_EDGE('',*,*,#2801,.F.);
#2803=CARTESIAN_POINT('',(0.,-1.5,6.5));
#2804=DIRECTION('',(0.,-1.,0.));
#2805=DIRECTION('',(1.,0.,0.));
#2806=AXIS2_PLACEMENT_3D('',#2803,#2804,#2805);
#2807=CIRCLE('',#2806,4.5);
#2808=EDGE_CURVE('',#2785,#2795,#2807,.T.);
#2809=ORIENTED_EDGE('',*,*,#2808,.F.);
#2810=ORIENTED_EDGE('',*,*,#2792,.T.);
#2811=CARTESIAN_POINT('',(4.5,-6.5,6.5));
#2812=VERTEX_POINT('',#2811);
#2813=CARTESIAN_POINT('',(0.,-6.5,6.5));
#2814=DIRECTION('',(-0.,1.,0.));
#2815=DIRECTION('',(1.,0.,0.));
#2816=AXIS2_PLACEMENT_3D('',#2813,#2814,#2815);
#2817=CIRCLE('',#2816,4.5);
#2818=EDGE_CURVE('',#2812,#2787,#2817,.T.);
#2819=ORIENTED_EDGE('',*,*,#2818,.F.);
#2820=CARTESIAN_POINT('',(0.,-6.5,6.5));
#2821=DIRECTION('',(-0.,1.,0.));
#2822=DIRECTION('',(1.,0.,0.));
#2823=AXIS2_PLACEMENT_3D('',#2820,#2821,#2822);
#2824=CIRCLE('',#2823,4.5);
#2825=EDGE_CURVE('',#2787,#2812,#2824,.T.);
#2826=ORIENTED_EDGE('',*,*,#2825,.F.);
#2827=EDGE_LOOP('',(#2793,#2802,#2809,#2810,#2819,#2826));
#2828=FACE_BOUND('',#2827,.T.);
#2829=ADVANCED_FACE('',(#2828),#2783,.F.);
#2830=OVER_RIDING_STYLED_ITEM('',(#1956),#2829,#26);
#2831=CARTESIAN_POINT('',(0.75,-6.5,9.917957057));
#2832=DIRECTION('',(1.,0.,0.));
#2833=DIRECTION('',(0.,0.,-1.));
#2834=AXIS2_PLACEMENT_3D('',#2831,#2832,#2833);
#2835=PLANE('',#2834);
#2836=CARTESIAN_POINT('',(0.75,-1.5,9.406855703));
#2837=VERTEX_POINT('',#2836);
#2838=CARTESIAN_POINT('',(0.75,-1.5,10.429058411));
#2839=VERTEX_POINT('',#2838);
#2840=CARTESIAN_POINT('',(0.75,-1.5,9.406855703));
#2841=DIRECTION('',(0.,0.,1.));
#2842=VECTOR('',#2841,10.222027086);
#2843=LINE('',#2840,#2842);
#2844=EDGE_CURVE('',#2837,#2839,#2843,.T.);
#2845=ORIENTED_EDGE('',*,*,#2844,.F.);
#2846=CARTESIAN_POINT('',(0.75,-6.5,9.406855703));
#2847=DIRECTION('',(-0.,1.,0.));
#2848=VECTOR('',#2847,50.);
#2849=LINE('',#2846,#2848);
#2850=EDGE_CURVE('',#2025,#2837,#2849,.T.);
#2851=ORIENTED_EDGE('',*,*,#2850,.F.);
#2852=ORIENTED_EDGE('',*,*,#2030,.F.);
#2853=CARTESIAN_POINT('',(0.75,-6.5,10.429058411));
#2854=DIRECTION('',(-0.,1.,0.));
#2855=VECTOR('',#2854,50.);
#2856=LINE('',#2853,#2855);
#2857=EDGE_CURVE('',#2023,#2839,#2856,.T.);
#2858=ORIENTED_EDGE('',*,*,#2857,.T.);
#2859=EDGE_LOOP('',(#2845,#2851,#2852,#2858));
#2860=FACE_BOUND('',#2859,.T.);
#2861=ADVANCED_FACE('',(#2860),#2835,.F.);
#2862=OVER_RIDING_STYLED_ITEM('',(#1956),#2861,#26);
#2863=CARTESIAN_POINT('',(0.,-6.5,6.5));
#2864=DIRECTION('',(-0.,1.,0.));
#2865=DIRECTION('',(1.,0.,0.));
#2866=AXIS2_PLACEMENT_3D('',#2863,#2864,#2865);
#2867=CYLINDRICAL_SURFACE('',#2866,4.);
#2868=CARTESIAN_POINT('',(3.422737317,-1.5,4.430007426));
#2869=VERTEX_POINT('',#2868);
#2870=CARTESIAN_POINT('',(0.,-1.5,6.5));
#2871=DIRECTION('',(-0.,1.,0.));
#2872=DIRECTION('',(1.,0.,0.));
#2873=AXIS2_PLACEMENT_3D('',#2870,#2871,#2872);
#2874=CIRCLE('',#2873,4.);
#2875=EDGE_CURVE('',#2839,#2869,#2874,.T.);
#2876=ORIENTED_EDGE('',*,*,#2875,.F.);
#2877=ORIENTED_EDGE('',*,*,#2857,.F.);
#2878=ORIENTED_EDGE('',*,*,#2112,.F.);
#2879=CARTESIAN_POINT('',(3.422737317,-6.5,4.430007426));
#2880=DIRECTION('',(-0.,1.,0.));
#2881=VECTOR('',#2880,50.);
#2882=LINE('',#2879,#2881);
#2883=EDGE_CURVE('',#2100,#2869,#2882,.T.);
#2884=ORIENTED_EDGE('',*,*,#2883,.T.);
#2885=EDGE_LOOP('',(#2876,#2877,#2878,#2884));
#2886=FACE_BOUND('',#2885,.T.);
#2887=ADVANCED_FACE('',(#2886),#2867,.T.);
#2888=OVER_RIDING_STYLED_ITEM('',(#1956),#2887,#26);
#2889=CARTESIAN_POINT('',(3.053464802,-6.5,4.430007426));
#2890=DIRECTION('',(0.,0.,1.));
#2891=DIRECTION('',(1.,0.,0.));
#2892=AXIS2_PLACEMENT_3D('',#2889,#2890,#2891);
#2893=PLANE('',#2892);
#2894=CARTESIAN_POINT('',(2.684192287,-1.5,4.430007426));
#2895=VERTEX_POINT('',#2894);
#2896=CARTESIAN_POINT('',(3.422737317,-1.5,4.430007426));
#2897=DIRECTION('',(-1.,0.,0.));
#2898=VECTOR('',#2897,7.38545031);
#2899=LINE('',#2896,#2898);
#2900=EDGE_CURVE('',#2869,#2895,#2899,.T.);
#2901=ORIENTED_EDGE('',*,*,#2900,.F.);
#2902=ORIENTED_EDGE('',*,*,#2883,.F.);
#2903=ORIENTED_EDGE('',*,*,#2105,.F.);
#2904=CARTESIAN_POINT('',(2.684192287,-6.5,4.430007426));
#2905=DIRECTION('',(-0.,1.,0.));
#2906=VECTOR('',#2905,50.);
#2907=LINE('',#2904,#2906);
#2908=EDGE_CURVE('',#2092,#2895,#2907,.T.);
#2909=ORIENTED_EDGE('',*,*,#2908,.T.);
#2910=EDGE_LOOP('',(#2901,#2902,#2903,#2909));
#2911=FACE_BOUND('',#2910,.T.);
#2912=ADVANCED_FACE('',(#2911),#2893,.F.);
#2913=OVER_RIDING_STYLED_ITEM('',(#1956),#2912,#26);
#2914=CARTESIAN_POINT('',(2.684192287,-6.5,3.982176029));
#2915=DIRECTION('',(-1.,-0.,0.));
#2916=DIRECTION('',(0.,0.,1.));
#2917=AXIS2_PLACEMENT_3D('',#2914,#2915,#2916);
#2918=PLANE('',#2917);
#2919=CARTESIAN_POINT('',(2.684192287,-1.5,3.534344631));
#2920=VERTEX_POINT('',#2919);
#2921=CARTESIAN_POINT('',(2.684192287,-1.5,4.430007426));
#2922=DIRECTION('',(0.,0.,-1.));
#2923=VECTOR('',#2922,8.956627954);
#2924=LINE('',#2921,#2923);
#2925=EDGE_CURVE('',#2895,#2920,#2924,.T.);
#2926=ORIENTED_EDGE('',*,*,#2925,.F.);
#2927=ORIENTED_EDGE('',*,*,#2908,.F.);
#2928=ORIENTED_EDGE('',*,*,#2097,.F.);
#2929=CARTESIAN_POINT('',(2.684192287,-6.5,3.534344631));
#2930=DIRECTION('',(-0.,1.,0.));
#2931=VECTOR('',#2930,50.);
#2932=LINE('',#2929,#2931);
#2933=EDGE_CURVE('',#2083,#2920,#2932,.T.);
#2934=ORIENTED_EDGE('',*,*,#2933,.T.);
#2935=EDGE_LOOP('',(#2926,#2927,#2928,#2934));
#2936=FACE_BOUND('',#2935,.T.);
#2937=ADVANCED_FACE('',(#2936),#2918,.F.);
#2938=OVER_RIDING_STYLED_ITEM('',(#1956),#2937,#26);
#2939=CARTESIAN_POINT('',(0.,-6.5,6.5));
#2940=DIRECTION('',(-0.,1.,0.));
#2941=DIRECTION('',(1.,0.,0.));
#2942=AXIS2_PLACEMENT_3D('',#2939,#2940,#2941);
#2943=CYLINDRICAL_SURFACE('',#2942,4.);
#2944=CARTESIAN_POINT('',(-2.684192287,-1.5,3.534344631));
#2945=VERTEX_POINT('',#2944);
#2946=CARTESIAN_POINT('',(0.,-1.5,6.5));
#2947=DIRECTION('',(-0.,1.,0.));
#2948=DIRECTION('',(1.,0.,0.));
#2949=AXIS2_PLACEMENT_3D('',#2946,#2947,#2948);
#2950=CIRCLE('',#2949,4.);
#2951=EDGE_CURVE('',#2920,#2945,#2950,.T.);
#2952=ORIENTED_EDGE('',*,*,#2951,.F.);
#2953=ORIENTED_EDGE('',*,*,#2933,.F.);
#2954=ORIENTED_EDGE('',*,*,#2089,.F.);
#2955=CARTESIAN_POINT('',(-2.684192287,-6.5,3.534344631));
#2956=DIRECTION('',(-0.,1.,0.));
#2957=VECTOR('',#2956,50.);
#2958=LINE('',#2955,#2957);
#2959=EDGE_CURVE('',#2075,#2945,#2958,.T.);
#2960=ORIENTED_EDGE('',*,*,#2959,.T.);
#2961=EDGE_LOOP('',(#2952,#2953,#2954,#2960));
#2962=FACE_BOUND('',#2961,.T.);
#2963=ADVANCED_FACE('',(#2962),#2943,.T.);
#2964=OVER_RIDING_STYLED_ITEM('',(#1956),#2963,#26);
#2965=CARTESIAN_POINT('',(-2.684192287,-6.5,3.982176029));
#2966=DIRECTION('',(1.,0.,0.));
#2967=DIRECTION('',(0.,0.,-1.));
#2968=AXIS2_PLACEMENT_3D('',#2965,#2966,#2967);
#2969=PLANE('',#2968);
#2970=CARTESIAN_POINT('',(-2.684192287,-1.5,4.430007426));
#2971=VERTEX_POINT('',#2970);
#2972=CARTESIAN_POINT('',(-2.684192287,-1.5,3.534344631));
#2973=DIRECTION('',(0.,0.,1.));
#2974=VECTOR('',#2973,8.956627954);
#2975=LINE('',#2972,#2974);
#2976=EDGE_CURVE('',#2945,#2971,#2975,.T.);
#2977=ORIENTED_EDGE('',*,*,#2976,.F.);
#2978=ORIENTED_EDGE('',*,*,#2959,.F.);
#2979=ORIENTED_EDGE('',*,*,#2080,.F.);
#2980=CARTESIAN_POINT('',(-2.684192287,-6.5,4.430007426));
#2981=DIRECTION('',(-0.,1.,0.));
#2982=VECTOR('',#2981,50.);
#2983=LINE('',#2980,#2982);
#2984=EDGE_CURVE('',#2067,#2971,#2983,.T.);
#2985=ORIENTED_EDGE('',*,*,#2984,.T.);
#2986=EDGE_LOOP('',(#2977,#2978,#2979,#2985));
#2987=FACE_BOUND('',#2986,.T.);
#2988=ADVANCED_FACE('',(#2987),#2969,.F.);
#2989=OVER_RIDING_STYLED_ITEM('',(#1956),#2988,#26);
#2990=CARTESIAN_POINT('',(-3.053464802,-6.5,4.430007426));
#2991=DIRECTION('',(0.,0.,1.));
#2992=DIRECTION('',(1.,0.,0.));
#2993=AXIS2_PLACEMENT_3D('',#2990,#2991,#2992);
#2994=PLANE('',#2993);
#2995=CARTESIAN_POINT('',(-3.422737317,-1.5,4.430007426));
#2996=VERTEX_POINT('',#2995);
#2997=CARTESIAN_POINT('',(-2.684192287,-1.5,4.430007426));
#2998=DIRECTION('',(-1.,0.,0.));
#2999=VECTOR('',#2998,7.38545031);
#3000=LINE('',#2997,#2999);
#3001=EDGE_CURVE('',#2971,#2996,#3000,.T.);
#3002=ORIENTED_EDGE('',*,*,#3001,.F.);
#3003=ORIENTED_EDGE('',*,*,#2984,.F.);
#3004=ORIENTED_EDGE('',*,*,#2072,.F.);
#3005=CARTESIAN_POINT('',(-3.422737317,-6.5,4.430007426));
#3006=DIRECTION('',(-0.,1.,0.));
#3007=VECTOR('',#3006,50.);
#3008=LINE('',#3005,#3007);
#3009=EDGE_CURVE('',#2058,#2996,#3008,.T.);
#3010=ORIENTED_EDGE('',*,*,#3009,.T.);
#3011=EDGE_LOOP('',(#3002,#3003,#3004,#3010));
#3012=FACE_BOUND('',#3011,.T.);
#3013=ADVANCED_FACE('',(#3012),#2994,.F.);
#3014=OVER_RIDING_STYLED_ITEM('',(#1956),#3013,#26);
#3015=CARTESIAN_POINT('',(0.,-6.5,6.5));
#3016=DIRECTION('',(-0.,1.,0.));
#3017=DIRECTION('',(1.,0.,0.));
#3018=AXIS2_PLACEMENT_3D('',#3015,#3016,#3017);
#3019=CYLINDRICAL_SURFACE('',#3018,4.);
#3020=CARTESIAN_POINT('',(-4.,-1.5,6.5));
#3021=VERTEX_POINT('',#3020);
#3022=CARTESIAN_POINT('',(-4.,-1.5,6.5));
#3023=DIRECTION('',(0.,-1.,-0.));
#3024=VECTOR('',#3023,5.);
#3025=LINE('',#3022,#3024);
#3026=EDGE_CURVE('',#3021,#2049,#3025,.T.);
#3027=ORIENTED_EDGE('',*,*,#3026,.T.);
#3028=ORIENTED_EDGE('',*,*,#2055,.F.);
#3029=CARTESIAN_POINT('',(-0.75,-1.5,10.429058411));
#3030=VERTEX_POINT('',#3029);
#3031=CARTESIAN_POINT('',(-0.75,-6.5,10.429058411));
#3032=DIRECTION('',(-0.,1.,0.));
#3033=VECTOR('',#3032,50.);
#3034=LINE('',#3031,#3033);
#3035=EDGE_CURVE('',#2041,#3030,#3034,.T.);
#3036=ORIENTED_EDGE('',*,*,#3035,.T.);
#3037=CARTESIAN_POINT('',(0.,-1.5,6.5));
#3038=DIRECTION('',(-0.,1.,0.));
#3039=DIRECTION('',(1.,0.,0.));
#3040=AXIS2_PLACEMENT_3D('',#3037,#3038,#3039);
#3041=CIRCLE('',#3040,4.);
#3042=EDGE_CURVE('',#3021,#3030,#3041,.T.);
#3043=ORIENTED_EDGE('',*,*,#3042,.F.);
#3044=EDGE_LOOP('',(#3027,#3028,#3036,#3043));
#3045=FACE_BOUND('',#3044,.T.);
#3046=ADVANCED_FACE('',(#3045),#3019,.T.);
#3047=OVER_RIDING_STYLED_ITEM('',(#1956),#3046,#26);
#3048=CARTESIAN_POINT('',(-0.75,-6.5,9.917957057));
#3049=DIRECTION('',(-1.,-0.,0.));
#3050=DIRECTION('',(0.,0.,1.));
#3051=AXIS2_PLACEMENT_3D('',#3048,#3049,#3050);
#3052=PLANE('',#3051);
#3053=CARTESIAN_POINT('',(-0.75,-1.5,9.406855703));
#3054=VERTEX_POINT('',#3053);
#3055=CARTESIAN_POINT('',(-0.75,-1.5,10.429058411));
#3056=DIRECTION('',(0.,0.,-1.));
#3057=VECTOR('',#3056,10.222027086);
#3058=LINE('',#3055,#3057);
#3059=EDGE_CURVE('',#3030,#3054,#3058,.T.);
#3060=ORIENTED_EDGE('',*,*,#3059,.F.);
#3061=ORIENTED_EDGE('',*,*,#3035,.F.);
#3062=ORIENTED_EDGE('',*,*,#2046,.F.);
#3063=CARTESIAN_POINT('',(-0.75,-6.5,9.406855703));
#3064=DIRECTION('',(-0.,1.,0.));
#3065=VECTOR('',#3064,50.);
#3066=LINE('',#3063,#3065);
#3067=EDGE_CURVE('',#2033,#3054,#3066,.T.);
#3068=ORIENTED_EDGE('',*,*,#3067,.T.);
#3069=EDGE_LOOP('',(#3060,#3061,#3062,#3068));
#3070=FACE_BOUND('',#3069,.T.);
#3071=ADVANCED_FACE('',(#3070),#3052,.F.);
#3072=OVER_RIDING_STYLED_ITEM('',(#1956),#3071,#26);
#3073=CARTESIAN_POINT('',(0.,-6.5,9.406855703));
#3074=DIRECTION('',(0.,0.,-1.));
#3075=DIRECTION('',(-1.,0.,0.));
#3076=AXIS2_PLACEMENT_3D('',#3073,#3074,#3075);
#3077=PLANE('',#3076);
#3078=CARTESIAN_POINT('',(-0.75,-1.5,9.406855703));
#3079=DIRECTION('',(1.,0.,-0.));
#3080=VECTOR('',#3079,15.);
#3081=LINE('',#3078,#3080);
#3082=EDGE_CURVE('',#3054,#2837,#3081,.T.);
#3083=ORIENTED_EDGE('',*,*,#3082,.F.);
#3084=ORIENTED_EDGE('',*,*,#3067,.F.);
#3085=ORIENTED_EDGE('',*,*,#2038,.F.);
#3086=ORIENTED_EDGE('',*,*,#2850,.T.);
#3087=EDGE_LOOP('',(#3083,#3084,#3085,#3086));
#3088=FACE_BOUND('',#3087,.T.);
#3089=ADVANCED_FACE('',(#3088),#3077,.F.);
#3090=OVER_RIDING_STYLED_ITEM('',(#1956),#3089,#26);
#3091=CARTESIAN_POINT('',(0.,-1.5,6.5));
#3092=DIRECTION('',(0.,-1.,0.));
#3093=DIRECTION('',(0.,0.,-1.));
#3094=AXIS2_PLACEMENT_3D('',#3091,#3092,#3093);
#3095=PLANE('',#3094);
#3096=ORIENTED_EDGE('',*,*,#2844,.T.);
#3097=ORIENTED_EDGE('',*,*,#2875,.T.);
#3098=ORIENTED_EDGE('',*,*,#2900,.T.);
#3099=ORIENTED_EDGE('',*,*,#2925,.T.);
#3100=ORIENTED_EDGE('',*,*,#2951,.T.);
#3101=ORIENTED_EDGE('',*,*,#2976,.T.);
#3102=ORIENTED_EDGE('',*,*,#3001,.T.);
#3103=CARTESIAN_POINT('',(0.,-1.5,6.5));
#3104=DIRECTION('',(-0.,1.,0.));
#3105=DIRECTION('',(1.,0.,0.));
#3106=AXIS2_PLACEMENT_3D('',#3103,#3104,#3105);
#3107=CIRCLE('',#3106,4.);
#3108=EDGE_CURVE('',#2996,#3021,#3107,.T.);
#3109=ORIENTED_EDGE('',*,*,#3108,.T.);
#3110=ORIENTED_EDGE('',*,*,#3042,.T.);
#3111=ORIENTED_EDGE('',*,*,#3059,.T.);
#3112=ORIENTED_EDGE('',*,*,#3082,.T.);
#3113=EDGE_LOOP('',(#3096,#3097,#3098,#3099,#3100,#3101,#3102,#3109,#3110,#3111,#3112));
#3114=FACE_BOUND('',#3113,.T.);
#3115=ORIENTED_EDGE('',*,*,#2801,.T.);
#3116=ORIENTED_EDGE('',*,*,#2808,.T.);
#3117=EDGE_LOOP('',(#3115,#3116));
#3118=FACE_BOUND('',#3117,.T.);
#3119=ADVANCED_FACE('',(#3114,#3118),#3095,.T.);
#3120=OVER_RIDING_STYLED_ITEM('',(#1956),#3119,#26);
#3121=CARTESIAN_POINT('',(0.,-6.5,0.));
#3122=DIRECTION('',(0.,-1.,0.));
#3123=DIRECTION('',(1.,0.,0.));
#3124=AXIS2_PLACEMENT_3D('',#3121,#3122,#3123);
#3125=PLANE('',#3124);
#3126=ORIENTED_EDGE('',*,*,#2818,.T.);
#3127=ORIENTED_EDGE('',*,*,#2825,.T.);
#3128=EDGE_LOOP('',(#3126,#3127));
#3129=FACE_BOUND('',#3128,.T.);
#3130=CARTESIAN_POINT('',(7.,-6.5,12.8));
#3131=VERTEX_POINT('',#3130);
#3132=CARTESIAN_POINT('',(-7.,-6.5,12.8));
#3133=VERTEX_POINT('',#3132);
#3134=CARTESIAN_POINT('',(133.,-6.5,12.8));
#3135=DIRECTION('',(-1.,0.,0.));
#3136=VECTOR('',#3135,140.);
#3137=LINE('',#3134,#3136);
#3138=EDGE_CURVE('',#3131,#3133,#3137,.T.);
#3139=ORIENTED_EDGE('',*,*,#3138,.T.);
#3140=CARTESIAN_POINT('',(-7.,-6.5,0.));
#3141=DIRECTION('',(0.,0.,1.));
#3142=VECTOR('',#3141,128.);
#3143=LINE('',#3140,#3142);
#3144=EDGE_CURVE('',#371,#3133,#3143,.T.);
#3145=ORIENTED_EDGE('',*,*,#3144,.F.);
#3146=ORIENTED_EDGE('',*,*,#378,.T.);
#3147=CARTESIAN_POINT('',(7.,-6.5,0.));
#3148=DIRECTION('',(0.,0.,1.));
#3149=VECTOR('',#3148,128.);
#3150=LINE('',#3147,#3149);
#3151=EDGE_CURVE('',#373,#3131,#3150,.T.);
#3152=ORIENTED_EDGE('',*,*,#3151,.T.);
#3153=EDGE_LOOP('',(#3139,#3145,#3146,#3152));
#3154=FACE_BOUND('',#3153,.T.);
#3155=ADVANCED_FACE('',(#3129,#3154),#3125,.T.);
#3156=OVER_RIDING_STYLED_ITEM('',(#493),#3155,#26);
#3157=CARTESIAN_POINT('',(0.,0.65,12.3));
#3158=DIRECTION('',(0.,-0.,1.));
#3159=DIRECTION('',(1.,0.,-0.));
#3160=AXIS2_PLACEMENT_3D('',#3157,#3158,#3159);
#3161=PLANE('',#3160);
#3162=ORIENTED_EDGE('',*,*,#762,.T.);
#3163=CARTESIAN_POINT('',(-65.,6.,12.3));
#3164=DIRECTION('',(1.,0.,-0.));
#3165=VECTOR('',#3164,5.);
#3166=LINE('',#3163,#3165);
#3167=EDGE_CURVE('',#1593,#749,#3166,.T.);
#3168=ORIENTED_EDGE('',*,*,#3167,.F.);
#3169=ORIENTED_EDGE('',*,*,#1598,.F.);
#3170=ORIENTED_EDGE('',*,*,#1706,.T.);
#3171=EDGE_LOOP('',(#3162,#3168,#3169,#3170));
#3172=FACE_BOUND('',#3171,.T.);
#3173=ADVANCED_FACE('',(#3172),#3161,.T.);
#3174=OVER_RIDING_STYLED_ITEM('',(#493),#3173,#26);
#3175=CARTESIAN_POINT('',(0.,-0.451886792,12.8));
#3176=DIRECTION('',(0.,0.,1.));
#3177=DIRECTION('',(1.,0.,0.));
#3178=AXIS2_PLACEMENT_3D('',#3175,#3176,#3177);
#3179=PLANE('',#3178);
#3180=CARTESIAN_POINT('',(-7.,-4.7,12.8));
#3181=VERTEX_POINT('',#3180);
#3182=CARTESIAN_POINT('',(7.,-4.7,12.8));
#3183=VERTEX_POINT('',#3182);
#3184=CARTESIAN_POINT('',(-11.5,-4.7,12.8));
#3185=DIRECTION('',(1.,0.,-0.));
#3186=VECTOR('',#3185,140.);
#3187=LINE('',#3184,#3186);
#3188=EDGE_CURVE('',#3181,#3183,#3187,.T.);
#3189=ORIENTED_EDGE('',*,*,#3188,.F.);
#3190=CARTESIAN_POINT('',(-7.,-22.7,12.8));
#3191=DIRECTION('',(0.,1.,0.));
#3192=VECTOR('',#3191,18.);
#3193=LINE('',#3190,#3192);
#3194=EDGE_CURVE('',#3133,#3181,#3193,.T.);
#3195=ORIENTED_EDGE('',*,*,#3194,.F.);
#3196=ORIENTED_EDGE('',*,*,#3138,.F.);
#3197=CARTESIAN_POINT('',(7.,11.5,12.8));
#3198=DIRECTION('',(0.,-1.,0.));
#3199=VECTOR('',#3198,18.);
#3200=LINE('',#3197,#3199);
#3201=EDGE_CURVE('',#3183,#3131,#3200,.T.);
#3202=ORIENTED_EDGE('',*,*,#3201,.F.);
#3203=EDGE_LOOP('',(#3189,#3195,#3196,#3202));
#3204=FACE_BOUND('',#3203,.T.);
#3205=ADVANCED_FACE('',(#3204),#3179,.T.);
#3206=OVER_RIDING_STYLED_ITEM('',(#493),#3205,#26);
#3207=CARTESIAN_POINT('',(-7.,-5.6,0.));
#3208=DIRECTION('',(-1.,0.,0.));
#3209=DIRECTION('',(0.,-1.,0.));
#3210=AXIS2_PLACEMENT_3D('',#3207,#3208,#3209);
#3211=PLANE('',#3210);
#3212=ORIENTED_EDGE('',*,*,#3194,.T.);
#3213=CARTESIAN_POINT('',(-7.,-4.7,0.));
#3214=DIRECTION('',(0.,0.,1.));
#3215=VECTOR('',#3214,128.);
#3216=LINE('',#3213,#3215);
#3217=EDGE_CURVE('',#381,#3181,#3216,.T.);
#3218=ORIENTED_EDGE('',*,*,#3217,.F.);
#3219=ORIENTED_EDGE('',*,*,#386,.T.);
#3220=ORIENTED_EDGE('',*,*,#3144,.T.);
#3221=EDGE_LOOP('',(#3212,#3218,#3219,#3220));
#3222=FACE_BOUND('',#3221,.T.);
#3223=ADVANCED_FACE('',(#3222),#3211,.T.);
#3224=OVER_RIDING_STYLED_ITEM('',(#493),#3223,#26);
#3225=CARTESIAN_POINT('',(0.,6.,0.));
#3226=DIRECTION('',(0.,1.,0.));
#3227=DIRECTION('',(-1.,0.,0.));
#3228=AXIS2_PLACEMENT_3D('',#3225,#3226,#3227);
#3229=PLANE('',#3228);
#3230=ORIENTED_EDGE('',*,*,#3167,.T.);
#3231=ORIENTED_EDGE('',*,*,#1682,.T.);
#3232=ORIENTED_EDGE('',*,*,#1771,.T.);
#3233=ORIENTED_EDGE('',*,*,#1625,.F.);
#3234=ORIENTED_EDGE('',*,*,#426,.T.);
#3235=ORIENTED_EDGE('',*,*,#1604,.T.);
#3236=EDGE_LOOP('',(#3230,#3231,#3232,#3233,#3234,#3235));
#3237=FACE_BOUND('',#3236,.T.);
#3238=ADVANCED_FACE('',(#3237),#3229,.T.);
#3239=OVER_RIDING_STYLED_ITEM('',(#493),#3238,#26);
#3240=CARTESIAN_POINT('',(6.75,-4.7,0.));
#3241=DIRECTION('',(0.,1.,0.));
#3242=DIRECTION('',(-1.,0.,0.));
#3243=AXIS2_PLACEMENT_3D('',#3240,#3241,#3242);
#3244=PLANE('',#3243);
#3245=ORIENTED_EDGE('',*,*,#3188,.T.);
#3246=CARTESIAN_POINT('',(7.,-4.7,0.));
#3247=DIRECTION('',(0.,0.,1.));
#3248=VECTOR('',#3247,128.);
#3249=LINE('',#3246,#3248);
#3250=EDGE_CURVE('',#453,#3183,#3249,.T.);
#3251=ORIENTED_EDGE('',*,*,#3250,.F.);
#3252=ORIENTED_EDGE('',*,*,#458,.T.);
#3253=ORIENTED_EDGE('',*,*,#1658,.T.);
#3254=ORIENTED_EDGE('',*,*,#1788,.F.);
#3255=ORIENTED_EDGE('',*,*,#1564,.F.);
#3256=ORIENTED_EDGE('',*,*,#394,.T.);
#3257=ORIENTED_EDGE('',*,*,#3217,.T.);
#3258=EDGE_LOOP('',(#3245,#3251,#3252,#3253,#3254,#3255,#3256,#3257));
#3259=FACE_BOUND('',#3258,.T.);
#3260=ADVANCED_FACE('',(#3259),#3244,.T.);
#3261=OVER_RIDING_STYLED_ITEM('',(#493),#3260,#26);
#3262=CARTESIAN_POINT('',(7.,-5.6,0.));
#3263=DIRECTION('',(1.,0.,0.));
#3264=DIRECTION('',(0.,1.,0.));
#3265=AXIS2_PLACEMENT_3D('',#3262,#3263,#3264);
#3266=PLANE('',#3265);
#3267=ORIENTED_EDGE('',*,*,#3201,.T.);
#3268=ORIENTED_EDGE('',*,*,#3151,.F.);
#3269=ORIENTED_EDGE('',*,*,#464,.T.);
#3270=ORIENTED_EDGE('',*,*,#3250,.T.);
#3271=EDGE_LOOP('',(#3267,#3268,#3269,#3270));
#3272=FACE_BOUND('',#3271,.T.);
#3273=ADVANCED_FACE('',(#3272),#3266,.T.);
#3274=OVER_RIDING_STYLED_ITEM('',(#493),#3273,#26);
#3275=CARTESIAN_POINT('',(0.,-6.5,6.5));
#3276=DIRECTION('',(-0.,1.,0.));
#3277=DIRECTION('',(1.,0.,0.));
#3278=AXIS2_PLACEMENT_3D('',#3275,#3276,#3277);
#3279=CYLINDRICAL_SURFACE('',#3278,4.);
#3280=ORIENTED_EDGE('',*,*,#3026,.F.);
#3281=ORIENTED_EDGE('',*,*,#3108,.F.);
#3282=ORIENTED_EDGE('',*,*,#3009,.F.);
#3283=ORIENTED_EDGE('',*,*,#2064,.F.);
#3284=EDGE_LOOP('',(#3280,#3281,#3282,#3283));
#3285=FACE_BOUND('',#3284,.T.);
#3286=ADVANCED_FACE('',(#3285),#3279,.T.);
#3287=OVER_RIDING_STYLED_ITEM('',(#1956),#3286,#26);
#3288=CLOSED_SHELL('',(#67,#107,#158,#169,#194,#219,#237,#289,#300,#352,#363,#486,#536,#616,#674,#717,#780,#873,#906,#961,#1012,#1050,#1075,#1105,#1129,#1146,
#1158,#1182,#1212,#1237,#1267,#1284,#1316,#1340,#1365,#1389,#1414,#1438,#1462,#1480,#1504,#1516,#1548,#1574,#1608,#1635,#1662,#1687,#1713,#1740,#1757,
#1775,#1793,#1834,#1865,#1896,#1918,#1949,#1981,#2190,#2222,#2246,#2270,#2287,#2318,#2343,#2375,#2399,#2423,#2440,#2471,#2496,#2521,#2539,#2552,#2577,
#2595,#2608,#2640,#2665,#2690,#2708,#2721,#2746,#2764,#2777,#2829,#2861,#2887,#2912,#2937,#2963,#2988,#3013,#3046,#3071,#3089,#3119,#3155,#3173,#3205,
#3223,#3238,#3260,#3273,#3286));
#3289=MANIFOLD_SOLID_BREP('alibrePartClosedBody',#3288);
#3290=COLOUR_RGB('',0.882352948,0.882352948,0.882352948);
#3291=FILL_AREA_STYLE_COLOUR('',#3290);
#3292=FILL_AREA_STYLE('',(#3291));
#3293=SURFACE_STYLE_FILL_AREA(#3292);
#3294=SURFACE_SIDE_STYLE('',(#3293));
#3295=SURFACE_STYLE_USAGE(.BOTH.,#3294);
#3296=PRESENTATION_STYLE_ASSIGNMENT((#3295));
#26=STYLED_ITEM('',(#3296),#3289);
#16=SHAPE_REPRESENTATION('Conn_Mini_DIN_round_3_canned',(#15),#10);
#17=ADVANCED_BREP_SHAPE_REPRESENTATION('Conn_Mini_DIN_round_3_canned',(#3289),#10);
#3304=SHAPE_REPRESENTATION_RELATIONSHIP('','',#16,#17);
#3305=CARTESIAN_POINT('',(0.,0.,0.));
#3306=DIRECTION('',(0.,0.,1.));
#3307=DIRECTION('',(1.,0.,0.));
#3308=AXIS2_PLACEMENT_3D('',#3305,#3306,#3307);
#3310=MAPPED_ITEM('',#3309,#3308);
#3309=REPRESENTATION_MAP(#3308,#16);
#3311=APPLICATION_CONTEXT('Managed model based 3d engineering');
#3312=APPLICATION_PROTOCOL_DEFINITION('international standard','ap242_managed_model_based_3d_engineering',2013,#3311);
#3313=PRODUCT_CONTEXT('',#3311,'mechanical');
#3314=PRODUCT_DEFINITION_CONTEXT('part definition',#3311,'design');
#24=PRODUCT('Conn_Mini_DIN_round_3_canned','Conn_Mini_DIN_round_3_canned','',(#3313));
#3315=PRODUCT_RELATED_PRODUCT_CATEGORY('part','',(#24));
#3316=PRODUCT_DEFINITION_FORMATION_WITH_SPECIFIED_SOURCE('','',#24,.NOT_KNOWN.);
#25=PRODUCT_DEFINITION('design','',#3316,#3314);
#23=PRODUCT_DEFINITION_SHAPE('','',#25);
#3317=SHAPE_DEFINITION_REPRESENTATION(#23,#16);
#11=DRAUGHTING_MODEL('',(#3310),#10);
#1=MECHANICAL_DESIGN_GEOMETRIC_PRESENTATION_REPRESENTATION('',(#75,#159,#170,#195,#220,#238,#290,#301,#353,#364,#494,#617,#675,#781,#874,#962,#1013,#1575,#1609,#1636,#1663,#1688,#1714,#1741,#1758,#1776,
#1794,#1957,#1982,#2191,#2319,#2344,#2472,#2497,#2522,#2540,#2553,#2578,#2596,#2609,#2641,#2666,#2691,#2709,#2722,#2747,#2765,#2778,#2830,#2862,#2888,
#2913,#2938,#2964,#2989,#3014,#3047,#3072,#3090,#3120,#3156,#3174,#3206,#3224,#3239,#3261,#3274,#3287,#26),#10);
ENDSEC;
END-ISO-10303-21;
