ISO-10303-21;
HEADER;

/* File generated by Alibre Version V28 */

FILE_DESCRIPTION(('HOOPS Exchange Step'),'2;1');

FILE_NAME('C:\\Users\\runds\\AppData\\Local\\Temp\\Alibre Design\\28.0.2.28126\\export-940F34B4-7297-4E5B-BEFB-40DF121725B1.stp',
'2025-02-06T10:37:21+01:00',
('runds'),
('Alibre'),
'HOOPS Exchange 2024.5',
'Alibre',
'Unknown authorisation');

FILE_SCHEMA( ('AP242_MANAGED_MODEL_BASED_3D_ENGINEERING_MIM_LF {1 0 10303 442 1 1 4 }') );

ENDSEC;

DATA;
#3=(NAMED_UNIT(*)PLANE_ANGLE_UNIT()SI_UNIT($,.RADIAN.));
#4=PLANE_ANGLE_MEASURE_WITH_UNIT(PLANE_ANGLE_MEASURE(0.0174532925),#3);
#5=(CONVERSION_BASED_UNIT('DEGREE',#4)NAMED_UNIT(#6)PLANE_ANGLE_UNIT());
#6=DIMENSIONAL_EXPONENTS(0.,0.,0.,0.,0.,0.,0.);
#7=(NAMED_UNIT(*)SI_UNIT($,.STERADIAN.)SOLID_ANGLE_UNIT());
#8=(LENGTH_UNIT()NAMED_UNIT(*)SI_UNIT(.MILLI.,.METRE.));
#9=UNCERTAINTY_MEASURE_WITH_UNIT(LENGTH_MEASURE(1.000000E-06),#8,'DISTANCE_ACCURACY_VALUE','Maximum Tolerance applied to model');
#10=(GEOMETRIC_REPRESENTATION_CONTEXT(3)GLOBAL_UNCERTAINTY_ASSIGNED_CONTEXT((#9))GLOBAL_UNIT_ASSIGNED_CONTEXT((#8,#5,#7))REPRESENTATION_CONTEXT('','Conn_Mini_DIN_round_5_canned'));
#12=CARTESIAN_POINT('',(0.,0.,0.));
#13=DIRECTION('',(0.,0.,1.));
#14=DIRECTION('',(1.,0.,0.));
#15=AXIS2_PLACEMENT_3D('',#12,#13,#14);
#27=CARTESIAN_POINT('',(0.,-1.568851024,0.));
#28=DIRECTION('',(0.,1.,0.));
#29=DIRECTION('',(1.,0.,0.));
#30=AXIS2_PLACEMENT_3D('',#27,#28,#29);
#31=PLANE('',#30);
#32=CARTESIAN_POINT('',(-1.,-1.568851024,-2.5));
#33=VERTEX_POINT('',#32);
#34=CARTESIAN_POINT('',(1.,-1.568851024,-2.5));
#35=VERTEX_POINT('',#34);
#36=CARTESIAN_POINT('',(0.,-1.568851024,-2.5));
#37=DIRECTION('',(0.,-1.,-0.));
#38=DIRECTION('',(-0.707106781,0.,-0.707106781));
#39=AXIS2_PLACEMENT_3D('',#36,#37,#38);
#40=CIRCLE('',#39,1.);
#41=EDGE_CURVE('',#33,#35,#40,.T.);
#42=ORIENTED_EDGE('',*,*,#41,.F.);
#43=CARTESIAN_POINT('',(-1.,-1.568851024,0.));
#44=VERTEX_POINT('',#43);
#45=CARTESIAN_POINT('',(-1.,-1.568851024,0.));
#46=DIRECTION('',(0.,0.,-1.));
#47=VECTOR('',#46,25.);
#48=LINE('',#45,#47);
#49=EDGE_CURVE('',#44,#33,#48,.T.);
#50=ORIENTED_EDGE('',*,*,#49,.F.);
#51=CARTESIAN_POINT('',(1.,-1.568851024,0.));
#52=VERTEX_POINT('',#51);
#53=CARTESIAN_POINT('',(10.,-1.568851024,0.));
#54=DIRECTION('',(-1.,0.,0.));
#55=VECTOR('',#54,20.);
#56=LINE('',#53,#55);
#57=EDGE_CURVE('',#52,#44,#56,.T.);
#58=ORIENTED_EDGE('',*,*,#57,.F.);
#59=CARTESIAN_POINT('',(1.,-1.568851024,0.));
#60=DIRECTION('',(0.,0.,-1.));
#61=VECTOR('',#60,25.);
#62=LINE('',#59,#61);
#63=EDGE_CURVE('',#52,#35,#62,.T.);
#64=ORIENTED_EDGE('',*,*,#63,.T.);
#65=EDGE_LOOP('',(#42,#50,#58,#64));
#66=FACE_BOUND('',#65,.T.);
#67=ADVANCED_FACE('',(#66),#31,.T.);
#68=COLOUR_RGB('',0.752941191,0.752941191,0.752941191);
#69=FILL_AREA_STYLE_COLOUR('',#68);
#70=FILL_AREA_STYLE('',(#69));
#71=SURFACE_STYLE_FILL_AREA(#70);
#72=SURFACE_SIDE_STYLE('',(#71));
#73=SURFACE_STYLE_USAGE(.BOTH.,#72);
#74=PRESENTATION_STYLE_ASSIGNMENT((#73));
#75=OVER_RIDING_STYLED_ITEM('',(#74),#67,#26);
#76=CARTESIAN_POINT('',(0.,-1.818851024,-2.5));
#77=DIRECTION('',(0.,-1.,-0.));
#78=DIRECTION('',(-0.707106781,0.,-0.707106781));
#79=AXIS2_PLACEMENT_3D('',#76,#77,#78);
#80=CYLINDRICAL_SURFACE('',#79,1.);
#81=CARTESIAN_POINT('',(1.,-2.068851024,-2.5));
#82=VERTEX_POINT('',#81);
#83=CARTESIAN_POINT('',(-1.,-2.068851024,-2.5));
#84=VERTEX_POINT('',#83);
#85=CARTESIAN_POINT('',(0.,-2.068851024,-2.5));
#86=DIRECTION('',(0.,1.,0.));
#87=DIRECTION('',(0.707106781,0.,-0.707106781));
#88=AXIS2_PLACEMENT_3D('',#85,#86,#87);
#89=CIRCLE('',#88,1.);
#90=EDGE_CURVE('',#82,#84,#89,.T.);
#91=ORIENTED_EDGE('',*,*,#90,.T.);
#92=CARTESIAN_POINT('',(-1.,-4.318851024,-2.5));
#93=DIRECTION('',(0.,1.,0.));
#94=VECTOR('',#93,5.);
#95=LINE('',#92,#94);
#96=EDGE_CURVE('',#84,#33,#95,.T.);
#97=ORIENTED_EDGE('',*,*,#96,.T.);
#98=ORIENTED_EDGE('',*,*,#41,.T.);
#99=CARTESIAN_POINT('',(1.,0.681148976,-2.5));
#100=DIRECTION('',(0.,-1.,0.));
#101=VECTOR('',#100,5.);
#102=LINE('',#99,#101);
#103=EDGE_CURVE('',#35,#82,#102,.T.);
#104=ORIENTED_EDGE('',*,*,#103,.T.);
#105=EDGE_LOOP('',(#91,#97,#98,#104));
#106=FACE_BOUND('',#105,.T.);
#107=ADVANCED_FACE('',(#106),#80,.T.);
#108=CARTESIAN_POINT('',(-3.4,4.5,0.));
#109=DIRECTION('',(0.,0.,-1.));
#110=DIRECTION('',(-1.,0.,0.));
#111=AXIS2_PLACEMENT_3D('',#108,#109,#110);
#112=CYLINDRICAL_SURFACE('',#111,0.35);
#113=CARTESIAN_POINT('',(-3.05,4.5,-3.5));
#114=VERTEX_POINT('',#113);
#115=CARTESIAN_POINT('',(-3.05,4.5,0.));
#116=VERTEX_POINT('',#115);
#117=CARTESIAN_POINT('',(-3.05,4.5,-3.5));
#118=DIRECTION('',(-0.,-0.,1.));
#119=VECTOR('',#118,3.5);
#120=LINE('',#117,#119);
#121=EDGE_CURVE('',#114,#116,#120,.T.);
#122=ORIENTED_EDGE('',*,*,#121,.T.);
#123=CARTESIAN_POINT('',(-3.75,4.5,0.));
#124=VERTEX_POINT('',#123);
#125=CARTESIAN_POINT('',(-3.4,4.5,0.));
#126=DIRECTION('',(0.,0.,1.));
#127=DIRECTION('',(-1.,0.,0.));
#128=AXIS2_PLACEMENT_3D('',#125,#126,#127);
#129=CIRCLE('',#128,0.35);
#130=EDGE_CURVE('',#124,#116,#129,.T.);
#131=ORIENTED_EDGE('',*,*,#130,.F.);
#132=CARTESIAN_POINT('',(-3.4,4.5,0.));
#133=DIRECTION('',(0.,0.,1.));
#134=DIRECTION('',(-1.,0.,0.));
#135=AXIS2_PLACEMENT_3D('',#132,#133,#134);
#136=CIRCLE('',#135,0.35);
#137=EDGE_CURVE('',#116,#124,#136,.T.);
#138=ORIENTED_EDGE('',*,*,#137,.F.);
#139=ORIENTED_EDGE('',*,*,#121,.F.);
#140=CARTESIAN_POINT('',(-3.75,4.5,-3.5));
#141=VERTEX_POINT('',#140);
#142=CARTESIAN_POINT('',(-3.4,4.5,-3.5));
#143=DIRECTION('',(0.,0.,1.));
#144=DIRECTION('',(-1.,0.,0.));
#145=AXIS2_PLACEMENT_3D('',#142,#143,#144);
#146=CIRCLE('',#145,0.35);
#147=EDGE_CURVE('',#114,#141,#146,.T.);
#148=ORIENTED_EDGE('',*,*,#147,.T.);
#149=CARTESIAN_POINT('',(-3.4,4.5,-3.5));
#150=DIRECTION('',(0.,0.,1.));
#151=DIRECTION('',(-1.,0.,0.));
#152=AXIS2_PLACEMENT_3D('',#149,#150,#151);
#153=CIRCLE('',#152,0.35);
#154=EDGE_CURVE('',#141,#114,#153,.T.);
#155=ORIENTED_EDGE('',*,*,#154,.T.);
#156=EDGE_LOOP('',(#122,#131,#138,#139,#148,#155));
#157=FACE_BOUND('',#156,.T.);
#158=ADVANCED_FACE('',(#157),#112,.T.);
#159=OVER_RIDING_STYLED_ITEM('',(#74),#158,#26);
#160=CARTESIAN_POINT('',(-3.4,4.5,-3.5));
#161=DIRECTION('',(0.,0.,-1.));
#162=DIRECTION('',(-1.,0.,0.));
#163=AXIS2_PLACEMENT_3D('',#160,#161,#162);
#164=PLANE('',#163);
#165=ORIENTED_EDGE('',*,*,#147,.F.);
#166=ORIENTED_EDGE('',*,*,#154,.F.);
#167=EDGE_LOOP('',(#165,#166));
#168=FACE_BOUND('',#167,.T.);
#169=ADVANCED_FACE('',(#168),#164,.T.);
#170=OVER_RIDING_STYLED_ITEM('',(#74),#169,#26);
#171=CARTESIAN_POINT('',(1.3,2.,0.));
#172=DIRECTION('',(0.,0.,-1.));
#173=DIRECTION('',(-1.,0.,0.));
#174=AXIS2_PLACEMENT_3D('',#171,#172,#173);
#175=CYLINDRICAL_SURFACE('',#174,0.35);
#176=CARTESIAN_POINT('',(1.65,2.,-3.5));
#177=VERTEX_POINT('',#176);
#178=CARTESIAN_POINT('',(1.65,2.,0.));
#179=VERTEX_POINT('',#178);
#180=CARTESIAN_POINT('',(1.65,2.,-3.5));
#181=DIRECTION('',(-0.,-0.,1.));
#182=VECTOR('',#181,3.5);
#183=LINE('',#180,#182);
#184=EDGE_CURVE('',#177,#179,#183,.T.);
#185=ORIENTED_EDGE('',*,*,#184,.T.);
#186=CARTESIAN_POINT('',(0.95,2.,0.));
#187=VERTEX_POINT('',#186);
#188=CARTESIAN_POINT('',(1.3,2.,0.));
#189=DIRECTION('',(0.,0.,1.));
#190=DIRECTION('',(-1.,0.,0.));
#191=AXIS2_PLACEMENT_3D('',#188,#189,#190);
#192=CIRCLE('',#191,0.35);
#193=EDGE_CURVE('',#187,#179,#192,.T.);
#194=ORIENTED_EDGE('',*,*,#193,.F.);
#195=CARTESIAN_POINT('',(1.3,2.,0.));
#196=DIRECTION('',(0.,0.,1.));
#197=DIRECTION('',(-1.,0.,0.));
#198=AXIS2_PLACEMENT_3D('',#195,#196,#197);
#199=CIRCLE('',#198,0.35);
#200=EDGE_CURVE('',#179,#187,#199,.T.);
#201=ORIENTED_EDGE('',*,*,#200,.F.);
#202=ORIENTED_EDGE('',*,*,#184,.F.);
#203=CARTESIAN_POINT('',(0.95,2.,-3.5));
#204=VERTEX_POINT('',#203);
#205=CARTESIAN_POINT('',(1.3,2.,-3.5));
#206=DIRECTION('',(0.,0.,1.));
#207=DIRECTION('',(-1.,0.,0.));
#208=AXIS2_PLACEMENT_3D('',#205,#206,#207);
#209=CIRCLE('',#208,0.35);
#210=EDGE_CURVE('',#177,#204,#209,.T.);
#211=ORIENTED_EDGE('',*,*,#210,.T.);
#212=CARTESIAN_POINT('',(1.3,2.,-3.5));
#213=DIRECTION('',(0.,0.,1.));
#214=DIRECTION('',(-1.,0.,0.));
#215=AXIS2_PLACEMENT_3D('',#212,#213,#214);
#216=CIRCLE('',#215,0.35);
#217=EDGE_CURVE('',#204,#177,#216,.T.);
#218=ORIENTED_EDGE('',*,*,#217,.T.);
#219=EDGE_LOOP('',(#185,#194,#201,#202,#211,#218));
#220=FACE_BOUND('',#219,.T.);
#221=ADVANCED_FACE('',(#220),#175,.T.);
#222=OVER_RIDING_STYLED_ITEM('',(#74),#221,#26);
#223=CARTESIAN_POINT('',(1.3,2.,-3.5));
#224=DIRECTION('',(0.,0.,-1.));
#225=DIRECTION('',(-1.,0.,0.));
#226=AXIS2_PLACEMENT_3D('',#223,#224,#225);
#227=PLANE('',#226);
#228=ORIENTED_EDGE('',*,*,#210,.F.);
#229=ORIENTED_EDGE('',*,*,#217,.F.);
#230=EDGE_LOOP('',(#228,#229));
#231=FACE_BOUND('',#230,.T.);
#232=ADVANCED_FACE('',(#231),#227,.T.);
#233=OVER_RIDING_STYLED_ITEM('',(#74),#232,#26);
#234=CARTESIAN_POINT('',(-1.,-1.818851024,0.));
#235=DIRECTION('',(-1.,0.,0.));
#236=DIRECTION('',(0.,1.,0.));
#237=AXIS2_PLACEMENT_3D('',#234,#235,#236);
#238=PLANE('',#237);
#239=ORIENTED_EDGE('',*,*,#96,.F.);
#240=CARTESIAN_POINT('',(-1.,-2.068851024,0.));
#241=VERTEX_POINT('',#240);
#242=CARTESIAN_POINT('',(-1.,-2.068851024,0.));
#243=DIRECTION('',(0.,0.,-1.));
#244=VECTOR('',#243,25.);
#245=LINE('',#242,#244);
#246=EDGE_CURVE('',#241,#84,#245,.T.);
#247=ORIENTED_EDGE('',*,*,#246,.F.);
#248=CARTESIAN_POINT('',(-1.,-5.470190065,0.));
#249=DIRECTION('',(0.,-1.,0.));
#250=VECTOR('',#249,5.);
#251=LINE('',#248,#250);
#252=EDGE_CURVE('',#44,#241,#251,.T.);
#253=ORIENTED_EDGE('',*,*,#252,.F.);
#254=ORIENTED_EDGE('',*,*,#49,.T.);
#255=EDGE_LOOP('',(#239,#247,#253,#254));
#256=FACE_BOUND('',#255,.T.);
#257=ADVANCED_FACE('',(#256),#238,.T.);
#258=OVER_RIDING_STYLED_ITEM('',(#74),#257,#26);
#259=CARTESIAN_POINT('',(0.,-2.068851024,0.));
#260=DIRECTION('',(0.,-1.,0.));
#261=DIRECTION('',(-1.,0.,0.));
#262=AXIS2_PLACEMENT_3D('',#259,#260,#261);
#263=PLANE('',#262);
#264=ORIENTED_EDGE('',*,*,#90,.F.);
#265=CARTESIAN_POINT('',(1.,-2.068851024,0.));
#266=VERTEX_POINT('',#265);
#267=CARTESIAN_POINT('',(1.,-2.068851024,0.));
#268=DIRECTION('',(0.,0.,-1.));
#269=VECTOR('',#268,25.);
#270=LINE('',#267,#269);
#271=EDGE_CURVE('',#266,#82,#270,.T.);
#272=ORIENTED_EDGE('',*,*,#271,.F.);
#273=CARTESIAN_POINT('',(-10.,-2.068851024,0.));
#274=DIRECTION('',(1.,0.,-0.));
#275=VECTOR('',#274,20.);
#276=LINE('',#273,#275);
#277=EDGE_CURVE('',#241,#266,#276,.T.);
#278=ORIENTED_EDGE('',*,*,#277,.F.);
#279=ORIENTED_EDGE('',*,*,#246,.T.);
#280=EDGE_LOOP('',(#264,#272,#278,#279));
#281=FACE_BOUND('',#280,.T.);
#282=ADVANCED_FACE('',(#281),#263,.T.);
#283=OVER_RIDING_STYLED_ITEM('',(#74),#282,#26);
#284=CARTESIAN_POINT('',(1.,-1.818851024,0.));
#285=DIRECTION('',(1.,0.,0.));
#286=DIRECTION('',(0.,-1.,0.));
#287=AXIS2_PLACEMENT_3D('',#284,#285,#286);
#288=PLANE('',#287);
#289=ORIENTED_EDGE('',*,*,#103,.F.);
#290=ORIENTED_EDGE('',*,*,#63,.F.);
#291=CARTESIAN_POINT('',(1.,-10.470190065,0.));
#292=DIRECTION('',(0.,1.,0.));
#293=VECTOR('',#292,5.);
#294=LINE('',#291,#293);
#295=EDGE_CURVE('',#266,#52,#294,.T.);
#296=ORIENTED_EDGE('',*,*,#295,.F.);
#297=ORIENTED_EDGE('',*,*,#271,.T.);
#298=EDGE_LOOP('',(#289,#290,#296,#297));
#299=FACE_BOUND('',#298,.T.);
#300=ADVANCED_FACE('',(#299),#288,.T.);
#301=OVER_RIDING_STYLED_ITEM('',(#74),#300,#26);
#302=CARTESIAN_POINT('',(-3.4,2.,0.));
#303=DIRECTION('',(0.,0.,-1.));
#304=DIRECTION('',(-1.,0.,0.));
#305=AXIS2_PLACEMENT_3D('',#302,#303,#304);
#306=CYLINDRICAL_SURFACE('',#305,0.35);
#307=CARTESIAN_POINT('',(-3.05,2.,-3.5));
#308=VERTEX_POINT('',#307);
#309=CARTESIAN_POINT('',(-3.05,2.,0.));
#310=VERTEX_POINT('',#309);
#311=CARTESIAN_POINT('',(-3.05,2.,-3.5));
#312=DIRECTION('',(-0.,-0.,1.));
#313=VECTOR('',#312,3.5);
#314=LINE('',#311,#313);
#315=EDGE_CURVE('',#308,#310,#314,.T.);
#316=ORIENTED_EDGE('',*,*,#315,.T.);
#317=CARTESIAN_POINT('',(-3.75,2.,0.));
#318=VERTEX_POINT('',#317);
#319=CARTESIAN_POINT('',(-3.4,2.,0.));
#320=DIRECTION('',(0.,0.,1.));
#321=DIRECTION('',(-1.,0.,0.));
#322=AXIS2_PLACEMENT_3D('',#319,#320,#321);
#323=CIRCLE('',#322,0.35);
#324=EDGE_CURVE('',#318,#310,#323,.T.);
#325=ORIENTED_EDGE('',*,*,#324,.F.);
#326=CARTESIAN_POINT('',(-3.4,2.,0.));
#327=DIRECTION('',(0.,0.,1.));
#328=DIRECTION('',(-1.,0.,0.));
#329=AXIS2_PLACEMENT_3D('',#326,#327,#328);
#330=CIRCLE('',#329,0.35);
#331=EDGE_CURVE('',#310,#318,#330,.T.);
#332=ORIENTED_EDGE('',*,*,#331,.F.);
#333=ORIENTED_EDGE('',*,*,#315,.F.);
#334=CARTESIAN_POINT('',(-3.75,2.,-3.5));
#335=VERTEX_POINT('',#334);
#336=CARTESIAN_POINT('',(-3.4,2.,-3.5));
#337=DIRECTION('',(0.,0.,1.));
#338=DIRECTION('',(-1.,0.,0.));
#339=AXIS2_PLACEMENT_3D('',#336,#337,#338);
#340=CIRCLE('',#339,0.35);
#341=EDGE_CURVE('',#308,#335,#340,.T.);
#342=ORIENTED_EDGE('',*,*,#341,.T.);
#343=CARTESIAN_POINT('',(-3.4,2.,-3.5));
#344=DIRECTION('',(0.,0.,1.));
#345=DIRECTION('',(-1.,0.,0.));
#346=AXIS2_PLACEMENT_3D('',#343,#344,#345);
#347=CIRCLE('',#346,0.35);
#348=EDGE_CURVE('',#335,#308,#347,.T.);
#349=ORIENTED_EDGE('',*,*,#348,.T.);
#350=EDGE_LOOP('',(#316,#325,#332,#333,#342,#349));
#351=FACE_BOUND('',#350,.T.);
#352=ADVANCED_FACE('',(#351),#306,.T.);
#353=OVER_RIDING_STYLED_ITEM('',(#74),#352,#26);
#354=CARTESIAN_POINT('',(-3.4,2.,-3.5));
#355=DIRECTION('',(0.,0.,-1.));
#356=DIRECTION('',(-1.,0.,0.));
#357=AXIS2_PLACEMENT_3D('',#354,#355,#356);
#358=PLANE('',#357);
#359=ORIENTED_EDGE('',*,*,#341,.F.);
#360=ORIENTED_EDGE('',*,*,#348,.F.);
#361=EDGE_LOOP('',(#359,#360));
#362=FACE_BOUND('',#361,.T.);
#363=ADVANCED_FACE('',(#362),#358,.T.);
#364=OVER_RIDING_STYLED_ITEM('',(#74),#363,#26);
#365=CARTESIAN_POINT('',(3.400006082,2.,0.));
#366=DIRECTION('',(0.,0.,-1.));
#367=DIRECTION('',(-1.,0.,0.));
#368=AXIS2_PLACEMENT_3D('',#365,#366,#367);
#369=CYLINDRICAL_SURFACE('',#368,0.35);
#370=CARTESIAN_POINT('',(3.750006082,2.,-3.5));
#371=VERTEX_POINT('',#370);
#372=CARTESIAN_POINT('',(3.750006082,2.,0.));
#373=VERTEX_POINT('',#372);
#374=CARTESIAN_POINT('',(3.750006082,2.,-3.5));
#375=DIRECTION('',(-0.,-0.,1.));
#376=VECTOR('',#375,3.5);
#377=LINE('',#374,#376);
#378=EDGE_CURVE('',#371,#373,#377,.T.);
#379=ORIENTED_EDGE('',*,*,#378,.T.);
#380=CARTESIAN_POINT('',(3.050006082,2.,0.));
#381=VERTEX_POINT('',#380);
#382=CARTESIAN_POINT('',(3.400006082,2.,0.));
#383=DIRECTION('',(0.,0.,1.));
#384=DIRECTION('',(-1.,0.,0.));
#385=AXIS2_PLACEMENT_3D('',#382,#383,#384);
#386=CIRCLE('',#385,0.35);
#387=EDGE_CURVE('',#381,#373,#386,.T.);
#388=ORIENTED_EDGE('',*,*,#387,.F.);
#389=CARTESIAN_POINT('',(3.400006082,2.,0.));
#390=DIRECTION('',(0.,0.,1.));
#391=DIRECTION('',(-1.,0.,0.));
#392=AXIS2_PLACEMENT_3D('',#389,#390,#391);
#393=CIRCLE('',#392,0.35);
#394=EDGE_CURVE('',#373,#381,#393,.T.);
#395=ORIENTED_EDGE('',*,*,#394,.F.);
#396=ORIENTED_EDGE('',*,*,#378,.F.);
#397=CARTESIAN_POINT('',(3.050006082,2.,-3.5));
#398=VERTEX_POINT('',#397);
#399=CARTESIAN_POINT('',(3.400006082,2.,-3.5));
#400=DIRECTION('',(0.,0.,1.));
#401=DIRECTION('',(-1.,0.,0.));
#402=AXIS2_PLACEMENT_3D('',#399,#400,#401);
#403=CIRCLE('',#402,0.35);
#404=EDGE_CURVE('',#371,#398,#403,.T.);
#405=ORIENTED_EDGE('',*,*,#404,.T.);
#406=CARTESIAN_POINT('',(3.400006082,2.,-3.5));
#407=DIRECTION('',(0.,0.,1.));
#408=DIRECTION('',(-1.,0.,0.));
#409=AXIS2_PLACEMENT_3D('',#406,#407,#408);
#410=CIRCLE('',#409,0.35);
#411=EDGE_CURVE('',#398,#371,#410,.T.);
#412=ORIENTED_EDGE('',*,*,#411,.T.);
#413=EDGE_LOOP('',(#379,#388,#395,#396,#405,#412));
#414=FACE_BOUND('',#413,.T.);
#415=ADVANCED_FACE('',(#414),#369,.T.);
#416=OVER_RIDING_STYLED_ITEM('',(#74),#415,#26);
#417=CARTESIAN_POINT('',(3.400006082,2.,-3.5));
#418=DIRECTION('',(0.,0.,-1.));
#419=DIRECTION('',(-1.,0.,0.));
#420=AXIS2_PLACEMENT_3D('',#417,#418,#419);
#421=PLANE('',#420);
#422=ORIENTED_EDGE('',*,*,#404,.F.);
#423=ORIENTED_EDGE('',*,*,#411,.F.);
#424=EDGE_LOOP('',(#422,#423));
#425=FACE_BOUND('',#424,.T.);
#426=ADVANCED_FACE('',(#425),#421,.T.);
#427=OVER_RIDING_STYLED_ITEM('',(#74),#426,#26);
#428=CARTESIAN_POINT('',(3.400006082,4.5,0.));
#429=DIRECTION('',(0.,0.,-1.));
#430=DIRECTION('',(-1.,0.,0.));
#431=AXIS2_PLACEMENT_3D('',#428,#429,#430);
#432=CYLINDRICAL_SURFACE('',#431,0.35);
#433=CARTESIAN_POINT('',(3.750006082,4.5,-3.5));
#434=VERTEX_POINT('',#433);
#435=CARTESIAN_POINT('',(3.750006082,4.5,0.));
#436=VERTEX_POINT('',#435);
#437=CARTESIAN_POINT('',(3.750006082,4.5,-3.5));
#438=DIRECTION('',(-0.,-0.,1.));
#439=VECTOR('',#438,3.5);
#440=LINE('',#437,#439);
#441=EDGE_CURVE('',#434,#436,#440,.T.);
#442=ORIENTED_EDGE('',*,*,#441,.T.);
#443=CARTESIAN_POINT('',(3.050006082,4.5,0.));
#444=VERTEX_POINT('',#443);
#445=CARTESIAN_POINT('',(3.400006082,4.5,0.));
#446=DIRECTION('',(0.,0.,1.));
#447=DIRECTION('',(-1.,0.,0.));
#448=AXIS2_PLACEMENT_3D('',#445,#446,#447);
#449=CIRCLE('',#448,0.35);
#450=EDGE_CURVE('',#444,#436,#449,.T.);
#451=ORIENTED_EDGE('',*,*,#450,.F.);
#452=CARTESIAN_POINT('',(3.400006082,4.5,0.));
#453=DIRECTION('',(0.,0.,1.));
#454=DIRECTION('',(-1.,0.,0.));
#455=AXIS2_PLACEMENT_3D('',#452,#453,#454);
#456=CIRCLE('',#455,0.35);
#457=EDGE_CURVE('',#436,#444,#456,.T.);
#458=ORIENTED_EDGE('',*,*,#457,.F.);
#459=ORIENTED_EDGE('',*,*,#441,.F.);
#460=CARTESIAN_POINT('',(3.050006082,4.5,-3.5));
#461=VERTEX_POINT('',#460);
#462=CARTESIAN_POINT('',(3.400006082,4.5,-3.5));
#463=DIRECTION('',(0.,0.,1.));
#464=DIRECTION('',(-1.,0.,0.));
#465=AXIS2_PLACEMENT_3D('',#462,#463,#464);
#466=CIRCLE('',#465,0.35);
#467=EDGE_CURVE('',#434,#461,#466,.T.);
#468=ORIENTED_EDGE('',*,*,#467,.T.);
#469=CARTESIAN_POINT('',(3.400006082,4.5,-3.5));
#470=DIRECTION('',(0.,0.,1.));
#471=DIRECTION('',(-1.,0.,0.));
#472=AXIS2_PLACEMENT_3D('',#469,#470,#471);
#473=CIRCLE('',#472,0.35);
#474=EDGE_CURVE('',#461,#434,#473,.T.);
#475=ORIENTED_EDGE('',*,*,#474,.T.);
#476=EDGE_LOOP('',(#442,#451,#458,#459,#468,#475));
#477=FACE_BOUND('',#476,.T.);
#478=ADVANCED_FACE('',(#477),#432,.T.);
#479=OVER_RIDING_STYLED_ITEM('',(#74),#478,#26);
#480=CARTESIAN_POINT('',(3.400006082,4.5,-3.5));
#481=DIRECTION('',(0.,0.,-1.));
#482=DIRECTION('',(-1.,0.,0.));
#483=AXIS2_PLACEMENT_3D('',#480,#481,#482);
#484=PLANE('',#483);
#485=ORIENTED_EDGE('',*,*,#467,.F.);
#486=ORIENTED_EDGE('',*,*,#474,.F.);
#487=EDGE_LOOP('',(#485,#486));
#488=FACE_BOUND('',#487,.T.);
#489=ADVANCED_FACE('',(#488),#484,.T.);
#490=OVER_RIDING_STYLED_ITEM('',(#74),#489,#26);
#491=CARTESIAN_POINT('',(0.,-0.451886792,0.));
#492=DIRECTION('',(0.,0.,1.));
#493=DIRECTION('',(1.,0.,0.));
#494=AXIS2_PLACEMENT_3D('',#491,#492,#493);
#495=PLANE('',#494);
#496=CARTESIAN_POINT('',(-7.,-6.5,0.));
#497=VERTEX_POINT('',#496);
#498=CARTESIAN_POINT('',(7.,-6.5,0.));
#499=VERTEX_POINT('',#498);
#500=CARTESIAN_POINT('',(-7.,-6.5,0.));
#501=DIRECTION('',(1.,0.,-0.));
#502=VECTOR('',#501,140.);
#503=LINE('',#500,#502);
#504=EDGE_CURVE('',#497,#499,#503,.T.);
#505=ORIENTED_EDGE('',*,*,#504,.F.);
#506=CARTESIAN_POINT('',(-7.,-4.7,0.));
#507=VERTEX_POINT('',#506);
#508=CARTESIAN_POINT('',(-7.,-4.7,0.));
#509=DIRECTION('',(0.,-1.,0.));
#510=VECTOR('',#509,18.);
#511=LINE('',#508,#510);
#512=EDGE_CURVE('',#507,#497,#511,.T.);
#513=ORIENTED_EDGE('',*,*,#512,.F.);
#514=CARTESIAN_POINT('',(-6.5,-4.7,0.));
#515=VERTEX_POINT('',#514);
#516=CARTESIAN_POINT('',(-6.5,-4.7,0.));
#517=DIRECTION('',(-1.,0.,0.));
#518=VECTOR('',#517,5.);
#519=LINE('',#516,#518);
#520=EDGE_CURVE('',#515,#507,#519,.T.);
#521=ORIENTED_EDGE('',*,*,#520,.F.);
#522=CARTESIAN_POINT('',(-6.5,-1.95,0.));
#523=VERTEX_POINT('',#522);
#524=CARTESIAN_POINT('',(-6.5,-73.5,0.));
#525=DIRECTION('',(0.,-1.,0.));
#526=VECTOR('',#525,27.5);
#527=LINE('',#524,#526);
#528=EDGE_CURVE('',#523,#515,#527,.T.);
#529=ORIENTED_EDGE('',*,*,#528,.F.);
#530=CARTESIAN_POINT('',(-6.5,0.05,0.));
#531=VERTEX_POINT('',#530);
#532=CARTESIAN_POINT('',(-6.5,-53.5,0.));
#533=DIRECTION('',(0.,-1.,0.));
#534=VECTOR('',#533,20.);
#535=LINE('',#532,#534);
#536=EDGE_CURVE('',#531,#523,#535,.T.);
#537=ORIENTED_EDGE('',*,*,#536,.F.);
#538=CARTESIAN_POINT('',(-6.5,6.,0.));
#539=VERTEX_POINT('',#538);
#540=CARTESIAN_POINT('',(-6.5,6.,0.));
#541=DIRECTION('',(0.,-1.,0.));
#542=VECTOR('',#541,59.5);
#543=LINE('',#540,#542);
#544=EDGE_CURVE('',#539,#531,#543,.T.);
#545=ORIENTED_EDGE('',*,*,#544,.F.);
#546=CARTESIAN_POINT('',(6.5,6.,0.));
#547=VERTEX_POINT('',#546);
#548=CARTESIAN_POINT('',(6.5,6.,0.));
#549=DIRECTION('',(-1.,0.,0.));
#550=VECTOR('',#549,130.);
#551=LINE('',#548,#550);
#552=EDGE_CURVE('',#547,#539,#551,.T.);
#553=ORIENTED_EDGE('',*,*,#552,.F.);
#554=CARTESIAN_POINT('',(6.5,0.05,0.));
#555=VERTEX_POINT('',#554);
#556=CARTESIAN_POINT('',(6.5,42.8,0.));
#557=DIRECTION('',(0.,1.,0.));
#558=VECTOR('',#557,59.5);
#559=LINE('',#556,#558);
#560=EDGE_CURVE('',#555,#547,#559,.T.);
#561=ORIENTED_EDGE('',*,*,#560,.F.);
#562=CARTESIAN_POINT('',(6.5,-1.95,0.));
#563=VERTEX_POINT('',#562);
#564=CARTESIAN_POINT('',(6.5,22.8,0.));
#565=DIRECTION('',(0.,1.,0.));
#566=VECTOR('',#565,20.);
#567=LINE('',#564,#566);
#568=EDGE_CURVE('',#563,#555,#567,.T.);
#569=ORIENTED_EDGE('',*,*,#568,.F.);
#570=CARTESIAN_POINT('',(6.5,-4.7,0.));
#571=VERTEX_POINT('',#570);
#572=CARTESIAN_POINT('',(6.5,-4.7,0.));
#573=DIRECTION('',(0.,1.,0.));
#574=VECTOR('',#573,27.5);
#575=LINE('',#572,#574);
#576=EDGE_CURVE('',#571,#563,#575,.T.);
#577=ORIENTED_EDGE('',*,*,#576,.F.);
#578=CARTESIAN_POINT('',(7.,-4.7,0.));
#579=VERTEX_POINT('',#578);
#580=CARTESIAN_POINT('',(7.,-4.7,0.));
#581=DIRECTION('',(-1.,0.,0.));
#582=VECTOR('',#581,5.);
#583=LINE('',#580,#582);
#584=EDGE_CURVE('',#579,#571,#583,.T.);
#585=ORIENTED_EDGE('',*,*,#584,.F.);
#586=CARTESIAN_POINT('',(7.,-6.5,0.));
#587=DIRECTION('',(0.,1.,0.));
#588=VECTOR('',#587,18.);
#589=LINE('',#586,#588);
#590=EDGE_CURVE('',#499,#579,#589,.T.);
#591=ORIENTED_EDGE('',*,*,#590,.F.);
#592=EDGE_LOOP('',(#505,#513,#521,#529,#537,#545,#553,#561,#569,#577,#585,#591));
#593=FACE_BOUND('',#592,.T.);
#594=ORIENTED_EDGE('',*,*,#450,.T.);
#595=ORIENTED_EDGE('',*,*,#457,.T.);
#596=EDGE_LOOP('',(#594,#595));
#597=FACE_BOUND('',#596,.T.);
#598=ORIENTED_EDGE('',*,*,#387,.T.);
#599=ORIENTED_EDGE('',*,*,#394,.T.);
#600=EDGE_LOOP('',(#598,#599));
#601=FACE_BOUND('',#600,.T.);
#602=ORIENTED_EDGE('',*,*,#324,.T.);
#603=ORIENTED_EDGE('',*,*,#331,.T.);
#604=EDGE_LOOP('',(#602,#603));
#605=FACE_BOUND('',#604,.T.);
#606=ORIENTED_EDGE('',*,*,#57,.T.);
#607=ORIENTED_EDGE('',*,*,#252,.T.);
#608=ORIENTED_EDGE('',*,*,#277,.T.);
#609=ORIENTED_EDGE('',*,*,#295,.T.);
#610=EDGE_LOOP('',(#606,#607,#608,#609));
#611=FACE_BOUND('',#610,.T.);
#612=ORIENTED_EDGE('',*,*,#193,.T.);
#613=ORIENTED_EDGE('',*,*,#200,.T.);
#614=EDGE_LOOP('',(#612,#613));
#615=FACE_BOUND('',#614,.T.);
#616=ORIENTED_EDGE('',*,*,#130,.T.);
#617=ORIENTED_EDGE('',*,*,#137,.T.);
#618=EDGE_LOOP('',(#616,#617));
#619=FACE_BOUND('',#618,.T.);
#620=ADVANCED_FACE('',(#593,#597,#601,#605,#611,#615,#619),#495,.F.);
#621=DRAUGHTING_PRE_DEFINED_COLOUR('black');
#622=FILL_AREA_STYLE_COLOUR('',#621);
#623=FILL_AREA_STYLE('',(#622));
#624=SURFACE_STYLE_FILL_AREA(#623);
#625=SURFACE_SIDE_STYLE('',(#624));
#626=SURFACE_STYLE_USAGE(.BOTH.,#625);
#627=PRESENTATION_STYLE_ASSIGNMENT((#626));
#628=OVER_RIDING_STYLED_ITEM('',(#627),#620,#26);
#629=CARTESIAN_POINT('',(-6.5,0.747619048,12.31));
#630=DIRECTION('',(-0.,1.,-0.));
#631=DIRECTION('',(-0.707106781,0.,0.707106781));
#632=AXIS2_PLACEMENT_3D('',#629,#630,#631);
#633=CYLINDRICAL_SURFACE('',#632,0.5);
#634=CARTESIAN_POINT('',(-6.5,5.8,12.81));
#635=VERTEX_POINT('',#634);
#636=CARTESIAN_POINT('',(-7.,5.8,12.31));
#637=VERTEX_POINT('',#636);
#638=CARTESIAN_POINT('',(-6.5,5.8,12.31));
#639=DIRECTION('',(0.,-1.,0.));
#640=DIRECTION('',(-0.707106781,0.,0.707106781));
#641=AXIS2_PLACEMENT_3D('',#638,#639,#640);
#642=CIRCLE('',#641,0.5);
#643=EDGE_CURVE('',#635,#637,#642,.T.);
#644=ORIENTED_EDGE('',*,*,#643,.T.);
#645=CARTESIAN_POINT('',(-7.,-4.65,12.31));
#646=VERTEX_POINT('',#645);
#647=CARTESIAN_POINT('',(-7.,51.271428571,12.31));
#648=DIRECTION('',(0.,-1.,0.));
#649=VECTOR('',#648,104.5);
#650=LINE('',#647,#649);
#651=EDGE_CURVE('',#637,#646,#650,.T.);
#652=ORIENTED_EDGE('',*,*,#651,.T.);
#653=CARTESIAN_POINT('',(-6.5,-4.65,12.81));
#654=VERTEX_POINT('',#653);
#655=CARTESIAN_POINT('',(-6.5,-4.65,12.31));
#656=DIRECTION('',(0.,1.,0.));
#657=DIRECTION('',(-0.707106781,0.,0.707106781));
#658=AXIS2_PLACEMENT_3D('',#655,#656,#657);
#659=CIRCLE('',#658,0.5);
#660=EDGE_CURVE('',#646,#654,#659,.T.);
#661=ORIENTED_EDGE('',*,*,#660,.T.);
#662=CARTESIAN_POINT('',(-6.5,-53.228571429,12.81));
#663=DIRECTION('',(0.,1.,-0.));
#664=VECTOR('',#663,104.5);
#665=LINE('',#662,#664);
#666=EDGE_CURVE('',#654,#635,#665,.T.);
#667=ORIENTED_EDGE('',*,*,#666,.T.);
#668=EDGE_LOOP('',(#644,#652,#661,#667));
#669=FACE_BOUND('',#668,.T.);
#670=ADVANCED_FACE('',(#669),#633,.T.);
#671=CARTESIAN_POINT('',(0.,-4.65,12.3));
#672=DIRECTION('',(0.,-1.,0.));
#673=DIRECTION('',(1.,0.,0.));
#674=AXIS2_PLACEMENT_3D('',#671,#672,#673);
#675=PLANE('',#674);
#676=ORIENTED_EDGE('',*,*,#660,.F.);
#677=CARTESIAN_POINT('',(-7.,-4.65,0.474337997));
#678=VERTEX_POINT('',#677);
#679=CARTESIAN_POINT('',(-7.,-4.65,-105.956620031));
#680=DIRECTION('',(0.,0.,1.));
#681=VECTOR('',#680,118.356620031);
#682=LINE('',#679,#681);
#683=EDGE_CURVE('',#678,#646,#682,.T.);
#684=ORIENTED_EDGE('',*,*,#683,.F.);
#685=CARTESIAN_POINT('',(-6.5,-4.65,0.474337997));
#686=VERTEX_POINT('',#685);
#687=CARTESIAN_POINT('',(-38.5,-4.65,0.474337997));
#688=DIRECTION('',(1.,0.,-0.));
#689=VECTOR('',#688,5.);
#690=LINE('',#687,#689);
#691=EDGE_CURVE('',#678,#686,#690,.T.);
#692=ORIENTED_EDGE('',*,*,#691,.T.);
#693=CARTESIAN_POINT('',(-6.5,-4.65,12.3));
#694=VERTEX_POINT('',#693);
#695=CARTESIAN_POINT('',(-6.5,-4.65,67.65));
#696=DIRECTION('',(0.,0.,-1.));
#697=VECTOR('',#696,118.256620031);
#698=LINE('',#695,#697);
#699=EDGE_CURVE('',#694,#686,#698,.T.);
#700=ORIENTED_EDGE('',*,*,#699,.F.);
#701=CARTESIAN_POINT('',(6.5,-4.65,12.3));
#702=VERTEX_POINT('',#701);
#703=CARTESIAN_POINT('',(65.,-4.65,12.3));
#704=DIRECTION('',(-1.,0.,0.));
#705=VECTOR('',#704,130.);
#706=LINE('',#703,#705);
#707=EDGE_CURVE('',#702,#694,#706,.T.);
#708=ORIENTED_EDGE('',*,*,#707,.F.);
#709=CARTESIAN_POINT('',(6.5,-4.65,0.474337997));
#710=VERTEX_POINT('',#709);
#711=CARTESIAN_POINT('',(6.5,-4.65,-50.606620031));
#712=DIRECTION('',(0.,0.,1.));
#713=VECTOR('',#712,118.256620031);
#714=LINE('',#711,#713);
#715=EDGE_CURVE('',#710,#702,#714,.T.);
#716=ORIENTED_EDGE('',*,*,#715,.F.);
#717=CARTESIAN_POINT('',(7.,-4.65,0.474337997));
#718=VERTEX_POINT('',#717);
#719=CARTESIAN_POINT('',(33.5,-4.65,0.474337997));
#720=DIRECTION('',(1.,0.,-0.));
#721=VECTOR('',#720,5.);
#722=LINE('',#719,#721);
#723=EDGE_CURVE('',#710,#718,#722,.T.);
#724=ORIENTED_EDGE('',*,*,#723,.T.);
#725=CARTESIAN_POINT('',(7.,-4.65,12.31));
#726=VERTEX_POINT('',#725);
#727=CARTESIAN_POINT('',(7.,-4.65,12.4));
#728=DIRECTION('',(0.,0.,-1.));
#729=VECTOR('',#728,118.356620031);
#730=LINE('',#727,#729);
#731=EDGE_CURVE('',#726,#718,#730,.T.);
#732=ORIENTED_EDGE('',*,*,#731,.F.);
#733=CARTESIAN_POINT('',(6.5,-4.65,12.81));
#734=VERTEX_POINT('',#733);
#735=CARTESIAN_POINT('',(6.5,-4.65,12.31));
#736=DIRECTION('',(-0.,1.,0.));
#737=DIRECTION('',(0.707106781,0.,0.707106781));
#738=AXIS2_PLACEMENT_3D('',#735,#736,#737);
#739=CIRCLE('',#738,0.5);
#740=EDGE_CURVE('',#734,#726,#739,.T.);
#741=ORIENTED_EDGE('',*,*,#740,.F.);
#742=CARTESIAN_POINT('',(128.,-4.65,12.81));
#743=DIRECTION('',(-1.,0.,0.));
#744=VECTOR('',#743,130.);
#745=LINE('',#742,#744);
#746=EDGE_CURVE('',#734,#654,#745,.T.);
#747=ORIENTED_EDGE('',*,*,#746,.T.);
#748=EDGE_LOOP('',(#676,#684,#692,#700,#708,#716,#724,#732,#741,#747));
#749=FACE_BOUND('',#748,.T.);
#750=ADVANCED_FACE('',(#749),#675,.T.);
#751=OVER_RIDING_STYLED_ITEM('',(#74),#750,#26);
#752=CARTESIAN_POINT('',(-7.,0.575,12.3));
#753=DIRECTION('',(-1.,0.,0.));
#754=DIRECTION('',(0.,-1.,0.));
#755=AXIS2_PLACEMENT_3D('',#752,#753,#754);
#756=PLANE('',#755);
#757=ORIENTED_EDGE('',*,*,#651,.F.);
#758=CARTESIAN_POINT('',(-7.,5.8,0.474337997));
#759=VERTEX_POINT('',#758);
#760=CARTESIAN_POINT('',(-7.,5.8,12.4));
#761=DIRECTION('',(0.,0.,-1.));
#762=VECTOR('',#761,118.356620031);
#763=LINE('',#760,#762);
#764=EDGE_CURVE('',#637,#759,#763,.T.);
#765=ORIENTED_EDGE('',*,*,#764,.T.);
#766=CARTESIAN_POINT('',(-7.,0.05,0.474337997));
#767=VERTEX_POINT('',#766);
#768=CARTESIAN_POINT('',(-7.,42.25,0.474337997));
#769=DIRECTION('',(0.,-1.,0.));
#770=VECTOR('',#769,57.5);
#771=LINE('',#768,#770);
#772=EDGE_CURVE('',#759,#767,#771,.T.);
#773=ORIENTED_EDGE('',*,*,#772,.T.);
#774=CARTESIAN_POINT('',(-7.,0.05,-2.49));
#775=VERTEX_POINT('',#774);
#776=CARTESIAN_POINT('',(-7.,0.05,-46.071380524));
#777=DIRECTION('',(0.,0.,-1.));
#778=VECTOR('',#777,29.643379969);
#779=LINE('',#776,#778);
#780=EDGE_CURVE('',#767,#775,#779,.T.);
#781=ORIENTED_EDGE('',*,*,#780,.T.);
#782=CARTESIAN_POINT('',(-7.,-1.95,-2.49));
#783=VERTEX_POINT('',#782);
#784=CARTESIAN_POINT('',(-7.,-0.95,-2.49));
#785=DIRECTION('',(-1.,0.,0.));
#786=DIRECTION('',(0.,0.,-1.));
#787=AXIS2_PLACEMENT_3D('',#784,#785,#786);
#788=CIRCLE('',#787,1.);
#789=EDGE_CURVE('',#775,#783,#788,.T.);
#790=ORIENTED_EDGE('',*,*,#789,.T.);
#791=CARTESIAN_POINT('',(-7.,-1.95,0.474337997));
#792=VERTEX_POINT('',#791);
#793=CARTESIAN_POINT('',(-7.,-1.95,-75.714760493));
#794=DIRECTION('',(0.,0.,1.));
#795=VECTOR('',#794,29.643379969);
#796=LINE('',#793,#795);
#797=EDGE_CURVE('',#783,#792,#796,.T.);
#798=ORIENTED_EDGE('',*,*,#797,.T.);
#799=CARTESIAN_POINT('',(-7.,-7.2375,0.474337997));
#800=DIRECTION('',(0.,-1.,0.));
#801=VECTOR('',#800,27.);
#802=LINE('',#799,#801);
#803=EDGE_CURVE('',#792,#678,#802,.T.);
#804=ORIENTED_EDGE('',*,*,#803,.T.);
#805=ORIENTED_EDGE('',*,*,#683,.T.);
#806=EDGE_LOOP('',(#757,#765,#773,#781,#790,#798,#804,#805));
#807=FACE_BOUND('',#806,.T.);
#808=ADVANCED_FACE('',(#807),#756,.T.);
#809=OVER_RIDING_STYLED_ITEM('',(#74),#808,#26);
#810=CARTESIAN_POINT('',(0.,6.05,12.31));
#811=DIRECTION('',(1.,0.,-0.));
#812=DIRECTION('',(0.,0.707106781,0.707106781));
#813=AXIS2_PLACEMENT_3D('',#810,#811,#812);
#814=CYLINDRICAL_SURFACE('',#813,0.5);
#815=CARTESIAN_POINT('',(6.,6.05,12.81));
#816=VERTEX_POINT('',#815);
#817=CARTESIAN_POINT('',(6.,6.55,12.31));
#818=VERTEX_POINT('',#817);
#819=CARTESIAN_POINT('',(6.,6.05,12.31));
#820=DIRECTION('',(-1.,0.,0.));
#821=DIRECTION('',(0.,0.707106781,0.707106781));
#822=AXIS2_PLACEMENT_3D('',#819,#820,#821);
#823=CIRCLE('',#822,0.5);
#824=EDGE_CURVE('',#816,#818,#823,.T.);
#825=ORIENTED_EDGE('',*,*,#824,.T.);
#826=CARTESIAN_POINT('',(-6.,6.55,12.31));
#827=VERTEX_POINT('',#826);
#828=CARTESIAN_POINT('',(60.,6.55,12.31));
#829=DIRECTION('',(-1.,0.,0.));
#830=VECTOR('',#829,120.);
#831=LINE('',#828,#830);
#832=EDGE_CURVE('',#818,#827,#831,.T.);
#833=ORIENTED_EDGE('',*,*,#832,.T.);
#834=CARTESIAN_POINT('',(-6.,6.05,12.81));
#835=VERTEX_POINT('',#834);
#836=CARTESIAN_POINT('',(-6.,6.05,12.31));
#837=DIRECTION('',(1.,0.,-0.));
#838=DIRECTION('',(0.,0.707106781,0.707106781));
#839=AXIS2_PLACEMENT_3D('',#836,#837,#838);
#840=CIRCLE('',#839,0.5);
#841=EDGE_CURVE('',#827,#835,#840,.T.);
#842=ORIENTED_EDGE('',*,*,#841,.T.);
#843=CARTESIAN_POINT('',(-60.,6.05,12.81));
#844=DIRECTION('',(1.,0.,-0.));
#845=VECTOR('',#844,120.);
#846=LINE('',#843,#845);
#847=EDGE_CURVE('',#835,#816,#846,.T.);
#848=ORIENTED_EDGE('',*,*,#847,.T.);
#849=EDGE_LOOP('',(#825,#833,#842,#848));
#850=FACE_BOUND('',#849,.T.);
#851=ADVANCED_FACE('',(#850),#814,.T.);
#852=CARTESIAN_POINT('',(-6.,6.175,12.3));
#853=DIRECTION('',(-1.,0.,0.));
#854=DIRECTION('',(0.,-1.,0.));
#855=AXIS2_PLACEMENT_3D('',#852,#853,#854);
#856=PLANE('',#855);
#857=ORIENTED_EDGE('',*,*,#841,.F.);
#858=CARTESIAN_POINT('',(-6.,6.55,4.936563253));
#859=VERTEX_POINT('',#858);
#860=CARTESIAN_POINT('',(-6.,6.55,12.4));
#861=DIRECTION('',(0.,0.,-1.));
#862=VECTOR('',#861,73.734367471);
#863=LINE('',#860,#862);
#864=EDGE_CURVE('',#827,#859,#863,.T.);
#865=ORIENTED_EDGE('',*,*,#864,.T.);
#866=CARTESIAN_POINT('',(-6.,6.05,4.936563253));
#867=VERTEX_POINT('',#866);
#868=CARTESIAN_POINT('',(-6.,7.9675,4.936563253));
#869=DIRECTION('',(0.,-1.,0.));
#870=VECTOR('',#869,5.);
#871=LINE('',#868,#870);
#872=EDGE_CURVE('',#859,#867,#871,.T.);
#873=ORIENTED_EDGE('',*,*,#872,.T.);
#874=CARTESIAN_POINT('',(-6.,6.05,12.3));
#875=VERTEX_POINT('',#874);
#876=CARTESIAN_POINT('',(-6.,6.05,12.3));
#877=DIRECTION('',(0.,0.,-1.));
#878=VECTOR('',#877,73.634367471);
#879=LINE('',#876,#878);
#880=EDGE_CURVE('',#875,#867,#879,.T.);
#881=ORIENTED_EDGE('',*,*,#880,.F.);
#882=CARTESIAN_POINT('',(-6.,6.,12.3));
#883=VERTEX_POINT('',#882);
#884=CARTESIAN_POINT('',(-6.,1.55,12.3));
#885=DIRECTION('',(0.,-1.,0.));
#886=VECTOR('',#885,0.5);
#887=LINE('',#884,#886);
#888=EDGE_CURVE('',#875,#883,#887,.T.);
#889=ORIENTED_EDGE('',*,*,#888,.T.);
#890=CARTESIAN_POINT('',(-6.,5.8,12.3));
#891=VERTEX_POINT('',#890);
#892=CARTESIAN_POINT('',(-6.,27.2875,12.3));
#893=DIRECTION('',(0.,1.,0.));
#894=VECTOR('',#893,2.);
#895=LINE('',#892,#894);
#896=EDGE_CURVE('',#891,#883,#895,.T.);
#897=ORIENTED_EDGE('',*,*,#896,.F.);
#898=CARTESIAN_POINT('',(-6.,5.8,12.81));
#899=VERTEX_POINT('',#898);
#900=CARTESIAN_POINT('',(-6.,5.8,12.3));
#901=DIRECTION('',(0.,0.,1.));
#902=VECTOR('',#901,5.1);
#903=LINE('',#900,#902);
#904=EDGE_CURVE('',#891,#899,#903,.T.);
#905=ORIENTED_EDGE('',*,*,#904,.T.);
#906=CARTESIAN_POINT('',(-6.,-0.95,12.81));
#907=DIRECTION('',(0.,1.,0.));
#908=VECTOR('',#907,2.5);
#909=LINE('',#906,#908);
#910=EDGE_CURVE('',#899,#835,#909,.T.);
#911=ORIENTED_EDGE('',*,*,#910,.T.);
#912=EDGE_LOOP('',(#857,#865,#873,#881,#889,#897,#905,#911));
#913=FACE_BOUND('',#912,.T.);
#914=ADVANCED_FACE('',(#913),#856,.T.);
#915=OVER_RIDING_STYLED_ITEM('',(#74),#914,#26);
#916=CARTESIAN_POINT('',(0.,6.55,12.3));
#917=DIRECTION('',(0.,1.,0.));
#918=DIRECTION('',(-1.,0.,0.));
#919=AXIS2_PLACEMENT_3D('',#916,#917,#918);
#920=PLANE('',#919);
#921=ORIENTED_EDGE('',*,*,#832,.F.);
#922=CARTESIAN_POINT('',(6.,6.55,4.936563253));
#923=VERTEX_POINT('',#922);
#924=CARTESIAN_POINT('',(6.,6.55,12.4));
#925=DIRECTION('',(0.,0.,-1.));
#926=VECTOR('',#925,73.734367471);
#927=LINE('',#924,#926);
#928=EDGE_CURVE('',#818,#923,#927,.T.);
#929=ORIENTED_EDGE('',*,*,#928,.T.);
#930=CARTESIAN_POINT('',(4.,6.55,4.936563253));
#931=VERTEX_POINT('',#930);
#932=CARTESIAN_POINT('',(37.0275,6.55,4.936563253));
#933=DIRECTION('',(-1.,0.,0.));
#934=VECTOR('',#933,20.);
#935=LINE('',#932,#934);
#936=EDGE_CURVE('',#923,#931,#935,.T.);
#937=ORIENTED_EDGE('',*,*,#936,.T.);
#938=CARTESIAN_POINT('',(3.5,6.55,4.436563253));
#939=VERTEX_POINT('',#938);
#940=CARTESIAN_POINT('',(4.,6.55,4.436563253));
#941=DIRECTION('',(0.,-1.,0.));
#942=DIRECTION('',(1.,0.,0.));
#943=AXIS2_PLACEMENT_3D('',#940,#941,#942);
#944=CIRCLE('',#943,0.5);
#945=EDGE_CURVE('',#931,#939,#944,.T.);
#946=ORIENTED_EDGE('',*,*,#945,.T.);
#947=CARTESIAN_POINT('',(3.5,6.55,1.5));
#948=VERTEX_POINT('',#947);
#949=CARTESIAN_POINT('',(3.5,6.55,-24.34163479));
#950=DIRECTION('',(0.,0.,-1.));
#951=VECTOR('',#950,29.365632529);
#952=LINE('',#949,#951);
#953=EDGE_CURVE('',#939,#948,#952,.T.);
#954=ORIENTED_EDGE('',*,*,#953,.T.);
#955=CARTESIAN_POINT('',(2.5,6.55,0.5));
#956=VERTEX_POINT('',#955);
#957=CARTESIAN_POINT('',(2.5,6.55,1.5));
#958=DIRECTION('',(-0.,1.,0.));
#959=DIRECTION('',(1.,0.,0.));
#960=AXIS2_PLACEMENT_3D('',#957,#958,#959);
#961=CIRCLE('',#960,1.);
#962=EDGE_CURVE('',#948,#956,#961,.T.);
#963=ORIENTED_EDGE('',*,*,#962,.T.);
#964=CARTESIAN_POINT('',(-2.5,6.55,0.5));
#965=VERTEX_POINT('',#964);
#966=CARTESIAN_POINT('',(25.,6.55,0.5));
#967=DIRECTION('',(-1.,0.,-0.));
#968=VECTOR('',#967,50.);
#969=LINE('',#966,#968);
#970=EDGE_CURVE('',#956,#965,#969,.T.);
#971=ORIENTED_EDGE('',*,*,#970,.T.);
#972=CARTESIAN_POINT('',(-3.5,6.55,1.5));
#973=VERTEX_POINT('',#972);
#974=CARTESIAN_POINT('',(-2.5,6.55,1.5));
#975=DIRECTION('',(-0.,1.,0.));
#976=DIRECTION('',(1.,0.,0.));
#977=AXIS2_PLACEMENT_3D('',#974,#975,#976);
#978=CIRCLE('',#977,1.);
#979=EDGE_CURVE('',#965,#973,#978,.T.);
#980=ORIENTED_EDGE('',*,*,#979,.T.);
#981=CARTESIAN_POINT('',(-3.5,6.55,4.436563253));
#982=VERTEX_POINT('',#981);
#983=CARTESIAN_POINT('',(-3.5,6.55,-53.707267319));
#984=DIRECTION('',(0.,0.,1.));
#985=VECTOR('',#984,29.365632529);
#986=LINE('',#983,#985);
#987=EDGE_CURVE('',#973,#982,#986,.T.);
#988=ORIENTED_EDGE('',*,*,#987,.T.);
#989=CARTESIAN_POINT('',(-4.,6.55,4.936563253));
#990=VERTEX_POINT('',#989);
#991=CARTESIAN_POINT('',(-4.,6.55,4.436563253));
#992=DIRECTION('',(0.,-1.,0.));
#993=DIRECTION('',(1.,0.,0.));
#994=AXIS2_PLACEMENT_3D('',#991,#992,#993);
#995=CIRCLE('',#994,0.5);
#996=EDGE_CURVE('',#982,#990,#995,.T.);
#997=ORIENTED_EDGE('',*,*,#996,.T.);
#998=CARTESIAN_POINT('',(-17.0275,6.55,4.936563253));
#999=DIRECTION('',(-1.,0.,0.));
#1000=VECTOR('',#999,20.);
#1001=LINE('',#998,#1000);
#1002=EDGE_CURVE('',#990,#859,#1001,.T.);
#1003=ORIENTED_EDGE('',*,*,#1002,.T.);
#1004=ORIENTED_EDGE('',*,*,#864,.F.);
#1005=EDGE_LOOP('',(#921,#929,#937,#946,#954,#963,#971,#980,#988,#997,#1003,#1004));
#1006=FACE_BOUND('',#1005,.T.);
#1007=ADVANCED_FACE('',(#1006),#920,.T.);
#1008=OVER_RIDING_STYLED_ITEM('',(#74),#1007,#26);
#1009=CARTESIAN_POINT('',(6.5,0.747619048,12.31));
#1010=DIRECTION('',(-0.,-1.,0.));
#1011=DIRECTION('',(0.707106781,0.,0.707106781));
#1012=AXIS2_PLACEMENT_3D('',#1009,#1010,#1011);
#1013=CYLINDRICAL_SURFACE('',#1012,0.5);
#1014=ORIENTED_EDGE('',*,*,#740,.T.);
#1015=CARTESIAN_POINT('',(7.,5.8,12.31));
#1016=VERTEX_POINT('',#1015);
#1017=CARTESIAN_POINT('',(7.,-53.228571429,12.31));
#1018=DIRECTION('',(0.,1.,-0.));
#1019=VECTOR('',#1018,104.5);
#1020=LINE('',#1017,#1019);
#1021=EDGE_CURVE('',#726,#1016,#1020,.T.);
#1022=ORIENTED_EDGE('',*,*,#1021,.T.);
#1023=CARTESIAN_POINT('',(6.5,5.8,12.81));
#1024=VERTEX_POINT('',#1023);
#1025=CARTESIAN_POINT('',(6.5,5.8,12.31));
#1026=DIRECTION('',(0.,-1.,0.));
#1027=DIRECTION('',(0.707106781,0.,0.707106781));
#1028=AXIS2_PLACEMENT_3D('',#1025,#1026,#1027);
#1029=CIRCLE('',#1028,0.5);
#1030=EDGE_CURVE('',#1016,#1024,#1029,.T.);
#1031=ORIENTED_EDGE('',*,*,#1030,.T.);
#1032=CARTESIAN_POINT('',(6.5,51.271428571,12.81));
#1033=DIRECTION('',(0.,-1.,0.));
#1034=VECTOR('',#1033,104.5);
#1035=LINE('',#1032,#1034);
#1036=EDGE_CURVE('',#1024,#734,#1035,.T.);
#1037=ORIENTED_EDGE('',*,*,#1036,.T.);
#1038=EDGE_LOOP('',(#1014,#1022,#1031,#1037));
#1039=FACE_BOUND('',#1038,.T.);
#1040=ADVANCED_FACE('',(#1039),#1013,.T.);
#1041=CARTESIAN_POINT('',(6.5,5.8,12.3));
#1042=DIRECTION('',(0.,1.,0.));
#1043=DIRECTION('',(-1.,0.,0.));
#1044=AXIS2_PLACEMENT_3D('',#1041,#1042,#1043);
#1045=PLANE('',#1044);
#1046=ORIENTED_EDGE('',*,*,#1030,.F.);
#1047=CARTESIAN_POINT('',(7.,5.8,0.474337997));
#1048=VERTEX_POINT('',#1047);
#1049=CARTESIAN_POINT('',(7.,5.8,12.4));
#1050=DIRECTION('',(0.,0.,-1.));
#1051=VECTOR('',#1050,118.356620031);
#1052=LINE('',#1049,#1051);
#1053=EDGE_CURVE('',#1016,#1048,#1052,.T.);
#1054=ORIENTED_EDGE('',*,*,#1053,.T.);
#1055=CARTESIAN_POINT('',(6.5,5.8,0.474337997));
#1056=VERTEX_POINT('',#1055);
#1057=CARTESIAN_POINT('',(9.25,5.8,0.474337997));
#1058=DIRECTION('',(-1.,0.,0.));
#1059=VECTOR('',#1058,5.);
#1060=LINE('',#1057,#1059);
#1061=EDGE_CURVE('',#1048,#1056,#1060,.T.);
#1062=ORIENTED_EDGE('',*,*,#1061,.T.);
#1063=CARTESIAN_POINT('',(6.5,5.8,12.3));
#1064=VERTEX_POINT('',#1063);
#1065=CARTESIAN_POINT('',(6.5,5.8,67.65));
#1066=DIRECTION('',(0.,0.,-1.));
#1067=VECTOR('',#1066,118.256620031);
#1068=LINE('',#1065,#1067);
#1069=EDGE_CURVE('',#1064,#1056,#1068,.T.);
#1070=ORIENTED_EDGE('',*,*,#1069,.F.);
#1071=CARTESIAN_POINT('',(6.,5.8,12.3));
#1072=VERTEX_POINT('',#1071);
#1073=CARTESIAN_POINT('',(30.75,5.8,12.3));
#1074=DIRECTION('',(1.,0.,-0.));
#1075=VECTOR('',#1074,5.);
#1076=LINE('',#1073,#1075);
#1077=EDGE_CURVE('',#1072,#1064,#1076,.T.);
#1078=ORIENTED_EDGE('',*,*,#1077,.F.);
#1079=CARTESIAN_POINT('',(6.,5.8,12.81));
#1080=VERTEX_POINT('',#1079);
#1081=CARTESIAN_POINT('',(6.,5.8,12.3));
#1082=DIRECTION('',(0.,0.,1.));
#1083=VECTOR('',#1082,5.1);
#1084=LINE('',#1081,#1083);
#1085=EDGE_CURVE('',#1072,#1080,#1084,.T.);
#1086=ORIENTED_EDGE('',*,*,#1085,.T.);
#1087=CARTESIAN_POINT('',(-3.,5.8,12.81));
#1088=DIRECTION('',(1.,0.,-0.));
#1089=VECTOR('',#1088,5.);
#1090=LINE('',#1087,#1089);
#1091=EDGE_CURVE('',#1080,#1024,#1090,.T.);
#1092=ORIENTED_EDGE('',*,*,#1091,.T.);
#1093=EDGE_LOOP('',(#1046,#1054,#1062,#1070,#1078,#1086,#1092));
#1094=FACE_BOUND('',#1093,.T.);
#1095=ADVANCED_FACE('',(#1094),#1045,.T.);
#1096=OVER_RIDING_STYLED_ITEM('',(#74),#1095,#26);
#1097=CARTESIAN_POINT('',(7.,0.575,12.3));
#1098=DIRECTION('',(1.,0.,0.));
#1099=DIRECTION('',(0.,1.,0.));
#1100=AXIS2_PLACEMENT_3D('',#1097,#1098,#1099);
#1101=PLANE('',#1100);
#1102=ORIENTED_EDGE('',*,*,#1021,.F.);
#1103=ORIENTED_EDGE('',*,*,#731,.T.);
#1104=CARTESIAN_POINT('',(7.,-1.95,0.474337997));
#1105=VERTEX_POINT('',#1104);
#1106=CARTESIAN_POINT('',(7.,-34.2375,0.474337997));
#1107=DIRECTION('',(0.,1.,0.));
#1108=VECTOR('',#1107,27.);
#1109=LINE('',#1106,#1108);
#1110=EDGE_CURVE('',#718,#1105,#1109,.T.);
#1111=ORIENTED_EDGE('',*,*,#1110,.T.);
#1112=CARTESIAN_POINT('',(7.,-1.95,-2.49));
#1113=VERTEX_POINT('',#1112);
#1114=CARTESIAN_POINT('',(7.,-1.95,-46.071380524));
#1115=DIRECTION('',(0.,0.,-1.));
#1116=VECTOR('',#1115,29.643379969);
#1117=LINE('',#1114,#1116);
#1118=EDGE_CURVE('',#1105,#1113,#1117,.T.);
#1119=ORIENTED_EDGE('',*,*,#1118,.T.);
#1120=CARTESIAN_POINT('',(7.,0.05,-2.49));
#1121=VERTEX_POINT('',#1120);
#1122=CARTESIAN_POINT('',(7.,-0.95,-2.49));
#1123=DIRECTION('',(1.,0.,0.));
#1124=DIRECTION('',(0.,0.,-1.));
#1125=AXIS2_PLACEMENT_3D('',#1122,#1123,#1124);
#1126=CIRCLE('',#1125,1.);
#1127=EDGE_CURVE('',#1113,#1121,#1126,.T.);
#1128=ORIENTED_EDGE('',*,*,#1127,.T.);
#1129=CARTESIAN_POINT('',(7.,0.05,0.474337997));
#1130=VERTEX_POINT('',#1129);
#1131=CARTESIAN_POINT('',(7.,0.05,-75.714760493));
#1132=DIRECTION('',(0.,-0.,1.));
#1133=VECTOR('',#1132,29.643379969);
#1134=LINE('',#1131,#1133);
#1135=EDGE_CURVE('',#1121,#1130,#1134,.T.);
#1136=ORIENTED_EDGE('',*,*,#1135,.T.);
#1137=CARTESIAN_POINT('',(7.,-15.25,0.474337997));
#1138=DIRECTION('',(0.,1.,0.));
#1139=VECTOR('',#1138,57.5);
#1140=LINE('',#1137,#1139);
#1141=EDGE_CURVE('',#1130,#1048,#1140,.T.);
#1142=ORIENTED_EDGE('',*,*,#1141,.T.);
#1143=ORIENTED_EDGE('',*,*,#1053,.F.);
#1144=EDGE_LOOP('',(#1102,#1103,#1111,#1119,#1128,#1136,#1142,#1143));
#1145=FACE_BOUND('',#1144,.T.);
#1146=ADVANCED_FACE('',(#1145),#1101,.T.);
#1147=OVER_RIDING_STYLED_ITEM('',(#74),#1146,#26);
#1148=CARTESIAN_POINT('',(-7.,-1.95,-1.007831002));
#1149=DIRECTION('',(0.,1.,0.));
#1150=DIRECTION('',(0.,0.,1.));
#1151=AXIS2_PLACEMENT_3D('',#1148,#1149,#1150);
#1152=PLANE('',#1151);
#1153=CARTESIAN_POINT('',(-6.5,-1.95,0.474337997));
#1154=VERTEX_POINT('',#1153);
#1155=CARTESIAN_POINT('',(-6.5,-1.95,9.278619476));
#1156=DIRECTION('',(0.,0.,-1.));
#1157=VECTOR('',#1156,4.743379969);
#1158=LINE('',#1155,#1157);
#1159=EDGE_CURVE('',#1154,#523,#1158,.T.);
#1160=ORIENTED_EDGE('',*,*,#1159,.F.);
#1161=CARTESIAN_POINT('',(-7.,-1.95,0.474337997));
#1162=DIRECTION('',(1.,0.,-0.));
#1163=VECTOR('',#1162,5.);
#1164=LINE('',#1161,#1163);
#1165=EDGE_CURVE('',#792,#1154,#1164,.T.);
#1166=ORIENTED_EDGE('',*,*,#1165,.F.);
#1167=ORIENTED_EDGE('',*,*,#797,.F.);
#1168=CARTESIAN_POINT('',(-6.5,-1.95,-2.49));
#1169=VERTEX_POINT('',#1168);
#1170=CARTESIAN_POINT('',(-7.,-1.95,-2.49));
#1171=DIRECTION('',(1.,0.,-0.));
#1172=VECTOR('',#1171,5.);
#1173=LINE('',#1170,#1172);
#1174=EDGE_CURVE('',#783,#1169,#1173,.T.);
#1175=ORIENTED_EDGE('',*,*,#1174,.T.);
#1176=CARTESIAN_POINT('',(-6.5,-1.95,-50.814760493));
#1177=DIRECTION('',(0.,0.,-1.));
#1178=VECTOR('',#1177,24.9);
#1179=LINE('',#1176,#1178);
#1180=EDGE_CURVE('',#523,#1169,#1179,.T.);
#1181=ORIENTED_EDGE('',*,*,#1180,.F.);
#1182=EDGE_LOOP('',(#1160,#1166,#1167,#1175,#1181));
#1183=FACE_BOUND('',#1182,.T.);
#1184=ADVANCED_FACE('',(#1183),#1152,.F.);
#1185=CARTESIAN_POINT('',(-7.,-0.95,-2.49));
#1186=DIRECTION('',(1.,0.,0.));
#1187=DIRECTION('',(0.,0.,-1.));
#1188=AXIS2_PLACEMENT_3D('',#1185,#1186,#1187);
#1189=CYLINDRICAL_SURFACE('',#1188,1.);
#1190=CARTESIAN_POINT('',(-6.5,0.05,-2.49));
#1191=VERTEX_POINT('',#1190);
#1192=CARTESIAN_POINT('',(-6.5,-0.95,-2.49));
#1193=DIRECTION('',(1.,0.,0.));
#1194=DIRECTION('',(0.,0.,-1.));
#1195=AXIS2_PLACEMENT_3D('',#1192,#1193,#1194);
#1196=CIRCLE('',#1195,1.);
#1197=EDGE_CURVE('',#1169,#1191,#1196,.T.);
#1198=ORIENTED_EDGE('',*,*,#1197,.F.);
#1199=ORIENTED_EDGE('',*,*,#1174,.F.);
#1200=ORIENTED_EDGE('',*,*,#789,.F.);
#1201=CARTESIAN_POINT('',(-7.,0.05,-2.49));
#1202=DIRECTION('',(1.,0.,-0.));
#1203=VECTOR('',#1202,5.);
#1204=LINE('',#1201,#1203);
#1205=EDGE_CURVE('',#775,#1191,#1204,.T.);
#1206=ORIENTED_EDGE('',*,*,#1205,.T.);
#1207=EDGE_LOOP('',(#1198,#1199,#1200,#1206));
#1208=FACE_BOUND('',#1207,.T.);
#1209=ADVANCED_FACE('',(#1208),#1189,.T.);
#1210=CARTESIAN_POINT('',(-7.,0.05,-1.007831002));
#1211=DIRECTION('',(0.,-1.,-0.));
#1212=DIRECTION('',(0.,0.,-1.));
#1213=AXIS2_PLACEMENT_3D('',#1210,#1211,#1212);
#1214=PLANE('',#1213);
#1215=CARTESIAN_POINT('',(-6.5,0.05,-75.714760493));
#1216=DIRECTION('',(0.,-0.,1.));
#1217=VECTOR('',#1216,24.9);
#1218=LINE('',#1215,#1217);
#1219=EDGE_CURVE('',#1191,#531,#1218,.T.);
#1220=ORIENTED_EDGE('',*,*,#1219,.F.);
#1221=ORIENTED_EDGE('',*,*,#1205,.F.);
#1222=ORIENTED_EDGE('',*,*,#780,.F.);
#1223=CARTESIAN_POINT('',(-6.5,0.05,0.474337997));
#1224=VERTEX_POINT('',#1223);
#1225=CARTESIAN_POINT('',(-7.,0.05,0.474337997));
#1226=DIRECTION('',(1.,0.,-0.));
#1227=VECTOR('',#1226,5.);
#1228=LINE('',#1225,#1227);
#1229=EDGE_CURVE('',#767,#1224,#1228,.T.);
#1230=ORIENTED_EDGE('',*,*,#1229,.T.);
#1231=CARTESIAN_POINT('',(-6.5,0.05,4.535239507));
#1232=DIRECTION('',(0.,-0.,1.));
#1233=VECTOR('',#1232,4.743379969);
#1234=LINE('',#1231,#1233);
#1235=EDGE_CURVE('',#531,#1224,#1234,.T.);
#1236=ORIENTED_EDGE('',*,*,#1235,.F.);
#1237=EDGE_LOOP('',(#1220,#1221,#1222,#1230,#1236));
#1238=FACE_BOUND('',#1237,.T.);
#1239=ADVANCED_FACE('',(#1238),#1214,.F.);
#1240=CARTESIAN_POINT('',(-7.,2.925,0.474337997));
#1241=DIRECTION('',(0.,0.,1.));
#1242=DIRECTION('',(0.,-1.,0.));
#1243=AXIS2_PLACEMENT_3D('',#1240,#1241,#1242);
#1244=PLANE('',#1243);
#1245=CARTESIAN_POINT('',(-6.5,5.8,0.474337997));
#1246=VERTEX_POINT('',#1245);
#1247=CARTESIAN_POINT('',(-6.5,-12.6625,0.474337997));
#1248=DIRECTION('',(0.,1.,0.));
#1249=VECTOR('',#1248,57.5);
#1250=LINE('',#1247,#1249);
#1251=EDGE_CURVE('',#1224,#1246,#1250,.T.);
#1252=ORIENTED_EDGE('',*,*,#1251,.F.);
#1253=ORIENTED_EDGE('',*,*,#1229,.F.);
#1254=ORIENTED_EDGE('',*,*,#772,.F.);
#1255=CARTESIAN_POINT('',(-4.25,5.8,0.474337997));
#1256=DIRECTION('',(-1.,0.,0.));
#1257=VECTOR('',#1256,5.);
#1258=LINE('',#1255,#1257);
#1259=EDGE_CURVE('',#1246,#759,#1258,.T.);
#1260=ORIENTED_EDGE('',*,*,#1259,.F.);
#1261=EDGE_LOOP('',(#1252,#1253,#1254,#1260));
#1262=FACE_BOUND('',#1261,.T.);
#1263=ADVANCED_FACE('',(#1262),#1244,.F.);
#1264=CARTESIAN_POINT('',(-7.,-3.3,0.474337997));
#1265=DIRECTION('',(0.,0.,1.));
#1266=DIRECTION('',(0.,-1.,0.));
#1267=AXIS2_PLACEMENT_3D('',#1264,#1265,#1266);
#1268=PLANE('',#1267);
#1269=CARTESIAN_POINT('',(-6.5,-31.65,0.474337997));
#1270=DIRECTION('',(0.,1.,0.));
#1271=VECTOR('',#1270,27.);
#1272=LINE('',#1269,#1271);
#1273=EDGE_CURVE('',#686,#1154,#1272,.T.);
#1274=ORIENTED_EDGE('',*,*,#1273,.F.);
#1275=ORIENTED_EDGE('',*,*,#691,.F.);
#1276=ORIENTED_EDGE('',*,*,#803,.F.);
#1277=ORIENTED_EDGE('',*,*,#1165,.T.);
#1278=EDGE_LOOP('',(#1274,#1275,#1276,#1277));
#1279=FACE_BOUND('',#1278,.T.);
#1280=ADVANCED_FACE('',(#1279),#1268,.F.);
#1281=CARTESIAN_POINT('',(-6.5,0.575,12.3));
#1282=DIRECTION('',(1.,0.,0.));
#1283=DIRECTION('',(0.,-1.,0.));
#1284=AXIS2_PLACEMENT_3D('',#1281,#1282,#1283);
#1285=PLANE('',#1284);
#1286=ORIENTED_EDGE('',*,*,#1180,.T.);
#1287=ORIENTED_EDGE('',*,*,#1197,.T.);
#1288=ORIENTED_EDGE('',*,*,#1219,.T.);
#1289=ORIENTED_EDGE('',*,*,#536,.T.);
#1290=EDGE_LOOP('',(#1286,#1287,#1288,#1289));
#1291=FACE_BOUND('',#1290,.T.);
#1292=ADVANCED_FACE('',(#1291),#1285,.T.);
#1293=CARTESIAN_POINT('',(7.,2.925,0.474337997));
#1294=DIRECTION('',(0.,0.,1.));
#1295=DIRECTION('',(0.,1.,0.));
#1296=AXIS2_PLACEMENT_3D('',#1293,#1294,#1295);
#1297=PLANE('',#1296);
#1298=CARTESIAN_POINT('',(6.5,0.05,0.474337997));
#1299=VERTEX_POINT('',#1298);
#1300=CARTESIAN_POINT('',(6.5,42.25,0.474337997));
#1301=DIRECTION('',(0.,-1.,0.));
#1302=VECTOR('',#1301,57.5);
#1303=LINE('',#1300,#1302);
#1304=EDGE_CURVE('',#1056,#1299,#1303,.T.);
#1305=ORIENTED_EDGE('',*,*,#1304,.F.);
#1306=ORIENTED_EDGE('',*,*,#1061,.F.);
#1307=ORIENTED_EDGE('',*,*,#1141,.F.);
#1308=CARTESIAN_POINT('',(7.,0.05,0.474337997));
#1309=DIRECTION('',(-1.,0.,0.));
#1310=VECTOR('',#1309,5.);
#1311=LINE('',#1308,#1310);
#1312=EDGE_CURVE('',#1130,#1299,#1311,.T.);
#1313=ORIENTED_EDGE('',*,*,#1312,.T.);
#1314=EDGE_LOOP('',(#1305,#1306,#1307,#1313));
#1315=FACE_BOUND('',#1314,.T.);
#1316=ADVANCED_FACE('',(#1315),#1297,.F.);
#1317=CARTESIAN_POINT('',(7.,0.05,-1.007831002));
#1318=DIRECTION('',(0.,-1.,-0.));
#1319=DIRECTION('',(0.,-0.,1.));
#1320=AXIS2_PLACEMENT_3D('',#1317,#1318,#1319);
#1321=PLANE('',#1320);
#1322=CARTESIAN_POINT('',(6.5,0.05,-46.071380524));
#1323=DIRECTION('',(0.,0.,-1.));
#1324=VECTOR('',#1323,4.743379969);
#1325=LINE('',#1322,#1324);
#1326=EDGE_CURVE('',#1299,#555,#1325,.T.);
#1327=ORIENTED_EDGE('',*,*,#1326,.F.);
#1328=ORIENTED_EDGE('',*,*,#1312,.F.);
#1329=ORIENTED_EDGE('',*,*,#1135,.F.);
#1330=CARTESIAN_POINT('',(6.5,0.05,-2.49));
#1331=VERTEX_POINT('',#1330);
#1332=CARTESIAN_POINT('',(7.,0.05,-2.49));
#1333=DIRECTION('',(-1.,0.,0.));
#1334=VECTOR('',#1333,5.);
#1335=LINE('',#1332,#1334);
#1336=EDGE_CURVE('',#1121,#1331,#1335,.T.);
#1337=ORIENTED_EDGE('',*,*,#1336,.T.);
#1338=CARTESIAN_POINT('',(6.5,0.05,-50.814760493));
#1339=DIRECTION('',(0.,0.,-1.));
#1340=VECTOR('',#1339,24.9);
#1341=LINE('',#1338,#1340);
#1342=EDGE_CURVE('',#555,#1331,#1341,.T.);
#1343=ORIENTED_EDGE('',*,*,#1342,.F.);
#1344=EDGE_LOOP('',(#1327,#1328,#1329,#1337,#1343));
#1345=FACE_BOUND('',#1344,.T.);
#1346=ADVANCED_FACE('',(#1345),#1321,.F.);
#1347=CARTESIAN_POINT('',(7.,-0.95,-2.49));
#1348=DIRECTION('',(-1.,0.,0.));
#1349=DIRECTION('',(0.,0.,-1.));
#1350=AXIS2_PLACEMENT_3D('',#1347,#1348,#1349);
#1351=CYLINDRICAL_SURFACE('',#1350,1.);
#1352=CARTESIAN_POINT('',(6.5,-1.95,-2.49));
#1353=VERTEX_POINT('',#1352);
#1354=CARTESIAN_POINT('',(6.5,-0.95,-2.49));
#1355=DIRECTION('',(-1.,0.,0.));
#1356=DIRECTION('',(0.,0.,-1.));
#1357=AXIS2_PLACEMENT_3D('',#1354,#1355,#1356);
#1358=CIRCLE('',#1357,1.);
#1359=EDGE_CURVE('',#1331,#1353,#1358,.T.);
#1360=ORIENTED_EDGE('',*,*,#1359,.F.);
#1361=ORIENTED_EDGE('',*,*,#1336,.F.);
#1362=ORIENTED_EDGE('',*,*,#1127,.F.);
#1363=CARTESIAN_POINT('',(7.,-1.95,-2.49));
#1364=DIRECTION('',(-1.,0.,0.));
#1365=VECTOR('',#1364,5.);
#1366=LINE('',#1363,#1365);
#1367=EDGE_CURVE('',#1113,#1353,#1366,.T.);
#1368=ORIENTED_EDGE('',*,*,#1367,.T.);
#1369=EDGE_LOOP('',(#1360,#1361,#1362,#1368));
#1370=FACE_BOUND('',#1369,.T.);
#1371=ADVANCED_FACE('',(#1370),#1351,.T.);
#1372=CARTESIAN_POINT('',(7.,-1.95,-1.007831002));
#1373=DIRECTION('',(0.,1.,0.));
#1374=DIRECTION('',(0.,0.,-1.));
#1375=AXIS2_PLACEMENT_3D('',#1372,#1373,#1374);
#1376=PLANE('',#1375);
#1377=CARTESIAN_POINT('',(6.5,-1.95,-75.714760493));
#1378=DIRECTION('',(0.,0.,1.));
#1379=VECTOR('',#1378,24.9);
#1380=LINE('',#1377,#1379);
#1381=EDGE_CURVE('',#1353,#563,#1380,.T.);
#1382=ORIENTED_EDGE('',*,*,#1381,.F.);
#1383=ORIENTED_EDGE('',*,*,#1367,.F.);
#1384=ORIENTED_EDGE('',*,*,#1118,.F.);
#1385=CARTESIAN_POINT('',(6.5,-1.95,0.474337997));
#1386=VERTEX_POINT('',#1385);
#1387=CARTESIAN_POINT('',(7.,-1.95,0.474337997));
#1388=DIRECTION('',(-1.,0.,0.));
#1389=VECTOR('',#1388,5.);
#1390=LINE('',#1387,#1389);
#1391=EDGE_CURVE('',#1105,#1386,#1390,.T.);
#1392=ORIENTED_EDGE('',*,*,#1391,.T.);
#1393=CARTESIAN_POINT('',(6.5,-1.95,-50.814760493));
#1394=DIRECTION('',(0.,0.,1.));
#1395=VECTOR('',#1394,4.743379969);
#1396=LINE('',#1393,#1395);
#1397=EDGE_CURVE('',#563,#1386,#1396,.T.);
#1398=ORIENTED_EDGE('',*,*,#1397,.F.);
#1399=EDGE_LOOP('',(#1382,#1383,#1384,#1392,#1398));
#1400=FACE_BOUND('',#1399,.T.);
#1401=ADVANCED_FACE('',(#1400),#1376,.F.);
#1402=CARTESIAN_POINT('',(7.,-3.3,0.474337997));
#1403=DIRECTION('',(0.,0.,1.));
#1404=DIRECTION('',(0.,1.,0.));
#1405=AXIS2_PLACEMENT_3D('',#1402,#1403,#1404);
#1406=PLANE('',#1405);
#1407=CARTESIAN_POINT('',(6.5,-7.2375,0.474337997));
#1408=DIRECTION('',(0.,-1.,0.));
#1409=VECTOR('',#1408,27.);
#1410=LINE('',#1407,#1409);
#1411=EDGE_CURVE('',#1386,#710,#1410,.T.);
#1412=ORIENTED_EDGE('',*,*,#1411,.F.);
#1413=ORIENTED_EDGE('',*,*,#1391,.F.);
#1414=ORIENTED_EDGE('',*,*,#1110,.F.);
#1415=ORIENTED_EDGE('',*,*,#723,.F.);
#1416=EDGE_LOOP('',(#1412,#1413,#1414,#1415));
#1417=FACE_BOUND('',#1416,.T.);
#1418=ADVANCED_FACE('',(#1417),#1406,.F.);
#1419=CARTESIAN_POINT('',(4.,6.61,4.436563253));
#1420=DIRECTION('',(0.,-1.,0.));
#1421=DIRECTION('',(1.,0.,0.));
#1422=AXIS2_PLACEMENT_3D('',#1419,#1420,#1421);
#1423=CYLINDRICAL_SURFACE('',#1422,0.5);
#1424=ORIENTED_EDGE('',*,*,#945,.F.);
#1425=CARTESIAN_POINT('',(4.,6.05,4.936563253));
#1426=VERTEX_POINT('',#1425);
#1427=CARTESIAN_POINT('',(4.,6.01,4.936563253));
#1428=DIRECTION('',(0.,-1.,0.));
#1429=VECTOR('',#1428,5.);
#1430=LINE('',#1427,#1429);
#1431=EDGE_CURVE('',#931,#1426,#1430,.T.);
#1432=ORIENTED_EDGE('',*,*,#1431,.T.);
#1433=CARTESIAN_POINT('',(3.5,6.05,4.436563253));
#1434=VERTEX_POINT('',#1433);
#1435=CARTESIAN_POINT('',(4.,6.05,4.436563253));
#1436=DIRECTION('',(-0.,1.,0.));
#1437=DIRECTION('',(1.,0.,0.));
#1438=AXIS2_PLACEMENT_3D('',#1435,#1436,#1437);
#1439=CIRCLE('',#1438,0.5);
#1440=EDGE_CURVE('',#1434,#1426,#1439,.T.);
#1441=ORIENTED_EDGE('',*,*,#1440,.F.);
#1442=CARTESIAN_POINT('',(3.5,6.01,4.436563253));
#1443=DIRECTION('',(0.,-1.,0.));
#1444=VECTOR('',#1443,5.);
#1445=LINE('',#1442,#1444);
#1446=EDGE_CURVE('',#939,#1434,#1445,.T.);
#1447=ORIENTED_EDGE('',*,*,#1446,.F.);
#1448=EDGE_LOOP('',(#1424,#1432,#1441,#1447));
#1449=FACE_BOUND('',#1448,.T.);
#1450=ADVANCED_FACE('',(#1449),#1423,.F.);
#1451=CARTESIAN_POINT('',(3.5,6.61,2.968281626));
#1452=DIRECTION('',(-1.,0.,0.));
#1453=DIRECTION('',(0.,0.,-1.));
#1454=AXIS2_PLACEMENT_3D('',#1451,#1452,#1453);
#1455=PLANE('',#1454);
#1456=ORIENTED_EDGE('',*,*,#953,.F.);
#1457=ORIENTED_EDGE('',*,*,#1446,.T.);
#1458=CARTESIAN_POINT('',(3.5,6.05,1.5));
#1459=VERTEX_POINT('',#1458);
#1460=CARTESIAN_POINT('',(3.5,6.05,-53.707267319));
#1461=DIRECTION('',(0.,0.,1.));
#1462=VECTOR('',#1461,29.365632529);
#1463=LINE('',#1460,#1462);
#1464=EDGE_CURVE('',#1459,#1434,#1463,.T.);
#1465=ORIENTED_EDGE('',*,*,#1464,.F.);
#1466=CARTESIAN_POINT('',(3.5,6.01,1.5));
#1467=DIRECTION('',(0.,-1.,0.));
#1468=VECTOR('',#1467,5.);
#1469=LINE('',#1466,#1468);
#1470=EDGE_CURVE('',#948,#1459,#1469,.T.);
#1471=ORIENTED_EDGE('',*,*,#1470,.F.);
#1472=EDGE_LOOP('',(#1456,#1457,#1465,#1471));
#1473=FACE_BOUND('',#1472,.T.);
#1474=ADVANCED_FACE('',(#1473),#1455,.F.);
#1475=CARTESIAN_POINT('',(2.5,6.61,1.5));
#1476=DIRECTION('',(0.,-1.,0.));
#1477=DIRECTION('',(1.,0.,0.));
#1478=AXIS2_PLACEMENT_3D('',#1475,#1476,#1477);
#1479=CYLINDRICAL_SURFACE('',#1478,1.);
#1480=ORIENTED_EDGE('',*,*,#962,.F.);
#1481=ORIENTED_EDGE('',*,*,#1470,.T.);
#1482=CARTESIAN_POINT('',(2.5,6.05,0.5));
#1483=VERTEX_POINT('',#1482);
#1484=CARTESIAN_POINT('',(2.5,6.05,1.5));
#1485=DIRECTION('',(0.,-1.,0.));
#1486=DIRECTION('',(1.,0.,0.));
#1487=AXIS2_PLACEMENT_3D('',#1484,#1485,#1486);
#1488=CIRCLE('',#1487,1.);
#1489=EDGE_CURVE('',#1483,#1459,#1488,.T.);
#1490=ORIENTED_EDGE('',*,*,#1489,.F.);
#1491=CARTESIAN_POINT('',(2.5,6.01,0.5));
#1492=DIRECTION('',(0.,-1.,0.));
#1493=VECTOR('',#1492,5.);
#1494=LINE('',#1491,#1493);
#1495=EDGE_CURVE('',#956,#1483,#1494,.T.);
#1496=ORIENTED_EDGE('',*,*,#1495,.F.);
#1497=EDGE_LOOP('',(#1480,#1481,#1490,#1496));
#1498=FACE_BOUND('',#1497,.T.);
#1499=ADVANCED_FACE('',(#1498),#1479,.T.);
#1500=CARTESIAN_POINT('',(0.,6.61,0.5));
#1501=DIRECTION('',(-0.,0.,1.));
#1502=DIRECTION('',(-1.,0.,-0.));
#1503=AXIS2_PLACEMENT_3D('',#1500,#1501,#1502);
#1504=PLANE('',#1503);
#1505=ORIENTED_EDGE('',*,*,#970,.F.);
#1506=ORIENTED_EDGE('',*,*,#1495,.T.);
#1507=CARTESIAN_POINT('',(-2.5,6.05,0.5));
#1508=VERTEX_POINT('',#1507);
#1509=CARTESIAN_POINT('',(-25.,6.05,0.5));
#1510=DIRECTION('',(1.,0.,0.));
#1511=VECTOR('',#1510,50.);
#1512=LINE('',#1509,#1511);
#1513=EDGE_CURVE('',#1508,#1483,#1512,.T.);
#1514=ORIENTED_EDGE('',*,*,#1513,.F.);
#1515=CARTESIAN_POINT('',(-2.5,6.01,0.5));
#1516=DIRECTION('',(0.,-1.,0.));
#1517=VECTOR('',#1516,5.);
#1518=LINE('',#1515,#1517);
#1519=EDGE_CURVE('',#965,#1508,#1518,.T.);
#1520=ORIENTED_EDGE('',*,*,#1519,.F.);
#1521=EDGE_LOOP('',(#1505,#1506,#1514,#1520));
#1522=FACE_BOUND('',#1521,.T.);
#1523=ADVANCED_FACE('',(#1522),#1504,.F.);
#1524=CARTESIAN_POINT('',(-2.5,6.61,1.5));
#1525=DIRECTION('',(0.,-1.,0.));
#1526=DIRECTION('',(1.,0.,0.));
#1527=AXIS2_PLACEMENT_3D('',#1524,#1525,#1526);
#1528=CYLINDRICAL_SURFACE('',#1527,1.);
#1529=ORIENTED_EDGE('',*,*,#979,.F.);
#1530=ORIENTED_EDGE('',*,*,#1519,.T.);
#1531=CARTESIAN_POINT('',(-3.5,6.05,1.5));
#1532=VERTEX_POINT('',#1531);
#1533=CARTESIAN_POINT('',(-2.5,6.05,1.5));
#1534=DIRECTION('',(0.,-1.,0.));
#1535=DIRECTION('',(1.,0.,0.));
#1536=AXIS2_PLACEMENT_3D('',#1533,#1534,#1535);
#1537=CIRCLE('',#1536,1.);
#1538=EDGE_CURVE('',#1532,#1508,#1537,.T.);
#1539=ORIENTED_EDGE('',*,*,#1538,.F.);
#1540=CARTESIAN_POINT('',(-3.5,6.01,1.5));
#1541=DIRECTION('',(0.,-1.,0.));
#1542=VECTOR('',#1541,5.);
#1543=LINE('',#1540,#1542);
#1544=EDGE_CURVE('',#973,#1532,#1543,.T.);
#1545=ORIENTED_EDGE('',*,*,#1544,.F.);
#1546=EDGE_LOOP('',(#1529,#1530,#1539,#1545));
#1547=FACE_BOUND('',#1546,.T.);
#1548=ADVANCED_FACE('',(#1547),#1528,.T.);
#1549=CARTESIAN_POINT('',(-3.5,6.61,2.968281626));
#1550=DIRECTION('',(1.,0.,0.));
#1551=DIRECTION('',(0.,0.,1.));
#1552=AXIS2_PLACEMENT_3D('',#1549,#1550,#1551);
#1553=PLANE('',#1552);
#1554=ORIENTED_EDGE('',*,*,#987,.F.);
#1555=ORIENTED_EDGE('',*,*,#1544,.T.);
#1556=CARTESIAN_POINT('',(-3.5,6.05,4.436563253));
#1557=VERTEX_POINT('',#1556);
#1558=CARTESIAN_POINT('',(-3.5,6.05,-24.34163479));
#1559=DIRECTION('',(0.,0.,-1.));
#1560=VECTOR('',#1559,29.365632529);
#1561=LINE('',#1558,#1560);
#1562=EDGE_CURVE('',#1557,#1532,#1561,.T.);
#1563=ORIENTED_EDGE('',*,*,#1562,.F.);
#1564=CARTESIAN_POINT('',(-3.5,6.01,4.436563253));
#1565=DIRECTION('',(0.,-1.,0.));
#1566=VECTOR('',#1565,5.);
#1567=LINE('',#1564,#1566);
#1568=EDGE_CURVE('',#982,#1557,#1567,.T.);
#1569=ORIENTED_EDGE('',*,*,#1568,.F.);
#1570=EDGE_LOOP('',(#1554,#1555,#1563,#1569));
#1571=FACE_BOUND('',#1570,.T.);
#1572=ADVANCED_FACE('',(#1571),#1553,.F.);
#1573=CARTESIAN_POINT('',(-5.105,6.61,4.936563253));
#1574=DIRECTION('',(0.,0.,1.));
#1575=DIRECTION('',(-1.,0.,0.));
#1576=AXIS2_PLACEMENT_3D('',#1573,#1574,#1575);
#1577=PLANE('',#1576);
#1578=ORIENTED_EDGE('',*,*,#1002,.F.);
#1579=CARTESIAN_POINT('',(-4.,6.05,4.936563253));
#1580=VERTEX_POINT('',#1579);
#1581=CARTESIAN_POINT('',(-4.,6.01,4.936563253));
#1582=DIRECTION('',(0.,-1.,0.));
#1583=VECTOR('',#1582,5.);
#1584=LINE('',#1581,#1583);
#1585=EDGE_CURVE('',#990,#1580,#1584,.T.);
#1586=ORIENTED_EDGE('',*,*,#1585,.T.);
#1587=CARTESIAN_POINT('',(-37.0275,6.05,4.936563253));
#1588=DIRECTION('',(1.,0.,-0.));
#1589=VECTOR('',#1588,20.);
#1590=LINE('',#1587,#1589);
#1591=EDGE_CURVE('',#867,#1580,#1590,.T.);
#1592=ORIENTED_EDGE('',*,*,#1591,.F.);
#1593=ORIENTED_EDGE('',*,*,#872,.F.);
#1594=EDGE_LOOP('',(#1578,#1586,#1592,#1593));
#1595=FACE_BOUND('',#1594,.T.);
#1596=ADVANCED_FACE('',(#1595),#1577,.F.);
#1597=CARTESIAN_POINT('',(-4.,6.61,4.436563253));
#1598=DIRECTION('',(0.,-1.,0.));
#1599=DIRECTION('',(1.,0.,0.));
#1600=AXIS2_PLACEMENT_3D('',#1597,#1598,#1599);
#1601=CYLINDRICAL_SURFACE('',#1600,0.5);
#1602=ORIENTED_EDGE('',*,*,#996,.F.);
#1603=ORIENTED_EDGE('',*,*,#1568,.T.);
#1604=CARTESIAN_POINT('',(-4.,6.05,4.436563253));
#1605=DIRECTION('',(-0.,1.,0.));
#1606=DIRECTION('',(1.,0.,0.));
#1607=AXIS2_PLACEMENT_3D('',#1604,#1605,#1606);
#1608=CIRCLE('',#1607,0.5);
#1609=EDGE_CURVE('',#1580,#1557,#1608,.T.);
#1610=ORIENTED_EDGE('',*,*,#1609,.F.);
#1611=ORIENTED_EDGE('',*,*,#1585,.F.);
#1612=EDGE_LOOP('',(#1602,#1603,#1610,#1611));
#1613=FACE_BOUND('',#1612,.T.);
#1614=ADVANCED_FACE('',(#1613),#1601,.F.);
#1615=CARTESIAN_POINT('',(5.105,6.61,4.936563253));
#1616=DIRECTION('',(0.,0.,1.));
#1617=DIRECTION('',(-1.,0.,0.));
#1618=AXIS2_PLACEMENT_3D('',#1615,#1616,#1617);
#1619=PLANE('',#1618);
#1620=ORIENTED_EDGE('',*,*,#936,.F.);
#1621=CARTESIAN_POINT('',(6.,6.05,4.936563253));
#1622=VERTEX_POINT('',#1621);
#1623=CARTESIAN_POINT('',(6.,2.9675,4.936563253));
#1624=DIRECTION('',(0.,1.,0.));
#1625=VECTOR('',#1624,5.);
#1626=LINE('',#1623,#1625);
#1627=EDGE_CURVE('',#1622,#923,#1626,.T.);
#1628=ORIENTED_EDGE('',*,*,#1627,.F.);
#1629=CARTESIAN_POINT('',(17.0275,6.05,4.936563253));
#1630=DIRECTION('',(1.,0.,-0.));
#1631=VECTOR('',#1630,20.);
#1632=LINE('',#1629,#1631);
#1633=EDGE_CURVE('',#1426,#1622,#1632,.T.);
#1634=ORIENTED_EDGE('',*,*,#1633,.F.);
#1635=ORIENTED_EDGE('',*,*,#1431,.F.);
#1636=EDGE_LOOP('',(#1620,#1628,#1634,#1635));
#1637=FACE_BOUND('',#1636,.T.);
#1638=ADVANCED_FACE('',(#1637),#1619,.F.);
#1639=CARTESIAN_POINT('',(6.5,0.575,12.3));
#1640=DIRECTION('',(-1.,0.,0.));
#1641=DIRECTION('',(0.,1.,0.));
#1642=AXIS2_PLACEMENT_3D('',#1639,#1640,#1641);
#1643=PLANE('',#1642);
#1644=ORIENTED_EDGE('',*,*,#1381,.T.);
#1645=ORIENTED_EDGE('',*,*,#568,.T.);
#1646=ORIENTED_EDGE('',*,*,#1342,.T.);
#1647=ORIENTED_EDGE('',*,*,#1359,.T.);
#1648=EDGE_LOOP('',(#1644,#1645,#1646,#1647));
#1649=FACE_BOUND('',#1648,.T.);
#1650=ADVANCED_FACE('',(#1649),#1643,.T.);
#1651=CARTESIAN_POINT('',(0.,6.05,12.3));
#1652=DIRECTION('',(0.,-1.,0.));
#1653=DIRECTION('',(-1.,0.,0.));
#1654=AXIS2_PLACEMENT_3D('',#1651,#1652,#1653);
#1655=PLANE('',#1654);
#1656=ORIENTED_EDGE('',*,*,#1633,.T.);
#1657=CARTESIAN_POINT('',(6.,6.05,12.3));
#1658=VERTEX_POINT('',#1657);
#1659=CARTESIAN_POINT('',(6.,6.05,12.3));
#1660=DIRECTION('',(0.,0.,-1.));
#1661=VECTOR('',#1660,73.634367471);
#1662=LINE('',#1659,#1661);
#1663=EDGE_CURVE('',#1658,#1622,#1662,.T.);
#1664=ORIENTED_EDGE('',*,*,#1663,.F.);
#1665=CARTESIAN_POINT('',(-60.,6.05,12.3));
#1666=DIRECTION('',(1.,0.,-0.));
#1667=VECTOR('',#1666,120.);
#1668=LINE('',#1665,#1667);
#1669=EDGE_CURVE('',#875,#1658,#1668,.T.);
#1670=ORIENTED_EDGE('',*,*,#1669,.F.);
#1671=ORIENTED_EDGE('',*,*,#880,.T.);
#1672=ORIENTED_EDGE('',*,*,#1591,.T.);
#1673=ORIENTED_EDGE('',*,*,#1609,.T.);
#1674=ORIENTED_EDGE('',*,*,#1562,.T.);
#1675=ORIENTED_EDGE('',*,*,#1538,.T.);
#1676=ORIENTED_EDGE('',*,*,#1513,.T.);
#1677=ORIENTED_EDGE('',*,*,#1489,.T.);
#1678=ORIENTED_EDGE('',*,*,#1464,.T.);
#1679=ORIENTED_EDGE('',*,*,#1440,.T.);
#1680=EDGE_LOOP('',(#1656,#1664,#1670,#1671,#1672,#1673,#1674,#1675,#1676,#1677,#1678,#1679));
#1681=FACE_BOUND('',#1680,.T.);
#1682=ADVANCED_FACE('',(#1681),#1655,.T.);
#1683=CARTESIAN_POINT('',(-6.5,0.65,0.));
#1684=DIRECTION('',(-1.,0.,0.));
#1685=DIRECTION('',(0.,-1.,0.));
#1686=AXIS2_PLACEMENT_3D('',#1683,#1684,#1685);
#1687=PLANE('',#1686);
#1688=ORIENTED_EDGE('',*,*,#699,.T.);
#1689=ORIENTED_EDGE('',*,*,#1273,.T.);
#1690=ORIENTED_EDGE('',*,*,#1159,.T.);
#1691=ORIENTED_EDGE('',*,*,#528,.T.);
#1692=CARTESIAN_POINT('',(-6.5,-4.7,12.3));
#1693=VERTEX_POINT('',#1692);
#1694=CARTESIAN_POINT('',(-6.5,-4.7,0.));
#1695=DIRECTION('',(0.,0.,1.));
#1696=VECTOR('',#1695,123.);
#1697=LINE('',#1694,#1696);
#1698=EDGE_CURVE('',#515,#1693,#1697,.T.);
#1699=ORIENTED_EDGE('',*,*,#1698,.T.);
#1700=CARTESIAN_POINT('',(-6.5,-52.85,12.3));
#1701=DIRECTION('',(0.,1.,0.));
#1702=VECTOR('',#1701,0.5);
#1703=LINE('',#1700,#1702);
#1704=EDGE_CURVE('',#1693,#694,#1703,.T.);
#1705=ORIENTED_EDGE('',*,*,#1704,.T.);
#1706=EDGE_LOOP('',(#1688,#1689,#1690,#1691,#1699,#1705));
#1707=FACE_BOUND('',#1706,.T.);
#1708=ADVANCED_FACE('',(#1707),#1687,.T.);
#1709=OVER_RIDING_STYLED_ITEM('',(#627),#1708,#26);
#1710=CARTESIAN_POINT('',(-6.5,0.65,0.));
#1711=DIRECTION('',(-1.,0.,0.));
#1712=DIRECTION('',(0.,-1.,0.));
#1713=AXIS2_PLACEMENT_3D('',#1710,#1711,#1712);
#1714=PLANE('',#1713);
#1715=ORIENTED_EDGE('',*,*,#544,.T.);
#1716=ORIENTED_EDGE('',*,*,#1235,.T.);
#1717=ORIENTED_EDGE('',*,*,#1251,.T.);
#1718=CARTESIAN_POINT('',(-6.5,5.8,12.3));
#1719=VERTEX_POINT('',#1718);
#1720=CARTESIAN_POINT('',(-6.5,5.8,-50.606620031));
#1721=DIRECTION('',(0.,0.,1.));
#1722=VECTOR('',#1721,118.256620031);
#1723=LINE('',#1720,#1722);
#1724=EDGE_CURVE('',#1246,#1719,#1723,.T.);
#1725=ORIENTED_EDGE('',*,*,#1724,.T.);
#1726=CARTESIAN_POINT('',(-6.5,6.,12.3));
#1727=VERTEX_POINT('',#1726);
#1728=CARTESIAN_POINT('',(-6.5,52.15,12.3));
#1729=DIRECTION('',(0.,1.,0.));
#1730=VECTOR('',#1729,2.);
#1731=LINE('',#1728,#1730);
#1732=EDGE_CURVE('',#1719,#1727,#1731,.T.);
#1733=ORIENTED_EDGE('',*,*,#1732,.T.);
#1734=CARTESIAN_POINT('',(-6.5,6.,0.));
#1735=DIRECTION('',(0.,0.,1.));
#1736=VECTOR('',#1735,123.);
#1737=LINE('',#1734,#1736);
#1738=EDGE_CURVE('',#539,#1727,#1737,.T.);
#1739=ORIENTED_EDGE('',*,*,#1738,.F.);
#1740=EDGE_LOOP('',(#1715,#1716,#1717,#1725,#1733,#1739));
#1741=FACE_BOUND('',#1740,.T.);
#1742=ADVANCED_FACE('',(#1741),#1714,.T.);
#1743=OVER_RIDING_STYLED_ITEM('',(#627),#1742,#26);
#1744=CARTESIAN_POINT('',(6.5,0.65,0.));
#1745=DIRECTION('',(1.,0.,0.));
#1746=DIRECTION('',(0.,1.,0.));
#1747=AXIS2_PLACEMENT_3D('',#1744,#1745,#1746);
#1748=PLANE('',#1747);
#1749=ORIENTED_EDGE('',*,*,#1069,.T.);
#1750=ORIENTED_EDGE('',*,*,#1304,.T.);
#1751=ORIENTED_EDGE('',*,*,#1326,.T.);
#1752=ORIENTED_EDGE('',*,*,#560,.T.);
#1753=CARTESIAN_POINT('',(6.5,6.,12.3));
#1754=VERTEX_POINT('',#1753);
#1755=CARTESIAN_POINT('',(6.5,6.,0.));
#1756=DIRECTION('',(0.,0.,1.));
#1757=VECTOR('',#1756,123.);
#1758=LINE('',#1755,#1757);
#1759=EDGE_CURVE('',#547,#1754,#1758,.T.);
#1760=ORIENTED_EDGE('',*,*,#1759,.T.);
#1761=CARTESIAN_POINT('',(6.5,54.15,12.3));
#1762=DIRECTION('',(0.,-1.,-0.));
#1763=VECTOR('',#1762,2.);
#1764=LINE('',#1761,#1763);
#1765=EDGE_CURVE('',#1754,#1064,#1764,.T.);
#1766=ORIENTED_EDGE('',*,*,#1765,.T.);
#1767=EDGE_LOOP('',(#1749,#1750,#1751,#1752,#1760,#1766));
#1768=FACE_BOUND('',#1767,.T.);
#1769=ADVANCED_FACE('',(#1768),#1748,.T.);
#1770=OVER_RIDING_STYLED_ITEM('',(#627),#1769,#26);
#1771=CARTESIAN_POINT('',(6.5,0.65,0.));
#1772=DIRECTION('',(1.,0.,0.));
#1773=DIRECTION('',(0.,1.,0.));
#1774=AXIS2_PLACEMENT_3D('',#1771,#1772,#1773);
#1775=PLANE('',#1774);
#1776=ORIENTED_EDGE('',*,*,#576,.T.);
#1777=ORIENTED_EDGE('',*,*,#1397,.T.);
#1778=ORIENTED_EDGE('',*,*,#1411,.T.);
#1779=ORIENTED_EDGE('',*,*,#715,.T.);
#1780=CARTESIAN_POINT('',(6.5,-4.7,12.3));
#1781=VERTEX_POINT('',#1780);
#1782=CARTESIAN_POINT('',(6.5,-52.35,12.3));
#1783=DIRECTION('',(0.,-1.,-0.));
#1784=VECTOR('',#1783,0.5);
#1785=LINE('',#1782,#1784);
#1786=EDGE_CURVE('',#702,#1781,#1785,.T.);
#1787=ORIENTED_EDGE('',*,*,#1786,.T.);
#1788=CARTESIAN_POINT('',(6.5,-4.7,0.));
#1789=DIRECTION('',(0.,0.,1.));
#1790=VECTOR('',#1789,123.);
#1791=LINE('',#1788,#1790);
#1792=EDGE_CURVE('',#571,#1781,#1791,.T.);
#1793=ORIENTED_EDGE('',*,*,#1792,.F.);
#1794=EDGE_LOOP('',(#1776,#1777,#1778,#1779,#1787,#1793));
#1795=FACE_BOUND('',#1794,.T.);
#1796=ADVANCED_FACE('',(#1795),#1775,.T.);
#1797=OVER_RIDING_STYLED_ITEM('',(#627),#1796,#26);
#1798=CARTESIAN_POINT('',(0.,0.920238095,12.3));
#1799=DIRECTION('',(0.,0.,1.));
#1800=DIRECTION('',(1.,0.,-0.));
#1801=AXIS2_PLACEMENT_3D('',#1798,#1799,#1800);
#1802=PLANE('',#1801);
#1803=ORIENTED_EDGE('',*,*,#1669,.T.);
#1804=CARTESIAN_POINT('',(6.,6.,12.3));
#1805=VERTEX_POINT('',#1804);
#1806=CARTESIAN_POINT('',(6.,7.8,12.3));
#1807=DIRECTION('',(0.,1.,0.));
#1808=VECTOR('',#1807,0.5);
#1809=LINE('',#1806,#1808);
#1810=EDGE_CURVE('',#1805,#1658,#1809,.T.);
#1811=ORIENTED_EDGE('',*,*,#1810,.F.);
#1812=CARTESIAN_POINT('',(-60.,6.,12.3));
#1813=DIRECTION('',(1.,0.,-0.));
#1814=VECTOR('',#1813,120.);
#1815=LINE('',#1812,#1814);
#1816=EDGE_CURVE('',#883,#1805,#1815,.T.);
#1817=ORIENTED_EDGE('',*,*,#1816,.F.);
#1818=ORIENTED_EDGE('',*,*,#888,.F.);
#1819=EDGE_LOOP('',(#1803,#1811,#1817,#1818));
#1820=FACE_BOUND('',#1819,.T.);
#1821=ADVANCED_FACE('',(#1820),#1802,.F.);
#1822=OVER_RIDING_STYLED_ITEM('',(#74),#1821,#26);
#1823=CARTESIAN_POINT('',(-6.5,5.8,12.3));
#1824=DIRECTION('',(0.,1.,0.));
#1825=DIRECTION('',(-1.,0.,0.));
#1826=AXIS2_PLACEMENT_3D('',#1823,#1824,#1825);
#1827=PLANE('',#1826);
#1828=ORIENTED_EDGE('',*,*,#643,.F.);
#1829=CARTESIAN_POINT('',(-11.,5.8,12.81));
#1830=DIRECTION('',(1.,0.,-0.));
#1831=VECTOR('',#1830,5.);
#1832=LINE('',#1829,#1831);
#1833=EDGE_CURVE('',#635,#899,#1832,.T.);
#1834=ORIENTED_EDGE('',*,*,#1833,.T.);
#1835=ORIENTED_EDGE('',*,*,#904,.F.);
#1836=CARTESIAN_POINT('',(-35.75,5.8,12.3));
#1837=DIRECTION('',(1.,0.,-0.));
#1838=VECTOR('',#1837,5.);
#1839=LINE('',#1836,#1838);
#1840=EDGE_CURVE('',#1719,#891,#1839,.T.);
#1841=ORIENTED_EDGE('',*,*,#1840,.F.);
#1842=ORIENTED_EDGE('',*,*,#1724,.F.);
#1843=ORIENTED_EDGE('',*,*,#1259,.T.);
#1844=ORIENTED_EDGE('',*,*,#764,.F.);
#1845=EDGE_LOOP('',(#1828,#1834,#1835,#1841,#1842,#1843,#1844));
#1846=FACE_BOUND('',#1845,.T.);
#1847=ADVANCED_FACE('',(#1846),#1827,.T.);
#1848=OVER_RIDING_STYLED_ITEM('',(#74),#1847,#26);
#1849=CARTESIAN_POINT('',(6.,6.175,12.3));
#1850=DIRECTION('',(1.,0.,0.));
#1851=DIRECTION('',(0.,1.,0.));
#1852=AXIS2_PLACEMENT_3D('',#1849,#1850,#1851);
#1853=PLANE('',#1852);
#1854=ORIENTED_EDGE('',*,*,#824,.F.);
#1855=CARTESIAN_POINT('',(6.,8.3,12.81));
#1856=DIRECTION('',(0.,-1.,0.));
#1857=VECTOR('',#1856,2.5);
#1858=LINE('',#1855,#1857);
#1859=EDGE_CURVE('',#816,#1080,#1858,.T.);
#1860=ORIENTED_EDGE('',*,*,#1859,.T.);
#1861=ORIENTED_EDGE('',*,*,#1085,.F.);
#1862=CARTESIAN_POINT('',(6.,29.2875,12.3));
#1863=DIRECTION('',(0.,-1.,-0.));
#1864=VECTOR('',#1863,2.);
#1865=LINE('',#1862,#1864);
#1866=EDGE_CURVE('',#1805,#1072,#1865,.T.);
#1867=ORIENTED_EDGE('',*,*,#1866,.F.);
#1868=ORIENTED_EDGE('',*,*,#1810,.T.);
#1869=ORIENTED_EDGE('',*,*,#1663,.T.);
#1870=ORIENTED_EDGE('',*,*,#1627,.T.);
#1871=ORIENTED_EDGE('',*,*,#928,.F.);
#1872=EDGE_LOOP('',(#1854,#1860,#1861,#1867,#1868,#1869,#1870,#1871));
#1873=FACE_BOUND('',#1872,.T.);
#1874=ADVANCED_FACE('',(#1873),#1853,.T.);
#1875=OVER_RIDING_STYLED_ITEM('',(#74),#1874,#26);
#1876=CARTESIAN_POINT('',(0.,0.920238095,12.81));
#1877=DIRECTION('',(0.,0.,1.));
#1878=DIRECTION('',(1.,0.,-0.));
#1879=AXIS2_PLACEMENT_3D('',#1876,#1877,#1878);
#1880=PLANE('',#1879);
#1881=ORIENTED_EDGE('',*,*,#666,.F.);
#1882=ORIENTED_EDGE('',*,*,#746,.F.);
#1883=ORIENTED_EDGE('',*,*,#1036,.F.);
#1884=ORIENTED_EDGE('',*,*,#1091,.F.);
#1885=ORIENTED_EDGE('',*,*,#1859,.F.);
#1886=ORIENTED_EDGE('',*,*,#847,.F.);
#1887=ORIENTED_EDGE('',*,*,#910,.F.);
#1888=ORIENTED_EDGE('',*,*,#1833,.F.);
#1889=EDGE_LOOP('',(#1881,#1882,#1883,#1884,#1885,#1886,#1887,#1888));
#1890=FACE_BOUND('',#1889,.T.);
#1891=ADVANCED_FACE('',(#1890),#1880,.T.);
#1892=OVER_RIDING_STYLED_ITEM('',(#74),#1891,#26);
#1893=CARTESIAN_POINT('',(0.,0.65,12.3));
#1894=DIRECTION('',(0.,-0.,1.));
#1895=DIRECTION('',(1.,0.,-0.));
#1896=AXIS2_PLACEMENT_3D('',#1893,#1894,#1895);
#1897=PLANE('',#1896);
#1898=ORIENTED_EDGE('',*,*,#1866,.T.);
#1899=ORIENTED_EDGE('',*,*,#1077,.T.);
#1900=ORIENTED_EDGE('',*,*,#1765,.F.);
#1901=CARTESIAN_POINT('',(60.,6.,12.3));
#1902=DIRECTION('',(1.,0.,-0.));
#1903=VECTOR('',#1902,5.);
#1904=LINE('',#1901,#1903);
#1905=EDGE_CURVE('',#1805,#1754,#1904,.T.);
#1906=ORIENTED_EDGE('',*,*,#1905,.F.);
#1907=EDGE_LOOP('',(#1898,#1899,#1900,#1906));
#1908=FACE_BOUND('',#1907,.T.);
#1909=ADVANCED_FACE('',(#1908),#1897,.T.);
#1910=OVER_RIDING_STYLED_ITEM('',(#627),#1909,#26);
#1911=CARTESIAN_POINT('',(0.,0.65,12.3));
#1912=DIRECTION('',(0.,-0.,1.));
#1913=DIRECTION('',(1.,0.,-0.));
#1914=AXIS2_PLACEMENT_3D('',#1911,#1912,#1913);
#1915=PLANE('',#1914);
#1916=ORIENTED_EDGE('',*,*,#707,.T.);
#1917=ORIENTED_EDGE('',*,*,#1704,.F.);
#1918=CARTESIAN_POINT('',(-6.5,-4.7,12.3));
#1919=DIRECTION('',(1.,0.,-0.));
#1920=VECTOR('',#1919,130.);
#1921=LINE('',#1918,#1920);
#1922=EDGE_CURVE('',#1693,#1781,#1921,.T.);
#1923=ORIENTED_EDGE('',*,*,#1922,.T.);
#1924=ORIENTED_EDGE('',*,*,#1786,.F.);
#1925=EDGE_LOOP('',(#1916,#1917,#1923,#1924));
#1926=FACE_BOUND('',#1925,.T.);
#1927=ADVANCED_FACE('',(#1926),#1915,.T.);
#1928=OVER_RIDING_STYLED_ITEM('',(#627),#1927,#26);
#1929=CARTESIAN_POINT('',(-1.036002491,-6.4,7.430290127));
#1930=DIRECTION('',(0.,-0.707106781,0.707106781));
#1931=DIRECTION('',(1.,0.,0.));
#1932=AXIS2_PLACEMENT_3D('',#1929,#1930,#1931);
#1933=PLANE('',#1932);
#1934=CARTESIAN_POINT('',(-2.772004982,-6.5,7.330290127));
#1935=VERTEX_POINT('',#1934);
#1936=CARTESIAN_POINT('',(-1.372004982,-6.5,7.330290127));
#1937=VERTEX_POINT('',#1936);
#1938=CARTESIAN_POINT('',(-18.396027404,-6.5,7.330290127));
#1939=DIRECTION('',(1.,0.,-0.));
#1940=VECTOR('',#1939,14.);
#1941=LINE('',#1938,#1940);
#1942=EDGE_CURVE('',#1935,#1937,#1941,.T.);
#1943=ORIENTED_EDGE('',*,*,#1942,.T.);
#1944=CARTESIAN_POINT('',(-1.572004982,-6.3,7.530290127));
#1945=VERTEX_POINT('',#1944);
#1946=CARTESIAN_POINT('',(-1.372004982,-6.5,7.330290127));
#1947=DIRECTION('',(-0.577350269,0.577350269,0.577350269));
#1948=VECTOR('',#1947,0.346410162);
#1949=LINE('',#1946,#1948);
#1950=EDGE_CURVE('',#1937,#1945,#1949,.T.);
#1951=ORIENTED_EDGE('',*,*,#1950,.T.);
#1952=CARTESIAN_POINT('',(-2.572004982,-6.3,7.530290127));
#1953=VERTEX_POINT('',#1952);
#1954=CARTESIAN_POINT('',(-6.396027404,-6.3,7.530290127));
#1955=DIRECTION('',(-1.,0.,0.));
#1956=VECTOR('',#1955,10.);
#1957=LINE('',#1954,#1956);
#1958=EDGE_CURVE('',#1945,#1953,#1957,.T.);
#1959=ORIENTED_EDGE('',*,*,#1958,.T.);
#1960=CARTESIAN_POINT('',(-2.572004982,-6.3,7.530290127));
#1961=DIRECTION('',(-0.577350269,-0.577350269,-0.577350269));
#1962=VECTOR('',#1961,3.464101615);
#1963=LINE('',#1960,#1962);
#1964=EDGE_CURVE('',#1953,#1935,#1963,.T.);
#1965=ORIENTED_EDGE('',*,*,#1964,.T.);
#1966=EDGE_LOOP('',(#1943,#1951,#1959,#1965));
#1967=FACE_BOUND('',#1966,.T.);
#1968=ADVANCED_FACE('',(#1967),#1933,.T.);
#1969=CARTESIAN_POINT('',(-1.472004982,-6.4,4.015145063));
#1970=DIRECTION('',(-0.707106781,-0.707106781,0.));
#1971=DIRECTION('',(0.,0.,1.));
#1972=AXIS2_PLACEMENT_3D('',#1969,#1970,#1971);
#1973=PLANE('',#1972);
#1974=CARTESIAN_POINT('',(-1.372004982,-6.5,8.730290127));
#1975=VERTEX_POINT('',#1974);
#1976=CARTESIAN_POINT('',(-1.372004982,-6.5,37.166595697));
#1977=DIRECTION('',(0.,0.,1.));
#1978=VECTOR('',#1977,14.);
#1979=LINE('',#1976,#1978);
#1980=EDGE_CURVE('',#1937,#1975,#1979,.T.);
#1981=ORIENTED_EDGE('',*,*,#1980,.T.);
#1982=CARTESIAN_POINT('',(-1.572004982,-6.3,8.530290127));
#1983=VERTEX_POINT('',#1982);
#1984=CARTESIAN_POINT('',(-1.372004982,-6.5,8.730290127));
#1985=DIRECTION('',(-0.577350269,0.577350269,-0.577350269));
#1986=VECTOR('',#1985,3.464101615);
#1987=LINE('',#1984,#1986);
#1988=EDGE_CURVE('',#1975,#1983,#1987,.T.);
#1989=ORIENTED_EDGE('',*,*,#1988,.T.);
#1990=CARTESIAN_POINT('',(-1.572004982,-6.3,49.166595697));
#1991=DIRECTION('',(0.,0.,-1.));
#1992=VECTOR('',#1991,10.);
#1993=LINE('',#1990,#1992);
#1994=EDGE_CURVE('',#1983,#1945,#1993,.T.);
#1995=ORIENTED_EDGE('',*,*,#1994,.T.);
#1996=ORIENTED_EDGE('',*,*,#1950,.F.);
#1997=EDGE_LOOP('',(#1981,#1989,#1995,#1996));
#1998=FACE_BOUND('',#1997,.T.);
#1999=ADVANCED_FACE('',(#1998),#1973,.T.);
#2000=CARTESIAN_POINT('',(-1.036002491,-6.4,8.630290127));
#2001=DIRECTION('',(0.,-0.707106781,-0.707106781));
#2002=DIRECTION('',(-1.,0.,0.));
#2003=AXIS2_PLACEMENT_3D('',#2000,#2001,#2002);
#2004=PLANE('',#2003);
#2005=CARTESIAN_POINT('',(-2.772004982,-6.5,8.730290127));
#2006=VERTEX_POINT('',#2005);
#2007=CARTESIAN_POINT('',(-4.396027404,-6.5,8.730290127));
#2008=DIRECTION('',(-1.,0.,0.));
#2009=VECTOR('',#2008,14.);
#2010=LINE('',#2007,#2009);
#2011=EDGE_CURVE('',#1975,#2006,#2010,.T.);
#2012=ORIENTED_EDGE('',*,*,#2011,.T.);
#2013=CARTESIAN_POINT('',(-2.572004982,-6.3,8.530290127));
#2014=VERTEX_POINT('',#2013);
#2015=CARTESIAN_POINT('',(-2.772004982,-6.5,8.730290127));
#2016=DIRECTION('',(0.577350269,0.577350269,-0.577350269));
#2017=VECTOR('',#2016,3.464101615);
#2018=LINE('',#2015,#2017);
#2019=EDGE_CURVE('',#2006,#2014,#2018,.T.);
#2020=ORIENTED_EDGE('',*,*,#2019,.T.);
#2021=CARTESIAN_POINT('',(-16.396027404,-6.3,8.530290127));
#2022=DIRECTION('',(1.,0.,-0.));
#2023=VECTOR('',#2022,10.);
#2024=LINE('',#2021,#2023);
#2025=EDGE_CURVE('',#2014,#1983,#2024,.T.);
#2026=ORIENTED_EDGE('',*,*,#2025,.T.);
#2027=ORIENTED_EDGE('',*,*,#1988,.F.);
#2028=EDGE_LOOP('',(#2012,#2020,#2026,#2027));
#2029=FACE_BOUND('',#2028,.T.);
#2030=ADVANCED_FACE('',(#2029),#2004,.T.);
#2031=CARTESIAN_POINT('',(-2.672004982,-6.4,4.015145063));
#2032=DIRECTION('',(0.707106781,-0.707106781,0.));
#2033=DIRECTION('',(0.,0.,-1.));
#2034=AXIS2_PLACEMENT_3D('',#2031,#2032,#2033);
#2035=PLANE('',#2034);
#2036=CARTESIAN_POINT('',(-2.772004982,-6.5,51.166595697));
#2037=DIRECTION('',(0.,0.,-1.));
#2038=VECTOR('',#2037,14.);
#2039=LINE('',#2036,#2038);
#2040=EDGE_CURVE('',#2006,#1935,#2039,.T.);
#2041=ORIENTED_EDGE('',*,*,#2040,.T.);
#2042=ORIENTED_EDGE('',*,*,#1964,.F.);
#2043=CARTESIAN_POINT('',(-2.572004982,-6.3,39.166595697));
#2044=DIRECTION('',(0.,0.,1.));
#2045=VECTOR('',#2044,10.);
#2046=LINE('',#2043,#2045);
#2047=EDGE_CURVE('',#1953,#2014,#2046,.T.);
#2048=ORIENTED_EDGE('',*,*,#2047,.T.);
#2049=ORIENTED_EDGE('',*,*,#2019,.F.);
#2050=EDGE_LOOP('',(#2041,#2042,#2048,#2049));
#2051=FACE_BOUND('',#2050,.T.);
#2052=ADVANCED_FACE('',(#2051),#2035,.T.);
#2053=CARTESIAN_POINT('',(-2.572004982,-6.5,8.030290127));
#2054=DIRECTION('',(-1.,-0.,0.));
#2055=DIRECTION('',(0.,0.,1.));
#2056=AXIS2_PLACEMENT_3D('',#2053,#2054,#2055);
#2057=PLANE('',#2056);
#2058=ORIENTED_EDGE('',*,*,#2047,.F.);
#2059=CARTESIAN_POINT('',(-2.572004982,-1.5,7.530290127));
#2060=VERTEX_POINT('',#2059);
#2061=CARTESIAN_POINT('',(-2.572004982,-4.5,7.530290127));
#2062=DIRECTION('',(-0.,1.,0.));
#2063=VECTOR('',#2062,48.);
#2064=LINE('',#2061,#2063);
#2065=EDGE_CURVE('',#1953,#2060,#2064,.T.);
#2066=ORIENTED_EDGE('',*,*,#2065,.T.);
#2067=CARTESIAN_POINT('',(-2.572004982,-1.5,8.530290127));
#2068=VERTEX_POINT('',#2067);
#2069=CARTESIAN_POINT('',(-2.572004982,-1.5,8.530290127));
#2070=DIRECTION('',(0.,0.,-1.));
#2071=VECTOR('',#2070,10.);
#2072=LINE('',#2069,#2071);
#2073=EDGE_CURVE('',#2068,#2060,#2072,.T.);
#2074=ORIENTED_EDGE('',*,*,#2073,.F.);
#2075=CARTESIAN_POINT('',(-2.572004982,-4.5,8.530290127));
#2076=DIRECTION('',(-0.,1.,0.));
#2077=VECTOR('',#2076,48.);
#2078=LINE('',#2075,#2077);
#2079=EDGE_CURVE('',#2014,#2068,#2078,.T.);
#2080=ORIENTED_EDGE('',*,*,#2079,.F.);
#2081=EDGE_LOOP('',(#2058,#2066,#2074,#2080));
#2082=FACE_BOUND('',#2081,.T.);
#2083=ADVANCED_FACE('',(#2082),#2057,.F.);
#2084=COLOUR_RGB('',0.501960814,0.501960814,0.501960814);
#2085=FILL_AREA_STYLE_COLOUR('',#2084);
#2086=FILL_AREA_STYLE('',(#2085));
#2087=SURFACE_STYLE_FILL_AREA(#2086);
#2088=SURFACE_SIDE_STYLE('',(#2087));
#2089=SURFACE_STYLE_USAGE(.BOTH.,#2088);
#2090=PRESENTATION_STYLE_ASSIGNMENT((#2089));
#2091=OVER_RIDING_STYLED_ITEM('',(#2090),#2083,#26);
#2092=CARTESIAN_POINT('',(-2.072004982,-6.5,7.530290127));
#2093=DIRECTION('',(0.,0.,-1.));
#2094=DIRECTION('',(-1.,0.,0.));
#2095=AXIS2_PLACEMENT_3D('',#2092,#2093,#2094);
#2096=PLANE('',#2095);
#2097=ORIENTED_EDGE('',*,*,#1958,.F.);
#2098=CARTESIAN_POINT('',(-1.572004982,-1.5,7.530290127));
#2099=VERTEX_POINT('',#2098);
#2100=CARTESIAN_POINT('',(-1.572004982,-4.5,7.530290127));
#2101=DIRECTION('',(-0.,1.,0.));
#2102=VECTOR('',#2101,48.);
#2103=LINE('',#2100,#2102);
#2104=EDGE_CURVE('',#1945,#2099,#2103,.T.);
#2105=ORIENTED_EDGE('',*,*,#2104,.T.);
#2106=CARTESIAN_POINT('',(-2.572004982,-1.5,7.530290127));
#2107=DIRECTION('',(1.,0.,-0.));
#2108=VECTOR('',#2107,10.);
#2109=LINE('',#2106,#2108);
#2110=EDGE_CURVE('',#2060,#2099,#2109,.T.);
#2111=ORIENTED_EDGE('',*,*,#2110,.F.);
#2112=ORIENTED_EDGE('',*,*,#2065,.F.);
#2113=EDGE_LOOP('',(#2097,#2105,#2111,#2112));
#2114=FACE_BOUND('',#2113,.T.);
#2115=ADVANCED_FACE('',(#2114),#2096,.F.);
#2116=OVER_RIDING_STYLED_ITEM('',(#2090),#2115,#26);
#2117=CARTESIAN_POINT('',(0.,-6.5,0.));
#2118=DIRECTION('',(0.,-1.,0.));
#2119=DIRECTION('',(1.,0.,0.));
#2120=AXIS2_PLACEMENT_3D('',#2117,#2118,#2119);
#2121=PLANE('',#2120);
#2122=CARTESIAN_POINT('',(1.509222753,-6.5,7.330290127));
#2123=VERTEX_POINT('',#2122);
#2124=CARTESIAN_POINT('',(2.909222753,-6.5,7.330290127));
#2125=VERTEX_POINT('',#2124);
#2126=CARTESIAN_POINT('',(5.150725141,-6.5,7.330290127));
#2127=DIRECTION('',(1.,0.,-0.));
#2128=VECTOR('',#2127,14.);
#2129=LINE('',#2126,#2128);
#2130=EDGE_CURVE('',#2123,#2125,#2129,.T.);
#2131=ORIENTED_EDGE('',*,*,#2130,.F.);
#2132=CARTESIAN_POINT('',(1.509222753,-6.5,8.730290127));
#2133=VERTEX_POINT('',#2132);
#2134=CARTESIAN_POINT('',(1.509222753,-6.5,51.166595697));
#2135=DIRECTION('',(0.,0.,-1.));
#2136=VECTOR('',#2135,14.);
#2137=LINE('',#2134,#2136);
#2138=EDGE_CURVE('',#2133,#2123,#2137,.T.);
#2139=ORIENTED_EDGE('',*,*,#2138,.F.);
#2140=CARTESIAN_POINT('',(2.909222753,-6.5,8.730290127));
#2141=VERTEX_POINT('',#2140);
#2142=CARTESIAN_POINT('',(19.150725141,-6.5,8.730290127));
#2143=DIRECTION('',(-1.,0.,0.));
#2144=VECTOR('',#2143,14.);
#2145=LINE('',#2142,#2144);
#2146=EDGE_CURVE('',#2141,#2133,#2145,.T.);
#2147=ORIENTED_EDGE('',*,*,#2146,.F.);
#2148=CARTESIAN_POINT('',(2.909222753,-6.5,37.166595697));
#2149=DIRECTION('',(0.,0.,1.));
#2150=VECTOR('',#2149,14.);
#2151=LINE('',#2148,#2150);
#2152=EDGE_CURVE('',#2125,#2141,#2151,.T.);
#2153=ORIENTED_EDGE('',*,*,#2152,.F.);
#2154=EDGE_LOOP('',(#2131,#2139,#2147,#2153));
#2155=FACE_BOUND('',#2154,.T.);
#2156=CARTESIAN_POINT('',(-3.25949316,-6.5,5.561410832));
#2157=VERTEX_POINT('',#2156);
#2158=CARTESIAN_POINT('',(-1.85949316,-6.5,5.561410832));
#2159=VERTEX_POINT('',#2158);
#2160=CARTESIAN_POINT('',(-21.077212379,-6.5,5.561410832));
#2161=DIRECTION('',(1.,0.,-0.));
#2162=VECTOR('',#2161,14.);
#2163=LINE('',#2160,#2162);
#2164=EDGE_CURVE('',#2157,#2159,#2163,.T.);
#2165=ORIENTED_EDGE('',*,*,#2164,.F.);
#2166=CARTESIAN_POINT('',(-3.25949316,-6.5,6.961410832));
#2167=VERTEX_POINT('',#2166);
#2168=CARTESIAN_POINT('',(-3.25949316,-6.5,41.437759578));
#2169=DIRECTION('',(0.,0.,-1.));
#2170=VECTOR('',#2169,14.);
#2171=LINE('',#2168,#2170);
#2172=EDGE_CURVE('',#2167,#2157,#2171,.T.);
#2173=ORIENTED_EDGE('',*,*,#2172,.F.);
#2174=CARTESIAN_POINT('',(-1.85949316,-6.5,6.961410832));
#2175=VERTEX_POINT('',#2174);
#2176=CARTESIAN_POINT('',(-7.077212379,-6.5,6.961410832));
#2177=DIRECTION('',(-1.,0.,0.));
#2178=VECTOR('',#2177,14.);
#2179=LINE('',#2176,#2178);
#2180=EDGE_CURVE('',#2175,#2167,#2179,.T.);
#2181=ORIENTED_EDGE('',*,*,#2180,.F.);
#2182=CARTESIAN_POINT('',(-1.85949316,-6.5,27.437759578));
#2183=DIRECTION('',(0.,0.,1.));
#2184=VECTOR('',#2183,14.);
#2185=LINE('',#2182,#2184);
#2186=EDGE_CURVE('',#2159,#2175,#2185,.T.);
#2187=ORIENTED_EDGE('',*,*,#2186,.F.);
#2188=EDGE_LOOP('',(#2165,#2173,#2181,#2187));
#2189=FACE_BOUND('',#2188,.T.);
#2190=CARTESIAN_POINT('',(0.75,-6.5,10.429058411));
#2191=VERTEX_POINT('',#2190);
#2192=CARTESIAN_POINT('',(0.75,-6.5,9.406855703));
#2193=VERTEX_POINT('',#2192);
#2194=CARTESIAN_POINT('',(0.75,-6.5,59.659777357));
#2195=DIRECTION('',(0.,0.,-1.));
#2196=VECTOR('',#2195,10.222027086);
#2197=LINE('',#2194,#2196);
#2198=EDGE_CURVE('',#2191,#2193,#2197,.T.);
#2199=ORIENTED_EDGE('',*,*,#2198,.T.);
#2200=CARTESIAN_POINT('',(-0.75,-6.5,9.406855703));
#2201=VERTEX_POINT('',#2200);
#2202=CARTESIAN_POINT('',(7.5,-6.5,9.406855703));
#2203=DIRECTION('',(-1.,0.,0.));
#2204=VECTOR('',#2203,15.);
#2205=LINE('',#2202,#2204);
#2206=EDGE_CURVE('',#2193,#2201,#2205,.T.);
#2207=ORIENTED_EDGE('',*,*,#2206,.T.);
#2208=CARTESIAN_POINT('',(-0.75,-6.5,10.429058411));
#2209=VERTEX_POINT('',#2208);
#2210=CARTESIAN_POINT('',(-0.75,-6.5,49.437750271));
#2211=DIRECTION('',(0.,0.,1.));
#2212=VECTOR('',#2211,10.222027086);
#2213=LINE('',#2210,#2212);
#2214=EDGE_CURVE('',#2201,#2209,#2213,.T.);
#2215=ORIENTED_EDGE('',*,*,#2214,.T.);
#2216=CARTESIAN_POINT('',(-4.,-6.5,6.5));
#2217=VERTEX_POINT('',#2216);
#2218=CARTESIAN_POINT('',(0.,-6.5,6.5));
#2219=DIRECTION('',(0.,-1.,0.));
#2220=DIRECTION('',(1.,0.,0.));
#2221=AXIS2_PLACEMENT_3D('',#2218,#2219,#2220);
#2222=CIRCLE('',#2221,4.);
#2223=EDGE_CURVE('',#2209,#2217,#2222,.T.);
#2224=ORIENTED_EDGE('',*,*,#2223,.T.);
#2225=CARTESIAN_POINT('',(-3.422737317,-6.5,4.430007426));
#2226=VERTEX_POINT('',#2225);
#2227=CARTESIAN_POINT('',(0.,-6.5,6.5));
#2228=DIRECTION('',(0.,-1.,0.));
#2229=DIRECTION('',(1.,0.,0.));
#2230=AXIS2_PLACEMENT_3D('',#2227,#2228,#2229);
#2231=CIRCLE('',#2230,4.);
#2232=EDGE_CURVE('',#2217,#2226,#2231,.T.);
#2233=ORIENTED_EDGE('',*,*,#2232,.T.);
#2234=CARTESIAN_POINT('',(-2.684192287,-6.5,4.430007426));
#2235=VERTEX_POINT('',#2234);
#2236=CARTESIAN_POINT('',(-20.486781566,-6.5,4.430007426));
#2237=DIRECTION('',(1.,0.,-0.));
#2238=VECTOR('',#2237,7.38545031);
#2239=LINE('',#2236,#2238);
#2240=EDGE_CURVE('',#2226,#2235,#2239,.T.);
#2241=ORIENTED_EDGE('',*,*,#2240,.T.);
#2242=CARTESIAN_POINT('',(-2.684192287,-6.5,3.534344631));
#2243=VERTEX_POINT('',#2242);
#2244=CARTESIAN_POINT('',(-2.684192287,-6.5,26.380282134));
#2245=DIRECTION('',(0.,0.,-1.));
#2246=VECTOR('',#2245,8.956627954);
#2247=LINE('',#2244,#2246);
#2248=EDGE_CURVE('',#2235,#2243,#2247,.T.);
#2249=ORIENTED_EDGE('',*,*,#2248,.T.);
#2250=CARTESIAN_POINT('',(2.684192287,-6.5,3.534344631));
#2251=VERTEX_POINT('',#2250);
#2252=CARTESIAN_POINT('',(0.,-6.5,6.5));
#2253=DIRECTION('',(0.,-1.,0.));
#2254=DIRECTION('',(1.,0.,0.));
#2255=AXIS2_PLACEMENT_3D('',#2252,#2253,#2254);
#2256=CIRCLE('',#2255,4.);
#2257=EDGE_CURVE('',#2243,#2251,#2256,.T.);
#2258=ORIENTED_EDGE('',*,*,#2257,.T.);
#2259=CARTESIAN_POINT('',(2.684192287,-6.5,4.430007426));
#2260=VERTEX_POINT('',#2259);
#2261=CARTESIAN_POINT('',(2.684192287,-6.5,17.42365418));
#2262=DIRECTION('',(0.,0.,1.));
#2263=VECTOR('',#2262,8.956627954);
#2264=LINE('',#2261,#2263);
#2265=EDGE_CURVE('',#2251,#2260,#2264,.T.);
#2266=ORIENTED_EDGE('',*,*,#2265,.T.);
#2267=CARTESIAN_POINT('',(3.422737317,-6.5,4.430007426));
#2268=VERTEX_POINT('',#2267);
#2269=CARTESIAN_POINT('',(13.101331256,-6.5,4.430007426));
#2270=DIRECTION('',(1.,0.,-0.));
#2271=VECTOR('',#2270,7.38545031);
#2272=LINE('',#2269,#2271);
#2273=EDGE_CURVE('',#2260,#2268,#2272,.T.);
#2274=ORIENTED_EDGE('',*,*,#2273,.T.);
#2275=CARTESIAN_POINT('',(0.,-6.5,6.5));
#2276=DIRECTION('',(0.,-1.,0.));
#2277=DIRECTION('',(1.,0.,0.));
#2278=AXIS2_PLACEMENT_3D('',#2275,#2276,#2277);
#2279=CIRCLE('',#2278,4.);
#2280=EDGE_CURVE('',#2268,#2191,#2279,.T.);
#2281=ORIENTED_EDGE('',*,*,#2280,.T.);
#2282=EDGE_LOOP('',(#2199,#2207,#2215,#2224,#2233,#2241,#2249,#2258,#2266,#2274,#2281));
#2283=FACE_BOUND('',#2282,.T.);
#2284=CARTESIAN_POINT('',(0.5,-6.5,6.120466268));
#2285=VERTEX_POINT('',#2284);
#2286=CARTESIAN_POINT('',(-0.5,-6.5,6.120466268));
#2287=VERTEX_POINT('',#2286);
#2288=CARTESIAN_POINT('',(5.,-6.5,6.120466268));
#2289=DIRECTION('',(-1.,0.,0.));
#2290=VECTOR('',#2289,10.);
#2291=LINE('',#2288,#2290);
#2292=EDGE_CURVE('',#2285,#2287,#2291,.T.);
#2293=ORIENTED_EDGE('',*,*,#2292,.T.);
#2294=CARTESIAN_POINT('',(-0.5,-6.5,8.120466268));
#2295=VERTEX_POINT('',#2294);
#2296=CARTESIAN_POINT('',(-0.5,-6.5,29.162564474));
#2297=DIRECTION('',(0.,0.,1.));
#2298=VECTOR('',#2297,20.);
#2299=LINE('',#2296,#2298);
#2300=EDGE_CURVE('',#2287,#2295,#2299,.T.);
#2301=ORIENTED_EDGE('',*,*,#2300,.T.);
#2302=CARTESIAN_POINT('',(0.5,-6.5,8.120466268));
#2303=VERTEX_POINT('',#2302);
#2304=CARTESIAN_POINT('',(-5.,-6.5,8.120466268));
#2305=DIRECTION('',(1.,0.,-0.));
#2306=VECTOR('',#2305,10.);
#2307=LINE('',#2304,#2306);
#2308=EDGE_CURVE('',#2295,#2303,#2307,.T.);
#2309=ORIENTED_EDGE('',*,*,#2308,.T.);
#2310=CARTESIAN_POINT('',(0.5,-6.5,49.162564474));
#2311=DIRECTION('',(0.,0.,-1.));
#2312=VECTOR('',#2311,20.);
#2313=LINE('',#2310,#2312);
#2314=EDGE_CURVE('',#2303,#2285,#2313,.T.);
#2315=ORIENTED_EDGE('',*,*,#2314,.T.);
#2316=EDGE_LOOP('',(#2293,#2301,#2309,#2315));
#2317=FACE_BOUND('',#2316,.T.);
#2318=CARTESIAN_POINT('',(0.179624605,-6.5,3.410708058));
#2319=VERTEX_POINT('',#2318);
#2320=CARTESIAN_POINT('',(1.579624605,-6.5,3.410708058));
#2321=VERTEX_POINT('',#2320);
#2322=CARTESIAN_POINT('',(-2.162064672,-6.5,3.410708058));
#2323=DIRECTION('',(1.,0.,-0.));
#2324=VECTOR('',#2323,14.);
#2325=LINE('',#2322,#2324);
#2326=EDGE_CURVE('',#2319,#2321,#2325,.T.);
#2327=ORIENTED_EDGE('',*,*,#2326,.F.);
#2328=CARTESIAN_POINT('',(0.179624605,-6.5,4.810708058));
#2329=VERTEX_POINT('',#2328);
#2330=CARTESIAN_POINT('',(0.179624605,-6.5,29.608894318));
#2331=DIRECTION('',(0.,0.,-1.));
#2332=VECTOR('',#2331,14.);
#2333=LINE('',#2330,#2332);
#2334=EDGE_CURVE('',#2329,#2319,#2333,.T.);
#2335=ORIENTED_EDGE('',*,*,#2334,.F.);
#2336=CARTESIAN_POINT('',(1.579624605,-6.5,4.810708058));
#2337=VERTEX_POINT('',#2336);
#2338=CARTESIAN_POINT('',(11.837935328,-6.5,4.810708058));
#2339=DIRECTION('',(-1.,0.,0.));
#2340=VECTOR('',#2339,14.);
#2341=LINE('',#2338,#2340);
#2342=EDGE_CURVE('',#2337,#2329,#2341,.T.);
#2343=ORIENTED_EDGE('',*,*,#2342,.F.);
#2344=CARTESIAN_POINT('',(1.579624605,-6.5,15.608894318));
#2345=DIRECTION('',(0.,0.,1.));
#2346=VECTOR('',#2345,14.);
#2347=LINE('',#2344,#2346);
#2348=EDGE_CURVE('',#2321,#2337,#2347,.T.);
#2349=ORIENTED_EDGE('',*,*,#2348,.F.);
#2350=EDGE_LOOP('',(#2327,#2335,#2343,#2349));
#2351=FACE_BOUND('',#2350,.T.);
#2352=CARTESIAN_POINT('',(1.849000556,-6.5,5.561410832));
#2353=VERTEX_POINT('',#2352);
#2354=CARTESIAN_POINT('',(3.249000556,-6.5,5.561410832));
#2355=VERTEX_POINT('',#2354);
#2356=CARTESIAN_POINT('',(7.01950306,-6.5,5.561410832));
#2357=DIRECTION('',(1.,0.,-0.));
#2358=VECTOR('',#2357,14.);
#2359=LINE('',#2356,#2358);
#2360=EDGE_CURVE('',#2353,#2355,#2359,.T.);
#2361=ORIENTED_EDGE('',*,*,#2360,.F.);
#2362=CARTESIAN_POINT('',(1.849000556,-6.5,6.961410832));
#2363=VERTEX_POINT('',#2362);
#2364=CARTESIAN_POINT('',(1.849000556,-6.5,41.437759578));
#2365=DIRECTION('',(0.,0.,-1.));
#2366=VECTOR('',#2365,14.);
#2367=LINE('',#2364,#2366);
#2368=EDGE_CURVE('',#2363,#2353,#2367,.T.);
#2369=ORIENTED_EDGE('',*,*,#2368,.F.);
#2370=CARTESIAN_POINT('',(3.249000556,-6.5,6.961410832));
#2371=VERTEX_POINT('',#2370);
#2372=CARTESIAN_POINT('',(21.01950306,-6.5,6.961410832));
#2373=DIRECTION('',(-1.,0.,0.));
#2374=VECTOR('',#2373,14.);
#2375=LINE('',#2372,#2374);
#2376=EDGE_CURVE('',#2371,#2363,#2375,.T.);
#2377=ORIENTED_EDGE('',*,*,#2376,.F.);
#2378=CARTESIAN_POINT('',(3.249000556,-6.5,27.437759578));
#2379=DIRECTION('',(0.,0.,1.));
#2380=VECTOR('',#2379,14.);
#2381=LINE('',#2378,#2380);
#2382=EDGE_CURVE('',#2355,#2371,#2381,.T.);
#2383=ORIENTED_EDGE('',*,*,#2382,.F.);
#2384=EDGE_LOOP('',(#2361,#2369,#2377,#2383));
#2385=FACE_BOUND('',#2384,.T.);
#2386=ORIENTED_EDGE('',*,*,#1942,.F.);
#2387=ORIENTED_EDGE('',*,*,#2040,.F.);
#2388=ORIENTED_EDGE('',*,*,#2011,.F.);
#2389=ORIENTED_EDGE('',*,*,#1980,.F.);
#2390=EDGE_LOOP('',(#2386,#2387,#2388,#2389));
#2391=FACE_BOUND('',#2390,.T.);
#2392=ADVANCED_FACE('',(#2155,#2189,#2283,#2317,#2351,#2385,#2391),#2121,.T.);
#2393=OVER_RIDING_STYLED_ITEM('',(#627),#2392,#26);
#2394=CARTESIAN_POINT('',(1.104611376,-6.4,7.430290127));
#2395=DIRECTION('',(0.,-0.707106781,0.707106781));
#2396=DIRECTION('',(1.,0.,0.));
#2397=AXIS2_PLACEMENT_3D('',#2394,#2395,#2396);
#2398=PLANE('',#2397);
#2399=ORIENTED_EDGE('',*,*,#2130,.T.);
#2400=CARTESIAN_POINT('',(2.709222753,-6.3,7.530290127));
#2401=VERTEX_POINT('',#2400);
#2402=CARTESIAN_POINT('',(2.909222753,-6.5,7.330290127));
#2403=DIRECTION('',(-0.577350269,0.577350269,0.577350269));
#2404=VECTOR('',#2403,3.464101615);
#2405=LINE('',#2402,#2404);
#2406=EDGE_CURVE('',#2125,#2401,#2405,.T.);
#2407=ORIENTED_EDGE('',*,*,#2406,.T.);
#2408=CARTESIAN_POINT('',(1.709222753,-6.3,7.530290127));
#2409=VERTEX_POINT('',#2408);
#2410=CARTESIAN_POINT('',(17.150725141,-6.3,7.530290127));
#2411=DIRECTION('',(-1.,0.,0.));
#2412=VECTOR('',#2411,10.);
#2413=LINE('',#2410,#2412);
#2414=EDGE_CURVE('',#2401,#2409,#2413,.T.);
#2415=ORIENTED_EDGE('',*,*,#2414,.T.);
#2416=CARTESIAN_POINT('',(1.709222753,-6.3,7.530290127));
#2417=DIRECTION('',(-0.577350269,-0.577350269,-0.577350269));
#2418=VECTOR('',#2417,0.346410162);
#2419=LINE('',#2416,#2418);
#2420=EDGE_CURVE('',#2409,#2123,#2419,.T.);
#2421=ORIENTED_EDGE('',*,*,#2420,.T.);
#2422=EDGE_LOOP('',(#2399,#2407,#2415,#2421));
#2423=FACE_BOUND('',#2422,.T.);
#2424=ADVANCED_FACE('',(#2423),#2398,.T.);
#2425=CARTESIAN_POINT('',(2.809222753,-6.4,4.015145063));
#2426=DIRECTION('',(-0.707106781,-0.707106781,0.));
#2427=DIRECTION('',(0.,0.,1.));
#2428=AXIS2_PLACEMENT_3D('',#2425,#2426,#2427);
#2429=PLANE('',#2428);
#2430=ORIENTED_EDGE('',*,*,#2152,.T.);
#2431=CARTESIAN_POINT('',(2.709222753,-6.3,8.530290127));
#2432=VERTEX_POINT('',#2431);
#2433=CARTESIAN_POINT('',(2.909222753,-6.5,8.730290127));
#2434=DIRECTION('',(-0.577350269,0.577350269,-0.577350269));
#2435=VECTOR('',#2434,3.464101615);
#2436=LINE('',#2433,#2435);
#2437=EDGE_CURVE('',#2141,#2432,#2436,.T.);
#2438=ORIENTED_EDGE('',*,*,#2437,.T.);
#2439=CARTESIAN_POINT('',(2.709222753,-6.3,49.166595697));
#2440=DIRECTION('',(0.,0.,-1.));
#2441=VECTOR('',#2440,10.);
#2442=LINE('',#2439,#2441);
#2443=EDGE_CURVE('',#2432,#2401,#2442,.T.);
#2444=ORIENTED_EDGE('',*,*,#2443,.T.);
#2445=ORIENTED_EDGE('',*,*,#2406,.F.);
#2446=EDGE_LOOP('',(#2430,#2438,#2444,#2445));
#2447=FACE_BOUND('',#2446,.T.);
#2448=ADVANCED_FACE('',(#2447),#2429,.T.);
#2449=CARTESIAN_POINT('',(1.104611376,-6.4,8.630290127));
#2450=DIRECTION('',(0.,-0.707106781,-0.707106781));
#2451=DIRECTION('',(-1.,0.,0.));
#2452=AXIS2_PLACEMENT_3D('',#2449,#2450,#2451);
#2453=PLANE('',#2452);
#2454=ORIENTED_EDGE('',*,*,#2146,.T.);
#2455=CARTESIAN_POINT('',(1.709222753,-6.3,8.530290127));
#2456=VERTEX_POINT('',#2455);
#2457=CARTESIAN_POINT('',(1.509222753,-6.5,8.730290127));
#2458=DIRECTION('',(0.577350269,0.577350269,-0.577350269));
#2459=VECTOR('',#2458,3.464101615);
#2460=LINE('',#2457,#2459);
#2461=EDGE_CURVE('',#2133,#2456,#2460,.T.);
#2462=ORIENTED_EDGE('',*,*,#2461,.T.);
#2463=CARTESIAN_POINT('',(7.150725141,-6.3,8.530290127));
#2464=DIRECTION('',(1.,0.,-0.));
#2465=VECTOR('',#2464,10.);
#2466=LINE('',#2463,#2465);
#2467=EDGE_CURVE('',#2456,#2432,#2466,.T.);
#2468=ORIENTED_EDGE('',*,*,#2467,.T.);
#2469=ORIENTED_EDGE('',*,*,#2437,.F.);
#2470=EDGE_LOOP('',(#2454,#2462,#2468,#2469));
#2471=FACE_BOUND('',#2470,.T.);
#2472=ADVANCED_FACE('',(#2471),#2453,.T.);
#2473=CARTESIAN_POINT('',(1.609222753,-6.4,4.015145063));
#2474=DIRECTION('',(0.707106781,-0.707106781,0.));
#2475=DIRECTION('',(0.,0.,-1.));
#2476=AXIS2_PLACEMENT_3D('',#2473,#2474,#2475);
#2477=PLANE('',#2476);
#2478=ORIENTED_EDGE('',*,*,#2138,.T.);
#2479=ORIENTED_EDGE('',*,*,#2420,.F.);
#2480=CARTESIAN_POINT('',(1.709222753,-6.3,39.166595697));
#2481=DIRECTION('',(0.,0.,1.));
#2482=VECTOR('',#2481,10.);
#2483=LINE('',#2480,#2482);
#2484=EDGE_CURVE('',#2409,#2456,#2483,.T.);
#2485=ORIENTED_EDGE('',*,*,#2484,.T.);
#2486=ORIENTED_EDGE('',*,*,#2461,.F.);
#2487=EDGE_LOOP('',(#2478,#2479,#2485,#2486));
#2488=FACE_BOUND('',#2487,.T.);
#2489=ADVANCED_FACE('',(#2488),#2477,.T.);
#2490=CARTESIAN_POINT('',(1.709222753,-6.5,8.030290127));
#2491=DIRECTION('',(-1.,-0.,0.));
#2492=DIRECTION('',(0.,0.,1.));
#2493=AXIS2_PLACEMENT_3D('',#2490,#2491,#2492);
#2494=PLANE('',#2493);
#2495=ORIENTED_EDGE('',*,*,#2484,.F.);
#2496=CARTESIAN_POINT('',(1.709222753,-1.5,7.530290127));
#2497=VERTEX_POINT('',#2496);
#2498=CARTESIAN_POINT('',(1.709222753,-4.5,7.530290127));
#2499=DIRECTION('',(-0.,1.,0.));
#2500=VECTOR('',#2499,48.);
#2501=LINE('',#2498,#2500);
#2502=EDGE_CURVE('',#2409,#2497,#2501,.T.);
#2503=ORIENTED_EDGE('',*,*,#2502,.T.);
#2504=CARTESIAN_POINT('',(1.709222753,-1.5,8.530290127));
#2505=VERTEX_POINT('',#2504);
#2506=CARTESIAN_POINT('',(1.709222753,-1.5,8.530290127));
#2507=DIRECTION('',(0.,0.,-1.));
#2508=VECTOR('',#2507,10.);
#2509=LINE('',#2506,#2508);
#2510=EDGE_CURVE('',#2505,#2497,#2509,.T.);
#2511=ORIENTED_EDGE('',*,*,#2510,.F.);
#2512=CARTESIAN_POINT('',(1.709222753,-4.5,8.530290127));
#2513=DIRECTION('',(-0.,1.,0.));
#2514=VECTOR('',#2513,48.);
#2515=LINE('',#2512,#2514);
#2516=EDGE_CURVE('',#2456,#2505,#2515,.T.);
#2517=ORIENTED_EDGE('',*,*,#2516,.F.);
#2518=EDGE_LOOP('',(#2495,#2503,#2511,#2517));
#2519=FACE_BOUND('',#2518,.T.);
#2520=ADVANCED_FACE('',(#2519),#2494,.F.);
#2521=OVER_RIDING_STYLED_ITEM('',(#2090),#2520,#26);
#2522=CARTESIAN_POINT('',(2.209222753,-6.5,7.530290127));
#2523=DIRECTION('',(0.,0.,-1.));
#2524=DIRECTION('',(-1.,0.,0.));
#2525=AXIS2_PLACEMENT_3D('',#2522,#2523,#2524);
#2526=PLANE('',#2525);
#2527=ORIENTED_EDGE('',*,*,#2414,.F.);
#2528=CARTESIAN_POINT('',(2.709222753,-1.5,7.530290127));
#2529=VERTEX_POINT('',#2528);
#2530=CARTESIAN_POINT('',(2.709222753,-4.5,7.530290127));
#2531=DIRECTION('',(-0.,1.,0.));
#2532=VECTOR('',#2531,48.);
#2533=LINE('',#2530,#2532);
#2534=EDGE_CURVE('',#2401,#2529,#2533,.T.);
#2535=ORIENTED_EDGE('',*,*,#2534,.T.);
#2536=CARTESIAN_POINT('',(1.709222753,-1.5,7.530290127));
#2537=DIRECTION('',(1.,0.,-0.));
#2538=VECTOR('',#2537,10.);
#2539=LINE('',#2536,#2538);
#2540=EDGE_CURVE('',#2497,#2529,#2539,.T.);
#2541=ORIENTED_EDGE('',*,*,#2540,.F.);
#2542=ORIENTED_EDGE('',*,*,#2502,.F.);
#2543=EDGE_LOOP('',(#2527,#2535,#2541,#2542));
#2544=FACE_BOUND('',#2543,.T.);
#2545=ADVANCED_FACE('',(#2544),#2526,.F.);
#2546=OVER_RIDING_STYLED_ITEM('',(#2090),#2545,#26);
#2547=CARTESIAN_POINT('',(1.274500278,-6.4,5.661410832));
#2548=DIRECTION('',(0.,-0.707106781,0.707106781));
#2549=DIRECTION('',(1.,0.,0.));
#2550=AXIS2_PLACEMENT_3D('',#2547,#2548,#2549);
#2551=PLANE('',#2550);
#2552=ORIENTED_EDGE('',*,*,#2360,.T.);
#2553=CARTESIAN_POINT('',(3.049000556,-6.3,5.761410832));
#2554=VERTEX_POINT('',#2553);
#2555=CARTESIAN_POINT('',(3.249000556,-6.5,5.561410832));
#2556=DIRECTION('',(-0.577350269,0.577350269,0.577350269));
#2557=VECTOR('',#2556,0.346410162);
#2558=LINE('',#2555,#2557);
#2559=EDGE_CURVE('',#2355,#2554,#2558,.T.);
#2560=ORIENTED_EDGE('',*,*,#2559,.T.);
#2561=CARTESIAN_POINT('',(2.049000556,-6.3,5.761410832));
#2562=VERTEX_POINT('',#2561);
#2563=CARTESIAN_POINT('',(19.01950306,-6.3,5.761410832));
#2564=DIRECTION('',(-1.,0.,0.));
#2565=VECTOR('',#2564,10.);
#2566=LINE('',#2563,#2565);
#2567=EDGE_CURVE('',#2554,#2562,#2566,.T.);
#2568=ORIENTED_EDGE('',*,*,#2567,.T.);
#2569=CARTESIAN_POINT('',(2.049000556,-6.3,5.761410832));
#2570=DIRECTION('',(-0.577350269,-0.577350269,-0.577350269));
#2571=VECTOR('',#2570,0.346410162);
#2572=LINE('',#2569,#2571);
#2573=EDGE_CURVE('',#2562,#2353,#2572,.T.);
#2574=ORIENTED_EDGE('',*,*,#2573,.T.);
#2575=EDGE_LOOP('',(#2552,#2560,#2568,#2574));
#2576=FACE_BOUND('',#2575,.T.);
#2577=ADVANCED_FACE('',(#2576),#2551,.T.);
#2578=CARTESIAN_POINT('',(3.149000556,-6.4,3.130705416));
#2579=DIRECTION('',(-0.707106781,-0.707106781,0.));
#2580=DIRECTION('',(0.,0.,1.));
#2581=AXIS2_PLACEMENT_3D('',#2578,#2579,#2580);
#2582=PLANE('',#2581);
#2583=ORIENTED_EDGE('',*,*,#2382,.T.);
#2584=CARTESIAN_POINT('',(3.049000556,-6.3,6.761410832));
#2585=VERTEX_POINT('',#2584);
#2586=CARTESIAN_POINT('',(3.249000556,-6.5,6.961410832));
#2587=DIRECTION('',(-0.577350269,0.577350269,-0.577350269));
#2588=VECTOR('',#2587,3.464101615);
#2589=LINE('',#2586,#2588);
#2590=EDGE_CURVE('',#2371,#2585,#2589,.T.);
#2591=ORIENTED_EDGE('',*,*,#2590,.T.);
#2592=CARTESIAN_POINT('',(3.049000556,-6.3,39.437759578));
#2593=DIRECTION('',(0.,0.,-1.));
#2594=VECTOR('',#2593,10.);
#2595=LINE('',#2592,#2594);
#2596=EDGE_CURVE('',#2585,#2554,#2595,.T.);
#2597=ORIENTED_EDGE('',*,*,#2596,.T.);
#2598=ORIENTED_EDGE('',*,*,#2559,.F.);
#2599=EDGE_LOOP('',(#2583,#2591,#2597,#2598));
#2600=FACE_BOUND('',#2599,.T.);
#2601=ADVANCED_FACE('',(#2600),#2582,.T.);
#2602=CARTESIAN_POINT('',(1.274500278,-6.4,6.861410832));
#2603=DIRECTION('',(0.,-0.707106781,-0.707106781));
#2604=DIRECTION('',(-1.,0.,0.));
#2605=AXIS2_PLACEMENT_3D('',#2602,#2603,#2604);
#2606=PLANE('',#2605);
#2607=ORIENTED_EDGE('',*,*,#2376,.T.);
#2608=CARTESIAN_POINT('',(2.049000556,-6.3,6.761410832));
#2609=VERTEX_POINT('',#2608);
#2610=CARTESIAN_POINT('',(1.849000556,-6.5,6.961410832));
#2611=DIRECTION('',(0.577350269,0.577350269,-0.577350269));
#2612=VECTOR('',#2611,3.464101615);
#2613=LINE('',#2610,#2612);
#2614=EDGE_CURVE('',#2363,#2609,#2613,.T.);
#2615=ORIENTED_EDGE('',*,*,#2614,.T.);
#2616=CARTESIAN_POINT('',(9.01950306,-6.3,6.761410832));
#2617=DIRECTION('',(1.,0.,-0.));
#2618=VECTOR('',#2617,10.);
#2619=LINE('',#2616,#2618);
#2620=EDGE_CURVE('',#2609,#2585,#2619,.T.);
#2621=ORIENTED_EDGE('',*,*,#2620,.T.);
#2622=ORIENTED_EDGE('',*,*,#2590,.F.);
#2623=EDGE_LOOP('',(#2607,#2615,#2621,#2622));
#2624=FACE_BOUND('',#2623,.T.);
#2625=ADVANCED_FACE('',(#2624),#2606,.T.);
#2626=CARTESIAN_POINT('',(1.949000556,-6.4,3.130705416));
#2627=DIRECTION('',(0.707106781,-0.707106781,0.));
#2628=DIRECTION('',(0.,0.,-1.));
#2629=AXIS2_PLACEMENT_3D('',#2626,#2627,#2628);
#2630=PLANE('',#2629);
#2631=ORIENTED_EDGE('',*,*,#2368,.T.);
#2632=ORIENTED_EDGE('',*,*,#2573,.F.);
#2633=CARTESIAN_POINT('',(2.049000556,-6.3,29.437759578));
#2634=DIRECTION('',(0.,0.,1.));
#2635=VECTOR('',#2634,10.);
#2636=LINE('',#2633,#2635);
#2637=EDGE_CURVE('',#2562,#2609,#2636,.T.);
#2638=ORIENTED_EDGE('',*,*,#2637,.T.);
#2639=ORIENTED_EDGE('',*,*,#2614,.F.);
#2640=EDGE_LOOP('',(#2631,#2632,#2638,#2639));
#2641=FACE_BOUND('',#2640,.T.);
#2642=ADVANCED_FACE('',(#2641),#2630,.T.);
#2643=CARTESIAN_POINT('',(2.049000556,-6.5,6.261410832));
#2644=DIRECTION('',(-1.,-0.,0.));
#2645=DIRECTION('',(0.,0.,1.));
#2646=AXIS2_PLACEMENT_3D('',#2643,#2644,#2645);
#2647=PLANE('',#2646);
#2648=ORIENTED_EDGE('',*,*,#2637,.F.);
#2649=CARTESIAN_POINT('',(2.049000556,-1.5,5.761410832));
#2650=VERTEX_POINT('',#2649);
#2651=CARTESIAN_POINT('',(2.049000556,-4.5,5.761410832));
#2652=DIRECTION('',(-0.,1.,0.));
#2653=VECTOR('',#2652,48.);
#2654=LINE('',#2651,#2653);
#2655=EDGE_CURVE('',#2562,#2650,#2654,.T.);
#2656=ORIENTED_EDGE('',*,*,#2655,.T.);
#2657=CARTESIAN_POINT('',(2.049000556,-1.5,6.761410832));
#2658=VERTEX_POINT('',#2657);
#2659=CARTESIAN_POINT('',(2.049000556,-1.5,6.761410832));
#2660=DIRECTION('',(0.,0.,-1.));
#2661=VECTOR('',#2660,10.);
#2662=LINE('',#2659,#2661);
#2663=EDGE_CURVE('',#2658,#2650,#2662,.T.);
#2664=ORIENTED_EDGE('',*,*,#2663,.F.);
#2665=CARTESIAN_POINT('',(2.049000556,-4.5,6.761410832));
#2666=DIRECTION('',(-0.,1.,0.));
#2667=VECTOR('',#2666,48.);
#2668=LINE('',#2665,#2667);
#2669=EDGE_CURVE('',#2609,#2658,#2668,.T.);
#2670=ORIENTED_EDGE('',*,*,#2669,.F.);
#2671=EDGE_LOOP('',(#2648,#2656,#2664,#2670));
#2672=FACE_BOUND('',#2671,.T.);
#2673=ADVANCED_FACE('',(#2672),#2647,.F.);
#2674=OVER_RIDING_STYLED_ITEM('',(#2090),#2673,#26);
#2675=CARTESIAN_POINT('',(2.549000556,-6.5,5.761410832));
#2676=DIRECTION('',(0.,0.,-1.));
#2677=DIRECTION('',(-1.,0.,0.));
#2678=AXIS2_PLACEMENT_3D('',#2675,#2676,#2677);
#2679=PLANE('',#2678);
#2680=ORIENTED_EDGE('',*,*,#2567,.F.);
#2681=CARTESIAN_POINT('',(3.049000556,-1.5,5.761410832));
#2682=VERTEX_POINT('',#2681);
#2683=CARTESIAN_POINT('',(3.049000556,-4.5,5.761410832));
#2684=DIRECTION('',(-0.,1.,0.));
#2685=VECTOR('',#2684,48.);
#2686=LINE('',#2683,#2685);
#2687=EDGE_CURVE('',#2554,#2682,#2686,.T.);
#2688=ORIENTED_EDGE('',*,*,#2687,.T.);
#2689=CARTESIAN_POINT('',(2.049000556,-1.5,5.761410832));
#2690=DIRECTION('',(1.,0.,-0.));
#2691=VECTOR('',#2690,10.);
#2692=LINE('',#2689,#2691);
#2693=EDGE_CURVE('',#2650,#2682,#2692,.T.);
#2694=ORIENTED_EDGE('',*,*,#2693,.F.);
#2695=ORIENTED_EDGE('',*,*,#2655,.F.);
#2696=EDGE_LOOP('',(#2680,#2688,#2694,#2695));
#2697=FACE_BOUND('',#2696,.T.);
#2698=ADVANCED_FACE('',(#2697),#2679,.F.);
#2699=OVER_RIDING_STYLED_ITEM('',(#2090),#2698,#26);
#2700=CARTESIAN_POINT('',(-1.27974658,-6.4,5.661410832));
#2701=DIRECTION('',(0.,-0.707106781,0.707106781));
#2702=DIRECTION('',(1.,0.,0.));
#2703=AXIS2_PLACEMENT_3D('',#2700,#2701,#2702);
#2704=PLANE('',#2703);
#2705=ORIENTED_EDGE('',*,*,#2164,.T.);
#2706=CARTESIAN_POINT('',(-2.05949316,-6.3,5.761410832));
#2707=VERTEX_POINT('',#2706);
#2708=CARTESIAN_POINT('',(-1.85949316,-6.5,5.561410832));
#2709=DIRECTION('',(-0.577350269,0.577350269,0.577350269));
#2710=VECTOR('',#2709,0.346410162);
#2711=LINE('',#2708,#2710);
#2712=EDGE_CURVE('',#2159,#2707,#2711,.T.);
#2713=ORIENTED_EDGE('',*,*,#2712,.T.);
#2714=CARTESIAN_POINT('',(-3.05949316,-6.3,5.761410832));
#2715=VERTEX_POINT('',#2714);
#2716=CARTESIAN_POINT('',(-9.077212379,-6.3,5.761410832));
#2717=DIRECTION('',(-1.,0.,0.));
#2718=VECTOR('',#2717,10.);
#2719=LINE('',#2716,#2718);
#2720=EDGE_CURVE('',#2707,#2715,#2719,.T.);
#2721=ORIENTED_EDGE('',*,*,#2720,.T.);
#2722=CARTESIAN_POINT('',(-3.05949316,-6.3,5.761410832));
#2723=DIRECTION('',(-0.577350269,-0.577350269,-0.577350269));
#2724=VECTOR('',#2723,3.464101615);
#2725=LINE('',#2722,#2724);
#2726=EDGE_CURVE('',#2715,#2157,#2725,.T.);
#2727=ORIENTED_EDGE('',*,*,#2726,.T.);
#2728=EDGE_LOOP('',(#2705,#2713,#2721,#2727));
#2729=FACE_BOUND('',#2728,.T.);
#2730=ADVANCED_FACE('',(#2729),#2704,.T.);
#2731=CARTESIAN_POINT('',(-1.95949316,-6.4,3.130705416));
#2732=DIRECTION('',(-0.707106781,-0.707106781,0.));
#2733=DIRECTION('',(0.,0.,1.));
#2734=AXIS2_PLACEMENT_3D('',#2731,#2732,#2733);
#2735=PLANE('',#2734);
#2736=ORIENTED_EDGE('',*,*,#2186,.T.);
#2737=CARTESIAN_POINT('',(-2.05949316,-6.3,6.761410832));
#2738=VERTEX_POINT('',#2737);
#2739=CARTESIAN_POINT('',(-1.85949316,-6.5,6.961410832));
#2740=DIRECTION('',(-0.577350269,0.577350269,-0.577350269));
#2741=VECTOR('',#2740,3.464101615);
#2742=LINE('',#2739,#2741);
#2743=EDGE_CURVE('',#2175,#2738,#2742,.T.);
#2744=ORIENTED_EDGE('',*,*,#2743,.T.);
#2745=CARTESIAN_POINT('',(-2.05949316,-6.3,39.437759578));
#2746=DIRECTION('',(0.,0.,-1.));
#2747=VECTOR('',#2746,10.);
#2748=LINE('',#2745,#2747);
#2749=EDGE_CURVE('',#2738,#2707,#2748,.T.);
#2750=ORIENTED_EDGE('',*,*,#2749,.T.);
#2751=ORIENTED_EDGE('',*,*,#2712,.F.);
#2752=EDGE_LOOP('',(#2736,#2744,#2750,#2751));
#2753=FACE_BOUND('',#2752,.T.);
#2754=ADVANCED_FACE('',(#2753),#2735,.T.);
#2755=CARTESIAN_POINT('',(-1.27974658,-6.4,6.861410832));
#2756=DIRECTION('',(0.,-0.707106781,-0.707106781));
#2757=DIRECTION('',(-1.,0.,0.));
#2758=AXIS2_PLACEMENT_3D('',#2755,#2756,#2757);
#2759=PLANE('',#2758);
#2760=ORIENTED_EDGE('',*,*,#2180,.T.);
#2761=CARTESIAN_POINT('',(-3.05949316,-6.3,6.761410832));
#2762=VERTEX_POINT('',#2761);
#2763=CARTESIAN_POINT('',(-3.25949316,-6.5,6.961410832));
#2764=DIRECTION('',(0.577350269,0.577350269,-0.577350269));
#2765=VECTOR('',#2764,3.464101615);
#2766=LINE('',#2763,#2765);
#2767=EDGE_CURVE('',#2167,#2762,#2766,.T.);
#2768=ORIENTED_EDGE('',*,*,#2767,.T.);
#2769=CARTESIAN_POINT('',(-19.077212379,-6.3,6.761410832));
#2770=DIRECTION('',(1.,0.,-0.));
#2771=VECTOR('',#2770,10.);
#2772=LINE('',#2769,#2771);
#2773=EDGE_CURVE('',#2762,#2738,#2772,.T.);
#2774=ORIENTED_EDGE('',*,*,#2773,.T.);
#2775=ORIENTED_EDGE('',*,*,#2743,.F.);
#2776=EDGE_LOOP('',(#2760,#2768,#2774,#2775));
#2777=FACE_BOUND('',#2776,.T.);
#2778=ADVANCED_FACE('',(#2777),#2759,.T.);
#2779=CARTESIAN_POINT('',(-3.15949316,-6.4,3.130705416));
#2780=DIRECTION('',(0.707106781,-0.707106781,0.));
#2781=DIRECTION('',(0.,0.,-1.));
#2782=AXIS2_PLACEMENT_3D('',#2779,#2780,#2781);
#2783=PLANE('',#2782);
#2784=ORIENTED_EDGE('',*,*,#2172,.T.);
#2785=ORIENTED_EDGE('',*,*,#2726,.F.);
#2786=CARTESIAN_POINT('',(-3.05949316,-6.3,29.437759578));
#2787=DIRECTION('',(0.,0.,1.));
#2788=VECTOR('',#2787,10.);
#2789=LINE('',#2786,#2788);
#2790=EDGE_CURVE('',#2715,#2762,#2789,.T.);
#2791=ORIENTED_EDGE('',*,*,#2790,.T.);
#2792=ORIENTED_EDGE('',*,*,#2767,.F.);
#2793=EDGE_LOOP('',(#2784,#2785,#2791,#2792));
#2794=FACE_BOUND('',#2793,.T.);
#2795=ADVANCED_FACE('',(#2794),#2783,.T.);
#2796=CARTESIAN_POINT('',(-3.05949316,-6.5,6.261410832));
#2797=DIRECTION('',(-1.,-0.,0.));
#2798=DIRECTION('',(0.,0.,1.));
#2799=AXIS2_PLACEMENT_3D('',#2796,#2797,#2798);
#2800=PLANE('',#2799);
#2801=ORIENTED_EDGE('',*,*,#2790,.F.);
#2802=CARTESIAN_POINT('',(-3.05949316,-1.5,5.761410832));
#2803=VERTEX_POINT('',#2802);
#2804=CARTESIAN_POINT('',(-3.05949316,-4.5,5.761410832));
#2805=DIRECTION('',(-0.,1.,0.));
#2806=VECTOR('',#2805,48.);
#2807=LINE('',#2804,#2806);
#2808=EDGE_CURVE('',#2715,#2803,#2807,.T.);
#2809=ORIENTED_EDGE('',*,*,#2808,.T.);
#2810=CARTESIAN_POINT('',(-3.05949316,-1.5,6.761410832));
#2811=VERTEX_POINT('',#2810);
#2812=CARTESIAN_POINT('',(-3.05949316,-1.5,6.761410832));
#2813=DIRECTION('',(0.,0.,-1.));
#2814=VECTOR('',#2813,10.);
#2815=LINE('',#2812,#2814);
#2816=EDGE_CURVE('',#2811,#2803,#2815,.T.);
#2817=ORIENTED_EDGE('',*,*,#2816,.F.);
#2818=CARTESIAN_POINT('',(-3.05949316,-4.5,6.761410832));
#2819=DIRECTION('',(-0.,1.,0.));
#2820=VECTOR('',#2819,48.);
#2821=LINE('',#2818,#2820);
#2822=EDGE_CURVE('',#2762,#2811,#2821,.T.);
#2823=ORIENTED_EDGE('',*,*,#2822,.F.);
#2824=EDGE_LOOP('',(#2801,#2809,#2817,#2823));
#2825=FACE_BOUND('',#2824,.T.);
#2826=ADVANCED_FACE('',(#2825),#2800,.F.);
#2827=OVER_RIDING_STYLED_ITEM('',(#2090),#2826,#26);
#2828=CARTESIAN_POINT('',(-2.55949316,-6.5,5.761410832));
#2829=DIRECTION('',(0.,0.,-1.));
#2830=DIRECTION('',(-1.,0.,0.));
#2831=AXIS2_PLACEMENT_3D('',#2828,#2829,#2830);
#2832=PLANE('',#2831);
#2833=ORIENTED_EDGE('',*,*,#2720,.F.);
#2834=CARTESIAN_POINT('',(-2.05949316,-1.5,5.761410832));
#2835=VERTEX_POINT('',#2834);
#2836=CARTESIAN_POINT('',(-2.05949316,-4.5,5.761410832));
#2837=DIRECTION('',(-0.,1.,0.));
#2838=VECTOR('',#2837,48.);
#2839=LINE('',#2836,#2838);
#2840=EDGE_CURVE('',#2707,#2835,#2839,.T.);
#2841=ORIENTED_EDGE('',*,*,#2840,.T.);
#2842=CARTESIAN_POINT('',(-3.05949316,-1.5,5.761410832));
#2843=DIRECTION('',(1.,0.,-0.));
#2844=VECTOR('',#2843,10.);
#2845=LINE('',#2842,#2844);
#2846=EDGE_CURVE('',#2803,#2835,#2845,.T.);
#2847=ORIENTED_EDGE('',*,*,#2846,.F.);
#2848=ORIENTED_EDGE('',*,*,#2808,.F.);
#2849=EDGE_LOOP('',(#2833,#2841,#2847,#2848));
#2850=FACE_BOUND('',#2849,.T.);
#2851=ADVANCED_FACE('',(#2850),#2832,.F.);
#2852=OVER_RIDING_STYLED_ITEM('',(#2090),#2851,#26);
#2853=CARTESIAN_POINT('',(0.439812303,-6.4,3.510708058));
#2854=DIRECTION('',(0.,-0.707106781,0.707106781));
#2855=DIRECTION('',(1.,0.,0.));
#2856=AXIS2_PLACEMENT_3D('',#2853,#2854,#2855);
#2857=PLANE('',#2856);
#2858=ORIENTED_EDGE('',*,*,#2326,.T.);
#2859=CARTESIAN_POINT('',(1.379624605,-6.3,3.610708058));
#2860=VERTEX_POINT('',#2859);
#2861=CARTESIAN_POINT('',(1.579624605,-6.5,3.410708058));
#2862=DIRECTION('',(-0.577350269,0.577350269,0.577350269));
#2863=VECTOR('',#2862,0.346410162);
#2864=LINE('',#2861,#2863);
#2865=EDGE_CURVE('',#2321,#2860,#2864,.T.);
#2866=ORIENTED_EDGE('',*,*,#2865,.T.);
#2867=CARTESIAN_POINT('',(0.379624605,-6.3,3.610708058));
#2868=VERTEX_POINT('',#2867);
#2869=CARTESIAN_POINT('',(9.837935328,-6.3,3.610708058));
#2870=DIRECTION('',(-1.,0.,0.));
#2871=VECTOR('',#2870,10.);
#2872=LINE('',#2869,#2871);
#2873=EDGE_CURVE('',#2860,#2868,#2872,.T.);
#2874=ORIENTED_EDGE('',*,*,#2873,.T.);
#2875=CARTESIAN_POINT('',(0.379624605,-6.3,3.610708058));
#2876=DIRECTION('',(-0.577350269,-0.577350269,-0.577350269));
#2877=VECTOR('',#2876,3.464101615);
#2878=LINE('',#2875,#2877);
#2879=EDGE_CURVE('',#2868,#2319,#2878,.T.);
#2880=ORIENTED_EDGE('',*,*,#2879,.T.);
#2881=EDGE_LOOP('',(#2858,#2866,#2874,#2880));
#2882=FACE_BOUND('',#2881,.T.);
#2883=ADVANCED_FACE('',(#2882),#2857,.T.);
#2884=CARTESIAN_POINT('',(1.479624605,-6.4,2.055354029));
#2885=DIRECTION('',(-0.707106781,-0.707106781,0.));
#2886=DIRECTION('',(0.,0.,1.));
#2887=AXIS2_PLACEMENT_3D('',#2884,#2885,#2886);
#2888=PLANE('',#2887);
#2889=ORIENTED_EDGE('',*,*,#2348,.T.);
#2890=CARTESIAN_POINT('',(1.379624605,-6.3,4.610708058));
#2891=VERTEX_POINT('',#2890);
#2892=CARTESIAN_POINT('',(1.579624605,-6.5,4.810708058));
#2893=DIRECTION('',(-0.577350269,0.577350269,-0.577350269));
#2894=VECTOR('',#2893,3.464101615);
#2895=LINE('',#2892,#2894);
#2896=EDGE_CURVE('',#2337,#2891,#2895,.T.);
#2897=ORIENTED_EDGE('',*,*,#2896,.T.);
#2898=CARTESIAN_POINT('',(1.379624605,-6.3,27.608894318));
#2899=DIRECTION('',(0.,0.,-1.));
#2900=VECTOR('',#2899,10.);
#2901=LINE('',#2898,#2900);
#2902=EDGE_CURVE('',#2891,#2860,#2901,.T.);
#2903=ORIENTED_EDGE('',*,*,#2902,.T.);
#2904=ORIENTED_EDGE('',*,*,#2865,.F.);
#2905=EDGE_LOOP('',(#2889,#2897,#2903,#2904));
#2906=FACE_BOUND('',#2905,.T.);
#2907=ADVANCED_FACE('',(#2906),#2888,.T.);
#2908=CARTESIAN_POINT('',(0.279624605,-6.4,2.055354029));
#2909=DIRECTION('',(0.707106781,-0.707106781,0.));
#2910=DIRECTION('',(0.,0.,-1.));
#2911=AXIS2_PLACEMENT_3D('',#2908,#2909,#2910);
#2912=PLANE('',#2911);
#2913=ORIENTED_EDGE('',*,*,#2334,.T.);
#2914=ORIENTED_EDGE('',*,*,#2879,.F.);
#2915=CARTESIAN_POINT('',(0.379624605,-6.3,4.610708058));
#2916=VERTEX_POINT('',#2915);
#2917=CARTESIAN_POINT('',(0.379624605,-6.3,17.608894318));
#2918=DIRECTION('',(0.,0.,1.));
#2919=VECTOR('',#2918,10.);
#2920=LINE('',#2917,#2919);
#2921=EDGE_CURVE('',#2868,#2916,#2920,.T.);
#2922=ORIENTED_EDGE('',*,*,#2921,.T.);
#2923=CARTESIAN_POINT('',(0.179624605,-6.5,4.810708058));
#2924=DIRECTION('',(0.577350269,0.577350269,-0.577350269));
#2925=VECTOR('',#2924,0.346410162);
#2926=LINE('',#2923,#2925);
#2927=EDGE_CURVE('',#2329,#2916,#2926,.T.);
#2928=ORIENTED_EDGE('',*,*,#2927,.F.);
#2929=EDGE_LOOP('',(#2913,#2914,#2922,#2928));
#2930=FACE_BOUND('',#2929,.T.);
#2931=ADVANCED_FACE('',(#2930),#2912,.T.);
#2932=CARTESIAN_POINT('',(0.439812303,-6.4,4.710708058));
#2933=DIRECTION('',(0.,-0.707106781,-0.707106781));
#2934=DIRECTION('',(-1.,0.,0.));
#2935=AXIS2_PLACEMENT_3D('',#2932,#2933,#2934);
#2936=PLANE('',#2935);
#2937=ORIENTED_EDGE('',*,*,#2342,.T.);
#2938=ORIENTED_EDGE('',*,*,#2927,.T.);
#2939=CARTESIAN_POINT('',(-0.162064672,-6.3,4.610708058));
#2940=DIRECTION('',(1.,0.,-0.));
#2941=VECTOR('',#2940,10.);
#2942=LINE('',#2939,#2941);
#2943=EDGE_CURVE('',#2916,#2891,#2942,.T.);
#2944=ORIENTED_EDGE('',*,*,#2943,.T.);
#2945=ORIENTED_EDGE('',*,*,#2896,.F.);
#2946=EDGE_LOOP('',(#2937,#2938,#2944,#2945));
#2947=FACE_BOUND('',#2946,.T.);
#2948=ADVANCED_FACE('',(#2947),#2936,.T.);
#2949=CARTESIAN_POINT('',(0.379624605,-6.5,4.110708058));
#2950=DIRECTION('',(-1.,-0.,0.));
#2951=DIRECTION('',(0.,0.,1.));
#2952=AXIS2_PLACEMENT_3D('',#2949,#2950,#2951);
#2953=PLANE('',#2952);
#2954=ORIENTED_EDGE('',*,*,#2921,.F.);
#2955=CARTESIAN_POINT('',(0.379624605,-1.5,3.610708058));
#2956=VERTEX_POINT('',#2955);
#2957=CARTESIAN_POINT('',(0.379624605,-4.5,3.610708058));
#2958=DIRECTION('',(-0.,1.,0.));
#2959=VECTOR('',#2958,48.);
#2960=LINE('',#2957,#2959);
#2961=EDGE_CURVE('',#2868,#2956,#2960,.T.);
#2962=ORIENTED_EDGE('',*,*,#2961,.T.);
#2963=CARTESIAN_POINT('',(0.379624605,-1.5,4.610708058));
#2964=VERTEX_POINT('',#2963);
#2965=CARTESIAN_POINT('',(0.379624605,-1.5,4.610708058));
#2966=DIRECTION('',(0.,0.,-1.));
#2967=VECTOR('',#2966,10.);
#2968=LINE('',#2965,#2967);
#2969=EDGE_CURVE('',#2964,#2956,#2968,.T.);
#2970=ORIENTED_EDGE('',*,*,#2969,.F.);
#2971=CARTESIAN_POINT('',(0.379624605,-4.5,4.610708058));
#2972=DIRECTION('',(-0.,1.,0.));
#2973=VECTOR('',#2972,48.);
#2974=LINE('',#2971,#2973);
#2975=EDGE_CURVE('',#2916,#2964,#2974,.T.);
#2976=ORIENTED_EDGE('',*,*,#2975,.F.);
#2977=EDGE_LOOP('',(#2954,#2962,#2970,#2976));
#2978=FACE_BOUND('',#2977,.T.);
#2979=ADVANCED_FACE('',(#2978),#2953,.F.);
#2980=OVER_RIDING_STYLED_ITEM('',(#2090),#2979,#26);
#2981=CARTESIAN_POINT('',(0.879624605,-6.5,3.610708058));
#2982=DIRECTION('',(0.,0.,-1.));
#2983=DIRECTION('',(-1.,0.,0.));
#2984=AXIS2_PLACEMENT_3D('',#2981,#2982,#2983);
#2985=PLANE('',#2984);
#2986=ORIENTED_EDGE('',*,*,#2873,.F.);
#2987=CARTESIAN_POINT('',(1.379624605,-1.5,3.610708058));
#2988=VERTEX_POINT('',#2987);
#2989=CARTESIAN_POINT('',(1.379624605,-4.5,3.610708058));
#2990=DIRECTION('',(-0.,1.,0.));
#2991=VECTOR('',#2990,48.);
#2992=LINE('',#2989,#2991);
#2993=EDGE_CURVE('',#2860,#2988,#2992,.T.);
#2994=ORIENTED_EDGE('',*,*,#2993,.T.);
#2995=CARTESIAN_POINT('',(0.379624605,-1.5,3.610708058));
#2996=DIRECTION('',(1.,0.,-0.));
#2997=VECTOR('',#2996,10.);
#2998=LINE('',#2995,#2997);
#2999=EDGE_CURVE('',#2956,#2988,#2998,.T.);
#3000=ORIENTED_EDGE('',*,*,#2999,.F.);
#3001=ORIENTED_EDGE('',*,*,#2961,.F.);
#3002=EDGE_LOOP('',(#2986,#2994,#3000,#3001));
#3003=FACE_BOUND('',#3002,.T.);
#3004=ADVANCED_FACE('',(#3003),#2985,.F.);
#3005=OVER_RIDING_STYLED_ITEM('',(#2090),#3004,#26);
#3006=CARTESIAN_POINT('',(-1.572004982,-6.5,8.030290127));
#3007=DIRECTION('',(1.,0.,0.));
#3008=DIRECTION('',(0.,0.,-1.));
#3009=AXIS2_PLACEMENT_3D('',#3006,#3007,#3008);
#3010=PLANE('',#3009);
#3011=ORIENTED_EDGE('',*,*,#1994,.F.);
#3012=CARTESIAN_POINT('',(-1.572004982,-1.5,8.530290127));
#3013=VERTEX_POINT('',#3012);
#3014=CARTESIAN_POINT('',(-1.572004982,-4.5,8.530290127));
#3015=DIRECTION('',(-0.,1.,0.));
#3016=VECTOR('',#3015,48.);
#3017=LINE('',#3014,#3016);
#3018=EDGE_CURVE('',#1983,#3013,#3017,.T.);
#3019=ORIENTED_EDGE('',*,*,#3018,.T.);
#3020=CARTESIAN_POINT('',(-1.572004982,-1.5,7.530290127));
#3021=DIRECTION('',(0.,0.,1.));
#3022=VECTOR('',#3021,10.);
#3023=LINE('',#3020,#3022);
#3024=EDGE_CURVE('',#2099,#3013,#3023,.T.);
#3025=ORIENTED_EDGE('',*,*,#3024,.F.);
#3026=ORIENTED_EDGE('',*,*,#2104,.F.);
#3027=EDGE_LOOP('',(#3011,#3019,#3025,#3026));
#3028=FACE_BOUND('',#3027,.T.);
#3029=ADVANCED_FACE('',(#3028),#3010,.F.);
#3030=OVER_RIDING_STYLED_ITEM('',(#2090),#3029,#26);
#3031=CARTESIAN_POINT('',(-2.072004982,-6.5,8.530290127));
#3032=DIRECTION('',(0.,0.,1.));
#3033=DIRECTION('',(1.,0.,0.));
#3034=AXIS2_PLACEMENT_3D('',#3031,#3032,#3033);
#3035=PLANE('',#3034);
#3036=ORIENTED_EDGE('',*,*,#2025,.F.);
#3037=ORIENTED_EDGE('',*,*,#2079,.T.);
#3038=CARTESIAN_POINT('',(-1.572004982,-1.5,8.530290127));
#3039=DIRECTION('',(-1.,0.,0.));
#3040=VECTOR('',#3039,10.);
#3041=LINE('',#3038,#3040);
#3042=EDGE_CURVE('',#3013,#2068,#3041,.T.);
#3043=ORIENTED_EDGE('',*,*,#3042,.F.);
#3044=ORIENTED_EDGE('',*,*,#3018,.F.);
#3045=EDGE_LOOP('',(#3036,#3037,#3043,#3044));
#3046=FACE_BOUND('',#3045,.T.);
#3047=ADVANCED_FACE('',(#3046),#3035,.F.);
#3048=OVER_RIDING_STYLED_ITEM('',(#2090),#3047,#26);
#3049=CARTESIAN_POINT('',(-2.072004982,-1.5,8.030290127));
#3050=DIRECTION('',(-0.,1.,-0.));
#3051=DIRECTION('',(0.,0.,1.));
#3052=AXIS2_PLACEMENT_3D('',#3049,#3050,#3051);
#3053=PLANE('',#3052);
#3054=ORIENTED_EDGE('',*,*,#2110,.T.);
#3055=ORIENTED_EDGE('',*,*,#3024,.T.);
#3056=ORIENTED_EDGE('',*,*,#3042,.T.);
#3057=ORIENTED_EDGE('',*,*,#2073,.T.);
#3058=EDGE_LOOP('',(#3054,#3055,#3056,#3057));
#3059=FACE_BOUND('',#3058,.T.);
#3060=ADVANCED_FACE('',(#3059),#3053,.F.);
#3061=OVER_RIDING_STYLED_ITEM('',(#2090),#3060,#26);
#3062=CARTESIAN_POINT('',(-2.05949316,-6.5,6.261410832));
#3063=DIRECTION('',(1.,0.,0.));
#3064=DIRECTION('',(0.,0.,-1.));
#3065=AXIS2_PLACEMENT_3D('',#3062,#3063,#3064);
#3066=PLANE('',#3065);
#3067=ORIENTED_EDGE('',*,*,#2749,.F.);
#3068=CARTESIAN_POINT('',(-2.05949316,-1.5,6.761410832));
#3069=VERTEX_POINT('',#3068);
#3070=CARTESIAN_POINT('',(-2.05949316,-4.5,6.761410832));
#3071=DIRECTION('',(-0.,1.,0.));
#3072=VECTOR('',#3071,48.);
#3073=LINE('',#3070,#3072);
#3074=EDGE_CURVE('',#2738,#3069,#3073,.T.);
#3075=ORIENTED_EDGE('',*,*,#3074,.T.);
#3076=CARTESIAN_POINT('',(-2.05949316,-1.5,5.761410832));
#3077=DIRECTION('',(0.,0.,1.));
#3078=VECTOR('',#3077,10.);
#3079=LINE('',#3076,#3078);
#3080=EDGE_CURVE('',#2835,#3069,#3079,.T.);
#3081=ORIENTED_EDGE('',*,*,#3080,.F.);
#3082=ORIENTED_EDGE('',*,*,#2840,.F.);
#3083=EDGE_LOOP('',(#3067,#3075,#3081,#3082));
#3084=FACE_BOUND('',#3083,.T.);
#3085=ADVANCED_FACE('',(#3084),#3066,.F.);
#3086=OVER_RIDING_STYLED_ITEM('',(#2090),#3085,#26);
#3087=CARTESIAN_POINT('',(-2.55949316,-6.5,6.761410832));
#3088=DIRECTION('',(0.,0.,1.));
#3089=DIRECTION('',(1.,0.,0.));
#3090=AXIS2_PLACEMENT_3D('',#3087,#3088,#3089);
#3091=PLANE('',#3090);
#3092=ORIENTED_EDGE('',*,*,#2773,.F.);
#3093=ORIENTED_EDGE('',*,*,#2822,.T.);
#3094=CARTESIAN_POINT('',(-2.05949316,-1.5,6.761410832));
#3095=DIRECTION('',(-1.,0.,0.));
#3096=VECTOR('',#3095,10.);
#3097=LINE('',#3094,#3096);
#3098=EDGE_CURVE('',#3069,#2811,#3097,.T.);
#3099=ORIENTED_EDGE('',*,*,#3098,.F.);
#3100=ORIENTED_EDGE('',*,*,#3074,.F.);
#3101=EDGE_LOOP('',(#3092,#3093,#3099,#3100));
#3102=FACE_BOUND('',#3101,.T.);
#3103=ADVANCED_FACE('',(#3102),#3091,.F.);
#3104=OVER_RIDING_STYLED_ITEM('',(#2090),#3103,#26);
#3105=CARTESIAN_POINT('',(-2.55949316,-1.5,6.261410832));
#3106=DIRECTION('',(-0.,1.,0.));
#3107=DIRECTION('',(0.,-0.,1.));
#3108=AXIS2_PLACEMENT_3D('',#3105,#3106,#3107);
#3109=PLANE('',#3108);
#3110=ORIENTED_EDGE('',*,*,#2846,.T.);
#3111=ORIENTED_EDGE('',*,*,#3080,.T.);
#3112=ORIENTED_EDGE('',*,*,#3098,.T.);
#3113=ORIENTED_EDGE('',*,*,#2816,.T.);
#3114=EDGE_LOOP('',(#3110,#3111,#3112,#3113));
#3115=FACE_BOUND('',#3114,.T.);
#3116=ADVANCED_FACE('',(#3115),#3109,.F.);
#3117=OVER_RIDING_STYLED_ITEM('',(#2090),#3116,#26);
#3118=CARTESIAN_POINT('',(1.379624605,-6.5,4.110708058));
#3119=DIRECTION('',(1.,0.,0.));
#3120=DIRECTION('',(0.,0.,-1.));
#3121=AXIS2_PLACEMENT_3D('',#3118,#3119,#3120);
#3122=PLANE('',#3121);
#3123=ORIENTED_EDGE('',*,*,#2902,.F.);
#3124=CARTESIAN_POINT('',(1.379624605,-1.5,4.610708058));
#3125=VERTEX_POINT('',#3124);
#3126=CARTESIAN_POINT('',(1.379624605,-4.5,4.610708058));
#3127=DIRECTION('',(-0.,1.,0.));
#3128=VECTOR('',#3127,48.);
#3129=LINE('',#3126,#3128);
#3130=EDGE_CURVE('',#2891,#3125,#3129,.T.);
#3131=ORIENTED_EDGE('',*,*,#3130,.T.);
#3132=CARTESIAN_POINT('',(1.379624605,-1.5,3.610708058));
#3133=DIRECTION('',(0.,0.,1.));
#3134=VECTOR('',#3133,10.);
#3135=LINE('',#3132,#3134);
#3136=EDGE_CURVE('',#2988,#3125,#3135,.T.);
#3137=ORIENTED_EDGE('',*,*,#3136,.F.);
#3138=ORIENTED_EDGE('',*,*,#2993,.F.);
#3139=EDGE_LOOP('',(#3123,#3131,#3137,#3138));
#3140=FACE_BOUND('',#3139,.T.);
#3141=ADVANCED_FACE('',(#3140),#3122,.F.);
#3142=OVER_RIDING_STYLED_ITEM('',(#2090),#3141,#26);
#3143=CARTESIAN_POINT('',(0.879624605,-6.5,4.610708058));
#3144=DIRECTION('',(0.,0.,1.));
#3145=DIRECTION('',(1.,0.,0.));
#3146=AXIS2_PLACEMENT_3D('',#3143,#3144,#3145);
#3147=PLANE('',#3146);
#3148=ORIENTED_EDGE('',*,*,#2943,.F.);
#3149=ORIENTED_EDGE('',*,*,#2975,.T.);
#3150=CARTESIAN_POINT('',(1.379624605,-1.5,4.610708058));
#3151=DIRECTION('',(-1.,0.,0.));
#3152=VECTOR('',#3151,10.);
#3153=LINE('',#3150,#3152);
#3154=EDGE_CURVE('',#3125,#2964,#3153,.T.);
#3155=ORIENTED_EDGE('',*,*,#3154,.F.);
#3156=ORIENTED_EDGE('',*,*,#3130,.F.);
#3157=EDGE_LOOP('',(#3148,#3149,#3155,#3156));
#3158=FACE_BOUND('',#3157,.T.);
#3159=ADVANCED_FACE('',(#3158),#3147,.F.);
#3160=OVER_RIDING_STYLED_ITEM('',(#2090),#3159,#26);
#3161=CARTESIAN_POINT('',(0.879624605,-1.5,4.110708058));
#3162=DIRECTION('',(0.,1.,0.));
#3163=DIRECTION('',(0.,-0.,1.));
#3164=AXIS2_PLACEMENT_3D('',#3161,#3162,#3163);
#3165=PLANE('',#3164);
#3166=ORIENTED_EDGE('',*,*,#2999,.T.);
#3167=ORIENTED_EDGE('',*,*,#3136,.T.);
#3168=ORIENTED_EDGE('',*,*,#3154,.T.);
#3169=ORIENTED_EDGE('',*,*,#2969,.T.);
#3170=EDGE_LOOP('',(#3166,#3167,#3168,#3169));
#3171=FACE_BOUND('',#3170,.T.);
#3172=ADVANCED_FACE('',(#3171),#3165,.F.);
#3173=OVER_RIDING_STYLED_ITEM('',(#2090),#3172,#26);
#3174=CARTESIAN_POINT('',(-0.,-6.5,6.120466268));
#3175=DIRECTION('',(0.,0.,-1.));
#3176=DIRECTION('',(-1.,0.,0.));
#3177=AXIS2_PLACEMENT_3D('',#3174,#3175,#3176);
#3178=PLANE('',#3177);
#3179=CARTESIAN_POINT('',(-0.5,-1.5,6.120466268));
#3180=VERTEX_POINT('',#3179);
#3181=CARTESIAN_POINT('',(0.5,-1.5,6.120466268));
#3182=VERTEX_POINT('',#3181);
#3183=CARTESIAN_POINT('',(-0.5,-1.5,6.120466268));
#3184=DIRECTION('',(1.,0.,-0.));
#3185=VECTOR('',#3184,10.);
#3186=LINE('',#3183,#3185);
#3187=EDGE_CURVE('',#3180,#3182,#3186,.T.);
#3188=ORIENTED_EDGE('',*,*,#3187,.F.);
#3189=CARTESIAN_POINT('',(-0.5,-6.5,6.120466268));
#3190=DIRECTION('',(-0.,1.,0.));
#3191=VECTOR('',#3190,50.);
#3192=LINE('',#3189,#3191);
#3193=EDGE_CURVE('',#2287,#3180,#3192,.T.);
#3194=ORIENTED_EDGE('',*,*,#3193,.F.);
#3195=ORIENTED_EDGE('',*,*,#2292,.F.);
#3196=CARTESIAN_POINT('',(0.5,-6.5,6.120466268));
#3197=DIRECTION('',(-0.,1.,0.));
#3198=VECTOR('',#3197,50.);
#3199=LINE('',#3196,#3198);
#3200=EDGE_CURVE('',#2285,#3182,#3199,.T.);
#3201=ORIENTED_EDGE('',*,*,#3200,.T.);
#3202=EDGE_LOOP('',(#3188,#3194,#3195,#3201));
#3203=FACE_BOUND('',#3202,.T.);
#3204=ADVANCED_FACE('',(#3203),#3178,.F.);
#3205=OVER_RIDING_STYLED_ITEM('',(#2090),#3204,#26);
#3206=CARTESIAN_POINT('',(0.5,-6.5,7.120466268));
#3207=DIRECTION('',(1.,0.,0.));
#3208=DIRECTION('',(0.,0.,-1.));
#3209=AXIS2_PLACEMENT_3D('',#3206,#3207,#3208);
#3210=PLANE('',#3209);
#3211=CARTESIAN_POINT('',(0.5,-1.5,8.120466268));
#3212=VERTEX_POINT('',#3211);
#3213=CARTESIAN_POINT('',(0.5,-1.5,6.120466268));
#3214=DIRECTION('',(0.,0.,1.));
#3215=VECTOR('',#3214,20.);
#3216=LINE('',#3213,#3215);
#3217=EDGE_CURVE('',#3182,#3212,#3216,.T.);
#3218=ORIENTED_EDGE('',*,*,#3217,.F.);
#3219=ORIENTED_EDGE('',*,*,#3200,.F.);
#3220=ORIENTED_EDGE('',*,*,#2314,.F.);
#3221=CARTESIAN_POINT('',(0.5,-6.5,8.120466268));
#3222=DIRECTION('',(-0.,1.,0.));
#3223=VECTOR('',#3222,50.);
#3224=LINE('',#3221,#3223);
#3225=EDGE_CURVE('',#2303,#3212,#3224,.T.);
#3226=ORIENTED_EDGE('',*,*,#3225,.T.);
#3227=EDGE_LOOP('',(#3218,#3219,#3220,#3226));
#3228=FACE_BOUND('',#3227,.T.);
#3229=ADVANCED_FACE('',(#3228),#3210,.F.);
#3230=OVER_RIDING_STYLED_ITEM('',(#2090),#3229,#26);
#3231=CARTESIAN_POINT('',(-0.,-6.5,8.120466268));
#3232=DIRECTION('',(0.,0.,1.));
#3233=DIRECTION('',(1.,0.,0.));
#3234=AXIS2_PLACEMENT_3D('',#3231,#3232,#3233);
#3235=PLANE('',#3234);
#3236=CARTESIAN_POINT('',(-0.5,-1.5,8.120466268));
#3237=VERTEX_POINT('',#3236);
#3238=CARTESIAN_POINT('',(0.5,-1.5,8.120466268));
#3239=DIRECTION('',(-1.,0.,0.));
#3240=VECTOR('',#3239,10.);
#3241=LINE('',#3238,#3240);
#3242=EDGE_CURVE('',#3212,#3237,#3241,.T.);
#3243=ORIENTED_EDGE('',*,*,#3242,.F.);
#3244=ORIENTED_EDGE('',*,*,#3225,.F.);
#3245=ORIENTED_EDGE('',*,*,#2308,.F.);
#3246=CARTESIAN_POINT('',(-0.5,-6.5,8.120466268));
#3247=DIRECTION('',(-0.,1.,0.));
#3248=VECTOR('',#3247,50.);
#3249=LINE('',#3246,#3248);
#3250=EDGE_CURVE('',#2295,#3237,#3249,.T.);
#3251=ORIENTED_EDGE('',*,*,#3250,.T.);
#3252=EDGE_LOOP('',(#3243,#3244,#3245,#3251));
#3253=FACE_BOUND('',#3252,.T.);
#3254=ADVANCED_FACE('',(#3253),#3235,.F.);
#3255=OVER_RIDING_STYLED_ITEM('',(#2090),#3254,#26);
#3256=CARTESIAN_POINT('',(-0.5,-6.5,7.120466268));
#3257=DIRECTION('',(-1.,-0.,0.));
#3258=DIRECTION('',(0.,0.,1.));
#3259=AXIS2_PLACEMENT_3D('',#3256,#3257,#3258);
#3260=PLANE('',#3259);
#3261=CARTESIAN_POINT('',(-0.5,-1.5,8.120466268));
#3262=DIRECTION('',(0.,0.,-1.));
#3263=VECTOR('',#3262,20.);
#3264=LINE('',#3261,#3263);
#3265=EDGE_CURVE('',#3237,#3180,#3264,.T.);
#3266=ORIENTED_EDGE('',*,*,#3265,.F.);
#3267=ORIENTED_EDGE('',*,*,#3250,.F.);
#3268=ORIENTED_EDGE('',*,*,#2300,.F.);
#3269=ORIENTED_EDGE('',*,*,#3193,.T.);
#3270=EDGE_LOOP('',(#3266,#3267,#3268,#3269));
#3271=FACE_BOUND('',#3270,.T.);
#3272=ADVANCED_FACE('',(#3271),#3260,.F.);
#3273=OVER_RIDING_STYLED_ITEM('',(#2090),#3272,#26);
#3274=CARTESIAN_POINT('',(-0.,-1.5,7.120466268));
#3275=DIRECTION('',(0.,1.,0.));
#3276=DIRECTION('',(0.,-0.,1.));
#3277=AXIS2_PLACEMENT_3D('',#3274,#3275,#3276);
#3278=PLANE('',#3277);
#3279=ORIENTED_EDGE('',*,*,#3187,.T.);
#3280=ORIENTED_EDGE('',*,*,#3217,.T.);
#3281=ORIENTED_EDGE('',*,*,#3242,.T.);
#3282=ORIENTED_EDGE('',*,*,#3265,.T.);
#3283=EDGE_LOOP('',(#3279,#3280,#3281,#3282));
#3284=FACE_BOUND('',#3283,.T.);
#3285=ADVANCED_FACE('',(#3284),#3278,.F.);
#3286=OVER_RIDING_STYLED_ITEM('',(#2090),#3285,#26);
#3287=CARTESIAN_POINT('',(3.049000556,-6.5,6.261410832));
#3288=DIRECTION('',(1.,0.,0.));
#3289=DIRECTION('',(0.,0.,-1.));
#3290=AXIS2_PLACEMENT_3D('',#3287,#3288,#3289);
#3291=PLANE('',#3290);
#3292=ORIENTED_EDGE('',*,*,#2596,.F.);
#3293=CARTESIAN_POINT('',(3.049000556,-1.5,6.761410832));
#3294=VERTEX_POINT('',#3293);
#3295=CARTESIAN_POINT('',(3.049000556,-4.5,6.761410832));
#3296=DIRECTION('',(-0.,1.,0.));
#3297=VECTOR('',#3296,48.);
#3298=LINE('',#3295,#3297);
#3299=EDGE_CURVE('',#2585,#3294,#3298,.T.);
#3300=ORIENTED_EDGE('',*,*,#3299,.T.);
#3301=CARTESIAN_POINT('',(3.049000556,-1.5,5.761410832));
#3302=DIRECTION('',(0.,0.,1.));
#3303=VECTOR('',#3302,10.);
#3304=LINE('',#3301,#3303);
#3305=EDGE_CURVE('',#2682,#3294,#3304,.T.);
#3306=ORIENTED_EDGE('',*,*,#3305,.F.);
#3307=ORIENTED_EDGE('',*,*,#2687,.F.);
#3308=EDGE_LOOP('',(#3292,#3300,#3306,#3307));
#3309=FACE_BOUND('',#3308,.T.);
#3310=ADVANCED_FACE('',(#3309),#3291,.F.);
#3311=OVER_RIDING_STYLED_ITEM('',(#2090),#3310,#26);
#3312=CARTESIAN_POINT('',(2.549000556,-6.5,6.761410832));
#3313=DIRECTION('',(0.,0.,1.));
#3314=DIRECTION('',(1.,0.,0.));
#3315=AXIS2_PLACEMENT_3D('',#3312,#3313,#3314);
#3316=PLANE('',#3315);
#3317=ORIENTED_EDGE('',*,*,#2620,.F.);
#3318=ORIENTED_EDGE('',*,*,#2669,.T.);
#3319=CARTESIAN_POINT('',(3.049000556,-1.5,6.761410832));
#3320=DIRECTION('',(-1.,0.,0.));
#3321=VECTOR('',#3320,10.);
#3322=LINE('',#3319,#3321);
#3323=EDGE_CURVE('',#3294,#2658,#3322,.T.);
#3324=ORIENTED_EDGE('',*,*,#3323,.F.);
#3325=ORIENTED_EDGE('',*,*,#3299,.F.);
#3326=EDGE_LOOP('',(#3317,#3318,#3324,#3325));
#3327=FACE_BOUND('',#3326,.T.);
#3328=ADVANCED_FACE('',(#3327),#3316,.F.);
#3329=OVER_RIDING_STYLED_ITEM('',(#2090),#3328,#26);
#3330=CARTESIAN_POINT('',(2.549000556,-1.5,6.261410832));
#3331=DIRECTION('',(0.,1.,0.));
#3332=DIRECTION('',(0.,-0.,1.));
#3333=AXIS2_PLACEMENT_3D('',#3330,#3331,#3332);
#3334=PLANE('',#3333);
#3335=ORIENTED_EDGE('',*,*,#2693,.T.);
#3336=ORIENTED_EDGE('',*,*,#3305,.T.);
#3337=ORIENTED_EDGE('',*,*,#3323,.T.);
#3338=ORIENTED_EDGE('',*,*,#2663,.T.);
#3339=EDGE_LOOP('',(#3335,#3336,#3337,#3338));
#3340=FACE_BOUND('',#3339,.T.);
#3341=ADVANCED_FACE('',(#3340),#3334,.F.);
#3342=OVER_RIDING_STYLED_ITEM('',(#2090),#3341,#26);
#3343=CARTESIAN_POINT('',(2.709222753,-6.5,8.030290127));
#3344=DIRECTION('',(1.,0.,0.));
#3345=DIRECTION('',(0.,0.,-1.));
#3346=AXIS2_PLACEMENT_3D('',#3343,#3344,#3345);
#3347=PLANE('',#3346);
#3348=ORIENTED_EDGE('',*,*,#2443,.F.);
#3349=CARTESIAN_POINT('',(2.709222753,-1.5,8.530290127));
#3350=VERTEX_POINT('',#3349);
#3351=CARTESIAN_POINT('',(2.709222753,-4.5,8.530290127));
#3352=DIRECTION('',(-0.,1.,0.));
#3353=VECTOR('',#3352,48.);
#3354=LINE('',#3351,#3353);
#3355=EDGE_CURVE('',#2432,#3350,#3354,.T.);
#3356=ORIENTED_EDGE('',*,*,#3355,.T.);
#3357=CARTESIAN_POINT('',(2.709222753,-1.5,7.530290127));
#3358=DIRECTION('',(0.,0.,1.));
#3359=VECTOR('',#3358,10.);
#3360=LINE('',#3357,#3359);
#3361=EDGE_CURVE('',#2529,#3350,#3360,.T.);
#3362=ORIENTED_EDGE('',*,*,#3361,.F.);
#3363=ORIENTED_EDGE('',*,*,#2534,.F.);
#3364=EDGE_LOOP('',(#3348,#3356,#3362,#3363));
#3365=FACE_BOUND('',#3364,.T.);
#3366=ADVANCED_FACE('',(#3365),#3347,.F.);
#3367=OVER_RIDING_STYLED_ITEM('',(#2090),#3366,#26);
#3368=CARTESIAN_POINT('',(2.209222753,-6.5,8.530290127));
#3369=DIRECTION('',(0.,0.,1.));
#3370=DIRECTION('',(1.,0.,0.));
#3371=AXIS2_PLACEMENT_3D('',#3368,#3369,#3370);
#3372=PLANE('',#3371);
#3373=ORIENTED_EDGE('',*,*,#2467,.F.);
#3374=ORIENTED_EDGE('',*,*,#2516,.T.);
#3375=CARTESIAN_POINT('',(2.709222753,-1.5,8.530290127));
#3376=DIRECTION('',(-1.,0.,0.));
#3377=VECTOR('',#3376,10.);
#3378=LINE('',#3375,#3377);
#3379=EDGE_CURVE('',#3350,#2505,#3378,.T.);
#3380=ORIENTED_EDGE('',*,*,#3379,.F.);
#3381=ORIENTED_EDGE('',*,*,#3355,.F.);
#3382=EDGE_LOOP('',(#3373,#3374,#3380,#3381));
#3383=FACE_BOUND('',#3382,.T.);
#3384=ADVANCED_FACE('',(#3383),#3372,.F.);
#3385=OVER_RIDING_STYLED_ITEM('',(#2090),#3384,#26);
#3386=CARTESIAN_POINT('',(2.209222753,-1.5,8.030290127));
#3387=DIRECTION('',(-0.,1.,-0.));
#3388=DIRECTION('',(0.,0.,1.));
#3389=AXIS2_PLACEMENT_3D('',#3386,#3387,#3388);
#3390=PLANE('',#3389);
#3391=ORIENTED_EDGE('',*,*,#2540,.T.);
#3392=ORIENTED_EDGE('',*,*,#3361,.T.);
#3393=ORIENTED_EDGE('',*,*,#3379,.T.);
#3394=ORIENTED_EDGE('',*,*,#2510,.T.);
#3395=EDGE_LOOP('',(#3391,#3392,#3393,#3394));
#3396=FACE_BOUND('',#3395,.T.);
#3397=ADVANCED_FACE('',(#3396),#3390,.F.);
#3398=OVER_RIDING_STYLED_ITEM('',(#2090),#3397,#26);
#3399=CARTESIAN_POINT('',(0.,-6.5,6.5));
#3400=DIRECTION('',(-0.,1.,0.));
#3401=DIRECTION('',(1.,0.,0.));
#3402=AXIS2_PLACEMENT_3D('',#3399,#3400,#3401);
#3403=CYLINDRICAL_SURFACE('',#3402,4.5);
#3404=CARTESIAN_POINT('',(-4.5,-1.5,6.5));
#3405=VERTEX_POINT('',#3404);
#3406=CARTESIAN_POINT('',(-4.5,-6.5,6.5));
#3407=VERTEX_POINT('',#3406);
#3408=CARTESIAN_POINT('',(-4.5,-1.5,6.5));
#3409=DIRECTION('',(0.,-1.,-0.));
#3410=VECTOR('',#3409,5.);
#3411=LINE('',#3408,#3410);
#3412=EDGE_CURVE('',#3405,#3407,#3411,.T.);
#3413=ORIENTED_EDGE('',*,*,#3412,.F.);
#3414=CARTESIAN_POINT('',(4.5,-1.5,6.5));
#3415=VERTEX_POINT('',#3414);
#3416=CARTESIAN_POINT('',(0.,-1.5,6.5));
#3417=DIRECTION('',(0.,-1.,0.));
#3418=DIRECTION('',(1.,0.,0.));
#3419=AXIS2_PLACEMENT_3D('',#3416,#3417,#3418);
#3420=CIRCLE('',#3419,4.5);
#3421=EDGE_CURVE('',#3415,#3405,#3420,.T.);
#3422=ORIENTED_EDGE('',*,*,#3421,.F.);
#3423=CARTESIAN_POINT('',(0.,-1.5,6.5));
#3424=DIRECTION('',(0.,-1.,0.));
#3425=DIRECTION('',(1.,0.,0.));
#3426=AXIS2_PLACEMENT_3D('',#3423,#3424,#3425);
#3427=CIRCLE('',#3426,4.5);
#3428=EDGE_CURVE('',#3405,#3415,#3427,.T.);
#3429=ORIENTED_EDGE('',*,*,#3428,.F.);
#3430=ORIENTED_EDGE('',*,*,#3412,.T.);
#3431=CARTESIAN_POINT('',(4.5,-6.5,6.5));
#3432=VERTEX_POINT('',#3431);
#3433=CARTESIAN_POINT('',(0.,-6.5,6.5));
#3434=DIRECTION('',(-0.,1.,0.));
#3435=DIRECTION('',(1.,0.,0.));
#3436=AXIS2_PLACEMENT_3D('',#3433,#3434,#3435);
#3437=CIRCLE('',#3436,4.5);
#3438=EDGE_CURVE('',#3432,#3407,#3437,.T.);
#3439=ORIENTED_EDGE('',*,*,#3438,.F.);
#3440=CARTESIAN_POINT('',(0.,-6.5,6.5));
#3441=DIRECTION('',(-0.,1.,0.));
#3442=DIRECTION('',(1.,0.,0.));
#3443=AXIS2_PLACEMENT_3D('',#3440,#3441,#3442);
#3444=CIRCLE('',#3443,4.5);
#3445=EDGE_CURVE('',#3407,#3432,#3444,.T.);
#3446=ORIENTED_EDGE('',*,*,#3445,.F.);
#3447=EDGE_LOOP('',(#3413,#3422,#3429,#3430,#3439,#3446));
#3448=FACE_BOUND('',#3447,.T.);
#3449=ADVANCED_FACE('',(#3448),#3403,.F.);
#3450=OVER_RIDING_STYLED_ITEM('',(#2090),#3449,#26);
#3451=CARTESIAN_POINT('',(0.75,-6.5,9.917957057));
#3452=DIRECTION('',(1.,0.,0.));
#3453=DIRECTION('',(0.,0.,-1.));
#3454=AXIS2_PLACEMENT_3D('',#3451,#3452,#3453);
#3455=PLANE('',#3454);
#3456=CARTESIAN_POINT('',(0.75,-1.5,9.406855703));
#3457=VERTEX_POINT('',#3456);
#3458=CARTESIAN_POINT('',(0.75,-1.5,10.429058411));
#3459=VERTEX_POINT('',#3458);
#3460=CARTESIAN_POINT('',(0.75,-1.5,9.406855703));
#3461=DIRECTION('',(0.,0.,1.));
#3462=VECTOR('',#3461,10.222027086);
#3463=LINE('',#3460,#3462);
#3464=EDGE_CURVE('',#3457,#3459,#3463,.T.);
#3465=ORIENTED_EDGE('',*,*,#3464,.F.);
#3466=CARTESIAN_POINT('',(0.75,-6.5,9.406855703));
#3467=DIRECTION('',(-0.,1.,0.));
#3468=VECTOR('',#3467,50.);
#3469=LINE('',#3466,#3468);
#3470=EDGE_CURVE('',#2193,#3457,#3469,.T.);
#3471=ORIENTED_EDGE('',*,*,#3470,.F.);
#3472=ORIENTED_EDGE('',*,*,#2198,.F.);
#3473=CARTESIAN_POINT('',(0.75,-6.5,10.429058411));
#3474=DIRECTION('',(-0.,1.,0.));
#3475=VECTOR('',#3474,50.);
#3476=LINE('',#3473,#3475);
#3477=EDGE_CURVE('',#2191,#3459,#3476,.T.);
#3478=ORIENTED_EDGE('',*,*,#3477,.T.);
#3479=EDGE_LOOP('',(#3465,#3471,#3472,#3478));
#3480=FACE_BOUND('',#3479,.T.);
#3481=ADVANCED_FACE('',(#3480),#3455,.F.);
#3482=OVER_RIDING_STYLED_ITEM('',(#2090),#3481,#26);
#3483=CARTESIAN_POINT('',(0.,-6.5,6.5));
#3484=DIRECTION('',(-0.,1.,0.));
#3485=DIRECTION('',(1.,0.,0.));
#3486=AXIS2_PLACEMENT_3D('',#3483,#3484,#3485);
#3487=CYLINDRICAL_SURFACE('',#3486,4.);
#3488=CARTESIAN_POINT('',(3.422737317,-1.5,4.430007426));
#3489=VERTEX_POINT('',#3488);
#3490=CARTESIAN_POINT('',(0.,-1.5,6.5));
#3491=DIRECTION('',(-0.,1.,0.));
#3492=DIRECTION('',(1.,0.,0.));
#3493=AXIS2_PLACEMENT_3D('',#3490,#3491,#3492);
#3494=CIRCLE('',#3493,4.);
#3495=EDGE_CURVE('',#3459,#3489,#3494,.T.);
#3496=ORIENTED_EDGE('',*,*,#3495,.F.);
#3497=ORIENTED_EDGE('',*,*,#3477,.F.);
#3498=ORIENTED_EDGE('',*,*,#2280,.F.);
#3499=CARTESIAN_POINT('',(3.422737317,-6.5,4.430007426));
#3500=DIRECTION('',(-0.,1.,0.));
#3501=VECTOR('',#3500,50.);
#3502=LINE('',#3499,#3501);
#3503=EDGE_CURVE('',#2268,#3489,#3502,.T.);
#3504=ORIENTED_EDGE('',*,*,#3503,.T.);
#3505=EDGE_LOOP('',(#3496,#3497,#3498,#3504));
#3506=FACE_BOUND('',#3505,.T.);
#3507=ADVANCED_FACE('',(#3506),#3487,.T.);
#3508=OVER_RIDING_STYLED_ITEM('',(#2090),#3507,#26);
#3509=CARTESIAN_POINT('',(3.053464802,-6.5,4.430007426));
#3510=DIRECTION('',(0.,0.,1.));
#3511=DIRECTION('',(1.,0.,0.));
#3512=AXIS2_PLACEMENT_3D('',#3509,#3510,#3511);
#3513=PLANE('',#3512);
#3514=CARTESIAN_POINT('',(2.684192287,-1.5,4.430007426));
#3515=VERTEX_POINT('',#3514);
#3516=CARTESIAN_POINT('',(3.422737317,-1.5,4.430007426));
#3517=DIRECTION('',(-1.,0.,0.));
#3518=VECTOR('',#3517,7.38545031);
#3519=LINE('',#3516,#3518);
#3520=EDGE_CURVE('',#3489,#3515,#3519,.T.);
#3521=ORIENTED_EDGE('',*,*,#3520,.F.);
#3522=ORIENTED_EDGE('',*,*,#3503,.F.);
#3523=ORIENTED_EDGE('',*,*,#2273,.F.);
#3524=CARTESIAN_POINT('',(2.684192287,-6.5,4.430007426));
#3525=DIRECTION('',(-0.,1.,0.));
#3526=VECTOR('',#3525,50.);
#3527=LINE('',#3524,#3526);
#3528=EDGE_CURVE('',#2260,#3515,#3527,.T.);
#3529=ORIENTED_EDGE('',*,*,#3528,.T.);
#3530=EDGE_LOOP('',(#3521,#3522,#3523,#3529));
#3531=FACE_BOUND('',#3530,.T.);
#3532=ADVANCED_FACE('',(#3531),#3513,.F.);
#3533=OVER_RIDING_STYLED_ITEM('',(#2090),#3532,#26);
#3534=CARTESIAN_POINT('',(2.684192287,-6.5,3.982176029));
#3535=DIRECTION('',(-1.,-0.,0.));
#3536=DIRECTION('',(0.,0.,1.));
#3537=AXIS2_PLACEMENT_3D('',#3534,#3535,#3536);
#3538=PLANE('',#3537);
#3539=CARTESIAN_POINT('',(2.684192287,-1.5,3.534344631));
#3540=VERTEX_POINT('',#3539);
#3541=CARTESIAN_POINT('',(2.684192287,-1.5,4.430007426));
#3542=DIRECTION('',(0.,0.,-1.));
#3543=VECTOR('',#3542,8.956627954);
#3544=LINE('',#3541,#3543);
#3545=EDGE_CURVE('',#3515,#3540,#3544,.T.);
#3546=ORIENTED_EDGE('',*,*,#3545,.F.);
#3547=ORIENTED_EDGE('',*,*,#3528,.F.);
#3548=ORIENTED_EDGE('',*,*,#2265,.F.);
#3549=CARTESIAN_POINT('',(2.684192287,-6.5,3.534344631));
#3550=DIRECTION('',(-0.,1.,0.));
#3551=VECTOR('',#3550,50.);
#3552=LINE('',#3549,#3551);
#3553=EDGE_CURVE('',#2251,#3540,#3552,.T.);
#3554=ORIENTED_EDGE('',*,*,#3553,.T.);
#3555=EDGE_LOOP('',(#3546,#3547,#3548,#3554));
#3556=FACE_BOUND('',#3555,.T.);
#3557=ADVANCED_FACE('',(#3556),#3538,.F.);
#3558=OVER_RIDING_STYLED_ITEM('',(#2090),#3557,#26);
#3559=CARTESIAN_POINT('',(0.,-6.5,6.5));
#3560=DIRECTION('',(-0.,1.,0.));
#3561=DIRECTION('',(1.,0.,0.));
#3562=AXIS2_PLACEMENT_3D('',#3559,#3560,#3561);
#3563=CYLINDRICAL_SURFACE('',#3562,4.);
#3564=CARTESIAN_POINT('',(-2.684192287,-1.5,3.534344631));
#3565=VERTEX_POINT('',#3564);
#3566=CARTESIAN_POINT('',(0.,-1.5,6.5));
#3567=DIRECTION('',(-0.,1.,0.));
#3568=DIRECTION('',(1.,0.,0.));
#3569=AXIS2_PLACEMENT_3D('',#3566,#3567,#3568);
#3570=CIRCLE('',#3569,4.);
#3571=EDGE_CURVE('',#3540,#3565,#3570,.T.);
#3572=ORIENTED_EDGE('',*,*,#3571,.F.);
#3573=ORIENTED_EDGE('',*,*,#3553,.F.);
#3574=ORIENTED_EDGE('',*,*,#2257,.F.);
#3575=CARTESIAN_POINT('',(-2.684192287,-6.5,3.534344631));
#3576=DIRECTION('',(-0.,1.,0.));
#3577=VECTOR('',#3576,50.);
#3578=LINE('',#3575,#3577);
#3579=EDGE_CURVE('',#2243,#3565,#3578,.T.);
#3580=ORIENTED_EDGE('',*,*,#3579,.T.);
#3581=EDGE_LOOP('',(#3572,#3573,#3574,#3580));
#3582=FACE_BOUND('',#3581,.T.);
#3583=ADVANCED_FACE('',(#3582),#3563,.T.);
#3584=OVER_RIDING_STYLED_ITEM('',(#2090),#3583,#26);
#3585=CARTESIAN_POINT('',(-2.684192287,-6.5,3.982176029));
#3586=DIRECTION('',(1.,0.,0.));
#3587=DIRECTION('',(0.,0.,-1.));
#3588=AXIS2_PLACEMENT_3D('',#3585,#3586,#3587);
#3589=PLANE('',#3588);
#3590=CARTESIAN_POINT('',(-2.684192287,-1.5,4.430007426));
#3591=VERTEX_POINT('',#3590);
#3592=CARTESIAN_POINT('',(-2.684192287,-1.5,3.534344631));
#3593=DIRECTION('',(0.,0.,1.));
#3594=VECTOR('',#3593,8.956627954);
#3595=LINE('',#3592,#3594);
#3596=EDGE_CURVE('',#3565,#3591,#3595,.T.);
#3597=ORIENTED_EDGE('',*,*,#3596,.F.);
#3598=ORIENTED_EDGE('',*,*,#3579,.F.);
#3599=ORIENTED_EDGE('',*,*,#2248,.F.);
#3600=CARTESIAN_POINT('',(-2.684192287,-6.5,4.430007426));
#3601=DIRECTION('',(-0.,1.,0.));
#3602=VECTOR('',#3601,50.);
#3603=LINE('',#3600,#3602);
#3604=EDGE_CURVE('',#2235,#3591,#3603,.T.);
#3605=ORIENTED_EDGE('',*,*,#3604,.T.);
#3606=EDGE_LOOP('',(#3597,#3598,#3599,#3605));
#3607=FACE_BOUND('',#3606,.T.);
#3608=ADVANCED_FACE('',(#3607),#3589,.F.);
#3609=OVER_RIDING_STYLED_ITEM('',(#2090),#3608,#26);
#3610=CARTESIAN_POINT('',(-3.053464802,-6.5,4.430007426));
#3611=DIRECTION('',(0.,0.,1.));
#3612=DIRECTION('',(1.,0.,0.));
#3613=AXIS2_PLACEMENT_3D('',#3610,#3611,#3612);
#3614=PLANE('',#3613);
#3615=CARTESIAN_POINT('',(-3.422737317,-1.5,4.430007426));
#3616=VERTEX_POINT('',#3615);
#3617=CARTESIAN_POINT('',(-2.684192287,-1.5,4.430007426));
#3618=DIRECTION('',(-1.,0.,0.));
#3619=VECTOR('',#3618,7.38545031);
#3620=LINE('',#3617,#3619);
#3621=EDGE_CURVE('',#3591,#3616,#3620,.T.);
#3622=ORIENTED_EDGE('',*,*,#3621,.F.);
#3623=ORIENTED_EDGE('',*,*,#3604,.F.);
#3624=ORIENTED_EDGE('',*,*,#2240,.F.);
#3625=CARTESIAN_POINT('',(-3.422737317,-6.5,4.430007426));
#3626=DIRECTION('',(-0.,1.,0.));
#3627=VECTOR('',#3626,50.);
#3628=LINE('',#3625,#3627);
#3629=EDGE_CURVE('',#2226,#3616,#3628,.T.);
#3630=ORIENTED_EDGE('',*,*,#3629,.T.);
#3631=EDGE_LOOP('',(#3622,#3623,#3624,#3630));
#3632=FACE_BOUND('',#3631,.T.);
#3633=ADVANCED_FACE('',(#3632),#3614,.F.);
#3634=OVER_RIDING_STYLED_ITEM('',(#2090),#3633,#26);
#3635=CARTESIAN_POINT('',(0.,-6.5,6.5));
#3636=DIRECTION('',(-0.,1.,0.));
#3637=DIRECTION('',(1.,0.,0.));
#3638=AXIS2_PLACEMENT_3D('',#3635,#3636,#3637);
#3639=CYLINDRICAL_SURFACE('',#3638,4.);
#3640=CARTESIAN_POINT('',(-4.,-1.5,6.5));
#3641=VERTEX_POINT('',#3640);
#3642=CARTESIAN_POINT('',(-4.,-1.5,6.5));
#3643=DIRECTION('',(0.,-1.,-0.));
#3644=VECTOR('',#3643,5.);
#3645=LINE('',#3642,#3644);
#3646=EDGE_CURVE('',#3641,#2217,#3645,.T.);
#3647=ORIENTED_EDGE('',*,*,#3646,.T.);
#3648=ORIENTED_EDGE('',*,*,#2223,.F.);
#3649=CARTESIAN_POINT('',(-0.75,-1.5,10.429058411));
#3650=VERTEX_POINT('',#3649);
#3651=CARTESIAN_POINT('',(-0.75,-6.5,10.429058411));
#3652=DIRECTION('',(-0.,1.,0.));
#3653=VECTOR('',#3652,50.);
#3654=LINE('',#3651,#3653);
#3655=EDGE_CURVE('',#2209,#3650,#3654,.T.);
#3656=ORIENTED_EDGE('',*,*,#3655,.T.);
#3657=CARTESIAN_POINT('',(0.,-1.5,6.5));
#3658=DIRECTION('',(-0.,1.,0.));
#3659=DIRECTION('',(1.,0.,0.));
#3660=AXIS2_PLACEMENT_3D('',#3657,#3658,#3659);
#3661=CIRCLE('',#3660,4.);
#3662=EDGE_CURVE('',#3641,#3650,#3661,.T.);
#3663=ORIENTED_EDGE('',*,*,#3662,.F.);
#3664=EDGE_LOOP('',(#3647,#3648,#3656,#3663));
#3665=FACE_BOUND('',#3664,.T.);
#3666=ADVANCED_FACE('',(#3665),#3639,.T.);
#3667=OVER_RIDING_STYLED_ITEM('',(#2090),#3666,#26);
#3668=CARTESIAN_POINT('',(-0.75,-6.5,9.917957057));
#3669=DIRECTION('',(-1.,-0.,0.));
#3670=DIRECTION('',(0.,0.,1.));
#3671=AXIS2_PLACEMENT_3D('',#3668,#3669,#3670);
#3672=PLANE('',#3671);
#3673=CARTESIAN_POINT('',(-0.75,-1.5,9.406855703));
#3674=VERTEX_POINT('',#3673);
#3675=CARTESIAN_POINT('',(-0.75,-1.5,10.429058411));
#3676=DIRECTION('',(0.,0.,-1.));
#3677=VECTOR('',#3676,10.222027086);
#3678=LINE('',#3675,#3677);
#3679=EDGE_CURVE('',#3650,#3674,#3678,.T.);
#3680=ORIENTED_EDGE('',*,*,#3679,.F.);
#3681=ORIENTED_EDGE('',*,*,#3655,.F.);
#3682=ORIENTED_EDGE('',*,*,#2214,.F.);
#3683=CARTESIAN_POINT('',(-0.75,-6.5,9.406855703));
#3684=DIRECTION('',(-0.,1.,0.));
#3685=VECTOR('',#3684,50.);
#3686=LINE('',#3683,#3685);
#3687=EDGE_CURVE('',#2201,#3674,#3686,.T.);
#3688=ORIENTED_EDGE('',*,*,#3687,.T.);
#3689=EDGE_LOOP('',(#3680,#3681,#3682,#3688));
#3690=FACE_BOUND('',#3689,.T.);
#3691=ADVANCED_FACE('',(#3690),#3672,.F.);
#3692=OVER_RIDING_STYLED_ITEM('',(#2090),#3691,#26);
#3693=CARTESIAN_POINT('',(0.,-6.5,9.406855703));
#3694=DIRECTION('',(0.,0.,-1.));
#3695=DIRECTION('',(-1.,0.,0.));
#3696=AXIS2_PLACEMENT_3D('',#3693,#3694,#3695);
#3697=PLANE('',#3696);
#3698=CARTESIAN_POINT('',(-0.75,-1.5,9.406855703));
#3699=DIRECTION('',(1.,0.,-0.));
#3700=VECTOR('',#3699,15.);
#3701=LINE('',#3698,#3700);
#3702=EDGE_CURVE('',#3674,#3457,#3701,.T.);
#3703=ORIENTED_EDGE('',*,*,#3702,.F.);
#3704=ORIENTED_EDGE('',*,*,#3687,.F.);
#3705=ORIENTED_EDGE('',*,*,#2206,.F.);
#3706=ORIENTED_EDGE('',*,*,#3470,.T.);
#3707=EDGE_LOOP('',(#3703,#3704,#3705,#3706));
#3708=FACE_BOUND('',#3707,.T.);
#3709=ADVANCED_FACE('',(#3708),#3697,.F.);
#3710=OVER_RIDING_STYLED_ITEM('',(#2090),#3709,#26);
#3711=CARTESIAN_POINT('',(0.,-1.5,6.5));
#3712=DIRECTION('',(0.,-1.,0.));
#3713=DIRECTION('',(0.,0.,-1.));
#3714=AXIS2_PLACEMENT_3D('',#3711,#3712,#3713);
#3715=PLANE('',#3714);
#3716=ORIENTED_EDGE('',*,*,#3464,.T.);
#3717=ORIENTED_EDGE('',*,*,#3495,.T.);
#3718=ORIENTED_EDGE('',*,*,#3520,.T.);
#3719=ORIENTED_EDGE('',*,*,#3545,.T.);
#3720=ORIENTED_EDGE('',*,*,#3571,.T.);
#3721=ORIENTED_EDGE('',*,*,#3596,.T.);
#3722=ORIENTED_EDGE('',*,*,#3621,.T.);
#3723=CARTESIAN_POINT('',(0.,-1.5,6.5));
#3724=DIRECTION('',(-0.,1.,0.));
#3725=DIRECTION('',(1.,0.,0.));
#3726=AXIS2_PLACEMENT_3D('',#3723,#3724,#3725);
#3727=CIRCLE('',#3726,4.);
#3728=EDGE_CURVE('',#3616,#3641,#3727,.T.);
#3729=ORIENTED_EDGE('',*,*,#3728,.T.);
#3730=ORIENTED_EDGE('',*,*,#3662,.T.);
#3731=ORIENTED_EDGE('',*,*,#3679,.T.);
#3732=ORIENTED_EDGE('',*,*,#3702,.T.);
#3733=EDGE_LOOP('',(#3716,#3717,#3718,#3719,#3720,#3721,#3722,#3729,#3730,#3731,#3732));
#3734=FACE_BOUND('',#3733,.T.);
#3735=ORIENTED_EDGE('',*,*,#3421,.T.);
#3736=ORIENTED_EDGE('',*,*,#3428,.T.);
#3737=EDGE_LOOP('',(#3735,#3736));
#3738=FACE_BOUND('',#3737,.T.);
#3739=ADVANCED_FACE('',(#3734,#3738),#3715,.T.);
#3740=OVER_RIDING_STYLED_ITEM('',(#2090),#3739,#26);
#3741=CARTESIAN_POINT('',(0.,-6.5,0.));
#3742=DIRECTION('',(0.,-1.,0.));
#3743=DIRECTION('',(1.,0.,0.));
#3744=AXIS2_PLACEMENT_3D('',#3741,#3742,#3743);
#3745=PLANE('',#3744);
#3746=ORIENTED_EDGE('',*,*,#3438,.T.);
#3747=ORIENTED_EDGE('',*,*,#3445,.T.);
#3748=EDGE_LOOP('',(#3746,#3747));
#3749=FACE_BOUND('',#3748,.T.);
#3750=CARTESIAN_POINT('',(7.,-6.5,12.8));
#3751=VERTEX_POINT('',#3750);
#3752=CARTESIAN_POINT('',(-7.,-6.5,12.8));
#3753=VERTEX_POINT('',#3752);
#3754=CARTESIAN_POINT('',(133.,-6.5,12.8));
#3755=DIRECTION('',(-1.,0.,0.));
#3756=VECTOR('',#3755,140.);
#3757=LINE('',#3754,#3756);
#3758=EDGE_CURVE('',#3751,#3753,#3757,.T.);
#3759=ORIENTED_EDGE('',*,*,#3758,.T.);
#3760=CARTESIAN_POINT('',(-7.,-6.5,0.));
#3761=DIRECTION('',(0.,0.,1.));
#3762=VECTOR('',#3761,128.);
#3763=LINE('',#3760,#3762);
#3764=EDGE_CURVE('',#497,#3753,#3763,.T.);
#3765=ORIENTED_EDGE('',*,*,#3764,.F.);
#3766=ORIENTED_EDGE('',*,*,#504,.T.);
#3767=CARTESIAN_POINT('',(7.,-6.5,0.));
#3768=DIRECTION('',(0.,0.,1.));
#3769=VECTOR('',#3768,128.);
#3770=LINE('',#3767,#3769);
#3771=EDGE_CURVE('',#499,#3751,#3770,.T.);
#3772=ORIENTED_EDGE('',*,*,#3771,.T.);
#3773=EDGE_LOOP('',(#3759,#3765,#3766,#3772));
#3774=FACE_BOUND('',#3773,.T.);
#3775=ADVANCED_FACE('',(#3749,#3774),#3745,.T.);
#3776=OVER_RIDING_STYLED_ITEM('',(#627),#3775,#26);
#3777=CARTESIAN_POINT('',(0.,0.65,12.3));
#3778=DIRECTION('',(0.,-0.,1.));
#3779=DIRECTION('',(1.,0.,-0.));
#3780=AXIS2_PLACEMENT_3D('',#3777,#3778,#3779);
#3781=PLANE('',#3780);
#3782=ORIENTED_EDGE('',*,*,#896,.T.);
#3783=CARTESIAN_POINT('',(-65.,6.,12.3));
#3784=DIRECTION('',(1.,0.,-0.));
#3785=VECTOR('',#3784,5.);
#3786=LINE('',#3783,#3785);
#3787=EDGE_CURVE('',#1727,#883,#3786,.T.);
#3788=ORIENTED_EDGE('',*,*,#3787,.F.);
#3789=ORIENTED_EDGE('',*,*,#1732,.F.);
#3790=ORIENTED_EDGE('',*,*,#1840,.T.);
#3791=EDGE_LOOP('',(#3782,#3788,#3789,#3790));
#3792=FACE_BOUND('',#3791,.T.);
#3793=ADVANCED_FACE('',(#3792),#3781,.T.);
#3794=OVER_RIDING_STYLED_ITEM('',(#627),#3793,#26);
#3795=CARTESIAN_POINT('',(0.,-0.451886792,12.8));
#3796=DIRECTION('',(0.,0.,1.));
#3797=DIRECTION('',(1.,0.,0.));
#3798=AXIS2_PLACEMENT_3D('',#3795,#3796,#3797);
#3799=PLANE('',#3798);
#3800=CARTESIAN_POINT('',(-7.,-4.7,12.8));
#3801=VERTEX_POINT('',#3800);
#3802=CARTESIAN_POINT('',(7.,-4.7,12.8));
#3803=VERTEX_POINT('',#3802);
#3804=CARTESIAN_POINT('',(-11.5,-4.7,12.8));
#3805=DIRECTION('',(1.,0.,-0.));
#3806=VECTOR('',#3805,140.);
#3807=LINE('',#3804,#3806);
#3808=EDGE_CURVE('',#3801,#3803,#3807,.T.);
#3809=ORIENTED_EDGE('',*,*,#3808,.F.);
#3810=CARTESIAN_POINT('',(-7.,-22.7,12.8));
#3811=DIRECTION('',(0.,1.,0.));
#3812=VECTOR('',#3811,18.);
#3813=LINE('',#3810,#3812);
#3814=EDGE_CURVE('',#3753,#3801,#3813,.T.);
#3815=ORIENTED_EDGE('',*,*,#3814,.F.);
#3816=ORIENTED_EDGE('',*,*,#3758,.F.);
#3817=CARTESIAN_POINT('',(7.,11.5,12.8));
#3818=DIRECTION('',(0.,-1.,0.));
#3819=VECTOR('',#3818,18.);
#3820=LINE('',#3817,#3819);
#3821=EDGE_CURVE('',#3803,#3751,#3820,.T.);
#3822=ORIENTED_EDGE('',*,*,#3821,.F.);
#3823=EDGE_LOOP('',(#3809,#3815,#3816,#3822));
#3824=FACE_BOUND('',#3823,.T.);
#3825=ADVANCED_FACE('',(#3824),#3799,.T.);
#3826=OVER_RIDING_STYLED_ITEM('',(#627),#3825,#26);
#3827=CARTESIAN_POINT('',(-7.,-5.6,0.));
#3828=DIRECTION('',(-1.,0.,0.));
#3829=DIRECTION('',(0.,-1.,0.));
#3830=AXIS2_PLACEMENT_3D('',#3827,#3828,#3829);
#3831=PLANE('',#3830);
#3832=ORIENTED_EDGE('',*,*,#3814,.T.);
#3833=CARTESIAN_POINT('',(-7.,-4.7,0.));
#3834=DIRECTION('',(0.,0.,1.));
#3835=VECTOR('',#3834,128.);
#3836=LINE('',#3833,#3835);
#3837=EDGE_CURVE('',#507,#3801,#3836,.T.);
#3838=ORIENTED_EDGE('',*,*,#3837,.F.);
#3839=ORIENTED_EDGE('',*,*,#512,.T.);
#3840=ORIENTED_EDGE('',*,*,#3764,.T.);
#3841=EDGE_LOOP('',(#3832,#3838,#3839,#3840));
#3842=FACE_BOUND('',#3841,.T.);
#3843=ADVANCED_FACE('',(#3842),#3831,.T.);
#3844=OVER_RIDING_STYLED_ITEM('',(#627),#3843,#26);
#3845=CARTESIAN_POINT('',(0.,6.,0.));
#3846=DIRECTION('',(0.,1.,0.));
#3847=DIRECTION('',(-1.,0.,0.));
#3848=AXIS2_PLACEMENT_3D('',#3845,#3846,#3847);
#3849=PLANE('',#3848);
#3850=ORIENTED_EDGE('',*,*,#3787,.T.);
#3851=ORIENTED_EDGE('',*,*,#1816,.T.);
#3852=ORIENTED_EDGE('',*,*,#1905,.T.);
#3853=ORIENTED_EDGE('',*,*,#1759,.F.);
#3854=ORIENTED_EDGE('',*,*,#552,.T.);
#3855=ORIENTED_EDGE('',*,*,#1738,.T.);
#3856=EDGE_LOOP('',(#3850,#3851,#3852,#3853,#3854,#3855));
#3857=FACE_BOUND('',#3856,.T.);
#3858=ADVANCED_FACE('',(#3857),#3849,.T.);
#3859=OVER_RIDING_STYLED_ITEM('',(#627),#3858,#26);
#3860=CARTESIAN_POINT('',(6.75,-4.7,0.));
#3861=DIRECTION('',(0.,1.,0.));
#3862=DIRECTION('',(-1.,0.,0.));
#3863=AXIS2_PLACEMENT_3D('',#3860,#3861,#3862);
#3864=PLANE('',#3863);
#3865=ORIENTED_EDGE('',*,*,#3808,.T.);
#3866=CARTESIAN_POINT('',(7.,-4.7,0.));
#3867=DIRECTION('',(0.,0.,1.));
#3868=VECTOR('',#3867,128.);
#3869=LINE('',#3866,#3868);
#3870=EDGE_CURVE('',#579,#3803,#3869,.T.);
#3871=ORIENTED_EDGE('',*,*,#3870,.F.);
#3872=ORIENTED_EDGE('',*,*,#584,.T.);
#3873=ORIENTED_EDGE('',*,*,#1792,.T.);
#3874=ORIENTED_EDGE('',*,*,#1922,.F.);
#3875=ORIENTED_EDGE('',*,*,#1698,.F.);
#3876=ORIENTED_EDGE('',*,*,#520,.T.);
#3877=ORIENTED_EDGE('',*,*,#3837,.T.);
#3878=EDGE_LOOP('',(#3865,#3871,#3872,#3873,#3874,#3875,#3876,#3877));
#3879=FACE_BOUND('',#3878,.T.);
#3880=ADVANCED_FACE('',(#3879),#3864,.T.);
#3881=OVER_RIDING_STYLED_ITEM('',(#627),#3880,#26);
#3882=CARTESIAN_POINT('',(7.,-5.6,0.));
#3883=DIRECTION('',(1.,0.,0.));
#3884=DIRECTION('',(0.,1.,0.));
#3885=AXIS2_PLACEMENT_3D('',#3882,#3883,#3884);
#3886=PLANE('',#3885);
#3887=ORIENTED_EDGE('',*,*,#3821,.T.);
#3888=ORIENTED_EDGE('',*,*,#3771,.F.);
#3889=ORIENTED_EDGE('',*,*,#590,.T.);
#3890=ORIENTED_EDGE('',*,*,#3870,.T.);
#3891=EDGE_LOOP('',(#3887,#3888,#3889,#3890));
#3892=FACE_BOUND('',#3891,.T.);
#3893=ADVANCED_FACE('',(#3892),#3886,.T.);
#3894=OVER_RIDING_STYLED_ITEM('',(#627),#3893,#26);
#3895=CARTESIAN_POINT('',(0.,-6.5,6.5));
#3896=DIRECTION('',(-0.,1.,0.));
#3897=DIRECTION('',(1.,0.,0.));
#3898=AXIS2_PLACEMENT_3D('',#3895,#3896,#3897);
#3899=CYLINDRICAL_SURFACE('',#3898,4.);
#3900=ORIENTED_EDGE('',*,*,#3646,.F.);
#3901=ORIENTED_EDGE('',*,*,#3728,.F.);
#3902=ORIENTED_EDGE('',*,*,#3629,.F.);
#3903=ORIENTED_EDGE('',*,*,#2232,.F.);
#3904=EDGE_LOOP('',(#3900,#3901,#3902,#3903));
#3905=FACE_BOUND('',#3904,.T.);
#3906=ADVANCED_FACE('',(#3905),#3899,.T.);
#3907=OVER_RIDING_STYLED_ITEM('',(#2090),#3906,#26);
#3908=CLOSED_SHELL('',(#67,#107,#158,#169,#221,#232,#257,#282,#300,#352,#363,#415,#426,#478,#489,#620,#670,#750,#808,#851,#914,#1007,#1040,#1095,#1146,#1184,
#1209,#1239,#1263,#1280,#1292,#1316,#1346,#1371,#1401,#1418,#1450,#1474,#1499,#1523,#1548,#1572,#1596,#1614,#1638,#1650,#1682,#1708,#1742,#1769,#1796,
#1821,#1847,#1874,#1891,#1909,#1927,#1968,#1999,#2030,#2052,#2083,#2115,#2392,#2424,#2448,#2472,#2489,#2520,#2545,#2577,#2601,#2625,#2642,#2673,#2698,
#2730,#2754,#2778,#2795,#2826,#2851,#2883,#2907,#2931,#2948,#2979,#3004,#3029,#3047,#3060,#3085,#3103,#3116,#3141,#3159,#3172,#3204,#3229,#3254,#3272,
#3285,#3310,#3328,#3341,#3366,#3384,#3397,#3449,#3481,#3507,#3532,#3557,#3583,#3608,#3633,#3666,#3691,#3709,#3739,#3775,#3793,#3825,#3843,#3858,#3880,
#3893,#3906));
#3909=MANIFOLD_SOLID_BREP('alibrePartClosedBody',#3908);
#3910=COLOUR_RGB('',0.882352948,0.882352948,0.882352948);
#3911=FILL_AREA_STYLE_COLOUR('',#3910);
#3912=FILL_AREA_STYLE('',(#3911));
#3913=SURFACE_STYLE_FILL_AREA(#3912);
#3914=SURFACE_SIDE_STYLE('',(#3913));
#3915=SURFACE_STYLE_USAGE(.BOTH.,#3914);
#3916=PRESENTATION_STYLE_ASSIGNMENT((#3915));
#26=STYLED_ITEM('',(#3916),#3909);
#16=SHAPE_REPRESENTATION('Conn_Mini_DIN_round_5_canned',(#15),#10);
#17=ADVANCED_BREP_SHAPE_REPRESENTATION('Conn_Mini_DIN_round_5_canned',(#3909),#10);
#3924=SHAPE_REPRESENTATION_RELATIONSHIP('','',#16,#17);
#3925=CARTESIAN_POINT('',(0.,0.,0.));
#3926=DIRECTION('',(0.,0.,1.));
#3927=DIRECTION('',(1.,0.,0.));
#3928=AXIS2_PLACEMENT_3D('',#3925,#3926,#3927);
#3930=MAPPED_ITEM('',#3929,#3928);
#3929=REPRESENTATION_MAP(#3928,#16);
#3931=APPLICATION_CONTEXT('Managed model based 3d engineering');
#3932=APPLICATION_PROTOCOL_DEFINITION('international standard','ap242_managed_model_based_3d_engineering',2013,#3931);
#3933=PRODUCT_CONTEXT('',#3931,'mechanical');
#3934=PRODUCT_DEFINITION_CONTEXT('part definition',#3931,'design');
#24=PRODUCT('Conn_Mini_DIN_round_5_canned','Conn_Mini_DIN_round_5_canned','',(#3933));
#3935=PRODUCT_RELATED_PRODUCT_CATEGORY('part','',(#24));
#3936=PRODUCT_DEFINITION_FORMATION_WITH_SPECIFIED_SOURCE('','',#24,.NOT_KNOWN.);
#25=PRODUCT_DEFINITION('design','',#3936,#3934);
#23=PRODUCT_DEFINITION_SHAPE('','',#25);
#3937=SHAPE_DEFINITION_REPRESENTATION(#23,#16);
#11=DRAUGHTING_MODEL('',(#3930),#10);
#1=MECHANICAL_DESIGN_GEOMETRIC_PRESENTATION_REPRESENTATION('',(#75,#159,#170,#222,#233,#258,#283,#301,#353,#364,#416,#427,#479,#490,#628,#751,#809,#915,#1008,#1096,#1147,#1709,#1743,#1770,#1797,#1822,
#1848,#1875,#1892,#1910,#1928,#2091,#2116,#2393,#2521,#2546,#2674,#2699,#2827,#2852,#2980,#3005,#3030,#3048,#3061,#3086,#3104,#3117,#3142,#3160,#3173,
#3205,#3230,#3255,#3273,#3286,#3311,#3329,#3342,#3367,#3385,#3398,#3450,#3482,#3508,#3533,#3558,#3584,#3609,#3634,#3667,#3692,#3710,#3740,#3776,#3794,
#3826,#3844,#3859,#3881,#3894,#3907,#26),#10);
ENDSEC;
END-ISO-10303-21;
