ISO-10303-21;
HEADER;

/* File generated by Alibre Version V28 */

FILE_DESCRIPTION(('HOOPS Exchange Step'),'2;1');

FILE_NAME('C:\\Users\\runds\\AppData\\Local\\Temp\\Alibre Design\\28.0.2.28126\\export-3E4922F9-BD38-4E37-8B6B-0AF202F6943F.stp',
'2025-02-06T11:28:45+01:00',
('runds'),
('Alibre'),
'HOOPS Exchange 2024.5',
'Alibre',
'Unknown authorisation');

FILE_SCHEMA( ('AP242_MANAGED_MODEL_BASED_3D_ENGINEERING_MIM_LF {1 0 10303 442 1 1 4 }') );

ENDSEC;

DATA;
#3=(NAMED_UNIT(*)PLANE_ANGLE_UNIT()SI_UNIT($,.RADIAN.));
#4=PLANE_ANGLE_MEASURE_WITH_UNIT(PLANE_ANGLE_MEASURE(0.0174532925),#3);
#5=(CONVERSION_BASED_UNIT('DEGREE',#4)NAMED_UNIT(#6)PLANE_ANGLE_UNIT());
#6=DIMENSIONAL_EXPONENTS(0.,0.,0.,0.,0.,0.,0.);
#7=(NAMED_UNIT(*)SI_UNIT($,.STERADIAN.)SOLID_ANGLE_UNIT());
#8=(LENGTH_UNIT()NAMED_UNIT(*)SI_UNIT(.MILLI.,.METRE.));
#9=UNCERTAINTY_MEASURE_WITH_UNIT(LENGTH_MEASURE(1.000000E-06),#8,'DISTANCE_ACCURACY_VALUE','Maximum Tolerance applied to model');
#10=(GEOMETRIC_REPRESENTATION_CONTEXT(3)GLOBAL_UNCERTAINTY_ASSIGNED_CONTEXT((#9))GLOBAL_UNIT_ASSIGNED_CONTEXT((#8,#5,#7))REPRESENTATION_CONTEXT('','Conn_Mini_DIN_round_8'));
#12=CARTESIAN_POINT('',(0.,0.,0.));
#13=DIRECTION('',(0.,0.,1.));
#14=DIRECTION('',(1.,0.,0.));
#15=AXIS2_PLACEMENT_3D('',#12,#13,#14);
#27=CARTESIAN_POINT('',(0.,-1.568851024,0.));
#28=DIRECTION('',(0.,1.,0.));
#29=DIRECTION('',(1.,0.,0.));
#30=AXIS2_PLACEMENT_3D('',#27,#28,#29);
#31=PLANE('',#30);
#32=CARTESIAN_POINT('',(-1.,-1.568851024,-2.5));
#33=VERTEX_POINT('',#32);
#34=CARTESIAN_POINT('',(1.,-1.568851024,-2.5));
#35=VERTEX_POINT('',#34);
#36=CARTESIAN_POINT('',(0.,-1.568851024,-2.5));
#37=DIRECTION('',(0.,-1.,-0.));
#38=DIRECTION('',(-0.707106781,0.,-0.707106781));
#39=AXIS2_PLACEMENT_3D('',#36,#37,#38);
#40=CIRCLE('',#39,1.);
#41=EDGE_CURVE('',#33,#35,#40,.T.);
#42=ORIENTED_EDGE('',*,*,#41,.F.);
#43=CARTESIAN_POINT('',(-1.,-1.568851024,0.));
#44=VERTEX_POINT('',#43);
#45=CARTESIAN_POINT('',(-1.,-1.568851024,0.));
#46=DIRECTION('',(0.,0.,-1.));
#47=VECTOR('',#46,25.);
#48=LINE('',#45,#47);
#49=EDGE_CURVE('',#44,#33,#48,.T.);
#50=ORIENTED_EDGE('',*,*,#49,.F.);
#51=CARTESIAN_POINT('',(1.,-1.568851024,0.));
#52=VERTEX_POINT('',#51);
#53=CARTESIAN_POINT('',(10.,-1.568851024,0.));
#54=DIRECTION('',(-1.,0.,0.));
#55=VECTOR('',#54,20.);
#56=LINE('',#53,#55);
#57=EDGE_CURVE('',#52,#44,#56,.T.);
#58=ORIENTED_EDGE('',*,*,#57,.F.);
#59=CARTESIAN_POINT('',(1.,-1.568851024,0.));
#60=DIRECTION('',(0.,0.,-1.));
#61=VECTOR('',#60,25.);
#62=LINE('',#59,#61);
#63=EDGE_CURVE('',#52,#35,#62,.T.);
#64=ORIENTED_EDGE('',*,*,#63,.T.);
#65=EDGE_LOOP('',(#42,#50,#58,#64));
#66=FACE_BOUND('',#65,.T.);
#67=ADVANCED_FACE('',(#66),#31,.T.);
#68=COLOUR_RGB('',0.752941191,0.752941191,0.752941191);
#69=FILL_AREA_STYLE_COLOUR('',#68);
#70=FILL_AREA_STYLE('',(#69));
#71=SURFACE_STYLE_FILL_AREA(#70);
#72=SURFACE_SIDE_STYLE('',(#71));
#73=SURFACE_STYLE_USAGE(.BOTH.,#72);
#74=PRESENTATION_STYLE_ASSIGNMENT((#73));
#75=OVER_RIDING_STYLED_ITEM('',(#74),#67,#26);
#76=CARTESIAN_POINT('',(0.,-1.818851024,-2.5));
#77=DIRECTION('',(0.,-1.,-0.));
#78=DIRECTION('',(-0.707106781,0.,-0.707106781));
#79=AXIS2_PLACEMENT_3D('',#76,#77,#78);
#80=CYLINDRICAL_SURFACE('',#79,1.);
#81=CARTESIAN_POINT('',(1.,-2.068851024,-2.5));
#82=VERTEX_POINT('',#81);
#83=CARTESIAN_POINT('',(-1.,-2.068851024,-2.5));
#84=VERTEX_POINT('',#83);
#85=CARTESIAN_POINT('',(0.,-2.068851024,-2.5));
#86=DIRECTION('',(0.,1.,0.));
#87=DIRECTION('',(0.707106781,0.,-0.707106781));
#88=AXIS2_PLACEMENT_3D('',#85,#86,#87);
#89=CIRCLE('',#88,1.);
#90=EDGE_CURVE('',#82,#84,#89,.T.);
#91=ORIENTED_EDGE('',*,*,#90,.T.);
#92=CARTESIAN_POINT('',(-1.,-4.318851024,-2.5));
#93=DIRECTION('',(0.,1.,0.));
#94=VECTOR('',#93,5.);
#95=LINE('',#92,#94);
#96=EDGE_CURVE('',#84,#33,#95,.T.);
#97=ORIENTED_EDGE('',*,*,#96,.T.);
#98=ORIENTED_EDGE('',*,*,#41,.T.);
#99=CARTESIAN_POINT('',(1.,0.681148976,-2.5));
#100=DIRECTION('',(0.,-1.,0.));
#101=VECTOR('',#100,5.);
#102=LINE('',#99,#101);
#103=EDGE_CURVE('',#35,#82,#102,.T.);
#104=ORIENTED_EDGE('',*,*,#103,.T.);
#105=EDGE_LOOP('',(#91,#97,#98,#104));
#106=FACE_BOUND('',#105,.T.);
#107=ADVANCED_FACE('',(#106),#80,.T.);
#108=COLOUR_RGB('',0.882352948,0.882352948,0.882352948);
#109=FILL_AREA_STYLE_COLOUR('',#108);
#110=FILL_AREA_STYLE('',(#109));
#111=SURFACE_STYLE_FILL_AREA(#110);
#112=SURFACE_SIDE_STYLE('',(#111));
#113=SURFACE_STYLE_USAGE(.BOTH.,#112);
#114=PRESENTATION_STYLE_ASSIGNMENT((#113));
#115=OVER_RIDING_STYLED_ITEM('',(#114),#107,#26);
#116=CARTESIAN_POINT('',(1.3,4.5,0.));
#117=DIRECTION('',(0.,0.,-1.));
#118=DIRECTION('',(-1.,0.,0.));
#119=AXIS2_PLACEMENT_3D('',#116,#117,#118);
#120=CYLINDRICAL_SURFACE('',#119,0.35);
#121=CARTESIAN_POINT('',(1.65,4.5,-3.5));
#122=VERTEX_POINT('',#121);
#123=CARTESIAN_POINT('',(1.65,4.5,0.));
#124=VERTEX_POINT('',#123);
#125=CARTESIAN_POINT('',(1.65,4.5,-3.5));
#126=DIRECTION('',(-0.,-0.,1.));
#127=VECTOR('',#126,3.5);
#128=LINE('',#125,#127);
#129=EDGE_CURVE('',#122,#124,#128,.T.);
#130=ORIENTED_EDGE('',*,*,#129,.T.);
#131=CARTESIAN_POINT('',(0.95,4.5,0.));
#132=VERTEX_POINT('',#131);
#133=CARTESIAN_POINT('',(1.3,4.5,0.));
#134=DIRECTION('',(0.,0.,1.));
#135=DIRECTION('',(-1.,0.,0.));
#136=AXIS2_PLACEMENT_3D('',#133,#134,#135);
#137=CIRCLE('',#136,0.35);
#138=EDGE_CURVE('',#132,#124,#137,.T.);
#139=ORIENTED_EDGE('',*,*,#138,.F.);
#140=CARTESIAN_POINT('',(1.3,4.5,0.));
#141=DIRECTION('',(0.,0.,1.));
#142=DIRECTION('',(-1.,0.,0.));
#143=AXIS2_PLACEMENT_3D('',#140,#141,#142);
#144=CIRCLE('',#143,0.35);
#145=EDGE_CURVE('',#124,#132,#144,.T.);
#146=ORIENTED_EDGE('',*,*,#145,.F.);
#147=ORIENTED_EDGE('',*,*,#129,.F.);
#148=CARTESIAN_POINT('',(0.95,4.5,-3.5));
#149=VERTEX_POINT('',#148);
#150=CARTESIAN_POINT('',(1.3,4.5,-3.5));
#151=DIRECTION('',(0.,0.,1.));
#152=DIRECTION('',(-1.,0.,0.));
#153=AXIS2_PLACEMENT_3D('',#150,#151,#152);
#154=CIRCLE('',#153,0.35);
#155=EDGE_CURVE('',#122,#149,#154,.T.);
#156=ORIENTED_EDGE('',*,*,#155,.T.);
#157=CARTESIAN_POINT('',(1.3,4.5,-3.5));
#158=DIRECTION('',(0.,0.,1.));
#159=DIRECTION('',(-1.,0.,0.));
#160=AXIS2_PLACEMENT_3D('',#157,#158,#159);
#161=CIRCLE('',#160,0.35);
#162=EDGE_CURVE('',#149,#122,#161,.T.);
#163=ORIENTED_EDGE('',*,*,#162,.T.);
#164=EDGE_LOOP('',(#130,#139,#146,#147,#156,#163));
#165=FACE_BOUND('',#164,.T.);
#166=ADVANCED_FACE('',(#165),#120,.T.);
#167=OVER_RIDING_STYLED_ITEM('',(#74),#166,#26);
#168=CARTESIAN_POINT('',(1.3,4.5,-3.5));
#169=DIRECTION('',(0.,0.,-1.));
#170=DIRECTION('',(-1.,0.,0.));
#171=AXIS2_PLACEMENT_3D('',#168,#169,#170);
#172=PLANE('',#171);
#173=ORIENTED_EDGE('',*,*,#155,.F.);
#174=ORIENTED_EDGE('',*,*,#162,.F.);
#175=EDGE_LOOP('',(#173,#174));
#176=FACE_BOUND('',#175,.T.);
#177=ADVANCED_FACE('',(#176),#172,.T.);
#178=OVER_RIDING_STYLED_ITEM('',(#74),#177,#26);
#179=CARTESIAN_POINT('',(3.400006082,2.,0.));
#180=DIRECTION('',(0.,0.,-1.));
#181=DIRECTION('',(-1.,0.,0.));
#182=AXIS2_PLACEMENT_3D('',#179,#180,#181);
#183=CYLINDRICAL_SURFACE('',#182,0.35);
#184=CARTESIAN_POINT('',(3.750006082,2.,-3.5));
#185=VERTEX_POINT('',#184);
#186=CARTESIAN_POINT('',(3.750006082,2.,0.));
#187=VERTEX_POINT('',#186);
#188=CARTESIAN_POINT('',(3.750006082,2.,-3.5));
#189=DIRECTION('',(-0.,-0.,1.));
#190=VECTOR('',#189,3.5);
#191=LINE('',#188,#190);
#192=EDGE_CURVE('',#185,#187,#191,.T.);
#193=ORIENTED_EDGE('',*,*,#192,.T.);
#194=CARTESIAN_POINT('',(3.050006082,2.,0.));
#195=VERTEX_POINT('',#194);
#196=CARTESIAN_POINT('',(3.400006082,2.,0.));
#197=DIRECTION('',(0.,0.,1.));
#198=DIRECTION('',(-1.,0.,0.));
#199=AXIS2_PLACEMENT_3D('',#196,#197,#198);
#200=CIRCLE('',#199,0.35);
#201=EDGE_CURVE('',#195,#187,#200,.T.);
#202=ORIENTED_EDGE('',*,*,#201,.F.);
#203=CARTESIAN_POINT('',(3.400006082,2.,0.));
#204=DIRECTION('',(0.,0.,1.));
#205=DIRECTION('',(-1.,0.,0.));
#206=AXIS2_PLACEMENT_3D('',#203,#204,#205);
#207=CIRCLE('',#206,0.35);
#208=EDGE_CURVE('',#187,#195,#207,.T.);
#209=ORIENTED_EDGE('',*,*,#208,.F.);
#210=ORIENTED_EDGE('',*,*,#192,.F.);
#211=CARTESIAN_POINT('',(3.050006082,2.,-3.5));
#212=VERTEX_POINT('',#211);
#213=CARTESIAN_POINT('',(3.400006082,2.,-3.5));
#214=DIRECTION('',(0.,0.,1.));
#215=DIRECTION('',(-1.,0.,0.));
#216=AXIS2_PLACEMENT_3D('',#213,#214,#215);
#217=CIRCLE('',#216,0.35);
#218=EDGE_CURVE('',#185,#212,#217,.T.);
#219=ORIENTED_EDGE('',*,*,#218,.T.);
#220=CARTESIAN_POINT('',(3.400006082,2.,-3.5));
#221=DIRECTION('',(0.,0.,1.));
#222=DIRECTION('',(-1.,0.,0.));
#223=AXIS2_PLACEMENT_3D('',#220,#221,#222);
#224=CIRCLE('',#223,0.35);
#225=EDGE_CURVE('',#212,#185,#224,.T.);
#226=ORIENTED_EDGE('',*,*,#225,.T.);
#227=EDGE_LOOP('',(#193,#202,#209,#210,#219,#226));
#228=FACE_BOUND('',#227,.T.);
#229=ADVANCED_FACE('',(#228),#183,.T.);
#230=OVER_RIDING_STYLED_ITEM('',(#74),#229,#26);
#231=CARTESIAN_POINT('',(3.400006082,2.,-3.5));
#232=DIRECTION('',(0.,0.,-1.));
#233=DIRECTION('',(-1.,0.,0.));
#234=AXIS2_PLACEMENT_3D('',#231,#232,#233);
#235=PLANE('',#234);
#236=ORIENTED_EDGE('',*,*,#218,.F.);
#237=ORIENTED_EDGE('',*,*,#225,.F.);
#238=EDGE_LOOP('',(#236,#237));
#239=FACE_BOUND('',#238,.T.);
#240=ADVANCED_FACE('',(#239),#235,.T.);
#241=OVER_RIDING_STYLED_ITEM('',(#74),#240,#26);
#242=CARTESIAN_POINT('',(-1.3,2.,0.));
#243=DIRECTION('',(0.,0.,-1.));
#244=DIRECTION('',(-1.,0.,0.));
#245=AXIS2_PLACEMENT_3D('',#242,#243,#244);
#246=CYLINDRICAL_SURFACE('',#245,0.35);
#247=CARTESIAN_POINT('',(-0.95,2.,-3.5));
#248=VERTEX_POINT('',#247);
#249=CARTESIAN_POINT('',(-0.95,2.,0.));
#250=VERTEX_POINT('',#249);
#251=CARTESIAN_POINT('',(-0.95,2.,-3.5));
#252=DIRECTION('',(-0.,-0.,1.));
#253=VECTOR('',#252,3.5);
#254=LINE('',#251,#253);
#255=EDGE_CURVE('',#248,#250,#254,.T.);
#256=ORIENTED_EDGE('',*,*,#255,.T.);
#257=CARTESIAN_POINT('',(-1.65,2.,0.));
#258=VERTEX_POINT('',#257);
#259=CARTESIAN_POINT('',(-1.3,2.,0.));
#260=DIRECTION('',(0.,0.,1.));
#261=DIRECTION('',(-1.,0.,0.));
#262=AXIS2_PLACEMENT_3D('',#259,#260,#261);
#263=CIRCLE('',#262,0.35);
#264=EDGE_CURVE('',#258,#250,#263,.T.);
#265=ORIENTED_EDGE('',*,*,#264,.F.);
#266=CARTESIAN_POINT('',(-1.3,2.,0.));
#267=DIRECTION('',(0.,0.,1.));
#268=DIRECTION('',(-1.,0.,0.));
#269=AXIS2_PLACEMENT_3D('',#266,#267,#268);
#270=CIRCLE('',#269,0.35);
#271=EDGE_CURVE('',#250,#258,#270,.T.);
#272=ORIENTED_EDGE('',*,*,#271,.F.);
#273=ORIENTED_EDGE('',*,*,#255,.F.);
#274=CARTESIAN_POINT('',(-1.65,2.,-3.5));
#275=VERTEX_POINT('',#274);
#276=CARTESIAN_POINT('',(-1.3,2.,-3.5));
#277=DIRECTION('',(0.,0.,1.));
#278=DIRECTION('',(-1.,0.,0.));
#279=AXIS2_PLACEMENT_3D('',#276,#277,#278);
#280=CIRCLE('',#279,0.35);
#281=EDGE_CURVE('',#248,#275,#280,.T.);
#282=ORIENTED_EDGE('',*,*,#281,.T.);
#283=CARTESIAN_POINT('',(-1.3,2.,-3.5));
#284=DIRECTION('',(0.,0.,1.));
#285=DIRECTION('',(-1.,0.,0.));
#286=AXIS2_PLACEMENT_3D('',#283,#284,#285);
#287=CIRCLE('',#286,0.35);
#288=EDGE_CURVE('',#275,#248,#287,.T.);
#289=ORIENTED_EDGE('',*,*,#288,.T.);
#290=EDGE_LOOP('',(#256,#265,#272,#273,#282,#289));
#291=FACE_BOUND('',#290,.T.);
#292=ADVANCED_FACE('',(#291),#246,.T.);
#293=OVER_RIDING_STYLED_ITEM('',(#74),#292,#26);
#294=CARTESIAN_POINT('',(-1.3,2.,-3.5));
#295=DIRECTION('',(0.,0.,-1.));
#296=DIRECTION('',(-1.,0.,0.));
#297=AXIS2_PLACEMENT_3D('',#294,#295,#296);
#298=PLANE('',#297);
#299=ORIENTED_EDGE('',*,*,#281,.F.);
#300=ORIENTED_EDGE('',*,*,#288,.F.);
#301=EDGE_LOOP('',(#299,#300));
#302=FACE_BOUND('',#301,.T.);
#303=ADVANCED_FACE('',(#302),#298,.T.);
#304=OVER_RIDING_STYLED_ITEM('',(#74),#303,#26);
#305=CARTESIAN_POINT('',(-0.9,4.5,0.));
#306=DIRECTION('',(0.,0.,-1.));
#307=DIRECTION('',(-1.,0.,0.));
#308=AXIS2_PLACEMENT_3D('',#305,#306,#307);
#309=CYLINDRICAL_SURFACE('',#308,0.35);
#310=CARTESIAN_POINT('',(-0.55,4.5,-3.5));
#311=VERTEX_POINT('',#310);
#312=CARTESIAN_POINT('',(-0.55,4.5,0.));
#313=VERTEX_POINT('',#312);
#314=CARTESIAN_POINT('',(-0.55,4.5,-3.5));
#315=DIRECTION('',(-0.,-0.,1.));
#316=VECTOR('',#315,3.5);
#317=LINE('',#314,#316);
#318=EDGE_CURVE('',#311,#313,#317,.T.);
#319=ORIENTED_EDGE('',*,*,#318,.T.);
#320=CARTESIAN_POINT('',(-1.25,4.5,0.));
#321=VERTEX_POINT('',#320);
#322=CARTESIAN_POINT('',(-0.9,4.5,0.));
#323=DIRECTION('',(0.,0.,1.));
#324=DIRECTION('',(-1.,0.,0.));
#325=AXIS2_PLACEMENT_3D('',#322,#323,#324);
#326=CIRCLE('',#325,0.35);
#327=EDGE_CURVE('',#321,#313,#326,.T.);
#328=ORIENTED_EDGE('',*,*,#327,.F.);
#329=CARTESIAN_POINT('',(-0.9,4.5,0.));
#330=DIRECTION('',(0.,0.,1.));
#331=DIRECTION('',(-1.,0.,0.));
#332=AXIS2_PLACEMENT_3D('',#329,#330,#331);
#333=CIRCLE('',#332,0.35);
#334=EDGE_CURVE('',#313,#321,#333,.T.);
#335=ORIENTED_EDGE('',*,*,#334,.F.);
#336=ORIENTED_EDGE('',*,*,#318,.F.);
#337=CARTESIAN_POINT('',(-1.25,4.5,-3.5));
#338=VERTEX_POINT('',#337);
#339=CARTESIAN_POINT('',(-0.9,4.5,-3.5));
#340=DIRECTION('',(0.,0.,1.));
#341=DIRECTION('',(-1.,0.,0.));
#342=AXIS2_PLACEMENT_3D('',#339,#340,#341);
#343=CIRCLE('',#342,0.35);
#344=EDGE_CURVE('',#311,#338,#343,.T.);
#345=ORIENTED_EDGE('',*,*,#344,.T.);
#346=CARTESIAN_POINT('',(-0.9,4.5,-3.5));
#347=DIRECTION('',(0.,0.,1.));
#348=DIRECTION('',(-1.,0.,0.));
#349=AXIS2_PLACEMENT_3D('',#346,#347,#348);
#350=CIRCLE('',#349,0.35);
#351=EDGE_CURVE('',#338,#311,#350,.T.);
#352=ORIENTED_EDGE('',*,*,#351,.T.);
#353=EDGE_LOOP('',(#319,#328,#335,#336,#345,#352));
#354=FACE_BOUND('',#353,.T.);
#355=ADVANCED_FACE('',(#354),#309,.T.);
#356=OVER_RIDING_STYLED_ITEM('',(#74),#355,#26);
#357=CARTESIAN_POINT('',(-0.9,4.5,-3.5));
#358=DIRECTION('',(0.,0.,-1.));
#359=DIRECTION('',(-1.,0.,0.));
#360=AXIS2_PLACEMENT_3D('',#357,#358,#359);
#361=PLANE('',#360);
#362=ORIENTED_EDGE('',*,*,#344,.F.);
#363=ORIENTED_EDGE('',*,*,#351,.F.);
#364=EDGE_LOOP('',(#362,#363));
#365=FACE_BOUND('',#364,.T.);
#366=ADVANCED_FACE('',(#365),#361,.T.);
#367=OVER_RIDING_STYLED_ITEM('',(#74),#366,#26);
#368=CARTESIAN_POINT('',(-1.,-1.818851024,0.));
#369=DIRECTION('',(-1.,0.,0.));
#370=DIRECTION('',(0.,1.,0.));
#371=AXIS2_PLACEMENT_3D('',#368,#369,#370);
#372=PLANE('',#371);
#373=ORIENTED_EDGE('',*,*,#96,.F.);
#374=CARTESIAN_POINT('',(-1.,-2.068851024,0.));
#375=VERTEX_POINT('',#374);
#376=CARTESIAN_POINT('',(-1.,-2.068851024,0.));
#377=DIRECTION('',(0.,0.,-1.));
#378=VECTOR('',#377,25.);
#379=LINE('',#376,#378);
#380=EDGE_CURVE('',#375,#84,#379,.T.);
#381=ORIENTED_EDGE('',*,*,#380,.F.);
#382=CARTESIAN_POINT('',(-1.,-5.470190065,0.));
#383=DIRECTION('',(0.,-1.,0.));
#384=VECTOR('',#383,5.);
#385=LINE('',#382,#384);
#386=EDGE_CURVE('',#44,#375,#385,.T.);
#387=ORIENTED_EDGE('',*,*,#386,.F.);
#388=ORIENTED_EDGE('',*,*,#49,.T.);
#389=EDGE_LOOP('',(#373,#381,#387,#388));
#390=FACE_BOUND('',#389,.T.);
#391=ADVANCED_FACE('',(#390),#372,.T.);
#392=OVER_RIDING_STYLED_ITEM('',(#74),#391,#26);
#393=CARTESIAN_POINT('',(0.,-2.068851024,0.));
#394=DIRECTION('',(0.,-1.,0.));
#395=DIRECTION('',(-1.,0.,0.));
#396=AXIS2_PLACEMENT_3D('',#393,#394,#395);
#397=PLANE('',#396);
#398=ORIENTED_EDGE('',*,*,#90,.F.);
#399=CARTESIAN_POINT('',(1.,-2.068851024,0.));
#400=VERTEX_POINT('',#399);
#401=CARTESIAN_POINT('',(1.,-2.068851024,0.));
#402=DIRECTION('',(0.,0.,-1.));
#403=VECTOR('',#402,25.);
#404=LINE('',#401,#403);
#405=EDGE_CURVE('',#400,#82,#404,.T.);
#406=ORIENTED_EDGE('',*,*,#405,.F.);
#407=CARTESIAN_POINT('',(-10.,-2.068851024,0.));
#408=DIRECTION('',(1.,0.,-0.));
#409=VECTOR('',#408,20.);
#410=LINE('',#407,#409);
#411=EDGE_CURVE('',#375,#400,#410,.T.);
#412=ORIENTED_EDGE('',*,*,#411,.F.);
#413=ORIENTED_EDGE('',*,*,#380,.T.);
#414=EDGE_LOOP('',(#398,#406,#412,#413));
#415=FACE_BOUND('',#414,.T.);
#416=ADVANCED_FACE('',(#415),#397,.T.);
#417=OVER_RIDING_STYLED_ITEM('',(#74),#416,#26);
#418=CARTESIAN_POINT('',(1.,-1.818851024,0.));
#419=DIRECTION('',(1.,0.,0.));
#420=DIRECTION('',(0.,-1.,0.));
#421=AXIS2_PLACEMENT_3D('',#418,#419,#420);
#422=PLANE('',#421);
#423=ORIENTED_EDGE('',*,*,#103,.F.);
#424=ORIENTED_EDGE('',*,*,#63,.F.);
#425=CARTESIAN_POINT('',(1.,-10.470190065,0.));
#426=DIRECTION('',(0.,1.,0.));
#427=VECTOR('',#426,5.);
#428=LINE('',#425,#427);
#429=EDGE_CURVE('',#400,#52,#428,.T.);
#430=ORIENTED_EDGE('',*,*,#429,.F.);
#431=ORIENTED_EDGE('',*,*,#405,.T.);
#432=EDGE_LOOP('',(#423,#424,#430,#431));
#433=FACE_BOUND('',#432,.T.);
#434=ADVANCED_FACE('',(#433),#422,.T.);
#435=OVER_RIDING_STYLED_ITEM('',(#74),#434,#26);
#436=CARTESIAN_POINT('',(-3.4,2.,0.));
#437=DIRECTION('',(0.,0.,-1.));
#438=DIRECTION('',(-1.,0.,0.));
#439=AXIS2_PLACEMENT_3D('',#436,#437,#438);
#440=CYLINDRICAL_SURFACE('',#439,0.35);
#441=CARTESIAN_POINT('',(-3.05,2.,-3.5));
#442=VERTEX_POINT('',#441);
#443=CARTESIAN_POINT('',(-3.05,2.,0.));
#444=VERTEX_POINT('',#443);
#445=CARTESIAN_POINT('',(-3.05,2.,-3.5));
#446=DIRECTION('',(-0.,-0.,1.));
#447=VECTOR('',#446,3.5);
#448=LINE('',#445,#447);
#449=EDGE_CURVE('',#442,#444,#448,.T.);
#450=ORIENTED_EDGE('',*,*,#449,.T.);
#451=CARTESIAN_POINT('',(-3.75,2.,0.));
#452=VERTEX_POINT('',#451);
#453=CARTESIAN_POINT('',(-3.4,2.,0.));
#454=DIRECTION('',(0.,0.,1.));
#455=DIRECTION('',(-1.,0.,0.));
#456=AXIS2_PLACEMENT_3D('',#453,#454,#455);
#457=CIRCLE('',#456,0.35);
#458=EDGE_CURVE('',#452,#444,#457,.T.);
#459=ORIENTED_EDGE('',*,*,#458,.F.);
#460=CARTESIAN_POINT('',(-3.4,2.,0.));
#461=DIRECTION('',(0.,0.,1.));
#462=DIRECTION('',(-1.,0.,0.));
#463=AXIS2_PLACEMENT_3D('',#460,#461,#462);
#464=CIRCLE('',#463,0.35);
#465=EDGE_CURVE('',#444,#452,#464,.T.);
#466=ORIENTED_EDGE('',*,*,#465,.F.);
#467=ORIENTED_EDGE('',*,*,#449,.F.);
#468=CARTESIAN_POINT('',(-3.75,2.,-3.5));
#469=VERTEX_POINT('',#468);
#470=CARTESIAN_POINT('',(-3.4,2.,-3.5));
#471=DIRECTION('',(0.,0.,1.));
#472=DIRECTION('',(-1.,0.,0.));
#473=AXIS2_PLACEMENT_3D('',#470,#471,#472);
#474=CIRCLE('',#473,0.35);
#475=EDGE_CURVE('',#442,#469,#474,.T.);
#476=ORIENTED_EDGE('',*,*,#475,.T.);
#477=CARTESIAN_POINT('',(-3.4,2.,-3.5));
#478=DIRECTION('',(0.,0.,1.));
#479=DIRECTION('',(-1.,0.,0.));
#480=AXIS2_PLACEMENT_3D('',#477,#478,#479);
#481=CIRCLE('',#480,0.35);
#482=EDGE_CURVE('',#469,#442,#481,.T.);
#483=ORIENTED_EDGE('',*,*,#482,.T.);
#484=EDGE_LOOP('',(#450,#459,#466,#467,#476,#483));
#485=FACE_BOUND('',#484,.T.);
#486=ADVANCED_FACE('',(#485),#440,.T.);
#487=OVER_RIDING_STYLED_ITEM('',(#74),#486,#26);
#488=CARTESIAN_POINT('',(-3.4,2.,-3.5));
#489=DIRECTION('',(0.,0.,-1.));
#490=DIRECTION('',(-1.,0.,0.));
#491=AXIS2_PLACEMENT_3D('',#488,#489,#490);
#492=PLANE('',#491);
#493=ORIENTED_EDGE('',*,*,#475,.F.);
#494=ORIENTED_EDGE('',*,*,#482,.F.);
#495=EDGE_LOOP('',(#493,#494));
#496=FACE_BOUND('',#495,.T.);
#497=ADVANCED_FACE('',(#496),#492,.T.);
#498=OVER_RIDING_STYLED_ITEM('',(#74),#497,#26);
#499=CARTESIAN_POINT('',(1.3,2.,0.));
#500=DIRECTION('',(0.,0.,-1.));
#501=DIRECTION('',(-1.,0.,0.));
#502=AXIS2_PLACEMENT_3D('',#499,#500,#501);
#503=CYLINDRICAL_SURFACE('',#502,0.35);
#504=CARTESIAN_POINT('',(1.65,2.,-3.5));
#505=VERTEX_POINT('',#504);
#506=CARTESIAN_POINT('',(1.65,2.,0.));
#507=VERTEX_POINT('',#506);
#508=CARTESIAN_POINT('',(1.65,2.,-3.5));
#509=DIRECTION('',(-0.,-0.,1.));
#510=VECTOR('',#509,3.5);
#511=LINE('',#508,#510);
#512=EDGE_CURVE('',#505,#507,#511,.T.);
#513=ORIENTED_EDGE('',*,*,#512,.T.);
#514=CARTESIAN_POINT('',(0.95,2.,0.));
#515=VERTEX_POINT('',#514);
#516=CARTESIAN_POINT('',(1.3,2.,0.));
#517=DIRECTION('',(0.,0.,1.));
#518=DIRECTION('',(-1.,0.,0.));
#519=AXIS2_PLACEMENT_3D('',#516,#517,#518);
#520=CIRCLE('',#519,0.35);
#521=EDGE_CURVE('',#515,#507,#520,.T.);
#522=ORIENTED_EDGE('',*,*,#521,.F.);
#523=CARTESIAN_POINT('',(1.3,2.,0.));
#524=DIRECTION('',(0.,0.,1.));
#525=DIRECTION('',(-1.,0.,0.));
#526=AXIS2_PLACEMENT_3D('',#523,#524,#525);
#527=CIRCLE('',#526,0.35);
#528=EDGE_CURVE('',#507,#515,#527,.T.);
#529=ORIENTED_EDGE('',*,*,#528,.F.);
#530=ORIENTED_EDGE('',*,*,#512,.F.);
#531=CARTESIAN_POINT('',(0.95,2.,-3.5));
#532=VERTEX_POINT('',#531);
#533=CARTESIAN_POINT('',(1.3,2.,-3.5));
#534=DIRECTION('',(0.,0.,1.));
#535=DIRECTION('',(-1.,0.,0.));
#536=AXIS2_PLACEMENT_3D('',#533,#534,#535);
#537=CIRCLE('',#536,0.35);
#538=EDGE_CURVE('',#505,#532,#537,.T.);
#539=ORIENTED_EDGE('',*,*,#538,.T.);
#540=CARTESIAN_POINT('',(1.3,2.,-3.5));
#541=DIRECTION('',(0.,0.,1.));
#542=DIRECTION('',(-1.,0.,0.));
#543=AXIS2_PLACEMENT_3D('',#540,#541,#542);
#544=CIRCLE('',#543,0.35);
#545=EDGE_CURVE('',#532,#505,#544,.T.);
#546=ORIENTED_EDGE('',*,*,#545,.T.);
#547=EDGE_LOOP('',(#513,#522,#529,#530,#539,#546));
#548=FACE_BOUND('',#547,.T.);
#549=ADVANCED_FACE('',(#548),#503,.T.);
#550=OVER_RIDING_STYLED_ITEM('',(#74),#549,#26);
#551=CARTESIAN_POINT('',(1.3,2.,-3.5));
#552=DIRECTION('',(0.,0.,-1.));
#553=DIRECTION('',(-1.,0.,0.));
#554=AXIS2_PLACEMENT_3D('',#551,#552,#553);
#555=PLANE('',#554);
#556=ORIENTED_EDGE('',*,*,#538,.F.);
#557=ORIENTED_EDGE('',*,*,#545,.F.);
#558=EDGE_LOOP('',(#556,#557));
#559=FACE_BOUND('',#558,.T.);
#560=ADVANCED_FACE('',(#559),#555,.T.);
#561=OVER_RIDING_STYLED_ITEM('',(#74),#560,#26);
#562=CARTESIAN_POINT('',(-3.4,4.5,0.));
#563=DIRECTION('',(0.,0.,-1.));
#564=DIRECTION('',(-1.,0.,0.));
#565=AXIS2_PLACEMENT_3D('',#562,#563,#564);
#566=CYLINDRICAL_SURFACE('',#565,0.35);
#567=CARTESIAN_POINT('',(-3.05,4.5,-3.5));
#568=VERTEX_POINT('',#567);
#569=CARTESIAN_POINT('',(-3.05,4.5,0.));
#570=VERTEX_POINT('',#569);
#571=CARTESIAN_POINT('',(-3.05,4.5,-3.5));
#572=DIRECTION('',(-0.,-0.,1.));
#573=VECTOR('',#572,3.5);
#574=LINE('',#571,#573);
#575=EDGE_CURVE('',#568,#570,#574,.T.);
#576=ORIENTED_EDGE('',*,*,#575,.T.);
#577=CARTESIAN_POINT('',(-3.75,4.5,0.));
#578=VERTEX_POINT('',#577);
#579=CARTESIAN_POINT('',(-3.4,4.5,0.));
#580=DIRECTION('',(0.,0.,1.));
#581=DIRECTION('',(-1.,0.,0.));
#582=AXIS2_PLACEMENT_3D('',#579,#580,#581);
#583=CIRCLE('',#582,0.35);
#584=EDGE_CURVE('',#578,#570,#583,.T.);
#585=ORIENTED_EDGE('',*,*,#584,.F.);
#586=CARTESIAN_POINT('',(-3.4,4.5,0.));
#587=DIRECTION('',(0.,0.,1.));
#588=DIRECTION('',(-1.,0.,0.));
#589=AXIS2_PLACEMENT_3D('',#586,#587,#588);
#590=CIRCLE('',#589,0.35);
#591=EDGE_CURVE('',#570,#578,#590,.T.);
#592=ORIENTED_EDGE('',*,*,#591,.F.);
#593=ORIENTED_EDGE('',*,*,#575,.F.);
#594=CARTESIAN_POINT('',(-3.75,4.5,-3.5));
#595=VERTEX_POINT('',#594);
#596=CARTESIAN_POINT('',(-3.4,4.5,-3.5));
#597=DIRECTION('',(0.,0.,1.));
#598=DIRECTION('',(-1.,0.,0.));
#599=AXIS2_PLACEMENT_3D('',#596,#597,#598);
#600=CIRCLE('',#599,0.35);
#601=EDGE_CURVE('',#568,#595,#600,.T.);
#602=ORIENTED_EDGE('',*,*,#601,.T.);
#603=CARTESIAN_POINT('',(-3.4,4.5,-3.5));
#604=DIRECTION('',(0.,0.,1.));
#605=DIRECTION('',(-1.,0.,0.));
#606=AXIS2_PLACEMENT_3D('',#603,#604,#605);
#607=CIRCLE('',#606,0.35);
#608=EDGE_CURVE('',#595,#568,#607,.T.);
#609=ORIENTED_EDGE('',*,*,#608,.T.);
#610=EDGE_LOOP('',(#576,#585,#592,#593,#602,#609));
#611=FACE_BOUND('',#610,.T.);
#612=ADVANCED_FACE('',(#611),#566,.T.);
#613=OVER_RIDING_STYLED_ITEM('',(#74),#612,#26);
#614=CARTESIAN_POINT('',(-3.4,4.5,-3.5));
#615=DIRECTION('',(0.,0.,-1.));
#616=DIRECTION('',(-1.,0.,0.));
#617=AXIS2_PLACEMENT_3D('',#614,#615,#616);
#618=PLANE('',#617);
#619=ORIENTED_EDGE('',*,*,#601,.F.);
#620=ORIENTED_EDGE('',*,*,#608,.F.);
#621=EDGE_LOOP('',(#619,#620));
#622=FACE_BOUND('',#621,.T.);
#623=ADVANCED_FACE('',(#622),#618,.T.);
#624=OVER_RIDING_STYLED_ITEM('',(#74),#623,#26);
#625=CARTESIAN_POINT('',(3.400006082,4.5,0.));
#626=DIRECTION('',(0.,0.,-1.));
#627=DIRECTION('',(-1.,0.,0.));
#628=AXIS2_PLACEMENT_3D('',#625,#626,#627);
#629=CYLINDRICAL_SURFACE('',#628,0.35);
#630=CARTESIAN_POINT('',(3.750006082,4.5,-3.5));
#631=VERTEX_POINT('',#630);
#632=CARTESIAN_POINT('',(3.750006082,4.5,0.));
#633=VERTEX_POINT('',#632);
#634=CARTESIAN_POINT('',(3.750006082,4.5,-3.5));
#635=DIRECTION('',(-0.,-0.,1.));
#636=VECTOR('',#635,3.5);
#637=LINE('',#634,#636);
#638=EDGE_CURVE('',#631,#633,#637,.T.);
#639=ORIENTED_EDGE('',*,*,#638,.T.);
#640=CARTESIAN_POINT('',(3.050006082,4.5,0.));
#641=VERTEX_POINT('',#640);
#642=CARTESIAN_POINT('',(3.400006082,4.5,0.));
#643=DIRECTION('',(0.,0.,1.));
#644=DIRECTION('',(-1.,0.,0.));
#645=AXIS2_PLACEMENT_3D('',#642,#643,#644);
#646=CIRCLE('',#645,0.35);
#647=EDGE_CURVE('',#641,#633,#646,.T.);
#648=ORIENTED_EDGE('',*,*,#647,.F.);
#649=CARTESIAN_POINT('',(3.400006082,4.5,0.));
#650=DIRECTION('',(0.,0.,1.));
#651=DIRECTION('',(-1.,0.,0.));
#652=AXIS2_PLACEMENT_3D('',#649,#650,#651);
#653=CIRCLE('',#652,0.35);
#654=EDGE_CURVE('',#633,#641,#653,.T.);
#655=ORIENTED_EDGE('',*,*,#654,.F.);
#656=ORIENTED_EDGE('',*,*,#638,.F.);
#657=CARTESIAN_POINT('',(3.050006082,4.5,-3.5));
#658=VERTEX_POINT('',#657);
#659=CARTESIAN_POINT('',(3.400006082,4.5,-3.5));
#660=DIRECTION('',(0.,0.,1.));
#661=DIRECTION('',(-1.,0.,0.));
#662=AXIS2_PLACEMENT_3D('',#659,#660,#661);
#663=CIRCLE('',#662,0.35);
#664=EDGE_CURVE('',#631,#658,#663,.T.);
#665=ORIENTED_EDGE('',*,*,#664,.T.);
#666=CARTESIAN_POINT('',(3.400006082,4.5,-3.5));
#667=DIRECTION('',(0.,0.,1.));
#668=DIRECTION('',(-1.,0.,0.));
#669=AXIS2_PLACEMENT_3D('',#666,#667,#668);
#670=CIRCLE('',#669,0.35);
#671=EDGE_CURVE('',#658,#631,#670,.T.);
#672=ORIENTED_EDGE('',*,*,#671,.T.);
#673=EDGE_LOOP('',(#639,#648,#655,#656,#665,#672));
#674=FACE_BOUND('',#673,.T.);
#675=ADVANCED_FACE('',(#674),#629,.T.);
#676=OVER_RIDING_STYLED_ITEM('',(#74),#675,#26);
#677=CARTESIAN_POINT('',(3.400006082,4.5,-3.5));
#678=DIRECTION('',(0.,0.,-1.));
#679=DIRECTION('',(-1.,0.,0.));
#680=AXIS2_PLACEMENT_3D('',#677,#678,#679);
#681=PLANE('',#680);
#682=ORIENTED_EDGE('',*,*,#664,.F.);
#683=ORIENTED_EDGE('',*,*,#671,.F.);
#684=EDGE_LOOP('',(#682,#683));
#685=FACE_BOUND('',#684,.T.);
#686=ADVANCED_FACE('',(#685),#681,.T.);
#687=OVER_RIDING_STYLED_ITEM('',(#74),#686,#26);
#688=CARTESIAN_POINT('',(0.,-0.451886792,0.));
#689=DIRECTION('',(0.,0.,1.));
#690=DIRECTION('',(1.,0.,0.));
#691=AXIS2_PLACEMENT_3D('',#688,#689,#690);
#692=PLANE('',#691);
#693=ORIENTED_EDGE('',*,*,#138,.T.);
#694=ORIENTED_EDGE('',*,*,#145,.T.);
#695=EDGE_LOOP('',(#693,#694));
#696=FACE_BOUND('',#695,.T.);
#697=ORIENTED_EDGE('',*,*,#201,.T.);
#698=ORIENTED_EDGE('',*,*,#208,.T.);
#699=EDGE_LOOP('',(#697,#698));
#700=FACE_BOUND('',#699,.T.);
#701=ORIENTED_EDGE('',*,*,#264,.T.);
#702=ORIENTED_EDGE('',*,*,#271,.T.);
#703=EDGE_LOOP('',(#701,#702));
#704=FACE_BOUND('',#703,.T.);
#705=ORIENTED_EDGE('',*,*,#327,.T.);
#706=ORIENTED_EDGE('',*,*,#334,.T.);
#707=EDGE_LOOP('',(#705,#706));
#708=FACE_BOUND('',#707,.T.);
#709=ORIENTED_EDGE('',*,*,#57,.T.);
#710=ORIENTED_EDGE('',*,*,#386,.T.);
#711=ORIENTED_EDGE('',*,*,#411,.T.);
#712=ORIENTED_EDGE('',*,*,#429,.T.);
#713=EDGE_LOOP('',(#709,#710,#711,#712));
#714=FACE_BOUND('',#713,.T.);
#715=ORIENTED_EDGE('',*,*,#458,.T.);
#716=ORIENTED_EDGE('',*,*,#465,.T.);
#717=EDGE_LOOP('',(#715,#716));
#718=FACE_BOUND('',#717,.T.);
#719=ORIENTED_EDGE('',*,*,#521,.T.);
#720=ORIENTED_EDGE('',*,*,#528,.T.);
#721=EDGE_LOOP('',(#719,#720));
#722=FACE_BOUND('',#721,.T.);
#723=ORIENTED_EDGE('',*,*,#584,.T.);
#724=ORIENTED_EDGE('',*,*,#591,.T.);
#725=EDGE_LOOP('',(#723,#724));
#726=FACE_BOUND('',#725,.T.);
#727=ORIENTED_EDGE('',*,*,#647,.T.);
#728=ORIENTED_EDGE('',*,*,#654,.T.);
#729=EDGE_LOOP('',(#727,#728));
#730=FACE_BOUND('',#729,.T.);
#731=CARTESIAN_POINT('',(-7.,-6.5,0.));
#732=VERTEX_POINT('',#731);
#733=CARTESIAN_POINT('',(7.,-6.5,0.));
#734=VERTEX_POINT('',#733);
#735=CARTESIAN_POINT('',(-7.,-6.5,0.));
#736=DIRECTION('',(1.,0.,-0.));
#737=VECTOR('',#736,140.);
#738=LINE('',#735,#737);
#739=EDGE_CURVE('',#732,#734,#738,.T.);
#740=ORIENTED_EDGE('',*,*,#739,.F.);
#741=CARTESIAN_POINT('',(-7.,-4.7,0.));
#742=VERTEX_POINT('',#741);
#743=CARTESIAN_POINT('',(-7.,-4.7,0.));
#744=DIRECTION('',(0.,-1.,0.));
#745=VECTOR('',#744,18.);
#746=LINE('',#743,#745);
#747=EDGE_CURVE('',#742,#732,#746,.T.);
#748=ORIENTED_EDGE('',*,*,#747,.F.);
#749=CARTESIAN_POINT('',(-6.5,-4.7,0.));
#750=VERTEX_POINT('',#749);
#751=CARTESIAN_POINT('',(-6.5,-4.7,0.));
#752=DIRECTION('',(-1.,0.,0.));
#753=VECTOR('',#752,5.);
#754=LINE('',#751,#753);
#755=EDGE_CURVE('',#750,#742,#754,.T.);
#756=ORIENTED_EDGE('',*,*,#755,.F.);
#757=CARTESIAN_POINT('',(-6.5,6.,0.));
#758=VERTEX_POINT('',#757);
#759=CARTESIAN_POINT('',(-6.5,6.,0.));
#760=DIRECTION('',(0.,-1.,0.));
#761=VECTOR('',#760,107.);
#762=LINE('',#759,#761);
#763=EDGE_CURVE('',#758,#750,#762,.T.);
#764=ORIENTED_EDGE('',*,*,#763,.F.);
#765=CARTESIAN_POINT('',(6.5,6.,0.));
#766=VERTEX_POINT('',#765);
#767=CARTESIAN_POINT('',(6.5,6.,0.));
#768=DIRECTION('',(-1.,0.,0.));
#769=VECTOR('',#768,130.);
#770=LINE('',#767,#769);
#771=EDGE_CURVE('',#766,#758,#770,.T.);
#772=ORIENTED_EDGE('',*,*,#771,.F.);
#773=CARTESIAN_POINT('',(6.5,-4.7,0.));
#774=VERTEX_POINT('',#773);
#775=CARTESIAN_POINT('',(6.5,-4.7,0.));
#776=DIRECTION('',(0.,1.,0.));
#777=VECTOR('',#776,107.);
#778=LINE('',#775,#777);
#779=EDGE_CURVE('',#774,#766,#778,.T.);
#780=ORIENTED_EDGE('',*,*,#779,.F.);
#781=CARTESIAN_POINT('',(7.,-4.7,0.));
#782=VERTEX_POINT('',#781);
#783=CARTESIAN_POINT('',(7.,-4.7,0.));
#784=DIRECTION('',(-1.,0.,0.));
#785=VECTOR('',#784,5.);
#786=LINE('',#783,#785);
#787=EDGE_CURVE('',#782,#774,#786,.T.);
#788=ORIENTED_EDGE('',*,*,#787,.F.);
#789=CARTESIAN_POINT('',(7.,-6.5,0.));
#790=DIRECTION('',(0.,1.,0.));
#791=VECTOR('',#790,18.);
#792=LINE('',#789,#791);
#793=EDGE_CURVE('',#734,#782,#792,.T.);
#794=ORIENTED_EDGE('',*,*,#793,.F.);
#795=EDGE_LOOP('',(#740,#748,#756,#764,#772,#780,#788,#794));
#796=FACE_BOUND('',#795,.T.);
#797=ADVANCED_FACE('',(#696,#700,#704,#708,#714,#718,#722,#726,#730,#796),#692,.F.);
#798=DRAUGHTING_PRE_DEFINED_COLOUR('black');
#799=FILL_AREA_STYLE_COLOUR('',#798);
#800=FILL_AREA_STYLE('',(#799));
#801=SURFACE_STYLE_FILL_AREA(#800);
#802=SURFACE_SIDE_STYLE('',(#801));
#803=SURFACE_STYLE_USAGE(.BOTH.,#802);
#804=PRESENTATION_STYLE_ASSIGNMENT((#803));
#805=OVER_RIDING_STYLED_ITEM('',(#804),#797,#26);
#806=CARTESIAN_POINT('',(-1.036002491,-6.4,7.430290127));
#807=DIRECTION('',(0.,-0.707106781,0.707106781));
#808=DIRECTION('',(1.,0.,0.));
#809=AXIS2_PLACEMENT_3D('',#806,#807,#808);
#810=PLANE('',#809);
#811=CARTESIAN_POINT('',(-2.772004982,-6.5,7.330290127));
#812=VERTEX_POINT('',#811);
#813=CARTESIAN_POINT('',(-1.372004982,-6.5,7.330290127));
#814=VERTEX_POINT('',#813);
#815=CARTESIAN_POINT('',(-18.396027404,-6.5,7.330290127));
#816=DIRECTION('',(1.,0.,-0.));
#817=VECTOR('',#816,14.);
#818=LINE('',#815,#817);
#819=EDGE_CURVE('',#812,#814,#818,.T.);
#820=ORIENTED_EDGE('',*,*,#819,.T.);
#821=CARTESIAN_POINT('',(-1.572004982,-6.3,7.530290127));
#822=VERTEX_POINT('',#821);
#823=CARTESIAN_POINT('',(-1.372004982,-6.5,7.330290127));
#824=DIRECTION('',(-0.577350269,0.577350269,0.577350269));
#825=VECTOR('',#824,0.346410162);
#826=LINE('',#823,#825);
#827=EDGE_CURVE('',#814,#822,#826,.T.);
#828=ORIENTED_EDGE('',*,*,#827,.T.);
#829=CARTESIAN_POINT('',(-2.572004982,-6.3,7.530290127));
#830=VERTEX_POINT('',#829);
#831=CARTESIAN_POINT('',(-6.396027404,-6.3,7.530290127));
#832=DIRECTION('',(-1.,0.,0.));
#833=VECTOR('',#832,10.);
#834=LINE('',#831,#833);
#835=EDGE_CURVE('',#822,#830,#834,.T.);
#836=ORIENTED_EDGE('',*,*,#835,.T.);
#837=CARTESIAN_POINT('',(-2.572004982,-6.3,7.530290127));
#838=DIRECTION('',(-0.577350269,-0.577350269,-0.577350269));
#839=VECTOR('',#838,3.464101615);
#840=LINE('',#837,#839);
#841=EDGE_CURVE('',#830,#812,#840,.T.);
#842=ORIENTED_EDGE('',*,*,#841,.T.);
#843=EDGE_LOOP('',(#820,#828,#836,#842));
#844=FACE_BOUND('',#843,.T.);
#845=ADVANCED_FACE('',(#844),#810,.T.);
#846=OVER_RIDING_STYLED_ITEM('',(#114),#845,#26);
#847=CARTESIAN_POINT('',(-1.472004982,-6.4,4.015145063));
#848=DIRECTION('',(-0.707106781,-0.707106781,0.));
#849=DIRECTION('',(0.,0.,1.));
#850=AXIS2_PLACEMENT_3D('',#847,#848,#849);
#851=PLANE('',#850);
#852=CARTESIAN_POINT('',(-1.372004982,-6.5,8.730290127));
#853=VERTEX_POINT('',#852);
#854=CARTESIAN_POINT('',(-1.372004982,-6.5,37.166595697));
#855=DIRECTION('',(0.,0.,1.));
#856=VECTOR('',#855,14.);
#857=LINE('',#854,#856);
#858=EDGE_CURVE('',#814,#853,#857,.T.);
#859=ORIENTED_EDGE('',*,*,#858,.T.);
#860=CARTESIAN_POINT('',(-1.572004982,-6.3,8.530290127));
#861=VERTEX_POINT('',#860);
#862=CARTESIAN_POINT('',(-1.372004982,-6.5,8.730290127));
#863=DIRECTION('',(-0.577350269,0.577350269,-0.577350269));
#864=VECTOR('',#863,3.464101615);
#865=LINE('',#862,#864);
#866=EDGE_CURVE('',#853,#861,#865,.T.);
#867=ORIENTED_EDGE('',*,*,#866,.T.);
#868=CARTESIAN_POINT('',(-1.572004982,-6.3,49.166595697));
#869=DIRECTION('',(0.,0.,-1.));
#870=VECTOR('',#869,10.);
#871=LINE('',#868,#870);
#872=EDGE_CURVE('',#861,#822,#871,.T.);
#873=ORIENTED_EDGE('',*,*,#872,.T.);
#874=ORIENTED_EDGE('',*,*,#827,.F.);
#875=EDGE_LOOP('',(#859,#867,#873,#874));
#876=FACE_BOUND('',#875,.T.);
#877=ADVANCED_FACE('',(#876),#851,.T.);
#878=OVER_RIDING_STYLED_ITEM('',(#114),#877,#26);
#879=CARTESIAN_POINT('',(-1.036002491,-6.4,8.630290127));
#880=DIRECTION('',(0.,-0.707106781,-0.707106781));
#881=DIRECTION('',(-1.,0.,0.));
#882=AXIS2_PLACEMENT_3D('',#879,#880,#881);
#883=PLANE('',#882);
#884=CARTESIAN_POINT('',(-2.772004982,-6.5,8.730290127));
#885=VERTEX_POINT('',#884);
#886=CARTESIAN_POINT('',(-4.396027404,-6.5,8.730290127));
#887=DIRECTION('',(-1.,0.,0.));
#888=VECTOR('',#887,14.);
#889=LINE('',#886,#888);
#890=EDGE_CURVE('',#853,#885,#889,.T.);
#891=ORIENTED_EDGE('',*,*,#890,.T.);
#892=CARTESIAN_POINT('',(-2.572004982,-6.3,8.530290127));
#893=VERTEX_POINT('',#892);
#894=CARTESIAN_POINT('',(-2.772004982,-6.5,8.730290127));
#895=DIRECTION('',(0.577350269,0.577350269,-0.577350269));
#896=VECTOR('',#895,3.464101615);
#897=LINE('',#894,#896);
#898=EDGE_CURVE('',#885,#893,#897,.T.);
#899=ORIENTED_EDGE('',*,*,#898,.T.);
#900=CARTESIAN_POINT('',(-16.396027404,-6.3,8.530290127));
#901=DIRECTION('',(1.,0.,-0.));
#902=VECTOR('',#901,10.);
#903=LINE('',#900,#902);
#904=EDGE_CURVE('',#893,#861,#903,.T.);
#905=ORIENTED_EDGE('',*,*,#904,.T.);
#906=ORIENTED_EDGE('',*,*,#866,.F.);
#907=EDGE_LOOP('',(#891,#899,#905,#906));
#908=FACE_BOUND('',#907,.T.);
#909=ADVANCED_FACE('',(#908),#883,.T.);
#910=OVER_RIDING_STYLED_ITEM('',(#114),#909,#26);
#911=CARTESIAN_POINT('',(-2.672004982,-6.4,4.015145063));
#912=DIRECTION('',(0.707106781,-0.707106781,0.));
#913=DIRECTION('',(0.,0.,-1.));
#914=AXIS2_PLACEMENT_3D('',#911,#912,#913);
#915=PLANE('',#914);
#916=CARTESIAN_POINT('',(-2.772004982,-6.5,51.166595697));
#917=DIRECTION('',(0.,0.,-1.));
#918=VECTOR('',#917,14.);
#919=LINE('',#916,#918);
#920=EDGE_CURVE('',#885,#812,#919,.T.);
#921=ORIENTED_EDGE('',*,*,#920,.T.);
#922=ORIENTED_EDGE('',*,*,#841,.F.);
#923=CARTESIAN_POINT('',(-2.572004982,-6.3,39.166595697));
#924=DIRECTION('',(0.,0.,1.));
#925=VECTOR('',#924,10.);
#926=LINE('',#923,#925);
#927=EDGE_CURVE('',#830,#893,#926,.T.);
#928=ORIENTED_EDGE('',*,*,#927,.T.);
#929=ORIENTED_EDGE('',*,*,#898,.F.);
#930=EDGE_LOOP('',(#921,#922,#928,#929));
#931=FACE_BOUND('',#930,.T.);
#932=ADVANCED_FACE('',(#931),#915,.T.);
#933=OVER_RIDING_STYLED_ITEM('',(#114),#932,#26);
#934=CARTESIAN_POINT('',(-2.572004982,-6.5,8.030290127));
#935=DIRECTION('',(-1.,-0.,0.));
#936=DIRECTION('',(0.,0.,1.));
#937=AXIS2_PLACEMENT_3D('',#934,#935,#936);
#938=PLANE('',#937);
#939=ORIENTED_EDGE('',*,*,#927,.F.);
#940=CARTESIAN_POINT('',(-2.572004982,-1.5,7.530290127));
#941=VERTEX_POINT('',#940);
#942=CARTESIAN_POINT('',(-2.572004982,-4.5,7.530290127));
#943=DIRECTION('',(-0.,1.,0.));
#944=VECTOR('',#943,48.);
#945=LINE('',#942,#944);
#946=EDGE_CURVE('',#830,#941,#945,.T.);
#947=ORIENTED_EDGE('',*,*,#946,.T.);
#948=CARTESIAN_POINT('',(-2.572004982,-1.5,8.530290127));
#949=VERTEX_POINT('',#948);
#950=CARTESIAN_POINT('',(-2.572004982,-1.5,8.530290127));
#951=DIRECTION('',(0.,0.,-1.));
#952=VECTOR('',#951,10.);
#953=LINE('',#950,#952);
#954=EDGE_CURVE('',#949,#941,#953,.T.);
#955=ORIENTED_EDGE('',*,*,#954,.F.);
#956=CARTESIAN_POINT('',(-2.572004982,-4.5,8.530290127));
#957=DIRECTION('',(-0.,1.,0.));
#958=VECTOR('',#957,48.);
#959=LINE('',#956,#958);
#960=EDGE_CURVE('',#893,#949,#959,.T.);
#961=ORIENTED_EDGE('',*,*,#960,.F.);
#962=EDGE_LOOP('',(#939,#947,#955,#961));
#963=FACE_BOUND('',#962,.T.);
#964=ADVANCED_FACE('',(#963),#938,.F.);
#965=CARTESIAN_POINT('',(-2.072004982,-6.5,7.530290127));
#966=DIRECTION('',(0.,0.,-1.));
#967=DIRECTION('',(-1.,0.,0.));
#968=AXIS2_PLACEMENT_3D('',#965,#966,#967);
#969=PLANE('',#968);
#970=ORIENTED_EDGE('',*,*,#835,.F.);
#971=CARTESIAN_POINT('',(-1.572004982,-1.5,7.530290127));
#972=VERTEX_POINT('',#971);
#973=CARTESIAN_POINT('',(-1.572004982,-4.5,7.530290127));
#974=DIRECTION('',(-0.,1.,0.));
#975=VECTOR('',#974,48.);
#976=LINE('',#973,#975);
#977=EDGE_CURVE('',#822,#972,#976,.T.);
#978=ORIENTED_EDGE('',*,*,#977,.T.);
#979=CARTESIAN_POINT('',(-2.572004982,-1.5,7.530290127));
#980=DIRECTION('',(1.,0.,-0.));
#981=VECTOR('',#980,10.);
#982=LINE('',#979,#981);
#983=EDGE_CURVE('',#941,#972,#982,.T.);
#984=ORIENTED_EDGE('',*,*,#983,.F.);
#985=ORIENTED_EDGE('',*,*,#946,.F.);
#986=EDGE_LOOP('',(#970,#978,#984,#985));
#987=FACE_BOUND('',#986,.T.);
#988=ADVANCED_FACE('',(#987),#969,.F.);
#989=CARTESIAN_POINT('',(0.,-6.5,0.));
#990=DIRECTION('',(0.,-1.,0.));
#991=DIRECTION('',(1.,0.,0.));
#992=AXIS2_PLACEMENT_3D('',#989,#990,#991);
#993=PLANE('',#992);
#994=CARTESIAN_POINT('',(-1.175676477,-6.5,7.330290127));
#995=VERTEX_POINT('',#994);
#996=CARTESIAN_POINT('',(0.224323523,-6.5,7.330290127));
#997=VERTEX_POINT('',#996);
#998=CARTESIAN_POINT('',(-9.616220623,-6.5,7.330290127));
#999=DIRECTION('',(1.,0.,-0.));
#1000=VECTOR('',#999,14.);
#1001=LINE('',#998,#1000);
#1002=EDGE_CURVE('',#995,#997,#1001,.T.);
#1003=ORIENTED_EDGE('',*,*,#1002,.F.);
#1004=CARTESIAN_POINT('',(-1.175676477,-6.5,8.730290127));
#1005=VERTEX_POINT('',#1004);
#1006=CARTESIAN_POINT('',(-1.175676477,-6.5,51.166595697));
#1007=DIRECTION('',(0.,0.,-1.));
#1008=VECTOR('',#1007,14.);
#1009=LINE('',#1006,#1008);
#1010=EDGE_CURVE('',#1005,#995,#1009,.T.);
#1011=ORIENTED_EDGE('',*,*,#1010,.F.);
#1012=CARTESIAN_POINT('',(0.224323523,-6.5,8.730290127));
#1013=VERTEX_POINT('',#1012);
#1014=CARTESIAN_POINT('',(4.383779377,-6.5,8.730290127));
#1015=DIRECTION('',(-1.,0.,0.));
#1016=VECTOR('',#1015,14.);
#1017=LINE('',#1014,#1016);
#1018=EDGE_CURVE('',#1013,#1005,#1017,.T.);
#1019=ORIENTED_EDGE('',*,*,#1018,.F.);
#1020=CARTESIAN_POINT('',(0.224323523,-6.5,37.166595697));
#1021=DIRECTION('',(-0.,0.,1.));
#1022=VECTOR('',#1021,14.);
#1023=LINE('',#1020,#1022);
#1024=EDGE_CURVE('',#997,#1013,#1023,.T.);
#1025=ORIENTED_EDGE('',*,*,#1024,.F.);
#1026=EDGE_LOOP('',(#1003,#1011,#1019,#1025));
#1027=FACE_BOUND('',#1026,.T.);
#1028=CARTESIAN_POINT('',(1.849000556,-6.5,5.561410832));
#1029=VERTEX_POINT('',#1028);
#1030=CARTESIAN_POINT('',(3.249000556,-6.5,5.561410832));
#1031=VERTEX_POINT('',#1030);
#1032=CARTESIAN_POINT('',(7.01950306,-6.5,5.561410832));
#1033=DIRECTION('',(1.,0.,-0.));
#1034=VECTOR('',#1033,14.);
#1035=LINE('',#1032,#1034);
#1036=EDGE_CURVE('',#1029,#1031,#1035,.T.);
#1037=ORIENTED_EDGE('',*,*,#1036,.F.);
#1038=CARTESIAN_POINT('',(1.849000556,-6.5,6.961410832));
#1039=VERTEX_POINT('',#1038);
#1040=CARTESIAN_POINT('',(1.849000556,-6.5,41.437759578));
#1041=DIRECTION('',(0.,0.,-1.));
#1042=VECTOR('',#1041,14.);
#1043=LINE('',#1040,#1042);
#1044=EDGE_CURVE('',#1039,#1029,#1043,.T.);
#1045=ORIENTED_EDGE('',*,*,#1044,.F.);
#1046=CARTESIAN_POINT('',(3.249000556,-6.5,6.961410832));
#1047=VERTEX_POINT('',#1046);
#1048=CARTESIAN_POINT('',(21.01950306,-6.5,6.961410832));
#1049=DIRECTION('',(-1.,0.,0.));
#1050=VECTOR('',#1049,14.);
#1051=LINE('',#1048,#1050);
#1052=EDGE_CURVE('',#1047,#1039,#1051,.T.);
#1053=ORIENTED_EDGE('',*,*,#1052,.F.);
#1054=CARTESIAN_POINT('',(3.249000556,-6.5,27.437759578));
#1055=DIRECTION('',(0.,0.,1.));
#1056=VECTOR('',#1055,14.);
#1057=LINE('',#1054,#1056);
#1058=EDGE_CURVE('',#1031,#1047,#1057,.T.);
#1059=ORIENTED_EDGE('',*,*,#1058,.F.);
#1060=EDGE_LOOP('',(#1037,#1045,#1053,#1059));
#1061=FACE_BOUND('',#1060,.T.);
#1062=CARTESIAN_POINT('',(-3.25949316,-6.5,5.561410832));
#1063=VERTEX_POINT('',#1062);
#1064=CARTESIAN_POINT('',(-1.85949316,-6.5,5.561410832));
#1065=VERTEX_POINT('',#1064);
#1066=CARTESIAN_POINT('',(-21.077212379,-6.5,5.561410832));
#1067=DIRECTION('',(1.,0.,-0.));
#1068=VECTOR('',#1067,14.);
#1069=LINE('',#1066,#1068);
#1070=EDGE_CURVE('',#1063,#1065,#1069,.T.);
#1071=ORIENTED_EDGE('',*,*,#1070,.F.);
#1072=CARTESIAN_POINT('',(-3.25949316,-6.5,6.961410832));
#1073=VERTEX_POINT('',#1072);
#1074=CARTESIAN_POINT('',(-3.25949316,-6.5,41.437759578));
#1075=DIRECTION('',(0.,0.,-1.));
#1076=VECTOR('',#1075,14.);
#1077=LINE('',#1074,#1076);
#1078=EDGE_CURVE('',#1073,#1063,#1077,.T.);
#1079=ORIENTED_EDGE('',*,*,#1078,.F.);
#1080=CARTESIAN_POINT('',(-1.85949316,-6.5,6.961410832));
#1081=VERTEX_POINT('',#1080);
#1082=CARTESIAN_POINT('',(-7.077212379,-6.5,6.961410832));
#1083=DIRECTION('',(-1.,0.,0.));
#1084=VECTOR('',#1083,14.);
#1085=LINE('',#1082,#1084);
#1086=EDGE_CURVE('',#1081,#1073,#1085,.T.);
#1087=ORIENTED_EDGE('',*,*,#1086,.F.);
#1088=CARTESIAN_POINT('',(-1.85949316,-6.5,27.437759578));
#1089=DIRECTION('',(0.,0.,1.));
#1090=VECTOR('',#1089,14.);
#1091=LINE('',#1088,#1090);
#1092=EDGE_CURVE('',#1065,#1081,#1091,.T.);
#1093=ORIENTED_EDGE('',*,*,#1092,.F.);
#1094=EDGE_LOOP('',(#1071,#1079,#1087,#1093));
#1095=FACE_BOUND('',#1094,.T.);
#1096=CARTESIAN_POINT('',(-1.668109488,-6.5,3.410708058));
#1097=VERTEX_POINT('',#1096);
#1098=CARTESIAN_POINT('',(-0.268109488,-6.5,3.410708058));
#1099=VERTEX_POINT('',#1098);
#1100=CARTESIAN_POINT('',(-12.324602187,-6.5,3.410708058));
#1101=DIRECTION('',(1.,0.,-0.));
#1102=VECTOR('',#1101,14.);
#1103=LINE('',#1100,#1102);
#1104=EDGE_CURVE('',#1097,#1099,#1103,.T.);
#1105=ORIENTED_EDGE('',*,*,#1104,.F.);
#1106=CARTESIAN_POINT('',(-1.668109488,-6.5,4.810708058));
#1107=VERTEX_POINT('',#1106);
#1108=CARTESIAN_POINT('',(-1.668109488,-6.5,29.608894318));
#1109=DIRECTION('',(0.,0.,-1.));
#1110=VECTOR('',#1109,14.);
#1111=LINE('',#1108,#1110);
#1112=EDGE_CURVE('',#1107,#1097,#1111,.T.);
#1113=ORIENTED_EDGE('',*,*,#1112,.F.);
#1114=CARTESIAN_POINT('',(-0.268109488,-6.5,4.810708058));
#1115=VERTEX_POINT('',#1114);
#1116=CARTESIAN_POINT('',(1.675397813,-6.5,4.810708058));
#1117=DIRECTION('',(-1.,0.,0.));
#1118=VECTOR('',#1117,14.);
#1119=LINE('',#1116,#1118);
#1120=EDGE_CURVE('',#1115,#1107,#1119,.T.);
#1121=ORIENTED_EDGE('',*,*,#1120,.F.);
#1122=CARTESIAN_POINT('',(-0.268109488,-6.5,15.608894318));
#1123=DIRECTION('',(0.,0.,1.));
#1124=VECTOR('',#1123,14.);
#1125=LINE('',#1122,#1124);
#1126=EDGE_CURVE('',#1099,#1115,#1125,.T.);
#1127=ORIENTED_EDGE('',*,*,#1126,.F.);
#1128=EDGE_LOOP('',(#1105,#1113,#1121,#1127));
#1129=FACE_BOUND('',#1128,.T.);
#1130=CARTESIAN_POINT('',(0.75,-6.5,10.429058411));
#1131=VERTEX_POINT('',#1130);
#1132=CARTESIAN_POINT('',(0.75,-6.5,9.406855703));
#1133=VERTEX_POINT('',#1132);
#1134=CARTESIAN_POINT('',(0.75,-6.5,59.659777357));
#1135=DIRECTION('',(0.,0.,-1.));
#1136=VECTOR('',#1135,10.222027086);
#1137=LINE('',#1134,#1136);
#1138=EDGE_CURVE('',#1131,#1133,#1137,.T.);
#1139=ORIENTED_EDGE('',*,*,#1138,.T.);
#1140=CARTESIAN_POINT('',(-0.75,-6.5,9.406855703));
#1141=VERTEX_POINT('',#1140);
#1142=CARTESIAN_POINT('',(7.5,-6.5,9.406855703));
#1143=DIRECTION('',(-1.,0.,0.));
#1144=VECTOR('',#1143,15.);
#1145=LINE('',#1142,#1144);
#1146=EDGE_CURVE('',#1133,#1141,#1145,.T.);
#1147=ORIENTED_EDGE('',*,*,#1146,.T.);
#1148=CARTESIAN_POINT('',(-0.75,-6.5,10.429058411));
#1149=VERTEX_POINT('',#1148);
#1150=CARTESIAN_POINT('',(-0.75,-6.5,49.437750271));
#1151=DIRECTION('',(0.,0.,1.));
#1152=VECTOR('',#1151,10.222027086);
#1153=LINE('',#1150,#1152);
#1154=EDGE_CURVE('',#1141,#1149,#1153,.T.);
#1155=ORIENTED_EDGE('',*,*,#1154,.T.);
#1156=CARTESIAN_POINT('',(-4.,-6.5,6.5));
#1157=VERTEX_POINT('',#1156);
#1158=CARTESIAN_POINT('',(0.,-6.5,6.5));
#1159=DIRECTION('',(0.,-1.,0.));
#1160=DIRECTION('',(1.,0.,0.));
#1161=AXIS2_PLACEMENT_3D('',#1158,#1159,#1160);
#1162=CIRCLE('',#1161,4.);
#1163=EDGE_CURVE('',#1149,#1157,#1162,.T.);
#1164=ORIENTED_EDGE('',*,*,#1163,.T.);
#1165=CARTESIAN_POINT('',(-3.422737317,-6.5,4.430007426));
#1166=VERTEX_POINT('',#1165);
#1167=CARTESIAN_POINT('',(0.,-6.5,6.5));
#1168=DIRECTION('',(0.,-1.,0.));
#1169=DIRECTION('',(1.,0.,0.));
#1170=AXIS2_PLACEMENT_3D('',#1167,#1168,#1169);
#1171=CIRCLE('',#1170,4.);
#1172=EDGE_CURVE('',#1157,#1166,#1171,.T.);
#1173=ORIENTED_EDGE('',*,*,#1172,.T.);
#1174=CARTESIAN_POINT('',(-2.684192287,-6.5,4.430007426));
#1175=VERTEX_POINT('',#1174);
#1176=CARTESIAN_POINT('',(-20.486781566,-6.5,4.430007426));
#1177=DIRECTION('',(1.,0.,-0.));
#1178=VECTOR('',#1177,7.38545031);
#1179=LINE('',#1176,#1178);
#1180=EDGE_CURVE('',#1166,#1175,#1179,.T.);
#1181=ORIENTED_EDGE('',*,*,#1180,.T.);
#1182=CARTESIAN_POINT('',(-2.684192287,-6.5,3.534344631));
#1183=VERTEX_POINT('',#1182);
#1184=CARTESIAN_POINT('',(-2.684192287,-6.5,26.380282134));
#1185=DIRECTION('',(0.,0.,-1.));
#1186=VECTOR('',#1185,8.956627954);
#1187=LINE('',#1184,#1186);
#1188=EDGE_CURVE('',#1175,#1183,#1187,.T.);
#1189=ORIENTED_EDGE('',*,*,#1188,.T.);
#1190=CARTESIAN_POINT('',(2.684192287,-6.5,3.534344631));
#1191=VERTEX_POINT('',#1190);
#1192=CARTESIAN_POINT('',(0.,-6.5,6.5));
#1193=DIRECTION('',(0.,-1.,0.));
#1194=DIRECTION('',(1.,0.,0.));
#1195=AXIS2_PLACEMENT_3D('',#1192,#1193,#1194);
#1196=CIRCLE('',#1195,4.);
#1197=EDGE_CURVE('',#1183,#1191,#1196,.T.);
#1198=ORIENTED_EDGE('',*,*,#1197,.T.);
#1199=CARTESIAN_POINT('',(2.684192287,-6.5,4.430007426));
#1200=VERTEX_POINT('',#1199);
#1201=CARTESIAN_POINT('',(2.684192287,-6.5,17.42365418));
#1202=DIRECTION('',(0.,0.,1.));
#1203=VECTOR('',#1202,8.956627954);
#1204=LINE('',#1201,#1203);
#1205=EDGE_CURVE('',#1191,#1200,#1204,.T.);
#1206=ORIENTED_EDGE('',*,*,#1205,.T.);
#1207=CARTESIAN_POINT('',(3.422737317,-6.5,4.430007426));
#1208=VERTEX_POINT('',#1207);
#1209=CARTESIAN_POINT('',(13.101331256,-6.5,4.430007426));
#1210=DIRECTION('',(1.,0.,-0.));
#1211=VECTOR('',#1210,7.38545031);
#1212=LINE('',#1209,#1211);
#1213=EDGE_CURVE('',#1200,#1208,#1212,.T.);
#1214=ORIENTED_EDGE('',*,*,#1213,.T.);
#1215=CARTESIAN_POINT('',(0.,-6.5,6.5));
#1216=DIRECTION('',(0.,-1.,0.));
#1217=DIRECTION('',(1.,0.,0.));
#1218=AXIS2_PLACEMENT_3D('',#1215,#1216,#1217);
#1219=CIRCLE('',#1218,4.);
#1220=EDGE_CURVE('',#1208,#1131,#1219,.T.);
#1221=ORIENTED_EDGE('',*,*,#1220,.T.);
#1222=EDGE_LOOP('',(#1139,#1147,#1155,#1164,#1173,#1181,#1189,#1198,#1206,#1214,#1221));
#1223=FACE_BOUND('',#1222,.T.);
#1224=CARTESIAN_POINT('',(0.179624605,-6.5,3.410708058));
#1225=VERTEX_POINT('',#1224);
#1226=CARTESIAN_POINT('',(1.579624605,-6.5,3.410708058));
#1227=VERTEX_POINT('',#1226);
#1228=CARTESIAN_POINT('',(-2.162064672,-6.5,3.410708058));
#1229=DIRECTION('',(1.,0.,-0.));
#1230=VECTOR('',#1229,14.);
#1231=LINE('',#1228,#1230);
#1232=EDGE_CURVE('',#1225,#1227,#1231,.T.);
#1233=ORIENTED_EDGE('',*,*,#1232,.F.);
#1234=CARTESIAN_POINT('',(0.179624605,-6.5,4.810708058));
#1235=VERTEX_POINT('',#1234);
#1236=CARTESIAN_POINT('',(0.179624605,-6.5,29.608894318));
#1237=DIRECTION('',(0.,0.,-1.));
#1238=VECTOR('',#1237,14.);
#1239=LINE('',#1236,#1238);
#1240=EDGE_CURVE('',#1235,#1225,#1239,.T.);
#1241=ORIENTED_EDGE('',*,*,#1240,.F.);
#1242=CARTESIAN_POINT('',(1.579624605,-6.5,4.810708058));
#1243=VERTEX_POINT('',#1242);
#1244=CARTESIAN_POINT('',(11.837935328,-6.5,4.810708058));
#1245=DIRECTION('',(-1.,0.,0.));
#1246=VECTOR('',#1245,14.);
#1247=LINE('',#1244,#1246);
#1248=EDGE_CURVE('',#1243,#1235,#1247,.T.);
#1249=ORIENTED_EDGE('',*,*,#1248,.F.);
#1250=CARTESIAN_POINT('',(1.579624605,-6.5,15.608894318));
#1251=DIRECTION('',(0.,0.,1.));
#1252=VECTOR('',#1251,14.);
#1253=LINE('',#1250,#1252);
#1254=EDGE_CURVE('',#1227,#1243,#1253,.T.);
#1255=ORIENTED_EDGE('',*,*,#1254,.F.);
#1256=EDGE_LOOP('',(#1233,#1241,#1249,#1255));
#1257=FACE_BOUND('',#1256,.T.);
#1258=CARTESIAN_POINT('',(-0.306938751,-6.5,5.561410832));
#1259=VERTEX_POINT('',#1258);
#1260=CARTESIAN_POINT('',(1.093061249,-6.5,5.561410832));
#1261=VERTEX_POINT('',#1260);
#1262=CARTESIAN_POINT('',(-4.838163132,-6.5,5.561410832));
#1263=DIRECTION('',(1.,0.,-0.));
#1264=VECTOR('',#1263,14.);
#1265=LINE('',#1262,#1264);
#1266=EDGE_CURVE('',#1259,#1261,#1265,.T.);
#1267=ORIENTED_EDGE('',*,*,#1266,.F.);
#1268=CARTESIAN_POINT('',(-0.306938751,-6.5,6.961410832));
#1269=VERTEX_POINT('',#1268);
#1270=CARTESIAN_POINT('',(-0.306938751,-6.5,41.437759578));
#1271=DIRECTION('',(0.,0.,-1.));
#1272=VECTOR('',#1271,14.);
#1273=LINE('',#1270,#1272);
#1274=EDGE_CURVE('',#1269,#1259,#1273,.T.);
#1275=ORIENTED_EDGE('',*,*,#1274,.F.);
#1276=CARTESIAN_POINT('',(1.093061249,-6.5,6.961410832));
#1277=VERTEX_POINT('',#1276);
#1278=CARTESIAN_POINT('',(9.161836868,-6.5,6.961410832));
#1279=DIRECTION('',(-1.,0.,0.));
#1280=VECTOR('',#1279,14.);
#1281=LINE('',#1278,#1280);
#1282=EDGE_CURVE('',#1277,#1269,#1281,.T.);
#1283=ORIENTED_EDGE('',*,*,#1282,.F.);
#1284=CARTESIAN_POINT('',(1.093061249,-6.5,27.437759578));
#1285=DIRECTION('',(0.,0.,1.));
#1286=VECTOR('',#1285,14.);
#1287=LINE('',#1284,#1286);
#1288=EDGE_CURVE('',#1261,#1277,#1287,.T.);
#1289=ORIENTED_EDGE('',*,*,#1288,.F.);
#1290=EDGE_LOOP('',(#1267,#1275,#1283,#1289));
#1291=FACE_BOUND('',#1290,.T.);
#1292=CARTESIAN_POINT('',(1.509222753,-6.5,7.330290127));
#1293=VERTEX_POINT('',#1292);
#1294=CARTESIAN_POINT('',(2.909222753,-6.5,7.330290127));
#1295=VERTEX_POINT('',#1294);
#1296=CARTESIAN_POINT('',(5.150725141,-6.5,7.330290127));
#1297=DIRECTION('',(1.,0.,-0.));
#1298=VECTOR('',#1297,14.);
#1299=LINE('',#1296,#1298);
#1300=EDGE_CURVE('',#1293,#1295,#1299,.T.);
#1301=ORIENTED_EDGE('',*,*,#1300,.F.);
#1302=CARTESIAN_POINT('',(1.509222753,-6.5,8.730290127));
#1303=VERTEX_POINT('',#1302);
#1304=CARTESIAN_POINT('',(1.509222753,-6.5,51.166595697));
#1305=DIRECTION('',(0.,0.,-1.));
#1306=VECTOR('',#1305,14.);
#1307=LINE('',#1304,#1306);
#1308=EDGE_CURVE('',#1303,#1293,#1307,.T.);
#1309=ORIENTED_EDGE('',*,*,#1308,.F.);
#1310=CARTESIAN_POINT('',(2.909222753,-6.5,8.730290127));
#1311=VERTEX_POINT('',#1310);
#1312=CARTESIAN_POINT('',(19.150725141,-6.5,8.730290127));
#1313=DIRECTION('',(-1.,0.,0.));
#1314=VECTOR('',#1313,14.);
#1315=LINE('',#1312,#1314);
#1316=EDGE_CURVE('',#1311,#1303,#1315,.T.);
#1317=ORIENTED_EDGE('',*,*,#1316,.F.);
#1318=CARTESIAN_POINT('',(2.909222753,-6.5,37.166595697));
#1319=DIRECTION('',(0.,0.,1.));
#1320=VECTOR('',#1319,14.);
#1321=LINE('',#1318,#1320);
#1322=EDGE_CURVE('',#1295,#1311,#1321,.T.);
#1323=ORIENTED_EDGE('',*,*,#1322,.F.);
#1324=EDGE_LOOP('',(#1301,#1309,#1317,#1323));
#1325=FACE_BOUND('',#1324,.T.);
#1326=ORIENTED_EDGE('',*,*,#819,.F.);
#1327=ORIENTED_EDGE('',*,*,#920,.F.);
#1328=ORIENTED_EDGE('',*,*,#890,.F.);
#1329=ORIENTED_EDGE('',*,*,#858,.F.);
#1330=EDGE_LOOP('',(#1326,#1327,#1328,#1329));
#1331=FACE_BOUND('',#1330,.T.);
#1332=ADVANCED_FACE('',(#1027,#1061,#1095,#1129,#1223,#1257,#1291,#1325,#1331),#993,.T.);
#1333=OVER_RIDING_STYLED_ITEM('',(#804),#1332,#26);
#1334=CARTESIAN_POINT('',(-0.237838238,-6.4,7.430290127));
#1335=DIRECTION('',(0.,-0.707106781,0.707106781));
#1336=DIRECTION('',(1.,0.,0.));
#1337=AXIS2_PLACEMENT_3D('',#1334,#1335,#1336);
#1338=PLANE('',#1337);
#1339=ORIENTED_EDGE('',*,*,#1002,.T.);
#1340=CARTESIAN_POINT('',(0.024323523,-6.3,7.530290127));
#1341=VERTEX_POINT('',#1340);
#1342=CARTESIAN_POINT('',(0.224323523,-6.5,7.330290127));
#1343=DIRECTION('',(-0.577350269,0.577350269,0.577350269));
#1344=VECTOR('',#1343,3.464101615);
#1345=LINE('',#1342,#1344);
#1346=EDGE_CURVE('',#997,#1341,#1345,.T.);
#1347=ORIENTED_EDGE('',*,*,#1346,.T.);
#1348=CARTESIAN_POINT('',(-0.975676477,-6.3,7.530290127));
#1349=VERTEX_POINT('',#1348);
#1350=CARTESIAN_POINT('',(2.383779377,-6.3,7.530290127));
#1351=DIRECTION('',(-1.,0.,0.));
#1352=VECTOR('',#1351,10.);
#1353=LINE('',#1350,#1352);
#1354=EDGE_CURVE('',#1341,#1349,#1353,.T.);
#1355=ORIENTED_EDGE('',*,*,#1354,.T.);
#1356=CARTESIAN_POINT('',(-0.975676477,-6.3,7.530290127));
#1357=DIRECTION('',(-0.577350269,-0.577350269,-0.577350269));
#1358=VECTOR('',#1357,3.464101615);
#1359=LINE('',#1356,#1358);
#1360=EDGE_CURVE('',#1349,#995,#1359,.T.);
#1361=ORIENTED_EDGE('',*,*,#1360,.T.);
#1362=EDGE_LOOP('',(#1339,#1347,#1355,#1361));
#1363=FACE_BOUND('',#1362,.T.);
#1364=ADVANCED_FACE('',(#1363),#1338,.T.);
#1365=OVER_RIDING_STYLED_ITEM('',(#114),#1364,#26);
#1366=CARTESIAN_POINT('',(0.124323523,-6.4,4.015145063));
#1367=DIRECTION('',(-0.707106781,-0.707106781,-0.));
#1368=DIRECTION('',(-0.,-0.,1.));
#1369=AXIS2_PLACEMENT_3D('',#1366,#1367,#1368);
#1370=PLANE('',#1369);
#1371=ORIENTED_EDGE('',*,*,#1024,.T.);
#1372=CARTESIAN_POINT('',(0.024323523,-6.3,8.530290127));
#1373=VERTEX_POINT('',#1372);
#1374=CARTESIAN_POINT('',(0.224323523,-6.5,8.730290127));
#1375=DIRECTION('',(-0.577350269,0.577350269,-0.577350269));
#1376=VECTOR('',#1375,3.464101615);
#1377=LINE('',#1374,#1376);
#1378=EDGE_CURVE('',#1013,#1373,#1377,.T.);
#1379=ORIENTED_EDGE('',*,*,#1378,.T.);
#1380=CARTESIAN_POINT('',(0.024323523,-6.3,49.166595697));
#1381=DIRECTION('',(0.,0.,-1.));
#1382=VECTOR('',#1381,10.);
#1383=LINE('',#1380,#1382);
#1384=EDGE_CURVE('',#1373,#1341,#1383,.T.);
#1385=ORIENTED_EDGE('',*,*,#1384,.T.);
#1386=ORIENTED_EDGE('',*,*,#1346,.F.);
#1387=EDGE_LOOP('',(#1371,#1379,#1385,#1386));
#1388=FACE_BOUND('',#1387,.T.);
#1389=ADVANCED_FACE('',(#1388),#1370,.T.);
#1390=OVER_RIDING_STYLED_ITEM('',(#114),#1389,#26);
#1391=CARTESIAN_POINT('',(-0.237838238,-6.4,8.630290127));
#1392=DIRECTION('',(0.,-0.707106781,-0.707106781));
#1393=DIRECTION('',(-1.,0.,0.));
#1394=AXIS2_PLACEMENT_3D('',#1391,#1392,#1393);
#1395=PLANE('',#1394);
#1396=ORIENTED_EDGE('',*,*,#1018,.T.);
#1397=CARTESIAN_POINT('',(-0.975676477,-6.3,8.530290127));
#1398=VERTEX_POINT('',#1397);
#1399=CARTESIAN_POINT('',(-1.175676477,-6.5,8.730290127));
#1400=DIRECTION('',(0.577350269,0.577350269,-0.577350269));
#1401=VECTOR('',#1400,0.346410162);
#1402=LINE('',#1399,#1401);
#1403=EDGE_CURVE('',#1005,#1398,#1402,.T.);
#1404=ORIENTED_EDGE('',*,*,#1403,.T.);
#1405=CARTESIAN_POINT('',(-7.616220623,-6.3,8.530290127));
#1406=DIRECTION('',(1.,0.,-0.));
#1407=VECTOR('',#1406,10.);
#1408=LINE('',#1405,#1407);
#1409=EDGE_CURVE('',#1398,#1373,#1408,.T.);
#1410=ORIENTED_EDGE('',*,*,#1409,.T.);
#1411=ORIENTED_EDGE('',*,*,#1378,.F.);
#1412=EDGE_LOOP('',(#1396,#1404,#1410,#1411));
#1413=FACE_BOUND('',#1412,.T.);
#1414=ADVANCED_FACE('',(#1413),#1395,.T.);
#1415=OVER_RIDING_STYLED_ITEM('',(#114),#1414,#26);
#1416=CARTESIAN_POINT('',(-1.075676477,-6.4,4.015145063));
#1417=DIRECTION('',(0.707106781,-0.707106781,0.));
#1418=DIRECTION('',(0.,0.,-1.));
#1419=AXIS2_PLACEMENT_3D('',#1416,#1417,#1418);
#1420=PLANE('',#1419);
#1421=ORIENTED_EDGE('',*,*,#1010,.T.);
#1422=ORIENTED_EDGE('',*,*,#1360,.F.);
#1423=CARTESIAN_POINT('',(-0.975676477,-6.3,39.166595697));
#1424=DIRECTION('',(0.,0.,1.));
#1425=VECTOR('',#1424,10.);
#1426=LINE('',#1423,#1425);
#1427=EDGE_CURVE('',#1349,#1398,#1426,.T.);
#1428=ORIENTED_EDGE('',*,*,#1427,.T.);
#1429=ORIENTED_EDGE('',*,*,#1403,.F.);
#1430=EDGE_LOOP('',(#1421,#1422,#1428,#1429));
#1431=FACE_BOUND('',#1430,.T.);
#1432=ADVANCED_FACE('',(#1431),#1420,.T.);
#1433=OVER_RIDING_STYLED_ITEM('',(#114),#1432,#26);
#1434=CARTESIAN_POINT('',(-0.975676477,-6.5,8.030290127));
#1435=DIRECTION('',(-1.,-0.,0.));
#1436=DIRECTION('',(0.,0.,1.));
#1437=AXIS2_PLACEMENT_3D('',#1434,#1435,#1436);
#1438=PLANE('',#1437);
#1439=ORIENTED_EDGE('',*,*,#1427,.F.);
#1440=CARTESIAN_POINT('',(-0.975676477,-1.5,7.530290127));
#1441=VERTEX_POINT('',#1440);
#1442=CARTESIAN_POINT('',(-0.975676477,-4.5,7.530290127));
#1443=DIRECTION('',(-0.,1.,0.));
#1444=VECTOR('',#1443,48.);
#1445=LINE('',#1442,#1444);
#1446=EDGE_CURVE('',#1349,#1441,#1445,.T.);
#1447=ORIENTED_EDGE('',*,*,#1446,.T.);
#1448=CARTESIAN_POINT('',(-0.975676477,-1.5,8.530290127));
#1449=VERTEX_POINT('',#1448);
#1450=CARTESIAN_POINT('',(-0.975676477,-1.5,8.530290127));
#1451=DIRECTION('',(0.,0.,-1.));
#1452=VECTOR('',#1451,10.);
#1453=LINE('',#1450,#1452);
#1454=EDGE_CURVE('',#1449,#1441,#1453,.T.);
#1455=ORIENTED_EDGE('',*,*,#1454,.F.);
#1456=CARTESIAN_POINT('',(-0.975676477,-4.5,8.530290127));
#1457=DIRECTION('',(-0.,1.,0.));
#1458=VECTOR('',#1457,48.);
#1459=LINE('',#1456,#1458);
#1460=EDGE_CURVE('',#1398,#1449,#1459,.T.);
#1461=ORIENTED_EDGE('',*,*,#1460,.F.);
#1462=EDGE_LOOP('',(#1439,#1447,#1455,#1461));
#1463=FACE_BOUND('',#1462,.T.);
#1464=ADVANCED_FACE('',(#1463),#1438,.F.);
#1465=CARTESIAN_POINT('',(-0.475676477,-6.5,7.530290127));
#1466=DIRECTION('',(0.,0.,-1.));
#1467=DIRECTION('',(-1.,0.,0.));
#1468=AXIS2_PLACEMENT_3D('',#1465,#1466,#1467);
#1469=PLANE('',#1468);
#1470=ORIENTED_EDGE('',*,*,#1354,.F.);
#1471=CARTESIAN_POINT('',(0.024323523,-1.5,7.530290127));
#1472=VERTEX_POINT('',#1471);
#1473=CARTESIAN_POINT('',(0.024323523,-4.5,7.530290127));
#1474=DIRECTION('',(-0.,1.,0.));
#1475=VECTOR('',#1474,48.);
#1476=LINE('',#1473,#1475);
#1477=EDGE_CURVE('',#1341,#1472,#1476,.T.);
#1478=ORIENTED_EDGE('',*,*,#1477,.T.);
#1479=CARTESIAN_POINT('',(-0.975676477,-1.5,7.530290127));
#1480=DIRECTION('',(1.,0.,-0.));
#1481=VECTOR('',#1480,10.);
#1482=LINE('',#1479,#1481);
#1483=EDGE_CURVE('',#1441,#1472,#1482,.T.);
#1484=ORIENTED_EDGE('',*,*,#1483,.F.);
#1485=ORIENTED_EDGE('',*,*,#1446,.F.);
#1486=EDGE_LOOP('',(#1470,#1478,#1484,#1485));
#1487=FACE_BOUND('',#1486,.T.);
#1488=ADVANCED_FACE('',(#1487),#1469,.F.);
#1489=CARTESIAN_POINT('',(1.104611376,-6.4,7.430290127));
#1490=DIRECTION('',(0.,-0.707106781,0.707106781));
#1491=DIRECTION('',(1.,0.,0.));
#1492=AXIS2_PLACEMENT_3D('',#1489,#1490,#1491);
#1493=PLANE('',#1492);
#1494=ORIENTED_EDGE('',*,*,#1300,.T.);
#1495=CARTESIAN_POINT('',(2.709222753,-6.3,7.530290127));
#1496=VERTEX_POINT('',#1495);
#1497=CARTESIAN_POINT('',(2.909222753,-6.5,7.330290127));
#1498=DIRECTION('',(-0.577350269,0.577350269,0.577350269));
#1499=VECTOR('',#1498,3.464101615);
#1500=LINE('',#1497,#1499);
#1501=EDGE_CURVE('',#1295,#1496,#1500,.T.);
#1502=ORIENTED_EDGE('',*,*,#1501,.T.);
#1503=CARTESIAN_POINT('',(1.709222753,-6.3,7.530290127));
#1504=VERTEX_POINT('',#1503);
#1505=CARTESIAN_POINT('',(17.150725141,-6.3,7.530290127));
#1506=DIRECTION('',(-1.,0.,0.));
#1507=VECTOR('',#1506,10.);
#1508=LINE('',#1505,#1507);
#1509=EDGE_CURVE('',#1496,#1504,#1508,.T.);
#1510=ORIENTED_EDGE('',*,*,#1509,.T.);
#1511=CARTESIAN_POINT('',(1.709222753,-6.3,7.530290127));
#1512=DIRECTION('',(-0.577350269,-0.577350269,-0.577350269));
#1513=VECTOR('',#1512,0.346410162);
#1514=LINE('',#1511,#1513);
#1515=EDGE_CURVE('',#1504,#1293,#1514,.T.);
#1516=ORIENTED_EDGE('',*,*,#1515,.T.);
#1517=EDGE_LOOP('',(#1494,#1502,#1510,#1516));
#1518=FACE_BOUND('',#1517,.T.);
#1519=ADVANCED_FACE('',(#1518),#1493,.T.);
#1520=OVER_RIDING_STYLED_ITEM('',(#114),#1519,#26);
#1521=CARTESIAN_POINT('',(2.809222753,-6.4,4.015145063));
#1522=DIRECTION('',(-0.707106781,-0.707106781,0.));
#1523=DIRECTION('',(0.,0.,1.));
#1524=AXIS2_PLACEMENT_3D('',#1521,#1522,#1523);
#1525=PLANE('',#1524);
#1526=ORIENTED_EDGE('',*,*,#1322,.T.);
#1527=CARTESIAN_POINT('',(2.709222753,-6.3,8.530290127));
#1528=VERTEX_POINT('',#1527);
#1529=CARTESIAN_POINT('',(2.909222753,-6.5,8.730290127));
#1530=DIRECTION('',(-0.577350269,0.577350269,-0.577350269));
#1531=VECTOR('',#1530,3.464101615);
#1532=LINE('',#1529,#1531);
#1533=EDGE_CURVE('',#1311,#1528,#1532,.T.);
#1534=ORIENTED_EDGE('',*,*,#1533,.T.);
#1535=CARTESIAN_POINT('',(2.709222753,-6.3,49.166595697));
#1536=DIRECTION('',(0.,0.,-1.));
#1537=VECTOR('',#1536,10.);
#1538=LINE('',#1535,#1537);
#1539=EDGE_CURVE('',#1528,#1496,#1538,.T.);
#1540=ORIENTED_EDGE('',*,*,#1539,.T.);
#1541=ORIENTED_EDGE('',*,*,#1501,.F.);
#1542=EDGE_LOOP('',(#1526,#1534,#1540,#1541));
#1543=FACE_BOUND('',#1542,.T.);
#1544=ADVANCED_FACE('',(#1543),#1525,.T.);
#1545=OVER_RIDING_STYLED_ITEM('',(#114),#1544,#26);
#1546=CARTESIAN_POINT('',(1.104611376,-6.4,8.630290127));
#1547=DIRECTION('',(0.,-0.707106781,-0.707106781));
#1548=DIRECTION('',(-1.,0.,0.));
#1549=AXIS2_PLACEMENT_3D('',#1546,#1547,#1548);
#1550=PLANE('',#1549);
#1551=ORIENTED_EDGE('',*,*,#1316,.T.);
#1552=CARTESIAN_POINT('',(1.709222753,-6.3,8.530290127));
#1553=VERTEX_POINT('',#1552);
#1554=CARTESIAN_POINT('',(1.509222753,-6.5,8.730290127));
#1555=DIRECTION('',(0.577350269,0.577350269,-0.577350269));
#1556=VECTOR('',#1555,3.464101615);
#1557=LINE('',#1554,#1556);
#1558=EDGE_CURVE('',#1303,#1553,#1557,.T.);
#1559=ORIENTED_EDGE('',*,*,#1558,.T.);
#1560=CARTESIAN_POINT('',(7.150725141,-6.3,8.530290127));
#1561=DIRECTION('',(1.,0.,-0.));
#1562=VECTOR('',#1561,10.);
#1563=LINE('',#1560,#1562);
#1564=EDGE_CURVE('',#1553,#1528,#1563,.T.);
#1565=ORIENTED_EDGE('',*,*,#1564,.T.);
#1566=ORIENTED_EDGE('',*,*,#1533,.F.);
#1567=EDGE_LOOP('',(#1551,#1559,#1565,#1566));
#1568=FACE_BOUND('',#1567,.T.);
#1569=ADVANCED_FACE('',(#1568),#1550,.T.);
#1570=OVER_RIDING_STYLED_ITEM('',(#114),#1569,#26);
#1571=CARTESIAN_POINT('',(1.609222753,-6.4,4.015145063));
#1572=DIRECTION('',(0.707106781,-0.707106781,0.));
#1573=DIRECTION('',(0.,0.,-1.));
#1574=AXIS2_PLACEMENT_3D('',#1571,#1572,#1573);
#1575=PLANE('',#1574);
#1576=ORIENTED_EDGE('',*,*,#1308,.T.);
#1577=ORIENTED_EDGE('',*,*,#1515,.F.);
#1578=CARTESIAN_POINT('',(1.709222753,-6.3,39.166595697));
#1579=DIRECTION('',(0.,0.,1.));
#1580=VECTOR('',#1579,10.);
#1581=LINE('',#1578,#1580);
#1582=EDGE_CURVE('',#1504,#1553,#1581,.T.);
#1583=ORIENTED_EDGE('',*,*,#1582,.T.);
#1584=ORIENTED_EDGE('',*,*,#1558,.F.);
#1585=EDGE_LOOP('',(#1576,#1577,#1583,#1584));
#1586=FACE_BOUND('',#1585,.T.);
#1587=ADVANCED_FACE('',(#1586),#1575,.T.);
#1588=OVER_RIDING_STYLED_ITEM('',(#114),#1587,#26);
#1589=CARTESIAN_POINT('',(1.709222753,-6.5,8.030290127));
#1590=DIRECTION('',(-1.,-0.,0.));
#1591=DIRECTION('',(0.,0.,1.));
#1592=AXIS2_PLACEMENT_3D('',#1589,#1590,#1591);
#1593=PLANE('',#1592);
#1594=ORIENTED_EDGE('',*,*,#1582,.F.);
#1595=CARTESIAN_POINT('',(1.709222753,-1.5,7.530290127));
#1596=VERTEX_POINT('',#1595);
#1597=CARTESIAN_POINT('',(1.709222753,-4.5,7.530290127));
#1598=DIRECTION('',(-0.,1.,0.));
#1599=VECTOR('',#1598,48.);
#1600=LINE('',#1597,#1599);
#1601=EDGE_CURVE('',#1504,#1596,#1600,.T.);
#1602=ORIENTED_EDGE('',*,*,#1601,.T.);
#1603=CARTESIAN_POINT('',(1.709222753,-1.5,8.530290127));
#1604=VERTEX_POINT('',#1603);
#1605=CARTESIAN_POINT('',(1.709222753,-1.5,8.530290127));
#1606=DIRECTION('',(0.,0.,-1.));
#1607=VECTOR('',#1606,10.);
#1608=LINE('',#1605,#1607);
#1609=EDGE_CURVE('',#1604,#1596,#1608,.T.);
#1610=ORIENTED_EDGE('',*,*,#1609,.F.);
#1611=CARTESIAN_POINT('',(1.709222753,-4.5,8.530290127));
#1612=DIRECTION('',(-0.,1.,0.));
#1613=VECTOR('',#1612,48.);
#1614=LINE('',#1611,#1613);
#1615=EDGE_CURVE('',#1553,#1604,#1614,.T.);
#1616=ORIENTED_EDGE('',*,*,#1615,.F.);
#1617=EDGE_LOOP('',(#1594,#1602,#1610,#1616));
#1618=FACE_BOUND('',#1617,.T.);
#1619=ADVANCED_FACE('',(#1618),#1593,.F.);
#1620=CARTESIAN_POINT('',(2.209222753,-6.5,7.530290127));
#1621=DIRECTION('',(0.,0.,-1.));
#1622=DIRECTION('',(-1.,0.,0.));
#1623=AXIS2_PLACEMENT_3D('',#1620,#1621,#1622);
#1624=PLANE('',#1623);
#1625=ORIENTED_EDGE('',*,*,#1509,.F.);
#1626=CARTESIAN_POINT('',(2.709222753,-1.5,7.530290127));
#1627=VERTEX_POINT('',#1626);
#1628=CARTESIAN_POINT('',(2.709222753,-4.5,7.530290127));
#1629=DIRECTION('',(-0.,1.,0.));
#1630=VECTOR('',#1629,48.);
#1631=LINE('',#1628,#1630);
#1632=EDGE_CURVE('',#1496,#1627,#1631,.T.);
#1633=ORIENTED_EDGE('',*,*,#1632,.T.);
#1634=CARTESIAN_POINT('',(1.709222753,-1.5,7.530290127));
#1635=DIRECTION('',(1.,0.,-0.));
#1636=VECTOR('',#1635,10.);
#1637=LINE('',#1634,#1636);
#1638=EDGE_CURVE('',#1596,#1627,#1637,.T.);
#1639=ORIENTED_EDGE('',*,*,#1638,.F.);
#1640=ORIENTED_EDGE('',*,*,#1601,.F.);
#1641=EDGE_LOOP('',(#1625,#1633,#1639,#1640));
#1642=FACE_BOUND('',#1641,.T.);
#1643=ADVANCED_FACE('',(#1642),#1624,.F.);
#1644=CARTESIAN_POINT('',(1.274500278,-6.4,5.661410832));
#1645=DIRECTION('',(0.,-0.707106781,0.707106781));
#1646=DIRECTION('',(1.,0.,0.));
#1647=AXIS2_PLACEMENT_3D('',#1644,#1645,#1646);
#1648=PLANE('',#1647);
#1649=ORIENTED_EDGE('',*,*,#1036,.T.);
#1650=CARTESIAN_POINT('',(3.049000556,-6.3,5.761410832));
#1651=VERTEX_POINT('',#1650);
#1652=CARTESIAN_POINT('',(3.249000556,-6.5,5.561410832));
#1653=DIRECTION('',(-0.577350269,0.577350269,0.577350269));
#1654=VECTOR('',#1653,0.346410162);
#1655=LINE('',#1652,#1654);
#1656=EDGE_CURVE('',#1031,#1651,#1655,.T.);
#1657=ORIENTED_EDGE('',*,*,#1656,.T.);
#1658=CARTESIAN_POINT('',(2.049000556,-6.3,5.761410832));
#1659=VERTEX_POINT('',#1658);
#1660=CARTESIAN_POINT('',(19.01950306,-6.3,5.761410832));
#1661=DIRECTION('',(-1.,0.,0.));
#1662=VECTOR('',#1661,10.);
#1663=LINE('',#1660,#1662);
#1664=EDGE_CURVE('',#1651,#1659,#1663,.T.);
#1665=ORIENTED_EDGE('',*,*,#1664,.T.);
#1666=CARTESIAN_POINT('',(2.049000556,-6.3,5.761410832));
#1667=DIRECTION('',(-0.577350269,-0.577350269,-0.577350269));
#1668=VECTOR('',#1667,0.346410162);
#1669=LINE('',#1666,#1668);
#1670=EDGE_CURVE('',#1659,#1029,#1669,.T.);
#1671=ORIENTED_EDGE('',*,*,#1670,.T.);
#1672=EDGE_LOOP('',(#1649,#1657,#1665,#1671));
#1673=FACE_BOUND('',#1672,.T.);
#1674=ADVANCED_FACE('',(#1673),#1648,.T.);
#1675=OVER_RIDING_STYLED_ITEM('',(#114),#1674,#26);
#1676=CARTESIAN_POINT('',(3.149000556,-6.4,3.130705416));
#1677=DIRECTION('',(-0.707106781,-0.707106781,0.));
#1678=DIRECTION('',(0.,0.,1.));
#1679=AXIS2_PLACEMENT_3D('',#1676,#1677,#1678);
#1680=PLANE('',#1679);
#1681=ORIENTED_EDGE('',*,*,#1058,.T.);
#1682=CARTESIAN_POINT('',(3.049000556,-6.3,6.761410832));
#1683=VERTEX_POINT('',#1682);
#1684=CARTESIAN_POINT('',(3.249000556,-6.5,6.961410832));
#1685=DIRECTION('',(-0.577350269,0.577350269,-0.577350269));
#1686=VECTOR('',#1685,3.464101615);
#1687=LINE('',#1684,#1686);
#1688=EDGE_CURVE('',#1047,#1683,#1687,.T.);
#1689=ORIENTED_EDGE('',*,*,#1688,.T.);
#1690=CARTESIAN_POINT('',(3.049000556,-6.3,39.437759578));
#1691=DIRECTION('',(0.,0.,-1.));
#1692=VECTOR('',#1691,10.);
#1693=LINE('',#1690,#1692);
#1694=EDGE_CURVE('',#1683,#1651,#1693,.T.);
#1695=ORIENTED_EDGE('',*,*,#1694,.T.);
#1696=ORIENTED_EDGE('',*,*,#1656,.F.);
#1697=EDGE_LOOP('',(#1681,#1689,#1695,#1696));
#1698=FACE_BOUND('',#1697,.T.);
#1699=ADVANCED_FACE('',(#1698),#1680,.T.);
#1700=OVER_RIDING_STYLED_ITEM('',(#114),#1699,#26);
#1701=CARTESIAN_POINT('',(1.274500278,-6.4,6.861410832));
#1702=DIRECTION('',(0.,-0.707106781,-0.707106781));
#1703=DIRECTION('',(-1.,0.,0.));
#1704=AXIS2_PLACEMENT_3D('',#1701,#1702,#1703);
#1705=PLANE('',#1704);
#1706=ORIENTED_EDGE('',*,*,#1052,.T.);
#1707=CARTESIAN_POINT('',(2.049000556,-6.3,6.761410832));
#1708=VERTEX_POINT('',#1707);
#1709=CARTESIAN_POINT('',(1.849000556,-6.5,6.961410832));
#1710=DIRECTION('',(0.577350269,0.577350269,-0.577350269));
#1711=VECTOR('',#1710,3.464101615);
#1712=LINE('',#1709,#1711);
#1713=EDGE_CURVE('',#1039,#1708,#1712,.T.);
#1714=ORIENTED_EDGE('',*,*,#1713,.T.);
#1715=CARTESIAN_POINT('',(9.01950306,-6.3,6.761410832));
#1716=DIRECTION('',(1.,0.,-0.));
#1717=VECTOR('',#1716,10.);
#1718=LINE('',#1715,#1717);
#1719=EDGE_CURVE('',#1708,#1683,#1718,.T.);
#1720=ORIENTED_EDGE('',*,*,#1719,.T.);
#1721=ORIENTED_EDGE('',*,*,#1688,.F.);
#1722=EDGE_LOOP('',(#1706,#1714,#1720,#1721));
#1723=FACE_BOUND('',#1722,.T.);
#1724=ADVANCED_FACE('',(#1723),#1705,.T.);
#1725=OVER_RIDING_STYLED_ITEM('',(#114),#1724,#26);
#1726=CARTESIAN_POINT('',(1.949000556,-6.4,3.130705416));
#1727=DIRECTION('',(0.707106781,-0.707106781,0.));
#1728=DIRECTION('',(0.,0.,-1.));
#1729=AXIS2_PLACEMENT_3D('',#1726,#1727,#1728);
#1730=PLANE('',#1729);
#1731=ORIENTED_EDGE('',*,*,#1044,.T.);
#1732=ORIENTED_EDGE('',*,*,#1670,.F.);
#1733=CARTESIAN_POINT('',(2.049000556,-6.3,29.437759578));
#1734=DIRECTION('',(0.,0.,1.));
#1735=VECTOR('',#1734,10.);
#1736=LINE('',#1733,#1735);
#1737=EDGE_CURVE('',#1659,#1708,#1736,.T.);
#1738=ORIENTED_EDGE('',*,*,#1737,.T.);
#1739=ORIENTED_EDGE('',*,*,#1713,.F.);
#1740=EDGE_LOOP('',(#1731,#1732,#1738,#1739));
#1741=FACE_BOUND('',#1740,.T.);
#1742=ADVANCED_FACE('',(#1741),#1730,.T.);
#1743=OVER_RIDING_STYLED_ITEM('',(#114),#1742,#26);
#1744=CARTESIAN_POINT('',(2.049000556,-6.5,6.261410832));
#1745=DIRECTION('',(-1.,-0.,0.));
#1746=DIRECTION('',(0.,0.,1.));
#1747=AXIS2_PLACEMENT_3D('',#1744,#1745,#1746);
#1748=PLANE('',#1747);
#1749=ORIENTED_EDGE('',*,*,#1737,.F.);
#1750=CARTESIAN_POINT('',(2.049000556,-1.5,5.761410832));
#1751=VERTEX_POINT('',#1750);
#1752=CARTESIAN_POINT('',(2.049000556,-4.5,5.761410832));
#1753=DIRECTION('',(-0.,1.,0.));
#1754=VECTOR('',#1753,48.);
#1755=LINE('',#1752,#1754);
#1756=EDGE_CURVE('',#1659,#1751,#1755,.T.);
#1757=ORIENTED_EDGE('',*,*,#1756,.T.);
#1758=CARTESIAN_POINT('',(2.049000556,-1.5,6.761410832));
#1759=VERTEX_POINT('',#1758);
#1760=CARTESIAN_POINT('',(2.049000556,-1.5,6.761410832));
#1761=DIRECTION('',(0.,0.,-1.));
#1762=VECTOR('',#1761,10.);
#1763=LINE('',#1760,#1762);
#1764=EDGE_CURVE('',#1759,#1751,#1763,.T.);
#1765=ORIENTED_EDGE('',*,*,#1764,.F.);
#1766=CARTESIAN_POINT('',(2.049000556,-4.5,6.761410832));
#1767=DIRECTION('',(-0.,1.,0.));
#1768=VECTOR('',#1767,48.);
#1769=LINE('',#1766,#1768);
#1770=EDGE_CURVE('',#1708,#1759,#1769,.T.);
#1771=ORIENTED_EDGE('',*,*,#1770,.F.);
#1772=EDGE_LOOP('',(#1749,#1757,#1765,#1771));
#1773=FACE_BOUND('',#1772,.T.);
#1774=ADVANCED_FACE('',(#1773),#1748,.F.);
#1775=CARTESIAN_POINT('',(2.549000556,-6.5,5.761410832));
#1776=DIRECTION('',(0.,0.,-1.));
#1777=DIRECTION('',(-1.,0.,0.));
#1778=AXIS2_PLACEMENT_3D('',#1775,#1776,#1777);
#1779=PLANE('',#1778);
#1780=ORIENTED_EDGE('',*,*,#1664,.F.);
#1781=CARTESIAN_POINT('',(3.049000556,-1.5,5.761410832));
#1782=VERTEX_POINT('',#1781);
#1783=CARTESIAN_POINT('',(3.049000556,-4.5,5.761410832));
#1784=DIRECTION('',(-0.,1.,0.));
#1785=VECTOR('',#1784,48.);
#1786=LINE('',#1783,#1785);
#1787=EDGE_CURVE('',#1651,#1782,#1786,.T.);
#1788=ORIENTED_EDGE('',*,*,#1787,.T.);
#1789=CARTESIAN_POINT('',(2.049000556,-1.5,5.761410832));
#1790=DIRECTION('',(1.,0.,-0.));
#1791=VECTOR('',#1790,10.);
#1792=LINE('',#1789,#1791);
#1793=EDGE_CURVE('',#1751,#1782,#1792,.T.);
#1794=ORIENTED_EDGE('',*,*,#1793,.F.);
#1795=ORIENTED_EDGE('',*,*,#1756,.F.);
#1796=EDGE_LOOP('',(#1780,#1788,#1794,#1795));
#1797=FACE_BOUND('',#1796,.T.);
#1798=ADVANCED_FACE('',(#1797),#1779,.F.);
#1799=CARTESIAN_POINT('',(0.196530624,-6.4,5.661410832));
#1800=DIRECTION('',(0.,-0.707106781,0.707106781));
#1801=DIRECTION('',(1.,0.,0.));
#1802=AXIS2_PLACEMENT_3D('',#1799,#1800,#1801);
#1803=PLANE('',#1802);
#1804=ORIENTED_EDGE('',*,*,#1266,.T.);
#1805=CARTESIAN_POINT('',(0.893061249,-6.3,5.761410832));
#1806=VERTEX_POINT('',#1805);
#1807=CARTESIAN_POINT('',(1.093061249,-6.5,5.561410832));
#1808=DIRECTION('',(-0.577350269,0.577350269,0.577350269));
#1809=VECTOR('',#1808,3.464101615);
#1810=LINE('',#1807,#1809);
#1811=EDGE_CURVE('',#1261,#1806,#1810,.T.);
#1812=ORIENTED_EDGE('',*,*,#1811,.T.);
#1813=CARTESIAN_POINT('',(-0.106938751,-6.3,5.761410832));
#1814=VERTEX_POINT('',#1813);
#1815=CARTESIAN_POINT('',(7.161836868,-6.3,5.761410832));
#1816=DIRECTION('',(-1.,0.,0.));
#1817=VECTOR('',#1816,10.);
#1818=LINE('',#1815,#1817);
#1819=EDGE_CURVE('',#1806,#1814,#1818,.T.);
#1820=ORIENTED_EDGE('',*,*,#1819,.T.);
#1821=CARTESIAN_POINT('',(-0.106938751,-6.3,5.761410832));
#1822=DIRECTION('',(-0.577350269,-0.577350269,-0.577350269));
#1823=VECTOR('',#1822,3.464101615);
#1824=LINE('',#1821,#1823);
#1825=EDGE_CURVE('',#1814,#1259,#1824,.T.);
#1826=ORIENTED_EDGE('',*,*,#1825,.T.);
#1827=EDGE_LOOP('',(#1804,#1812,#1820,#1826));
#1828=FACE_BOUND('',#1827,.T.);
#1829=ADVANCED_FACE('',(#1828),#1803,.T.);
#1830=OVER_RIDING_STYLED_ITEM('',(#114),#1829,#26);
#1831=CARTESIAN_POINT('',(0.993061249,-6.4,3.130705416));
#1832=DIRECTION('',(-0.707106781,-0.707106781,0.));
#1833=DIRECTION('',(0.,0.,1.));
#1834=AXIS2_PLACEMENT_3D('',#1831,#1832,#1833);
#1835=PLANE('',#1834);
#1836=ORIENTED_EDGE('',*,*,#1288,.T.);
#1837=CARTESIAN_POINT('',(0.893061249,-6.3,6.761410832));
#1838=VERTEX_POINT('',#1837);
#1839=CARTESIAN_POINT('',(1.093061249,-6.5,6.961410832));
#1840=DIRECTION('',(-0.577350269,0.577350269,-0.577350269));
#1841=VECTOR('',#1840,3.464101615);
#1842=LINE('',#1839,#1841);
#1843=EDGE_CURVE('',#1277,#1838,#1842,.T.);
#1844=ORIENTED_EDGE('',*,*,#1843,.T.);
#1845=CARTESIAN_POINT('',(0.893061249,-6.3,39.437759578));
#1846=DIRECTION('',(0.,0.,-1.));
#1847=VECTOR('',#1846,10.);
#1848=LINE('',#1845,#1847);
#1849=EDGE_CURVE('',#1838,#1806,#1848,.T.);
#1850=ORIENTED_EDGE('',*,*,#1849,.T.);
#1851=ORIENTED_EDGE('',*,*,#1811,.F.);
#1852=EDGE_LOOP('',(#1836,#1844,#1850,#1851));
#1853=FACE_BOUND('',#1852,.T.);
#1854=ADVANCED_FACE('',(#1853),#1835,.T.);
#1855=OVER_RIDING_STYLED_ITEM('',(#114),#1854,#26);
#1856=CARTESIAN_POINT('',(0.196530624,-6.4,6.861410832));
#1857=DIRECTION('',(0.,-0.707106781,-0.707106781));
#1858=DIRECTION('',(-1.,0.,0.));
#1859=AXIS2_PLACEMENT_3D('',#1856,#1857,#1858);
#1860=PLANE('',#1859);
#1861=ORIENTED_EDGE('',*,*,#1282,.T.);
#1862=CARTESIAN_POINT('',(-0.106938751,-6.3,6.761410832));
#1863=VERTEX_POINT('',#1862);
#1864=CARTESIAN_POINT('',(-0.306938751,-6.5,6.961410832));
#1865=DIRECTION('',(0.577350269,0.577350269,-0.577350269));
#1866=VECTOR('',#1865,3.464101615);
#1867=LINE('',#1864,#1866);
#1868=EDGE_CURVE('',#1269,#1863,#1867,.T.);
#1869=ORIENTED_EDGE('',*,*,#1868,.T.);
#1870=CARTESIAN_POINT('',(-2.838163132,-6.3,6.761410832));
#1871=DIRECTION('',(1.,0.,-0.));
#1872=VECTOR('',#1871,10.);
#1873=LINE('',#1870,#1872);
#1874=EDGE_CURVE('',#1863,#1838,#1873,.T.);
#1875=ORIENTED_EDGE('',*,*,#1874,.T.);
#1876=ORIENTED_EDGE('',*,*,#1843,.F.);
#1877=EDGE_LOOP('',(#1861,#1869,#1875,#1876));
#1878=FACE_BOUND('',#1877,.T.);
#1879=ADVANCED_FACE('',(#1878),#1860,.T.);
#1880=OVER_RIDING_STYLED_ITEM('',(#114),#1879,#26);
#1881=CARTESIAN_POINT('',(-0.206938751,-6.4,3.130705416));
#1882=DIRECTION('',(0.707106781,-0.707106781,0.));
#1883=DIRECTION('',(0.,0.,-1.));
#1884=AXIS2_PLACEMENT_3D('',#1881,#1882,#1883);
#1885=PLANE('',#1884);
#1886=ORIENTED_EDGE('',*,*,#1274,.T.);
#1887=ORIENTED_EDGE('',*,*,#1825,.F.);
#1888=CARTESIAN_POINT('',(-0.106938751,-6.3,29.437759578));
#1889=DIRECTION('',(0.,0.,1.));
#1890=VECTOR('',#1889,10.);
#1891=LINE('',#1888,#1890);
#1892=EDGE_CURVE('',#1814,#1863,#1891,.T.);
#1893=ORIENTED_EDGE('',*,*,#1892,.T.);
#1894=ORIENTED_EDGE('',*,*,#1868,.F.);
#1895=EDGE_LOOP('',(#1886,#1887,#1893,#1894));
#1896=FACE_BOUND('',#1895,.T.);
#1897=ADVANCED_FACE('',(#1896),#1885,.T.);
#1898=OVER_RIDING_STYLED_ITEM('',(#114),#1897,#26);
#1899=CARTESIAN_POINT('',(-0.106938751,-6.5,6.261410832));
#1900=DIRECTION('',(-1.,-0.,0.));
#1901=DIRECTION('',(0.,0.,1.));
#1902=AXIS2_PLACEMENT_3D('',#1899,#1900,#1901);
#1903=PLANE('',#1902);
#1904=ORIENTED_EDGE('',*,*,#1892,.F.);
#1905=CARTESIAN_POINT('',(-0.106938751,-1.5,5.761410832));
#1906=VERTEX_POINT('',#1905);
#1907=CARTESIAN_POINT('',(-0.106938751,-4.5,5.761410832));
#1908=DIRECTION('',(-0.,1.,0.));
#1909=VECTOR('',#1908,48.);
#1910=LINE('',#1907,#1909);
#1911=EDGE_CURVE('',#1814,#1906,#1910,.T.);
#1912=ORIENTED_EDGE('',*,*,#1911,.T.);
#1913=CARTESIAN_POINT('',(-0.106938751,-1.5,6.761410832));
#1914=VERTEX_POINT('',#1913);
#1915=CARTESIAN_POINT('',(-0.106938751,-1.5,6.761410832));
#1916=DIRECTION('',(0.,0.,-1.));
#1917=VECTOR('',#1916,10.);
#1918=LINE('',#1915,#1917);
#1919=EDGE_CURVE('',#1914,#1906,#1918,.T.);
#1920=ORIENTED_EDGE('',*,*,#1919,.F.);
#1921=CARTESIAN_POINT('',(-0.106938751,-4.5,6.761410832));
#1922=DIRECTION('',(-0.,1.,0.));
#1923=VECTOR('',#1922,48.);
#1924=LINE('',#1921,#1923);
#1925=EDGE_CURVE('',#1863,#1914,#1924,.T.);
#1926=ORIENTED_EDGE('',*,*,#1925,.F.);
#1927=EDGE_LOOP('',(#1904,#1912,#1920,#1926));
#1928=FACE_BOUND('',#1927,.T.);
#1929=ADVANCED_FACE('',(#1928),#1903,.F.);
#1930=CARTESIAN_POINT('',(0.393061249,-6.5,5.761410832));
#1931=DIRECTION('',(0.,0.,-1.));
#1932=DIRECTION('',(-1.,0.,0.));
#1933=AXIS2_PLACEMENT_3D('',#1930,#1931,#1932);
#1934=PLANE('',#1933);
#1935=ORIENTED_EDGE('',*,*,#1819,.F.);
#1936=CARTESIAN_POINT('',(0.893061249,-1.5,5.761410832));
#1937=VERTEX_POINT('',#1936);
#1938=CARTESIAN_POINT('',(0.893061249,-4.5,5.761410832));
#1939=DIRECTION('',(-0.,1.,0.));
#1940=VECTOR('',#1939,48.);
#1941=LINE('',#1938,#1940);
#1942=EDGE_CURVE('',#1806,#1937,#1941,.T.);
#1943=ORIENTED_EDGE('',*,*,#1942,.T.);
#1944=CARTESIAN_POINT('',(-0.106938751,-1.5,5.761410832));
#1945=DIRECTION('',(1.,0.,-0.));
#1946=VECTOR('',#1945,10.);
#1947=LINE('',#1944,#1946);
#1948=EDGE_CURVE('',#1906,#1937,#1947,.T.);
#1949=ORIENTED_EDGE('',*,*,#1948,.F.);
#1950=ORIENTED_EDGE('',*,*,#1911,.F.);
#1951=EDGE_LOOP('',(#1935,#1943,#1949,#1950));
#1952=FACE_BOUND('',#1951,.T.);
#1953=ADVANCED_FACE('',(#1952),#1934,.F.);
#1954=CARTESIAN_POINT('',(-1.27974658,-6.4,5.661410832));
#1955=DIRECTION('',(0.,-0.707106781,0.707106781));
#1956=DIRECTION('',(1.,0.,0.));
#1957=AXIS2_PLACEMENT_3D('',#1954,#1955,#1956);
#1958=PLANE('',#1957);
#1959=ORIENTED_EDGE('',*,*,#1070,.T.);
#1960=CARTESIAN_POINT('',(-2.05949316,-6.3,5.761410832));
#1961=VERTEX_POINT('',#1960);
#1962=CARTESIAN_POINT('',(-1.85949316,-6.5,5.561410832));
#1963=DIRECTION('',(-0.577350269,0.577350269,0.577350269));
#1964=VECTOR('',#1963,0.346410162);
#1965=LINE('',#1962,#1964);
#1966=EDGE_CURVE('',#1065,#1961,#1965,.T.);
#1967=ORIENTED_EDGE('',*,*,#1966,.T.);
#1968=CARTESIAN_POINT('',(-3.05949316,-6.3,5.761410832));
#1969=VERTEX_POINT('',#1968);
#1970=CARTESIAN_POINT('',(-9.077212379,-6.3,5.761410832));
#1971=DIRECTION('',(-1.,0.,0.));
#1972=VECTOR('',#1971,10.);
#1973=LINE('',#1970,#1972);
#1974=EDGE_CURVE('',#1961,#1969,#1973,.T.);
#1975=ORIENTED_EDGE('',*,*,#1974,.T.);
#1976=CARTESIAN_POINT('',(-3.05949316,-6.3,5.761410832));
#1977=DIRECTION('',(-0.577350269,-0.577350269,-0.577350269));
#1978=VECTOR('',#1977,3.464101615);
#1979=LINE('',#1976,#1978);
#1980=EDGE_CURVE('',#1969,#1063,#1979,.T.);
#1981=ORIENTED_EDGE('',*,*,#1980,.T.);
#1982=EDGE_LOOP('',(#1959,#1967,#1975,#1981));
#1983=FACE_BOUND('',#1982,.T.);
#1984=ADVANCED_FACE('',(#1983),#1958,.T.);
#1985=OVER_RIDING_STYLED_ITEM('',(#114),#1984,#26);
#1986=CARTESIAN_POINT('',(-1.95949316,-6.4,3.130705416));
#1987=DIRECTION('',(-0.707106781,-0.707106781,0.));
#1988=DIRECTION('',(0.,0.,1.));
#1989=AXIS2_PLACEMENT_3D('',#1986,#1987,#1988);
#1990=PLANE('',#1989);
#1991=ORIENTED_EDGE('',*,*,#1092,.T.);
#1992=CARTESIAN_POINT('',(-2.05949316,-6.3,6.761410832));
#1993=VERTEX_POINT('',#1992);
#1994=CARTESIAN_POINT('',(-1.85949316,-6.5,6.961410832));
#1995=DIRECTION('',(-0.577350269,0.577350269,-0.577350269));
#1996=VECTOR('',#1995,3.464101615);
#1997=LINE('',#1994,#1996);
#1998=EDGE_CURVE('',#1081,#1993,#1997,.T.);
#1999=ORIENTED_EDGE('',*,*,#1998,.T.);
#2000=CARTESIAN_POINT('',(-2.05949316,-6.3,39.437759578));
#2001=DIRECTION('',(0.,0.,-1.));
#2002=VECTOR('',#2001,10.);
#2003=LINE('',#2000,#2002);
#2004=EDGE_CURVE('',#1993,#1961,#2003,.T.);
#2005=ORIENTED_EDGE('',*,*,#2004,.T.);
#2006=ORIENTED_EDGE('',*,*,#1966,.F.);
#2007=EDGE_LOOP('',(#1991,#1999,#2005,#2006));
#2008=FACE_BOUND('',#2007,.T.);
#2009=ADVANCED_FACE('',(#2008),#1990,.T.);
#2010=OVER_RIDING_STYLED_ITEM('',(#114),#2009,#26);
#2011=CARTESIAN_POINT('',(-1.27974658,-6.4,6.861410832));
#2012=DIRECTION('',(0.,-0.707106781,-0.707106781));
#2013=DIRECTION('',(-1.,0.,0.));
#2014=AXIS2_PLACEMENT_3D('',#2011,#2012,#2013);
#2015=PLANE('',#2014);
#2016=ORIENTED_EDGE('',*,*,#1086,.T.);
#2017=CARTESIAN_POINT('',(-3.05949316,-6.3,6.761410832));
#2018=VERTEX_POINT('',#2017);
#2019=CARTESIAN_POINT('',(-3.25949316,-6.5,6.961410832));
#2020=DIRECTION('',(0.577350269,0.577350269,-0.577350269));
#2021=VECTOR('',#2020,3.464101615);
#2022=LINE('',#2019,#2021);
#2023=EDGE_CURVE('',#1073,#2018,#2022,.T.);
#2024=ORIENTED_EDGE('',*,*,#2023,.T.);
#2025=CARTESIAN_POINT('',(-19.077212379,-6.3,6.761410832));
#2026=DIRECTION('',(1.,0.,-0.));
#2027=VECTOR('',#2026,10.);
#2028=LINE('',#2025,#2027);
#2029=EDGE_CURVE('',#2018,#1993,#2028,.T.);
#2030=ORIENTED_EDGE('',*,*,#2029,.T.);
#2031=ORIENTED_EDGE('',*,*,#1998,.F.);
#2032=EDGE_LOOP('',(#2016,#2024,#2030,#2031));
#2033=FACE_BOUND('',#2032,.T.);
#2034=ADVANCED_FACE('',(#2033),#2015,.T.);
#2035=OVER_RIDING_STYLED_ITEM('',(#114),#2034,#26);
#2036=CARTESIAN_POINT('',(-3.15949316,-6.4,3.130705416));
#2037=DIRECTION('',(0.707106781,-0.707106781,0.));
#2038=DIRECTION('',(0.,0.,-1.));
#2039=AXIS2_PLACEMENT_3D('',#2036,#2037,#2038);
#2040=PLANE('',#2039);
#2041=ORIENTED_EDGE('',*,*,#1078,.T.);
#2042=ORIENTED_EDGE('',*,*,#1980,.F.);
#2043=CARTESIAN_POINT('',(-3.05949316,-6.3,29.437759578));
#2044=DIRECTION('',(0.,0.,1.));
#2045=VECTOR('',#2044,10.);
#2046=LINE('',#2043,#2045);
#2047=EDGE_CURVE('',#1969,#2018,#2046,.T.);
#2048=ORIENTED_EDGE('',*,*,#2047,.T.);
#2049=ORIENTED_EDGE('',*,*,#2023,.F.);
#2050=EDGE_LOOP('',(#2041,#2042,#2048,#2049));
#2051=FACE_BOUND('',#2050,.T.);
#2052=ADVANCED_FACE('',(#2051),#2040,.T.);
#2053=OVER_RIDING_STYLED_ITEM('',(#114),#2052,#26);
#2054=CARTESIAN_POINT('',(-3.05949316,-6.5,6.261410832));
#2055=DIRECTION('',(-1.,-0.,0.));
#2056=DIRECTION('',(0.,0.,1.));
#2057=AXIS2_PLACEMENT_3D('',#2054,#2055,#2056);
#2058=PLANE('',#2057);
#2059=ORIENTED_EDGE('',*,*,#2047,.F.);
#2060=CARTESIAN_POINT('',(-3.05949316,-1.5,5.761410832));
#2061=VERTEX_POINT('',#2060);
#2062=CARTESIAN_POINT('',(-3.05949316,-4.5,5.761410832));
#2063=DIRECTION('',(-0.,1.,0.));
#2064=VECTOR('',#2063,48.);
#2065=LINE('',#2062,#2064);
#2066=EDGE_CURVE('',#1969,#2061,#2065,.T.);
#2067=ORIENTED_EDGE('',*,*,#2066,.T.);
#2068=CARTESIAN_POINT('',(-3.05949316,-1.5,6.761410832));
#2069=VERTEX_POINT('',#2068);
#2070=CARTESIAN_POINT('',(-3.05949316,-1.5,6.761410832));
#2071=DIRECTION('',(0.,0.,-1.));
#2072=VECTOR('',#2071,10.);
#2073=LINE('',#2070,#2072);
#2074=EDGE_CURVE('',#2069,#2061,#2073,.T.);
#2075=ORIENTED_EDGE('',*,*,#2074,.F.);
#2076=CARTESIAN_POINT('',(-3.05949316,-4.5,6.761410832));
#2077=DIRECTION('',(-0.,1.,0.));
#2078=VECTOR('',#2077,48.);
#2079=LINE('',#2076,#2078);
#2080=EDGE_CURVE('',#2018,#2069,#2079,.T.);
#2081=ORIENTED_EDGE('',*,*,#2080,.F.);
#2082=EDGE_LOOP('',(#2059,#2067,#2075,#2081));
#2083=FACE_BOUND('',#2082,.T.);
#2084=ADVANCED_FACE('',(#2083),#2058,.F.);
#2085=CARTESIAN_POINT('',(-2.55949316,-6.5,5.761410832));
#2086=DIRECTION('',(0.,0.,-1.));
#2087=DIRECTION('',(-1.,0.,0.));
#2088=AXIS2_PLACEMENT_3D('',#2085,#2086,#2087);
#2089=PLANE('',#2088);
#2090=ORIENTED_EDGE('',*,*,#1974,.F.);
#2091=CARTESIAN_POINT('',(-2.05949316,-1.5,5.761410832));
#2092=VERTEX_POINT('',#2091);
#2093=CARTESIAN_POINT('',(-2.05949316,-4.5,5.761410832));
#2094=DIRECTION('',(-0.,1.,0.));
#2095=VECTOR('',#2094,48.);
#2096=LINE('',#2093,#2095);
#2097=EDGE_CURVE('',#1961,#2092,#2096,.T.);
#2098=ORIENTED_EDGE('',*,*,#2097,.T.);
#2099=CARTESIAN_POINT('',(-3.05949316,-1.5,5.761410832));
#2100=DIRECTION('',(1.,0.,-0.));
#2101=VECTOR('',#2100,10.);
#2102=LINE('',#2099,#2101);
#2103=EDGE_CURVE('',#2061,#2092,#2102,.T.);
#2104=ORIENTED_EDGE('',*,*,#2103,.F.);
#2105=ORIENTED_EDGE('',*,*,#2066,.F.);
#2106=EDGE_LOOP('',(#2090,#2098,#2104,#2105));
#2107=FACE_BOUND('',#2106,.T.);
#2108=ADVANCED_FACE('',(#2107),#2089,.F.);
#2109=CARTESIAN_POINT('',(0.439812303,-6.4,3.510708058));
#2110=DIRECTION('',(0.,-0.707106781,0.707106781));
#2111=DIRECTION('',(1.,0.,0.));
#2112=AXIS2_PLACEMENT_3D('',#2109,#2110,#2111);
#2113=PLANE('',#2112);
#2114=ORIENTED_EDGE('',*,*,#1232,.T.);
#2115=CARTESIAN_POINT('',(1.379624605,-6.3,3.610708058));
#2116=VERTEX_POINT('',#2115);
#2117=CARTESIAN_POINT('',(1.579624605,-6.5,3.410708058));
#2118=DIRECTION('',(-0.577350269,0.577350269,0.577350269));
#2119=VECTOR('',#2118,0.346410162);
#2120=LINE('',#2117,#2119);
#2121=EDGE_CURVE('',#1227,#2116,#2120,.T.);
#2122=ORIENTED_EDGE('',*,*,#2121,.T.);
#2123=CARTESIAN_POINT('',(0.379624605,-6.3,3.610708058));
#2124=VERTEX_POINT('',#2123);
#2125=CARTESIAN_POINT('',(9.837935328,-6.3,3.610708058));
#2126=DIRECTION('',(-1.,0.,0.));
#2127=VECTOR('',#2126,10.);
#2128=LINE('',#2125,#2127);
#2129=EDGE_CURVE('',#2116,#2124,#2128,.T.);
#2130=ORIENTED_EDGE('',*,*,#2129,.T.);
#2131=CARTESIAN_POINT('',(0.379624605,-6.3,3.610708058));
#2132=DIRECTION('',(-0.577350269,-0.577350269,-0.577350269));
#2133=VECTOR('',#2132,3.464101615);
#2134=LINE('',#2131,#2133);
#2135=EDGE_CURVE('',#2124,#1225,#2134,.T.);
#2136=ORIENTED_EDGE('',*,*,#2135,.T.);
#2137=EDGE_LOOP('',(#2114,#2122,#2130,#2136));
#2138=FACE_BOUND('',#2137,.T.);
#2139=ADVANCED_FACE('',(#2138),#2113,.T.);
#2140=OVER_RIDING_STYLED_ITEM('',(#114),#2139,#26);
#2141=CARTESIAN_POINT('',(1.479624605,-6.4,2.055354029));
#2142=DIRECTION('',(-0.707106781,-0.707106781,0.));
#2143=DIRECTION('',(0.,0.,1.));
#2144=AXIS2_PLACEMENT_3D('',#2141,#2142,#2143);
#2145=PLANE('',#2144);
#2146=ORIENTED_EDGE('',*,*,#1254,.T.);
#2147=CARTESIAN_POINT('',(1.379624605,-6.3,4.610708058));
#2148=VERTEX_POINT('',#2147);
#2149=CARTESIAN_POINT('',(1.579624605,-6.5,4.810708058));
#2150=DIRECTION('',(-0.577350269,0.577350269,-0.577350269));
#2151=VECTOR('',#2150,3.464101615);
#2152=LINE('',#2149,#2151);
#2153=EDGE_CURVE('',#1243,#2148,#2152,.T.);
#2154=ORIENTED_EDGE('',*,*,#2153,.T.);
#2155=CARTESIAN_POINT('',(1.379624605,-6.3,27.608894318));
#2156=DIRECTION('',(0.,0.,-1.));
#2157=VECTOR('',#2156,10.);
#2158=LINE('',#2155,#2157);
#2159=EDGE_CURVE('',#2148,#2116,#2158,.T.);
#2160=ORIENTED_EDGE('',*,*,#2159,.T.);
#2161=ORIENTED_EDGE('',*,*,#2121,.F.);
#2162=EDGE_LOOP('',(#2146,#2154,#2160,#2161));
#2163=FACE_BOUND('',#2162,.T.);
#2164=ADVANCED_FACE('',(#2163),#2145,.T.);
#2165=OVER_RIDING_STYLED_ITEM('',(#114),#2164,#26);
#2166=CARTESIAN_POINT('',(0.279624605,-6.4,2.055354029));
#2167=DIRECTION('',(0.707106781,-0.707106781,0.));
#2168=DIRECTION('',(0.,0.,-1.));
#2169=AXIS2_PLACEMENT_3D('',#2166,#2167,#2168);
#2170=PLANE('',#2169);
#2171=ORIENTED_EDGE('',*,*,#1240,.T.);
#2172=ORIENTED_EDGE('',*,*,#2135,.F.);
#2173=CARTESIAN_POINT('',(0.379624605,-6.3,4.610708058));
#2174=VERTEX_POINT('',#2173);
#2175=CARTESIAN_POINT('',(0.379624605,-6.3,17.608894318));
#2176=DIRECTION('',(0.,0.,1.));
#2177=VECTOR('',#2176,10.);
#2178=LINE('',#2175,#2177);
#2179=EDGE_CURVE('',#2124,#2174,#2178,.T.);
#2180=ORIENTED_EDGE('',*,*,#2179,.T.);
#2181=CARTESIAN_POINT('',(0.179624605,-6.5,4.810708058));
#2182=DIRECTION('',(0.577350269,0.577350269,-0.577350269));
#2183=VECTOR('',#2182,0.346410162);
#2184=LINE('',#2181,#2183);
#2185=EDGE_CURVE('',#1235,#2174,#2184,.T.);
#2186=ORIENTED_EDGE('',*,*,#2185,.F.);
#2187=EDGE_LOOP('',(#2171,#2172,#2180,#2186));
#2188=FACE_BOUND('',#2187,.T.);
#2189=ADVANCED_FACE('',(#2188),#2170,.T.);
#2190=OVER_RIDING_STYLED_ITEM('',(#114),#2189,#26);
#2191=CARTESIAN_POINT('',(0.439812303,-6.4,4.710708058));
#2192=DIRECTION('',(0.,-0.707106781,-0.707106781));
#2193=DIRECTION('',(-1.,0.,0.));
#2194=AXIS2_PLACEMENT_3D('',#2191,#2192,#2193);
#2195=PLANE('',#2194);
#2196=ORIENTED_EDGE('',*,*,#1248,.T.);
#2197=ORIENTED_EDGE('',*,*,#2185,.T.);
#2198=CARTESIAN_POINT('',(-0.162064672,-6.3,4.610708058));
#2199=DIRECTION('',(1.,0.,-0.));
#2200=VECTOR('',#2199,10.);
#2201=LINE('',#2198,#2200);
#2202=EDGE_CURVE('',#2174,#2148,#2201,.T.);
#2203=ORIENTED_EDGE('',*,*,#2202,.T.);
#2204=ORIENTED_EDGE('',*,*,#2153,.F.);
#2205=EDGE_LOOP('',(#2196,#2197,#2203,#2204));
#2206=FACE_BOUND('',#2205,.T.);
#2207=ADVANCED_FACE('',(#2206),#2195,.T.);
#2208=OVER_RIDING_STYLED_ITEM('',(#114),#2207,#26);
#2209=CARTESIAN_POINT('',(0.379624605,-6.5,4.110708058));
#2210=DIRECTION('',(-1.,-0.,0.));
#2211=DIRECTION('',(0.,0.,1.));
#2212=AXIS2_PLACEMENT_3D('',#2209,#2210,#2211);
#2213=PLANE('',#2212);
#2214=ORIENTED_EDGE('',*,*,#2179,.F.);
#2215=CARTESIAN_POINT('',(0.379624605,-1.5,3.610708058));
#2216=VERTEX_POINT('',#2215);
#2217=CARTESIAN_POINT('',(0.379624605,-4.5,3.610708058));
#2218=DIRECTION('',(-0.,1.,0.));
#2219=VECTOR('',#2218,48.);
#2220=LINE('',#2217,#2219);
#2221=EDGE_CURVE('',#2124,#2216,#2220,.T.);
#2222=ORIENTED_EDGE('',*,*,#2221,.T.);
#2223=CARTESIAN_POINT('',(0.379624605,-1.5,4.610708058));
#2224=VERTEX_POINT('',#2223);
#2225=CARTESIAN_POINT('',(0.379624605,-1.5,4.610708058));
#2226=DIRECTION('',(0.,0.,-1.));
#2227=VECTOR('',#2226,10.);
#2228=LINE('',#2225,#2227);
#2229=EDGE_CURVE('',#2224,#2216,#2228,.T.);
#2230=ORIENTED_EDGE('',*,*,#2229,.F.);
#2231=CARTESIAN_POINT('',(0.379624605,-4.5,4.610708058));
#2232=DIRECTION('',(-0.,1.,0.));
#2233=VECTOR('',#2232,48.);
#2234=LINE('',#2231,#2233);
#2235=EDGE_CURVE('',#2174,#2224,#2234,.T.);
#2236=ORIENTED_EDGE('',*,*,#2235,.F.);
#2237=EDGE_LOOP('',(#2214,#2222,#2230,#2236));
#2238=FACE_BOUND('',#2237,.T.);
#2239=ADVANCED_FACE('',(#2238),#2213,.F.);
#2240=CARTESIAN_POINT('',(0.879624605,-6.5,3.610708058));
#2241=DIRECTION('',(0.,0.,-1.));
#2242=DIRECTION('',(-1.,0.,0.));
#2243=AXIS2_PLACEMENT_3D('',#2240,#2241,#2242);
#2244=PLANE('',#2243);
#2245=ORIENTED_EDGE('',*,*,#2129,.F.);
#2246=CARTESIAN_POINT('',(1.379624605,-1.5,3.610708058));
#2247=VERTEX_POINT('',#2246);
#2248=CARTESIAN_POINT('',(1.379624605,-4.5,3.610708058));
#2249=DIRECTION('',(-0.,1.,0.));
#2250=VECTOR('',#2249,48.);
#2251=LINE('',#2248,#2250);
#2252=EDGE_CURVE('',#2116,#2247,#2251,.T.);
#2253=ORIENTED_EDGE('',*,*,#2252,.T.);
#2254=CARTESIAN_POINT('',(0.379624605,-1.5,3.610708058));
#2255=DIRECTION('',(1.,0.,-0.));
#2256=VECTOR('',#2255,10.);
#2257=LINE('',#2254,#2256);
#2258=EDGE_CURVE('',#2216,#2247,#2257,.T.);
#2259=ORIENTED_EDGE('',*,*,#2258,.F.);
#2260=ORIENTED_EDGE('',*,*,#2221,.F.);
#2261=EDGE_LOOP('',(#2245,#2253,#2259,#2260));
#2262=FACE_BOUND('',#2261,.T.);
#2263=ADVANCED_FACE('',(#2262),#2244,.F.);
#2264=CARTESIAN_POINT('',(-0.484054744,-6.4,3.510708058));
#2265=DIRECTION('',(0.,-0.707106781,0.707106781));
#2266=DIRECTION('',(1.,0.,0.));
#2267=AXIS2_PLACEMENT_3D('',#2264,#2265,#2266);
#2268=PLANE('',#2267);
#2269=ORIENTED_EDGE('',*,*,#1104,.T.);
#2270=CARTESIAN_POINT('',(-0.468109488,-6.3,3.610708058));
#2271=VERTEX_POINT('',#2270);
#2272=CARTESIAN_POINT('',(-0.268109488,-6.5,3.410708058));
#2273=DIRECTION('',(-0.577350269,0.577350269,0.577350269));
#2274=VECTOR('',#2273,0.346410162);
#2275=LINE('',#2272,#2274);
#2276=EDGE_CURVE('',#1099,#2271,#2275,.T.);
#2277=ORIENTED_EDGE('',*,*,#2276,.T.);
#2278=CARTESIAN_POINT('',(-1.468109488,-6.3,3.610708058));
#2279=VERTEX_POINT('',#2278);
#2280=CARTESIAN_POINT('',(-0.324602187,-6.3,3.610708058));
#2281=DIRECTION('',(-1.,0.,0.));
#2282=VECTOR('',#2281,10.);
#2283=LINE('',#2280,#2282);
#2284=EDGE_CURVE('',#2271,#2279,#2283,.T.);
#2285=ORIENTED_EDGE('',*,*,#2284,.T.);
#2286=CARTESIAN_POINT('',(-1.468109488,-6.3,3.610708058));
#2287=DIRECTION('',(-0.577350269,-0.577350269,-0.577350269));
#2288=VECTOR('',#2287,0.346410162);
#2289=LINE('',#2286,#2288);
#2290=EDGE_CURVE('',#2279,#1097,#2289,.T.);
#2291=ORIENTED_EDGE('',*,*,#2290,.T.);
#2292=EDGE_LOOP('',(#2269,#2277,#2285,#2291));
#2293=FACE_BOUND('',#2292,.T.);
#2294=ADVANCED_FACE('',(#2293),#2268,.T.);
#2295=OVER_RIDING_STYLED_ITEM('',(#114),#2294,#26);
#2296=CARTESIAN_POINT('',(-0.368109488,-6.4,2.055354029));
#2297=DIRECTION('',(-0.707106781,-0.707106781,0.));
#2298=DIRECTION('',(0.,0.,1.));
#2299=AXIS2_PLACEMENT_3D('',#2296,#2297,#2298);
#2300=PLANE('',#2299);
#2301=ORIENTED_EDGE('',*,*,#1126,.T.);
#2302=CARTESIAN_POINT('',(-0.468109488,-6.3,4.610708058));
#2303=VERTEX_POINT('',#2302);
#2304=CARTESIAN_POINT('',(-0.268109488,-6.5,4.810708058));
#2305=DIRECTION('',(-0.577350269,0.577350269,-0.577350269));
#2306=VECTOR('',#2305,3.464101615);
#2307=LINE('',#2304,#2306);
#2308=EDGE_CURVE('',#1115,#2303,#2307,.T.);
#2309=ORIENTED_EDGE('',*,*,#2308,.T.);
#2310=CARTESIAN_POINT('',(-0.468109488,-6.3,27.608894318));
#2311=DIRECTION('',(0.,0.,-1.));
#2312=VECTOR('',#2311,10.);
#2313=LINE('',#2310,#2312);
#2314=EDGE_CURVE('',#2303,#2271,#2313,.T.);
#2315=ORIENTED_EDGE('',*,*,#2314,.T.);
#2316=ORIENTED_EDGE('',*,*,#2276,.F.);
#2317=EDGE_LOOP('',(#2301,#2309,#2315,#2316));
#2318=FACE_BOUND('',#2317,.T.);
#2319=ADVANCED_FACE('',(#2318),#2300,.T.);
#2320=OVER_RIDING_STYLED_ITEM('',(#114),#2319,#26);
#2321=CARTESIAN_POINT('',(-1.568109488,-6.4,2.055354029));
#2322=DIRECTION('',(0.707106781,-0.707106781,0.));
#2323=DIRECTION('',(0.,0.,-1.));
#2324=AXIS2_PLACEMENT_3D('',#2321,#2322,#2323);
#2325=PLANE('',#2324);
#2326=ORIENTED_EDGE('',*,*,#1112,.T.);
#2327=ORIENTED_EDGE('',*,*,#2290,.F.);
#2328=CARTESIAN_POINT('',(-1.468109488,-6.3,4.610708058));
#2329=VERTEX_POINT('',#2328);
#2330=CARTESIAN_POINT('',(-1.468109488,-6.3,17.608894318));
#2331=DIRECTION('',(0.,0.,1.));
#2332=VECTOR('',#2331,10.);
#2333=LINE('',#2330,#2332);
#2334=EDGE_CURVE('',#2279,#2329,#2333,.T.);
#2335=ORIENTED_EDGE('',*,*,#2334,.T.);
#2336=CARTESIAN_POINT('',(-1.668109488,-6.5,4.810708058));
#2337=DIRECTION('',(0.577350269,0.577350269,-0.577350269));
#2338=VECTOR('',#2337,3.464101615);
#2339=LINE('',#2336,#2338);
#2340=EDGE_CURVE('',#1107,#2329,#2339,.T.);
#2341=ORIENTED_EDGE('',*,*,#2340,.F.);
#2342=EDGE_LOOP('',(#2326,#2327,#2335,#2341));
#2343=FACE_BOUND('',#2342,.T.);
#2344=ADVANCED_FACE('',(#2343),#2325,.T.);
#2345=OVER_RIDING_STYLED_ITEM('',(#114),#2344,#26);
#2346=CARTESIAN_POINT('',(-0.484054744,-6.4,4.710708058));
#2347=DIRECTION('',(0.,-0.707106781,-0.707106781));
#2348=DIRECTION('',(-1.,0.,0.));
#2349=AXIS2_PLACEMENT_3D('',#2346,#2347,#2348);
#2350=PLANE('',#2349);
#2351=ORIENTED_EDGE('',*,*,#1120,.T.);
#2352=ORIENTED_EDGE('',*,*,#2340,.T.);
#2353=CARTESIAN_POINT('',(-10.324602187,-6.3,4.610708058));
#2354=DIRECTION('',(1.,0.,-0.));
#2355=VECTOR('',#2354,10.);
#2356=LINE('',#2353,#2355);
#2357=EDGE_CURVE('',#2329,#2303,#2356,.T.);
#2358=ORIENTED_EDGE('',*,*,#2357,.T.);
#2359=ORIENTED_EDGE('',*,*,#2308,.F.);
#2360=EDGE_LOOP('',(#2351,#2352,#2358,#2359));
#2361=FACE_BOUND('',#2360,.T.);
#2362=ADVANCED_FACE('',(#2361),#2350,.T.);
#2363=OVER_RIDING_STYLED_ITEM('',(#114),#2362,#26);
#2364=CARTESIAN_POINT('',(-1.468109488,-6.5,4.110708058));
#2365=DIRECTION('',(-1.,-0.,0.));
#2366=DIRECTION('',(0.,0.,1.));
#2367=AXIS2_PLACEMENT_3D('',#2364,#2365,#2366);
#2368=PLANE('',#2367);
#2369=ORIENTED_EDGE('',*,*,#2334,.F.);
#2370=CARTESIAN_POINT('',(-1.468109488,-1.5,3.610708058));
#2371=VERTEX_POINT('',#2370);
#2372=CARTESIAN_POINT('',(-1.468109488,-4.5,3.610708058));
#2373=DIRECTION('',(-0.,1.,0.));
#2374=VECTOR('',#2373,48.);
#2375=LINE('',#2372,#2374);
#2376=EDGE_CURVE('',#2279,#2371,#2375,.T.);
#2377=ORIENTED_EDGE('',*,*,#2376,.T.);
#2378=CARTESIAN_POINT('',(-1.468109488,-1.5,4.610708058));
#2379=VERTEX_POINT('',#2378);
#2380=CARTESIAN_POINT('',(-1.468109488,-1.5,4.610708058));
#2381=DIRECTION('',(0.,0.,-1.));
#2382=VECTOR('',#2381,10.);
#2383=LINE('',#2380,#2382);
#2384=EDGE_CURVE('',#2379,#2371,#2383,.T.);
#2385=ORIENTED_EDGE('',*,*,#2384,.F.);
#2386=CARTESIAN_POINT('',(-1.468109488,-4.5,4.610708058));
#2387=DIRECTION('',(-0.,1.,0.));
#2388=VECTOR('',#2387,48.);
#2389=LINE('',#2386,#2388);
#2390=EDGE_CURVE('',#2329,#2379,#2389,.T.);
#2391=ORIENTED_EDGE('',*,*,#2390,.F.);
#2392=EDGE_LOOP('',(#2369,#2377,#2385,#2391));
#2393=FACE_BOUND('',#2392,.T.);
#2394=ADVANCED_FACE('',(#2393),#2368,.F.);
#2395=CARTESIAN_POINT('',(-0.968109488,-6.5,3.610708058));
#2396=DIRECTION('',(0.,0.,-1.));
#2397=DIRECTION('',(-1.,0.,0.));
#2398=AXIS2_PLACEMENT_3D('',#2395,#2396,#2397);
#2399=PLANE('',#2398);
#2400=ORIENTED_EDGE('',*,*,#2284,.F.);
#2401=CARTESIAN_POINT('',(-0.468109488,-1.5,3.610708058));
#2402=VERTEX_POINT('',#2401);
#2403=CARTESIAN_POINT('',(-0.468109488,-4.5,3.610708058));
#2404=DIRECTION('',(-0.,1.,0.));
#2405=VECTOR('',#2404,48.);
#2406=LINE('',#2403,#2405);
#2407=EDGE_CURVE('',#2271,#2402,#2406,.T.);
#2408=ORIENTED_EDGE('',*,*,#2407,.T.);
#2409=CARTESIAN_POINT('',(-1.468109488,-1.5,3.610708058));
#2410=DIRECTION('',(1.,0.,-0.));
#2411=VECTOR('',#2410,10.);
#2412=LINE('',#2409,#2411);
#2413=EDGE_CURVE('',#2371,#2402,#2412,.T.);
#2414=ORIENTED_EDGE('',*,*,#2413,.F.);
#2415=ORIENTED_EDGE('',*,*,#2376,.F.);
#2416=EDGE_LOOP('',(#2400,#2408,#2414,#2415));
#2417=FACE_BOUND('',#2416,.T.);
#2418=ADVANCED_FACE('',(#2417),#2399,.F.);
#2419=CARTESIAN_POINT('',(-1.572004982,-6.5,8.030290127));
#2420=DIRECTION('',(1.,0.,0.));
#2421=DIRECTION('',(0.,0.,-1.));
#2422=AXIS2_PLACEMENT_3D('',#2419,#2420,#2421);
#2423=PLANE('',#2422);
#2424=ORIENTED_EDGE('',*,*,#872,.F.);
#2425=CARTESIAN_POINT('',(-1.572004982,-1.5,8.530290127));
#2426=VERTEX_POINT('',#2425);
#2427=CARTESIAN_POINT('',(-1.572004982,-4.5,8.530290127));
#2428=DIRECTION('',(-0.,1.,0.));
#2429=VECTOR('',#2428,48.);
#2430=LINE('',#2427,#2429);
#2431=EDGE_CURVE('',#861,#2426,#2430,.T.);
#2432=ORIENTED_EDGE('',*,*,#2431,.T.);
#2433=CARTESIAN_POINT('',(-1.572004982,-1.5,7.530290127));
#2434=DIRECTION('',(0.,0.,1.));
#2435=VECTOR('',#2434,10.);
#2436=LINE('',#2433,#2435);
#2437=EDGE_CURVE('',#972,#2426,#2436,.T.);
#2438=ORIENTED_EDGE('',*,*,#2437,.F.);
#2439=ORIENTED_EDGE('',*,*,#977,.F.);
#2440=EDGE_LOOP('',(#2424,#2432,#2438,#2439));
#2441=FACE_BOUND('',#2440,.T.);
#2442=ADVANCED_FACE('',(#2441),#2423,.F.);
#2443=CARTESIAN_POINT('',(-2.072004982,-6.5,8.530290127));
#2444=DIRECTION('',(0.,0.,1.));
#2445=DIRECTION('',(1.,0.,0.));
#2446=AXIS2_PLACEMENT_3D('',#2443,#2444,#2445);
#2447=PLANE('',#2446);
#2448=ORIENTED_EDGE('',*,*,#904,.F.);
#2449=ORIENTED_EDGE('',*,*,#960,.T.);
#2450=CARTESIAN_POINT('',(-1.572004982,-1.5,8.530290127));
#2451=DIRECTION('',(-1.,0.,0.));
#2452=VECTOR('',#2451,10.);
#2453=LINE('',#2450,#2452);
#2454=EDGE_CURVE('',#2426,#949,#2453,.T.);
#2455=ORIENTED_EDGE('',*,*,#2454,.F.);
#2456=ORIENTED_EDGE('',*,*,#2431,.F.);
#2457=EDGE_LOOP('',(#2448,#2449,#2455,#2456));
#2458=FACE_BOUND('',#2457,.T.);
#2459=ADVANCED_FACE('',(#2458),#2447,.F.);
#2460=CARTESIAN_POINT('',(-2.072004982,-1.5,8.030290127));
#2461=DIRECTION('',(-0.,1.,-0.));
#2462=DIRECTION('',(0.,0.,1.));
#2463=AXIS2_PLACEMENT_3D('',#2460,#2461,#2462);
#2464=PLANE('',#2463);
#2465=ORIENTED_EDGE('',*,*,#983,.T.);
#2466=ORIENTED_EDGE('',*,*,#2437,.T.);
#2467=ORIENTED_EDGE('',*,*,#2454,.T.);
#2468=ORIENTED_EDGE('',*,*,#954,.T.);
#2469=EDGE_LOOP('',(#2465,#2466,#2467,#2468));
#2470=FACE_BOUND('',#2469,.T.);
#2471=ADVANCED_FACE('',(#2470),#2464,.F.);
#2472=CARTESIAN_POINT('',(2.709222753,-6.5,8.030290127));
#2473=DIRECTION('',(1.,0.,0.));
#2474=DIRECTION('',(0.,0.,-1.));
#2475=AXIS2_PLACEMENT_3D('',#2472,#2473,#2474);
#2476=PLANE('',#2475);
#2477=ORIENTED_EDGE('',*,*,#1539,.F.);
#2478=CARTESIAN_POINT('',(2.709222753,-1.5,8.530290127));
#2479=VERTEX_POINT('',#2478);
#2480=CARTESIAN_POINT('',(2.709222753,-4.5,8.530290127));
#2481=DIRECTION('',(-0.,1.,0.));
#2482=VECTOR('',#2481,48.);
#2483=LINE('',#2480,#2482);
#2484=EDGE_CURVE('',#1528,#2479,#2483,.T.);
#2485=ORIENTED_EDGE('',*,*,#2484,.T.);
#2486=CARTESIAN_POINT('',(2.709222753,-1.5,7.530290127));
#2487=DIRECTION('',(0.,0.,1.));
#2488=VECTOR('',#2487,10.);
#2489=LINE('',#2486,#2488);
#2490=EDGE_CURVE('',#1627,#2479,#2489,.T.);
#2491=ORIENTED_EDGE('',*,*,#2490,.F.);
#2492=ORIENTED_EDGE('',*,*,#1632,.F.);
#2493=EDGE_LOOP('',(#2477,#2485,#2491,#2492));
#2494=FACE_BOUND('',#2493,.T.);
#2495=ADVANCED_FACE('',(#2494),#2476,.F.);
#2496=CARTESIAN_POINT('',(2.209222753,-6.5,8.530290127));
#2497=DIRECTION('',(0.,0.,1.));
#2498=DIRECTION('',(1.,0.,0.));
#2499=AXIS2_PLACEMENT_3D('',#2496,#2497,#2498);
#2500=PLANE('',#2499);
#2501=ORIENTED_EDGE('',*,*,#1564,.F.);
#2502=ORIENTED_EDGE('',*,*,#1615,.T.);
#2503=CARTESIAN_POINT('',(2.709222753,-1.5,8.530290127));
#2504=DIRECTION('',(-1.,0.,0.));
#2505=VECTOR('',#2504,10.);
#2506=LINE('',#2503,#2505);
#2507=EDGE_CURVE('',#2479,#1604,#2506,.T.);
#2508=ORIENTED_EDGE('',*,*,#2507,.F.);
#2509=ORIENTED_EDGE('',*,*,#2484,.F.);
#2510=EDGE_LOOP('',(#2501,#2502,#2508,#2509));
#2511=FACE_BOUND('',#2510,.T.);
#2512=ADVANCED_FACE('',(#2511),#2500,.F.);
#2513=CARTESIAN_POINT('',(2.209222753,-1.5,8.030290127));
#2514=DIRECTION('',(-0.,1.,-0.));
#2515=DIRECTION('',(0.,0.,1.));
#2516=AXIS2_PLACEMENT_3D('',#2513,#2514,#2515);
#2517=PLANE('',#2516);
#2518=ORIENTED_EDGE('',*,*,#1638,.T.);
#2519=ORIENTED_EDGE('',*,*,#2490,.T.);
#2520=ORIENTED_EDGE('',*,*,#2507,.T.);
#2521=ORIENTED_EDGE('',*,*,#1609,.T.);
#2522=EDGE_LOOP('',(#2518,#2519,#2520,#2521));
#2523=FACE_BOUND('',#2522,.T.);
#2524=ADVANCED_FACE('',(#2523),#2517,.F.);
#2525=CARTESIAN_POINT('',(0.893061249,-6.5,6.261410832));
#2526=DIRECTION('',(1.,0.,0.));
#2527=DIRECTION('',(0.,0.,-1.));
#2528=AXIS2_PLACEMENT_3D('',#2525,#2526,#2527);
#2529=PLANE('',#2528);
#2530=ORIENTED_EDGE('',*,*,#1849,.F.);
#2531=CARTESIAN_POINT('',(0.893061249,-1.5,6.761410832));
#2532=VERTEX_POINT('',#2531);
#2533=CARTESIAN_POINT('',(0.893061249,-4.5,6.761410832));
#2534=DIRECTION('',(-0.,1.,0.));
#2535=VECTOR('',#2534,48.);
#2536=LINE('',#2533,#2535);
#2537=EDGE_CURVE('',#1838,#2532,#2536,.T.);
#2538=ORIENTED_EDGE('',*,*,#2537,.T.);
#2539=CARTESIAN_POINT('',(0.893061249,-1.5,5.761410832));
#2540=DIRECTION('',(0.,0.,1.));
#2541=VECTOR('',#2540,10.);
#2542=LINE('',#2539,#2541);
#2543=EDGE_CURVE('',#1937,#2532,#2542,.T.);
#2544=ORIENTED_EDGE('',*,*,#2543,.F.);
#2545=ORIENTED_EDGE('',*,*,#1942,.F.);
#2546=EDGE_LOOP('',(#2530,#2538,#2544,#2545));
#2547=FACE_BOUND('',#2546,.T.);
#2548=ADVANCED_FACE('',(#2547),#2529,.F.);
#2549=CARTESIAN_POINT('',(0.393061249,-6.5,6.761410832));
#2550=DIRECTION('',(0.,0.,1.));
#2551=DIRECTION('',(1.,0.,0.));
#2552=AXIS2_PLACEMENT_3D('',#2549,#2550,#2551);
#2553=PLANE('',#2552);
#2554=ORIENTED_EDGE('',*,*,#1874,.F.);
#2555=ORIENTED_EDGE('',*,*,#1925,.T.);
#2556=CARTESIAN_POINT('',(0.893061249,-1.5,6.761410832));
#2557=DIRECTION('',(-1.,0.,0.));
#2558=VECTOR('',#2557,10.);
#2559=LINE('',#2556,#2558);
#2560=EDGE_CURVE('',#2532,#1914,#2559,.T.);
#2561=ORIENTED_EDGE('',*,*,#2560,.F.);
#2562=ORIENTED_EDGE('',*,*,#2537,.F.);
#2563=EDGE_LOOP('',(#2554,#2555,#2561,#2562));
#2564=FACE_BOUND('',#2563,.T.);
#2565=ADVANCED_FACE('',(#2564),#2553,.F.);
#2566=CARTESIAN_POINT('',(0.393061249,-1.5,6.261410832));
#2567=DIRECTION('',(-0.,1.,0.));
#2568=DIRECTION('',(0.,-0.,1.));
#2569=AXIS2_PLACEMENT_3D('',#2566,#2567,#2568);
#2570=PLANE('',#2569);
#2571=ORIENTED_EDGE('',*,*,#1948,.T.);
#2572=ORIENTED_EDGE('',*,*,#2543,.T.);
#2573=ORIENTED_EDGE('',*,*,#2560,.T.);
#2574=ORIENTED_EDGE('',*,*,#1919,.T.);
#2575=EDGE_LOOP('',(#2571,#2572,#2573,#2574));
#2576=FACE_BOUND('',#2575,.T.);
#2577=ADVANCED_FACE('',(#2576),#2570,.F.);
#2578=CARTESIAN_POINT('',(-0.468109488,-6.5,4.110708058));
#2579=DIRECTION('',(1.,0.,0.));
#2580=DIRECTION('',(0.,0.,-1.));
#2581=AXIS2_PLACEMENT_3D('',#2578,#2579,#2580);
#2582=PLANE('',#2581);
#2583=ORIENTED_EDGE('',*,*,#2314,.F.);
#2584=CARTESIAN_POINT('',(-0.468109488,-1.5,4.610708058));
#2585=VERTEX_POINT('',#2584);
#2586=CARTESIAN_POINT('',(-0.468109488,-4.5,4.610708058));
#2587=DIRECTION('',(-0.,1.,0.));
#2588=VECTOR('',#2587,48.);
#2589=LINE('',#2586,#2588);
#2590=EDGE_CURVE('',#2303,#2585,#2589,.T.);
#2591=ORIENTED_EDGE('',*,*,#2590,.T.);
#2592=CARTESIAN_POINT('',(-0.468109488,-1.5,3.610708058));
#2593=DIRECTION('',(0.,0.,1.));
#2594=VECTOR('',#2593,10.);
#2595=LINE('',#2592,#2594);
#2596=EDGE_CURVE('',#2402,#2585,#2595,.T.);
#2597=ORIENTED_EDGE('',*,*,#2596,.F.);
#2598=ORIENTED_EDGE('',*,*,#2407,.F.);
#2599=EDGE_LOOP('',(#2583,#2591,#2597,#2598));
#2600=FACE_BOUND('',#2599,.T.);
#2601=ADVANCED_FACE('',(#2600),#2582,.F.);
#2602=CARTESIAN_POINT('',(-0.968109488,-6.5,4.610708058));
#2603=DIRECTION('',(0.,0.,1.));
#2604=DIRECTION('',(1.,0.,0.));
#2605=AXIS2_PLACEMENT_3D('',#2602,#2603,#2604);
#2606=PLANE('',#2605);
#2607=ORIENTED_EDGE('',*,*,#2357,.F.);
#2608=ORIENTED_EDGE('',*,*,#2390,.T.);
#2609=CARTESIAN_POINT('',(-0.468109488,-1.5,4.610708058));
#2610=DIRECTION('',(-1.,0.,0.));
#2611=VECTOR('',#2610,10.);
#2612=LINE('',#2609,#2611);
#2613=EDGE_CURVE('',#2585,#2379,#2612,.T.);
#2614=ORIENTED_EDGE('',*,*,#2613,.F.);
#2615=ORIENTED_EDGE('',*,*,#2590,.F.);
#2616=EDGE_LOOP('',(#2607,#2608,#2614,#2615));
#2617=FACE_BOUND('',#2616,.T.);
#2618=ADVANCED_FACE('',(#2617),#2606,.F.);
#2619=CARTESIAN_POINT('',(-0.968109488,-1.5,4.110708058));
#2620=DIRECTION('',(-0.,1.,0.));
#2621=DIRECTION('',(0.,-0.,1.));
#2622=AXIS2_PLACEMENT_3D('',#2619,#2620,#2621);
#2623=PLANE('',#2622);
#2624=ORIENTED_EDGE('',*,*,#2413,.T.);
#2625=ORIENTED_EDGE('',*,*,#2596,.T.);
#2626=ORIENTED_EDGE('',*,*,#2613,.T.);
#2627=ORIENTED_EDGE('',*,*,#2384,.T.);
#2628=EDGE_LOOP('',(#2624,#2625,#2626,#2627));
#2629=FACE_BOUND('',#2628,.T.);
#2630=ADVANCED_FACE('',(#2629),#2623,.F.);
#2631=CARTESIAN_POINT('',(1.379624605,-6.5,4.110708058));
#2632=DIRECTION('',(1.,0.,0.));
#2633=DIRECTION('',(0.,0.,-1.));
#2634=AXIS2_PLACEMENT_3D('',#2631,#2632,#2633);
#2635=PLANE('',#2634);
#2636=ORIENTED_EDGE('',*,*,#2159,.F.);
#2637=CARTESIAN_POINT('',(1.379624605,-1.5,4.610708058));
#2638=VERTEX_POINT('',#2637);
#2639=CARTESIAN_POINT('',(1.379624605,-4.5,4.610708058));
#2640=DIRECTION('',(-0.,1.,0.));
#2641=VECTOR('',#2640,48.);
#2642=LINE('',#2639,#2641);
#2643=EDGE_CURVE('',#2148,#2638,#2642,.T.);
#2644=ORIENTED_EDGE('',*,*,#2643,.T.);
#2645=CARTESIAN_POINT('',(1.379624605,-1.5,3.610708058));
#2646=DIRECTION('',(0.,0.,1.));
#2647=VECTOR('',#2646,10.);
#2648=LINE('',#2645,#2647);
#2649=EDGE_CURVE('',#2247,#2638,#2648,.T.);
#2650=ORIENTED_EDGE('',*,*,#2649,.F.);
#2651=ORIENTED_EDGE('',*,*,#2252,.F.);
#2652=EDGE_LOOP('',(#2636,#2644,#2650,#2651));
#2653=FACE_BOUND('',#2652,.T.);
#2654=ADVANCED_FACE('',(#2653),#2635,.F.);
#2655=CARTESIAN_POINT('',(0.879624605,-6.5,4.610708058));
#2656=DIRECTION('',(0.,0.,1.));
#2657=DIRECTION('',(1.,0.,0.));
#2658=AXIS2_PLACEMENT_3D('',#2655,#2656,#2657);
#2659=PLANE('',#2658);
#2660=ORIENTED_EDGE('',*,*,#2202,.F.);
#2661=ORIENTED_EDGE('',*,*,#2235,.T.);
#2662=CARTESIAN_POINT('',(1.379624605,-1.5,4.610708058));
#2663=DIRECTION('',(-1.,0.,0.));
#2664=VECTOR('',#2663,10.);
#2665=LINE('',#2662,#2664);
#2666=EDGE_CURVE('',#2638,#2224,#2665,.T.);
#2667=ORIENTED_EDGE('',*,*,#2666,.F.);
#2668=ORIENTED_EDGE('',*,*,#2643,.F.);
#2669=EDGE_LOOP('',(#2660,#2661,#2667,#2668));
#2670=FACE_BOUND('',#2669,.T.);
#2671=ADVANCED_FACE('',(#2670),#2659,.F.);
#2672=CARTESIAN_POINT('',(0.879624605,-1.5,4.110708058));
#2673=DIRECTION('',(0.,1.,0.));
#2674=DIRECTION('',(0.,-0.,1.));
#2675=AXIS2_PLACEMENT_3D('',#2672,#2673,#2674);
#2676=PLANE('',#2675);
#2677=ORIENTED_EDGE('',*,*,#2258,.T.);
#2678=ORIENTED_EDGE('',*,*,#2649,.T.);
#2679=ORIENTED_EDGE('',*,*,#2666,.T.);
#2680=ORIENTED_EDGE('',*,*,#2229,.T.);
#2681=EDGE_LOOP('',(#2677,#2678,#2679,#2680));
#2682=FACE_BOUND('',#2681,.T.);
#2683=ADVANCED_FACE('',(#2682),#2676,.F.);
#2684=CARTESIAN_POINT('',(3.049000556,-6.5,6.261410832));
#2685=DIRECTION('',(1.,0.,0.));
#2686=DIRECTION('',(0.,0.,-1.));
#2687=AXIS2_PLACEMENT_3D('',#2684,#2685,#2686);
#2688=PLANE('',#2687);
#2689=ORIENTED_EDGE('',*,*,#1694,.F.);
#2690=CARTESIAN_POINT('',(3.049000556,-1.5,6.761410832));
#2691=VERTEX_POINT('',#2690);
#2692=CARTESIAN_POINT('',(3.049000556,-4.5,6.761410832));
#2693=DIRECTION('',(-0.,1.,0.));
#2694=VECTOR('',#2693,48.);
#2695=LINE('',#2692,#2694);
#2696=EDGE_CURVE('',#1683,#2691,#2695,.T.);
#2697=ORIENTED_EDGE('',*,*,#2696,.T.);
#2698=CARTESIAN_POINT('',(3.049000556,-1.5,5.761410832));
#2699=DIRECTION('',(0.,0.,1.));
#2700=VECTOR('',#2699,10.);
#2701=LINE('',#2698,#2700);
#2702=EDGE_CURVE('',#1782,#2691,#2701,.T.);
#2703=ORIENTED_EDGE('',*,*,#2702,.F.);
#2704=ORIENTED_EDGE('',*,*,#1787,.F.);
#2705=EDGE_LOOP('',(#2689,#2697,#2703,#2704));
#2706=FACE_BOUND('',#2705,.T.);
#2707=ADVANCED_FACE('',(#2706),#2688,.F.);
#2708=CARTESIAN_POINT('',(2.549000556,-6.5,6.761410832));
#2709=DIRECTION('',(0.,0.,1.));
#2710=DIRECTION('',(1.,0.,0.));
#2711=AXIS2_PLACEMENT_3D('',#2708,#2709,#2710);
#2712=PLANE('',#2711);
#2713=ORIENTED_EDGE('',*,*,#1719,.F.);
#2714=ORIENTED_EDGE('',*,*,#1770,.T.);
#2715=CARTESIAN_POINT('',(3.049000556,-1.5,6.761410832));
#2716=DIRECTION('',(-1.,0.,0.));
#2717=VECTOR('',#2716,10.);
#2718=LINE('',#2715,#2717);
#2719=EDGE_CURVE('',#2691,#1759,#2718,.T.);
#2720=ORIENTED_EDGE('',*,*,#2719,.F.);
#2721=ORIENTED_EDGE('',*,*,#2696,.F.);
#2722=EDGE_LOOP('',(#2713,#2714,#2720,#2721));
#2723=FACE_BOUND('',#2722,.T.);
#2724=ADVANCED_FACE('',(#2723),#2712,.F.);
#2725=CARTESIAN_POINT('',(2.549000556,-1.5,6.261410832));
#2726=DIRECTION('',(0.,1.,0.));
#2727=DIRECTION('',(0.,-0.,1.));
#2728=AXIS2_PLACEMENT_3D('',#2725,#2726,#2727);
#2729=PLANE('',#2728);
#2730=ORIENTED_EDGE('',*,*,#1793,.T.);
#2731=ORIENTED_EDGE('',*,*,#2702,.T.);
#2732=ORIENTED_EDGE('',*,*,#2719,.T.);
#2733=ORIENTED_EDGE('',*,*,#1764,.T.);
#2734=EDGE_LOOP('',(#2730,#2731,#2732,#2733));
#2735=FACE_BOUND('',#2734,.T.);
#2736=ADVANCED_FACE('',(#2735),#2729,.F.);
#2737=CARTESIAN_POINT('',(-2.05949316,-6.5,6.261410832));
#2738=DIRECTION('',(1.,0.,0.));
#2739=DIRECTION('',(0.,0.,-1.));
#2740=AXIS2_PLACEMENT_3D('',#2737,#2738,#2739);
#2741=PLANE('',#2740);
#2742=ORIENTED_EDGE('',*,*,#2004,.F.);
#2743=CARTESIAN_POINT('',(-2.05949316,-1.5,6.761410832));
#2744=VERTEX_POINT('',#2743);
#2745=CARTESIAN_POINT('',(-2.05949316,-4.5,6.761410832));
#2746=DIRECTION('',(-0.,1.,0.));
#2747=VECTOR('',#2746,48.);
#2748=LINE('',#2745,#2747);
#2749=EDGE_CURVE('',#1993,#2744,#2748,.T.);
#2750=ORIENTED_EDGE('',*,*,#2749,.T.);
#2751=CARTESIAN_POINT('',(-2.05949316,-1.5,5.761410832));
#2752=DIRECTION('',(0.,0.,1.));
#2753=VECTOR('',#2752,10.);
#2754=LINE('',#2751,#2753);
#2755=EDGE_CURVE('',#2092,#2744,#2754,.T.);
#2756=ORIENTED_EDGE('',*,*,#2755,.F.);
#2757=ORIENTED_EDGE('',*,*,#2097,.F.);
#2758=EDGE_LOOP('',(#2742,#2750,#2756,#2757));
#2759=FACE_BOUND('',#2758,.T.);
#2760=ADVANCED_FACE('',(#2759),#2741,.F.);
#2761=CARTESIAN_POINT('',(-2.55949316,-6.5,6.761410832));
#2762=DIRECTION('',(0.,0.,1.));
#2763=DIRECTION('',(1.,0.,0.));
#2764=AXIS2_PLACEMENT_3D('',#2761,#2762,#2763);
#2765=PLANE('',#2764);
#2766=ORIENTED_EDGE('',*,*,#2029,.F.);
#2767=ORIENTED_EDGE('',*,*,#2080,.T.);
#2768=CARTESIAN_POINT('',(-2.05949316,-1.5,6.761410832));
#2769=DIRECTION('',(-1.,0.,0.));
#2770=VECTOR('',#2769,10.);
#2771=LINE('',#2768,#2770);
#2772=EDGE_CURVE('',#2744,#2069,#2771,.T.);
#2773=ORIENTED_EDGE('',*,*,#2772,.F.);
#2774=ORIENTED_EDGE('',*,*,#2749,.F.);
#2775=EDGE_LOOP('',(#2766,#2767,#2773,#2774));
#2776=FACE_BOUND('',#2775,.T.);
#2777=ADVANCED_FACE('',(#2776),#2765,.F.);
#2778=CARTESIAN_POINT('',(-2.55949316,-1.5,6.261410832));
#2779=DIRECTION('',(-0.,1.,0.));
#2780=DIRECTION('',(0.,-0.,1.));
#2781=AXIS2_PLACEMENT_3D('',#2778,#2779,#2780);
#2782=PLANE('',#2781);
#2783=ORIENTED_EDGE('',*,*,#2103,.T.);
#2784=ORIENTED_EDGE('',*,*,#2755,.T.);
#2785=ORIENTED_EDGE('',*,*,#2772,.T.);
#2786=ORIENTED_EDGE('',*,*,#2074,.T.);
#2787=EDGE_LOOP('',(#2783,#2784,#2785,#2786));
#2788=FACE_BOUND('',#2787,.T.);
#2789=ADVANCED_FACE('',(#2788),#2782,.F.);
#2790=CARTESIAN_POINT('',(0.024323523,-6.5,8.030290127));
#2791=DIRECTION('',(1.,0.,0.));
#2792=DIRECTION('',(0.,0.,-1.));
#2793=AXIS2_PLACEMENT_3D('',#2790,#2791,#2792);
#2794=PLANE('',#2793);
#2795=ORIENTED_EDGE('',*,*,#1384,.F.);
#2796=CARTESIAN_POINT('',(0.024323523,-1.5,8.530290127));
#2797=VERTEX_POINT('',#2796);
#2798=CARTESIAN_POINT('',(0.024323523,-4.5,8.530290127));
#2799=DIRECTION('',(-0.,1.,0.));
#2800=VECTOR('',#2799,48.);
#2801=LINE('',#2798,#2800);
#2802=EDGE_CURVE('',#1373,#2797,#2801,.T.);
#2803=ORIENTED_EDGE('',*,*,#2802,.T.);
#2804=CARTESIAN_POINT('',(0.024323523,-1.5,7.530290127));
#2805=DIRECTION('',(-0.,0.,1.));
#2806=VECTOR('',#2805,10.);
#2807=LINE('',#2804,#2806);
#2808=EDGE_CURVE('',#1472,#2797,#2807,.T.);
#2809=ORIENTED_EDGE('',*,*,#2808,.F.);
#2810=ORIENTED_EDGE('',*,*,#1477,.F.);
#2811=EDGE_LOOP('',(#2795,#2803,#2809,#2810));
#2812=FACE_BOUND('',#2811,.T.);
#2813=ADVANCED_FACE('',(#2812),#2794,.F.);
#2814=CARTESIAN_POINT('',(-0.475676477,-6.5,8.530290127));
#2815=DIRECTION('',(0.,0.,1.));
#2816=DIRECTION('',(1.,0.,0.));
#2817=AXIS2_PLACEMENT_3D('',#2814,#2815,#2816);
#2818=PLANE('',#2817);
#2819=ORIENTED_EDGE('',*,*,#1409,.F.);
#2820=ORIENTED_EDGE('',*,*,#1460,.T.);
#2821=CARTESIAN_POINT('',(0.024323523,-1.5,8.530290127));
#2822=DIRECTION('',(-1.,0.,0.));
#2823=VECTOR('',#2822,10.);
#2824=LINE('',#2821,#2823);
#2825=EDGE_CURVE('',#2797,#1449,#2824,.T.);
#2826=ORIENTED_EDGE('',*,*,#2825,.F.);
#2827=ORIENTED_EDGE('',*,*,#2802,.F.);
#2828=EDGE_LOOP('',(#2819,#2820,#2826,#2827));
#2829=FACE_BOUND('',#2828,.T.);
#2830=ADVANCED_FACE('',(#2829),#2818,.F.);
#2831=CARTESIAN_POINT('',(-0.475676477,-1.5,8.030290127));
#2832=DIRECTION('',(-0.,1.,-0.));
#2833=DIRECTION('',(0.,0.,1.));
#2834=AXIS2_PLACEMENT_3D('',#2831,#2832,#2833);
#2835=PLANE('',#2834);
#2836=ORIENTED_EDGE('',*,*,#1483,.T.);
#2837=ORIENTED_EDGE('',*,*,#2808,.T.);
#2838=ORIENTED_EDGE('',*,*,#2825,.T.);
#2839=ORIENTED_EDGE('',*,*,#1454,.T.);
#2840=EDGE_LOOP('',(#2836,#2837,#2838,#2839));
#2841=FACE_BOUND('',#2840,.T.);
#2842=ADVANCED_FACE('',(#2841),#2835,.F.);
#2843=CARTESIAN_POINT('',(0.,-6.5,6.5));
#2844=DIRECTION('',(-0.,1.,0.));
#2845=DIRECTION('',(1.,0.,0.));
#2846=AXIS2_PLACEMENT_3D('',#2843,#2844,#2845);
#2847=CYLINDRICAL_SURFACE('',#2846,4.5);
#2848=CARTESIAN_POINT('',(-4.5,-1.5,6.5));
#2849=VERTEX_POINT('',#2848);
#2850=CARTESIAN_POINT('',(-4.5,-6.5,6.5));
#2851=VERTEX_POINT('',#2850);
#2852=CARTESIAN_POINT('',(-4.5,-1.5,6.5));
#2853=DIRECTION('',(0.,-1.,-0.));
#2854=VECTOR('',#2853,5.);
#2855=LINE('',#2852,#2854);
#2856=EDGE_CURVE('',#2849,#2851,#2855,.T.);
#2857=ORIENTED_EDGE('',*,*,#2856,.F.);
#2858=CARTESIAN_POINT('',(4.5,-1.5,6.5));
#2859=VERTEX_POINT('',#2858);
#2860=CARTESIAN_POINT('',(0.,-1.5,6.5));
#2861=DIRECTION('',(0.,-1.,0.));
#2862=DIRECTION('',(1.,0.,0.));
#2863=AXIS2_PLACEMENT_3D('',#2860,#2861,#2862);
#2864=CIRCLE('',#2863,4.5);
#2865=EDGE_CURVE('',#2859,#2849,#2864,.T.);
#2866=ORIENTED_EDGE('',*,*,#2865,.F.);
#2867=CARTESIAN_POINT('',(0.,-1.5,6.5));
#2868=DIRECTION('',(0.,-1.,0.));
#2869=DIRECTION('',(1.,0.,0.));
#2870=AXIS2_PLACEMENT_3D('',#2867,#2868,#2869);
#2871=CIRCLE('',#2870,4.5);
#2872=EDGE_CURVE('',#2849,#2859,#2871,.T.);
#2873=ORIENTED_EDGE('',*,*,#2872,.F.);
#2874=ORIENTED_EDGE('',*,*,#2856,.T.);
#2875=CARTESIAN_POINT('',(4.5,-6.5,6.5));
#2876=VERTEX_POINT('',#2875);
#2877=CARTESIAN_POINT('',(0.,-6.5,6.5));
#2878=DIRECTION('',(-0.,1.,0.));
#2879=DIRECTION('',(1.,0.,0.));
#2880=AXIS2_PLACEMENT_3D('',#2877,#2878,#2879);
#2881=CIRCLE('',#2880,4.5);
#2882=EDGE_CURVE('',#2876,#2851,#2881,.T.);
#2883=ORIENTED_EDGE('',*,*,#2882,.F.);
#2884=CARTESIAN_POINT('',(0.,-6.5,6.5));
#2885=DIRECTION('',(-0.,1.,0.));
#2886=DIRECTION('',(1.,0.,0.));
#2887=AXIS2_PLACEMENT_3D('',#2884,#2885,#2886);
#2888=CIRCLE('',#2887,4.5);
#2889=EDGE_CURVE('',#2851,#2876,#2888,.T.);
#2890=ORIENTED_EDGE('',*,*,#2889,.F.);
#2891=EDGE_LOOP('',(#2857,#2866,#2873,#2874,#2883,#2890));
#2892=FACE_BOUND('',#2891,.T.);
#2893=ADVANCED_FACE('',(#2892),#2847,.F.);
#2894=CARTESIAN_POINT('',(0.75,-6.5,9.917957057));
#2895=DIRECTION('',(1.,0.,0.));
#2896=DIRECTION('',(0.,0.,-1.));
#2897=AXIS2_PLACEMENT_3D('',#2894,#2895,#2896);
#2898=PLANE('',#2897);
#2899=CARTESIAN_POINT('',(0.75,-1.5,9.406855703));
#2900=VERTEX_POINT('',#2899);
#2901=CARTESIAN_POINT('',(0.75,-1.5,10.429058411));
#2902=VERTEX_POINT('',#2901);
#2903=CARTESIAN_POINT('',(0.75,-1.5,9.406855703));
#2904=DIRECTION('',(0.,0.,1.));
#2905=VECTOR('',#2904,10.222027086);
#2906=LINE('',#2903,#2905);
#2907=EDGE_CURVE('',#2900,#2902,#2906,.T.);
#2908=ORIENTED_EDGE('',*,*,#2907,.F.);
#2909=CARTESIAN_POINT('',(0.75,-6.5,9.406855703));
#2910=DIRECTION('',(-0.,1.,0.));
#2911=VECTOR('',#2910,50.);
#2912=LINE('',#2909,#2911);
#2913=EDGE_CURVE('',#1133,#2900,#2912,.T.);
#2914=ORIENTED_EDGE('',*,*,#2913,.F.);
#2915=ORIENTED_EDGE('',*,*,#1138,.F.);
#2916=CARTESIAN_POINT('',(0.75,-6.5,10.429058411));
#2917=DIRECTION('',(-0.,1.,0.));
#2918=VECTOR('',#2917,50.);
#2919=LINE('',#2916,#2918);
#2920=EDGE_CURVE('',#1131,#2902,#2919,.T.);
#2921=ORIENTED_EDGE('',*,*,#2920,.T.);
#2922=EDGE_LOOP('',(#2908,#2914,#2915,#2921));
#2923=FACE_BOUND('',#2922,.T.);
#2924=ADVANCED_FACE('',(#2923),#2898,.F.);
#2925=CARTESIAN_POINT('',(0.,-6.5,6.5));
#2926=DIRECTION('',(-0.,1.,0.));
#2927=DIRECTION('',(1.,0.,0.));
#2928=AXIS2_PLACEMENT_3D('',#2925,#2926,#2927);
#2929=CYLINDRICAL_SURFACE('',#2928,4.);
#2930=CARTESIAN_POINT('',(3.422737317,-1.5,4.430007426));
#2931=VERTEX_POINT('',#2930);
#2932=CARTESIAN_POINT('',(0.,-1.5,6.5));
#2933=DIRECTION('',(-0.,1.,0.));
#2934=DIRECTION('',(1.,0.,0.));
#2935=AXIS2_PLACEMENT_3D('',#2932,#2933,#2934);
#2936=CIRCLE('',#2935,4.);
#2937=EDGE_CURVE('',#2902,#2931,#2936,.T.);
#2938=ORIENTED_EDGE('',*,*,#2937,.F.);
#2939=ORIENTED_EDGE('',*,*,#2920,.F.);
#2940=ORIENTED_EDGE('',*,*,#1220,.F.);
#2941=CARTESIAN_POINT('',(3.422737317,-6.5,4.430007426));
#2942=DIRECTION('',(-0.,1.,0.));
#2943=VECTOR('',#2942,50.);
#2944=LINE('',#2941,#2943);
#2945=EDGE_CURVE('',#1208,#2931,#2944,.T.);
#2946=ORIENTED_EDGE('',*,*,#2945,.T.);
#2947=EDGE_LOOP('',(#2938,#2939,#2940,#2946));
#2948=FACE_BOUND('',#2947,.T.);
#2949=ADVANCED_FACE('',(#2948),#2929,.T.);
#2950=CARTESIAN_POINT('',(3.053464802,-6.5,4.430007426));
#2951=DIRECTION('',(0.,0.,1.));
#2952=DIRECTION('',(1.,0.,0.));
#2953=AXIS2_PLACEMENT_3D('',#2950,#2951,#2952);
#2954=PLANE('',#2953);
#2955=CARTESIAN_POINT('',(2.684192287,-1.5,4.430007426));
#2956=VERTEX_POINT('',#2955);
#2957=CARTESIAN_POINT('',(3.422737317,-1.5,4.430007426));
#2958=DIRECTION('',(-1.,0.,0.));
#2959=VECTOR('',#2958,7.38545031);
#2960=LINE('',#2957,#2959);
#2961=EDGE_CURVE('',#2931,#2956,#2960,.T.);
#2962=ORIENTED_EDGE('',*,*,#2961,.F.);
#2963=ORIENTED_EDGE('',*,*,#2945,.F.);
#2964=ORIENTED_EDGE('',*,*,#1213,.F.);
#2965=CARTESIAN_POINT('',(2.684192287,-6.5,4.430007426));
#2966=DIRECTION('',(-0.,1.,0.));
#2967=VECTOR('',#2966,50.);
#2968=LINE('',#2965,#2967);
#2969=EDGE_CURVE('',#1200,#2956,#2968,.T.);
#2970=ORIENTED_EDGE('',*,*,#2969,.T.);
#2971=EDGE_LOOP('',(#2962,#2963,#2964,#2970));
#2972=FACE_BOUND('',#2971,.T.);
#2973=ADVANCED_FACE('',(#2972),#2954,.F.);
#2974=CARTESIAN_POINT('',(2.684192287,-6.5,3.982176029));
#2975=DIRECTION('',(-1.,-0.,0.));
#2976=DIRECTION('',(0.,0.,1.));
#2977=AXIS2_PLACEMENT_3D('',#2974,#2975,#2976);
#2978=PLANE('',#2977);
#2979=CARTESIAN_POINT('',(2.684192287,-1.5,3.534344631));
#2980=VERTEX_POINT('',#2979);
#2981=CARTESIAN_POINT('',(2.684192287,-1.5,4.430007426));
#2982=DIRECTION('',(0.,0.,-1.));
#2983=VECTOR('',#2982,8.956627954);
#2984=LINE('',#2981,#2983);
#2985=EDGE_CURVE('',#2956,#2980,#2984,.T.);
#2986=ORIENTED_EDGE('',*,*,#2985,.F.);
#2987=ORIENTED_EDGE('',*,*,#2969,.F.);
#2988=ORIENTED_EDGE('',*,*,#1205,.F.);
#2989=CARTESIAN_POINT('',(2.684192287,-6.5,3.534344631));
#2990=DIRECTION('',(-0.,1.,0.));
#2991=VECTOR('',#2990,50.);
#2992=LINE('',#2989,#2991);
#2993=EDGE_CURVE('',#1191,#2980,#2992,.T.);
#2994=ORIENTED_EDGE('',*,*,#2993,.T.);
#2995=EDGE_LOOP('',(#2986,#2987,#2988,#2994));
#2996=FACE_BOUND('',#2995,.T.);
#2997=ADVANCED_FACE('',(#2996),#2978,.F.);
#2998=CARTESIAN_POINT('',(0.,-6.5,6.5));
#2999=DIRECTION('',(-0.,1.,0.));
#3000=DIRECTION('',(1.,0.,0.));
#3001=AXIS2_PLACEMENT_3D('',#2998,#2999,#3000);
#3002=CYLINDRICAL_SURFACE('',#3001,4.);
#3003=CARTESIAN_POINT('',(-2.684192287,-1.5,3.534344631));
#3004=VERTEX_POINT('',#3003);
#3005=CARTESIAN_POINT('',(0.,-1.5,6.5));
#3006=DIRECTION('',(-0.,1.,0.));
#3007=DIRECTION('',(1.,0.,0.));
#3008=AXIS2_PLACEMENT_3D('',#3005,#3006,#3007);
#3009=CIRCLE('',#3008,4.);
#3010=EDGE_CURVE('',#2980,#3004,#3009,.T.);
#3011=ORIENTED_EDGE('',*,*,#3010,.F.);
#3012=ORIENTED_EDGE('',*,*,#2993,.F.);
#3013=ORIENTED_EDGE('',*,*,#1197,.F.);
#3014=CARTESIAN_POINT('',(-2.684192287,-6.5,3.534344631));
#3015=DIRECTION('',(-0.,1.,0.));
#3016=VECTOR('',#3015,50.);
#3017=LINE('',#3014,#3016);
#3018=EDGE_CURVE('',#1183,#3004,#3017,.T.);
#3019=ORIENTED_EDGE('',*,*,#3018,.T.);
#3020=EDGE_LOOP('',(#3011,#3012,#3013,#3019));
#3021=FACE_BOUND('',#3020,.T.);
#3022=ADVANCED_FACE('',(#3021),#3002,.T.);
#3023=CARTESIAN_POINT('',(-2.684192287,-6.5,3.982176029));
#3024=DIRECTION('',(1.,0.,0.));
#3025=DIRECTION('',(0.,0.,-1.));
#3026=AXIS2_PLACEMENT_3D('',#3023,#3024,#3025);
#3027=PLANE('',#3026);
#3028=CARTESIAN_POINT('',(-2.684192287,-1.5,4.430007426));
#3029=VERTEX_POINT('',#3028);
#3030=CARTESIAN_POINT('',(-2.684192287,-1.5,3.534344631));
#3031=DIRECTION('',(0.,0.,1.));
#3032=VECTOR('',#3031,8.956627954);
#3033=LINE('',#3030,#3032);
#3034=EDGE_CURVE('',#3004,#3029,#3033,.T.);
#3035=ORIENTED_EDGE('',*,*,#3034,.F.);
#3036=ORIENTED_EDGE('',*,*,#3018,.F.);
#3037=ORIENTED_EDGE('',*,*,#1188,.F.);
#3038=CARTESIAN_POINT('',(-2.684192287,-6.5,4.430007426));
#3039=DIRECTION('',(-0.,1.,0.));
#3040=VECTOR('',#3039,50.);
#3041=LINE('',#3038,#3040);
#3042=EDGE_CURVE('',#1175,#3029,#3041,.T.);
#3043=ORIENTED_EDGE('',*,*,#3042,.T.);
#3044=EDGE_LOOP('',(#3035,#3036,#3037,#3043));
#3045=FACE_BOUND('',#3044,.T.);
#3046=ADVANCED_FACE('',(#3045),#3027,.F.);
#3047=CARTESIAN_POINT('',(-3.053464802,-6.5,4.430007426));
#3048=DIRECTION('',(0.,0.,1.));
#3049=DIRECTION('',(1.,0.,0.));
#3050=AXIS2_PLACEMENT_3D('',#3047,#3048,#3049);
#3051=PLANE('',#3050);
#3052=CARTESIAN_POINT('',(-3.422737317,-1.5,4.430007426));
#3053=VERTEX_POINT('',#3052);
#3054=CARTESIAN_POINT('',(-2.684192287,-1.5,4.430007426));
#3055=DIRECTION('',(-1.,0.,0.));
#3056=VECTOR('',#3055,7.38545031);
#3057=LINE('',#3054,#3056);
#3058=EDGE_CURVE('',#3029,#3053,#3057,.T.);
#3059=ORIENTED_EDGE('',*,*,#3058,.F.);
#3060=ORIENTED_EDGE('',*,*,#3042,.F.);
#3061=ORIENTED_EDGE('',*,*,#1180,.F.);
#3062=CARTESIAN_POINT('',(-3.422737317,-6.5,4.430007426));
#3063=DIRECTION('',(-0.,1.,0.));
#3064=VECTOR('',#3063,50.);
#3065=LINE('',#3062,#3064);
#3066=EDGE_CURVE('',#1166,#3053,#3065,.T.);
#3067=ORIENTED_EDGE('',*,*,#3066,.T.);
#3068=EDGE_LOOP('',(#3059,#3060,#3061,#3067));
#3069=FACE_BOUND('',#3068,.T.);
#3070=ADVANCED_FACE('',(#3069),#3051,.F.);
#3071=CARTESIAN_POINT('',(0.,-6.5,6.5));
#3072=DIRECTION('',(-0.,1.,0.));
#3073=DIRECTION('',(1.,0.,0.));
#3074=AXIS2_PLACEMENT_3D('',#3071,#3072,#3073);
#3075=CYLINDRICAL_SURFACE('',#3074,4.);
#3076=CARTESIAN_POINT('',(-4.,-1.5,6.5));
#3077=VERTEX_POINT('',#3076);
#3078=CARTESIAN_POINT('',(-4.,-1.5,6.5));
#3079=DIRECTION('',(0.,-1.,-0.));
#3080=VECTOR('',#3079,5.);
#3081=LINE('',#3078,#3080);
#3082=EDGE_CURVE('',#3077,#1157,#3081,.T.);
#3083=ORIENTED_EDGE('',*,*,#3082,.T.);
#3084=ORIENTED_EDGE('',*,*,#1163,.F.);
#3085=CARTESIAN_POINT('',(-0.75,-1.5,10.429058411));
#3086=VERTEX_POINT('',#3085);
#3087=CARTESIAN_POINT('',(-0.75,-6.5,10.429058411));
#3088=DIRECTION('',(-0.,1.,0.));
#3089=VECTOR('',#3088,50.);
#3090=LINE('',#3087,#3089);
#3091=EDGE_CURVE('',#1149,#3086,#3090,.T.);
#3092=ORIENTED_EDGE('',*,*,#3091,.T.);
#3093=CARTESIAN_POINT('',(0.,-1.5,6.5));
#3094=DIRECTION('',(-0.,1.,0.));
#3095=DIRECTION('',(1.,0.,0.));
#3096=AXIS2_PLACEMENT_3D('',#3093,#3094,#3095);
#3097=CIRCLE('',#3096,4.);
#3098=EDGE_CURVE('',#3077,#3086,#3097,.T.);
#3099=ORIENTED_EDGE('',*,*,#3098,.F.);
#3100=EDGE_LOOP('',(#3083,#3084,#3092,#3099));
#3101=FACE_BOUND('',#3100,.T.);
#3102=ADVANCED_FACE('',(#3101),#3075,.T.);
#3103=CARTESIAN_POINT('',(-0.75,-6.5,9.917957057));
#3104=DIRECTION('',(-1.,-0.,0.));
#3105=DIRECTION('',(0.,0.,1.));
#3106=AXIS2_PLACEMENT_3D('',#3103,#3104,#3105);
#3107=PLANE('',#3106);
#3108=CARTESIAN_POINT('',(-0.75,-1.5,9.406855703));
#3109=VERTEX_POINT('',#3108);
#3110=CARTESIAN_POINT('',(-0.75,-1.5,10.429058411));
#3111=DIRECTION('',(0.,0.,-1.));
#3112=VECTOR('',#3111,10.222027086);
#3113=LINE('',#3110,#3112);
#3114=EDGE_CURVE('',#3086,#3109,#3113,.T.);
#3115=ORIENTED_EDGE('',*,*,#3114,.F.);
#3116=ORIENTED_EDGE('',*,*,#3091,.F.);
#3117=ORIENTED_EDGE('',*,*,#1154,.F.);
#3118=CARTESIAN_POINT('',(-0.75,-6.5,9.406855703));
#3119=DIRECTION('',(-0.,1.,0.));
#3120=VECTOR('',#3119,50.);
#3121=LINE('',#3118,#3120);
#3122=EDGE_CURVE('',#1141,#3109,#3121,.T.);
#3123=ORIENTED_EDGE('',*,*,#3122,.T.);
#3124=EDGE_LOOP('',(#3115,#3116,#3117,#3123));
#3125=FACE_BOUND('',#3124,.T.);
#3126=ADVANCED_FACE('',(#3125),#3107,.F.);
#3127=CARTESIAN_POINT('',(0.,-6.5,9.406855703));
#3128=DIRECTION('',(0.,0.,-1.));
#3129=DIRECTION('',(-1.,0.,0.));
#3130=AXIS2_PLACEMENT_3D('',#3127,#3128,#3129);
#3131=PLANE('',#3130);
#3132=CARTESIAN_POINT('',(-0.75,-1.5,9.406855703));
#3133=DIRECTION('',(1.,0.,-0.));
#3134=VECTOR('',#3133,15.);
#3135=LINE('',#3132,#3134);
#3136=EDGE_CURVE('',#3109,#2900,#3135,.T.);
#3137=ORIENTED_EDGE('',*,*,#3136,.F.);
#3138=ORIENTED_EDGE('',*,*,#3122,.F.);
#3139=ORIENTED_EDGE('',*,*,#1146,.F.);
#3140=ORIENTED_EDGE('',*,*,#2913,.T.);
#3141=EDGE_LOOP('',(#3137,#3138,#3139,#3140));
#3142=FACE_BOUND('',#3141,.T.);
#3143=ADVANCED_FACE('',(#3142),#3131,.F.);
#3144=CARTESIAN_POINT('',(0.,-1.5,6.5));
#3145=DIRECTION('',(0.,-1.,0.));
#3146=DIRECTION('',(0.,0.,-1.));
#3147=AXIS2_PLACEMENT_3D('',#3144,#3145,#3146);
#3148=PLANE('',#3147);
#3149=ORIENTED_EDGE('',*,*,#2907,.T.);
#3150=ORIENTED_EDGE('',*,*,#2937,.T.);
#3151=ORIENTED_EDGE('',*,*,#2961,.T.);
#3152=ORIENTED_EDGE('',*,*,#2985,.T.);
#3153=ORIENTED_EDGE('',*,*,#3010,.T.);
#3154=ORIENTED_EDGE('',*,*,#3034,.T.);
#3155=ORIENTED_EDGE('',*,*,#3058,.T.);
#3156=CARTESIAN_POINT('',(0.,-1.5,6.5));
#3157=DIRECTION('',(-0.,1.,0.));
#3158=DIRECTION('',(1.,0.,0.));
#3159=AXIS2_PLACEMENT_3D('',#3156,#3157,#3158);
#3160=CIRCLE('',#3159,4.);
#3161=EDGE_CURVE('',#3053,#3077,#3160,.T.);
#3162=ORIENTED_EDGE('',*,*,#3161,.T.);
#3163=ORIENTED_EDGE('',*,*,#3098,.T.);
#3164=ORIENTED_EDGE('',*,*,#3114,.T.);
#3165=ORIENTED_EDGE('',*,*,#3136,.T.);
#3166=EDGE_LOOP('',(#3149,#3150,#3151,#3152,#3153,#3154,#3155,#3162,#3163,#3164,#3165));
#3167=FACE_BOUND('',#3166,.T.);
#3168=ORIENTED_EDGE('',*,*,#2865,.T.);
#3169=ORIENTED_EDGE('',*,*,#2872,.T.);
#3170=EDGE_LOOP('',(#3168,#3169));
#3171=FACE_BOUND('',#3170,.T.);
#3172=ADVANCED_FACE('',(#3167,#3171),#3148,.T.);
#3173=CARTESIAN_POINT('',(0.,-6.5,0.));
#3174=DIRECTION('',(0.,-1.,0.));
#3175=DIRECTION('',(1.,0.,0.));
#3176=AXIS2_PLACEMENT_3D('',#3173,#3174,#3175);
#3177=PLANE('',#3176);
#3178=ORIENTED_EDGE('',*,*,#2882,.T.);
#3179=ORIENTED_EDGE('',*,*,#2889,.T.);
#3180=EDGE_LOOP('',(#3178,#3179));
#3181=FACE_BOUND('',#3180,.T.);
#3182=CARTESIAN_POINT('',(7.,-6.5,12.8));
#3183=VERTEX_POINT('',#3182);
#3184=CARTESIAN_POINT('',(-7.,-6.5,12.8));
#3185=VERTEX_POINT('',#3184);
#3186=CARTESIAN_POINT('',(133.,-6.5,12.8));
#3187=DIRECTION('',(-1.,0.,0.));
#3188=VECTOR('',#3187,140.);
#3189=LINE('',#3186,#3188);
#3190=EDGE_CURVE('',#3183,#3185,#3189,.T.);
#3191=ORIENTED_EDGE('',*,*,#3190,.T.);
#3192=CARTESIAN_POINT('',(-7.,-6.5,0.));
#3193=DIRECTION('',(0.,0.,1.));
#3194=VECTOR('',#3193,128.);
#3195=LINE('',#3192,#3194);
#3196=EDGE_CURVE('',#732,#3185,#3195,.T.);
#3197=ORIENTED_EDGE('',*,*,#3196,.F.);
#3198=ORIENTED_EDGE('',*,*,#739,.T.);
#3199=CARTESIAN_POINT('',(7.,-6.5,0.));
#3200=DIRECTION('',(0.,0.,1.));
#3201=VECTOR('',#3200,128.);
#3202=LINE('',#3199,#3201);
#3203=EDGE_CURVE('',#734,#3183,#3202,.T.);
#3204=ORIENTED_EDGE('',*,*,#3203,.T.);
#3205=EDGE_LOOP('',(#3191,#3197,#3198,#3204));
#3206=FACE_BOUND('',#3205,.T.);
#3207=ADVANCED_FACE('',(#3181,#3206),#3177,.T.);
#3208=OVER_RIDING_STYLED_ITEM('',(#804),#3207,#26);
#3209=CARTESIAN_POINT('',(0.,0.65,12.3));
#3210=DIRECTION('',(0.,-0.,1.));
#3211=DIRECTION('',(1.,0.,-0.));
#3212=AXIS2_PLACEMENT_3D('',#3209,#3210,#3211);
#3213=PLANE('',#3212);
#3214=CARTESIAN_POINT('',(-6.5,-4.7,12.3));
#3215=VERTEX_POINT('',#3214);
#3216=CARTESIAN_POINT('',(6.5,-4.7,12.3));
#3217=VERTEX_POINT('',#3216);
#3218=CARTESIAN_POINT('',(-6.5,-4.7,12.3));
#3219=DIRECTION('',(1.,0.,-0.));
#3220=VECTOR('',#3219,130.);
#3221=LINE('',#3218,#3220);
#3222=EDGE_CURVE('',#3215,#3217,#3221,.T.);
#3223=ORIENTED_EDGE('',*,*,#3222,.T.);
#3224=CARTESIAN_POINT('',(6.5,6.,12.3));
#3225=VERTEX_POINT('',#3224);
#3226=CARTESIAN_POINT('',(6.5,54.15,12.3));
#3227=DIRECTION('',(0.,-1.,-0.));
#3228=VECTOR('',#3227,107.);
#3229=LINE('',#3226,#3228);
#3230=EDGE_CURVE('',#3225,#3217,#3229,.T.);
#3231=ORIENTED_EDGE('',*,*,#3230,.F.);
#3232=CARTESIAN_POINT('',(-6.5,6.,12.3));
#3233=VERTEX_POINT('',#3232);
#3234=CARTESIAN_POINT('',(-65.,6.,12.3));
#3235=DIRECTION('',(1.,0.,-0.));
#3236=VECTOR('',#3235,130.);
#3237=LINE('',#3234,#3236);
#3238=EDGE_CURVE('',#3233,#3225,#3237,.T.);
#3239=ORIENTED_EDGE('',*,*,#3238,.F.);
#3240=CARTESIAN_POINT('',(-6.5,-52.85,12.3));
#3241=DIRECTION('',(0.,1.,0.));
#3242=VECTOR('',#3241,107.);
#3243=LINE('',#3240,#3242);
#3244=EDGE_CURVE('',#3215,#3233,#3243,.T.);
#3245=ORIENTED_EDGE('',*,*,#3244,.F.);
#3246=EDGE_LOOP('',(#3223,#3231,#3239,#3245));
#3247=FACE_BOUND('',#3246,.T.);
#3248=ADVANCED_FACE('',(#3247),#3213,.T.);
#3249=OVER_RIDING_STYLED_ITEM('',(#804),#3248,#26);
#3250=CARTESIAN_POINT('',(0.,-0.451886792,12.8));
#3251=DIRECTION('',(0.,0.,1.));
#3252=DIRECTION('',(1.,0.,0.));
#3253=AXIS2_PLACEMENT_3D('',#3250,#3251,#3252);
#3254=PLANE('',#3253);
#3255=CARTESIAN_POINT('',(-7.,-4.7,12.8));
#3256=VERTEX_POINT('',#3255);
#3257=CARTESIAN_POINT('',(7.,-4.7,12.8));
#3258=VERTEX_POINT('',#3257);
#3259=CARTESIAN_POINT('',(-11.5,-4.7,12.8));
#3260=DIRECTION('',(1.,0.,-0.));
#3261=VECTOR('',#3260,140.);
#3262=LINE('',#3259,#3261);
#3263=EDGE_CURVE('',#3256,#3258,#3262,.T.);
#3264=ORIENTED_EDGE('',*,*,#3263,.F.);
#3265=CARTESIAN_POINT('',(-7.,-22.7,12.8));
#3266=DIRECTION('',(0.,1.,0.));
#3267=VECTOR('',#3266,18.);
#3268=LINE('',#3265,#3267);
#3269=EDGE_CURVE('',#3185,#3256,#3268,.T.);
#3270=ORIENTED_EDGE('',*,*,#3269,.F.);
#3271=ORIENTED_EDGE('',*,*,#3190,.F.);
#3272=CARTESIAN_POINT('',(7.,11.5,12.8));
#3273=DIRECTION('',(0.,-1.,0.));
#3274=VECTOR('',#3273,18.);
#3275=LINE('',#3272,#3274);
#3276=EDGE_CURVE('',#3258,#3183,#3275,.T.);
#3277=ORIENTED_EDGE('',*,*,#3276,.F.);
#3278=EDGE_LOOP('',(#3264,#3270,#3271,#3277));
#3279=FACE_BOUND('',#3278,.T.);
#3280=ADVANCED_FACE('',(#3279),#3254,.T.);
#3281=OVER_RIDING_STYLED_ITEM('',(#804),#3280,#26);
#3282=CARTESIAN_POINT('',(-6.5,0.65,0.));
#3283=DIRECTION('',(-1.,0.,0.));
#3284=DIRECTION('',(0.,-1.,0.));
#3285=AXIS2_PLACEMENT_3D('',#3282,#3283,#3284);
#3286=PLANE('',#3285);
#3287=ORIENTED_EDGE('',*,*,#3244,.T.);
#3288=CARTESIAN_POINT('',(-6.5,6.,0.));
#3289=DIRECTION('',(0.,0.,1.));
#3290=VECTOR('',#3289,123.);
#3291=LINE('',#3288,#3290);
#3292=EDGE_CURVE('',#758,#3233,#3291,.T.);
#3293=ORIENTED_EDGE('',*,*,#3292,.F.);
#3294=ORIENTED_EDGE('',*,*,#763,.T.);
#3295=CARTESIAN_POINT('',(-6.5,-4.7,0.));
#3296=DIRECTION('',(0.,0.,1.));
#3297=VECTOR('',#3296,123.);
#3298=LINE('',#3295,#3297);
#3299=EDGE_CURVE('',#750,#3215,#3298,.T.);
#3300=ORIENTED_EDGE('',*,*,#3299,.T.);
#3301=EDGE_LOOP('',(#3287,#3293,#3294,#3300));
#3302=FACE_BOUND('',#3301,.T.);
#3303=ADVANCED_FACE('',(#3302),#3286,.T.);
#3304=OVER_RIDING_STYLED_ITEM('',(#804),#3303,#26);
#3305=CARTESIAN_POINT('',(-7.,-5.6,0.));
#3306=DIRECTION('',(-1.,0.,0.));
#3307=DIRECTION('',(0.,-1.,0.));
#3308=AXIS2_PLACEMENT_3D('',#3305,#3306,#3307);
#3309=PLANE('',#3308);
#3310=ORIENTED_EDGE('',*,*,#3269,.T.);
#3311=CARTESIAN_POINT('',(-7.,-4.7,0.));
#3312=DIRECTION('',(0.,0.,1.));
#3313=VECTOR('',#3312,128.);
#3314=LINE('',#3311,#3313);
#3315=EDGE_CURVE('',#742,#3256,#3314,.T.);
#3316=ORIENTED_EDGE('',*,*,#3315,.F.);
#3317=ORIENTED_EDGE('',*,*,#747,.T.);
#3318=ORIENTED_EDGE('',*,*,#3196,.T.);
#3319=EDGE_LOOP('',(#3310,#3316,#3317,#3318));
#3320=FACE_BOUND('',#3319,.T.);
#3321=ADVANCED_FACE('',(#3320),#3309,.T.);
#3322=OVER_RIDING_STYLED_ITEM('',(#804),#3321,#26);
#3323=CARTESIAN_POINT('',(0.,6.,0.));
#3324=DIRECTION('',(0.,1.,0.));
#3325=DIRECTION('',(-1.,0.,0.));
#3326=AXIS2_PLACEMENT_3D('',#3323,#3324,#3325);
#3327=PLANE('',#3326);
#3328=ORIENTED_EDGE('',*,*,#3238,.T.);
#3329=CARTESIAN_POINT('',(6.5,6.,0.));
#3330=DIRECTION('',(0.,0.,1.));
#3331=VECTOR('',#3330,123.);
#3332=LINE('',#3329,#3331);
#3333=EDGE_CURVE('',#766,#3225,#3332,.T.);
#3334=ORIENTED_EDGE('',*,*,#3333,.F.);
#3335=ORIENTED_EDGE('',*,*,#771,.T.);
#3336=ORIENTED_EDGE('',*,*,#3292,.T.);
#3337=EDGE_LOOP('',(#3328,#3334,#3335,#3336));
#3338=FACE_BOUND('',#3337,.T.);
#3339=ADVANCED_FACE('',(#3338),#3327,.T.);
#3340=OVER_RIDING_STYLED_ITEM('',(#804),#3339,#26);
#3341=CARTESIAN_POINT('',(6.5,0.65,0.));
#3342=DIRECTION('',(1.,0.,0.));
#3343=DIRECTION('',(0.,1.,0.));
#3344=AXIS2_PLACEMENT_3D('',#3341,#3342,#3343);
#3345=PLANE('',#3344);
#3346=ORIENTED_EDGE('',*,*,#3230,.T.);
#3347=CARTESIAN_POINT('',(6.5,-4.7,0.));
#3348=DIRECTION('',(0.,0.,1.));
#3349=VECTOR('',#3348,123.);
#3350=LINE('',#3347,#3349);
#3351=EDGE_CURVE('',#774,#3217,#3350,.T.);
#3352=ORIENTED_EDGE('',*,*,#3351,.F.);
#3353=ORIENTED_EDGE('',*,*,#779,.T.);
#3354=ORIENTED_EDGE('',*,*,#3333,.T.);
#3355=EDGE_LOOP('',(#3346,#3352,#3353,#3354));
#3356=FACE_BOUND('',#3355,.T.);
#3357=ADVANCED_FACE('',(#3356),#3345,.T.);
#3358=OVER_RIDING_STYLED_ITEM('',(#804),#3357,#26);
#3359=CARTESIAN_POINT('',(6.75,-4.7,0.));
#3360=DIRECTION('',(0.,1.,0.));
#3361=DIRECTION('',(-1.,0.,0.));
#3362=AXIS2_PLACEMENT_3D('',#3359,#3360,#3361);
#3363=PLANE('',#3362);
#3364=ORIENTED_EDGE('',*,*,#3263,.T.);
#3365=CARTESIAN_POINT('',(7.,-4.7,0.));
#3366=DIRECTION('',(0.,0.,1.));
#3367=VECTOR('',#3366,128.);
#3368=LINE('',#3365,#3367);
#3369=EDGE_CURVE('',#782,#3258,#3368,.T.);
#3370=ORIENTED_EDGE('',*,*,#3369,.F.);
#3371=ORIENTED_EDGE('',*,*,#787,.T.);
#3372=ORIENTED_EDGE('',*,*,#3351,.T.);
#3373=ORIENTED_EDGE('',*,*,#3222,.F.);
#3374=ORIENTED_EDGE('',*,*,#3299,.F.);
#3375=ORIENTED_EDGE('',*,*,#755,.T.);
#3376=ORIENTED_EDGE('',*,*,#3315,.T.);
#3377=EDGE_LOOP('',(#3364,#3370,#3371,#3372,#3373,#3374,#3375,#3376));
#3378=FACE_BOUND('',#3377,.T.);
#3379=ADVANCED_FACE('',(#3378),#3363,.T.);
#3380=OVER_RIDING_STYLED_ITEM('',(#804),#3379,#26);
#3381=CARTESIAN_POINT('',(7.,-5.6,0.));
#3382=DIRECTION('',(1.,0.,0.));
#3383=DIRECTION('',(0.,1.,0.));
#3384=AXIS2_PLACEMENT_3D('',#3381,#3382,#3383);
#3385=PLANE('',#3384);
#3386=ORIENTED_EDGE('',*,*,#3276,.T.);
#3387=ORIENTED_EDGE('',*,*,#3203,.F.);
#3388=ORIENTED_EDGE('',*,*,#793,.T.);
#3389=ORIENTED_EDGE('',*,*,#3369,.T.);
#3390=EDGE_LOOP('',(#3386,#3387,#3388,#3389));
#3391=FACE_BOUND('',#3390,.T.);
#3392=ADVANCED_FACE('',(#3391),#3385,.T.);
#3393=OVER_RIDING_STYLED_ITEM('',(#804),#3392,#26);
#3394=CARTESIAN_POINT('',(0.,-6.5,6.5));
#3395=DIRECTION('',(-0.,1.,0.));
#3396=DIRECTION('',(1.,0.,0.));
#3397=AXIS2_PLACEMENT_3D('',#3394,#3395,#3396);
#3398=CYLINDRICAL_SURFACE('',#3397,4.);
#3399=ORIENTED_EDGE('',*,*,#3082,.F.);
#3400=ORIENTED_EDGE('',*,*,#3161,.F.);
#3401=ORIENTED_EDGE('',*,*,#3066,.F.);
#3402=ORIENTED_EDGE('',*,*,#1172,.F.);
#3403=EDGE_LOOP('',(#3399,#3400,#3401,#3402));
#3404=FACE_BOUND('',#3403,.T.);
#3405=ADVANCED_FACE('',(#3404),#3398,.T.);
#3406=CLOSED_SHELL('',(#67,#107,#166,#177,#229,#240,#292,#303,#355,#366,#391,#416,#434,#486,#497,#549,#560,#612,#623,#675,#686,#797,#845,#877,#909,#932,
#964,#988,#1332,#1364,#1389,#1414,#1432,#1464,#1488,#1519,#1544,#1569,#1587,#1619,#1643,#1674,#1699,#1724,#1742,#1774,#1798,#1829,#1854,#1879,#1897,
#1929,#1953,#1984,#2009,#2034,#2052,#2084,#2108,#2139,#2164,#2189,#2207,#2239,#2263,#2294,#2319,#2344,#2362,#2394,#2418,#2442,#2459,#2471,#2495,#2512,
#2524,#2548,#2565,#2577,#2601,#2618,#2630,#2654,#2671,#2683,#2707,#2724,#2736,#2760,#2777,#2789,#2813,#2830,#2842,#2893,#2924,#2949,#2973,#2997,#3022,
#3046,#3070,#3102,#3126,#3143,#3172,#3207,#3248,#3280,#3303,#3321,#3339,#3357,#3379,#3392,#3405));
#3407=MANIFOLD_SOLID_BREP('alibrePartClosedBody',#3406);
#3408=COLOUR_RGB('',0.501960814,0.501960814,0.501960814);
#3409=FILL_AREA_STYLE_COLOUR('',#3408);
#3410=FILL_AREA_STYLE('',(#3409));
#3411=SURFACE_STYLE_FILL_AREA(#3410);
#3412=SURFACE_SIDE_STYLE('',(#3411));
#3413=SURFACE_STYLE_USAGE(.BOTH.,#3412);
#3414=PRESENTATION_STYLE_ASSIGNMENT((#3413));
#26=STYLED_ITEM('',(#3414),#3407);
#16=SHAPE_REPRESENTATION('Conn_Mini_DIN_round_8',(#15),#10);
#17=ADVANCED_BREP_SHAPE_REPRESENTATION('Conn_Mini_DIN_round_8',(#3407),#10);
#3422=SHAPE_REPRESENTATION_RELATIONSHIP('','',#16,#17);
#3423=CARTESIAN_POINT('',(0.,0.,0.));
#3424=DIRECTION('',(0.,0.,1.));
#3425=DIRECTION('',(1.,0.,0.));
#3426=AXIS2_PLACEMENT_3D('',#3423,#3424,#3425);
#3428=MAPPED_ITEM('',#3427,#3426);
#3427=REPRESENTATION_MAP(#3426,#16);
#3429=APPLICATION_CONTEXT('Managed model based 3d engineering');
#3430=APPLICATION_PROTOCOL_DEFINITION('international standard','ap242_managed_model_based_3d_engineering',2013,#3429);
#3431=PRODUCT_CONTEXT('',#3429,'mechanical');
#3432=PRODUCT_DEFINITION_CONTEXT('part definition',#3429,'design');
#24=PRODUCT('Conn_Mini_DIN_round_8','Conn_Mini_DIN_round_8','',(#3431));
#3433=PRODUCT_RELATED_PRODUCT_CATEGORY('part','',(#24));
#3434=PRODUCT_DEFINITION_FORMATION_WITH_SPECIFIED_SOURCE('','',#24,.NOT_KNOWN.);
#25=PRODUCT_DEFINITION('design','',#3434,#3432);
#23=PRODUCT_DEFINITION_SHAPE('','',#25);
#3435=SHAPE_DEFINITION_REPRESENTATION(#23,#16);
#11=DRAUGHTING_MODEL('',(#3428),#10);
#1=MECHANICAL_DESIGN_GEOMETRIC_PRESENTATION_REPRESENTATION('',(#75,#115,#167,#178,#230,#241,#293,#304,#356,#367,#392,#417,#435,#487,#498,#550,#561,#613,#624,#676,#687,#805,#846,#878,#910,#933,
#1333,#1365,#1390,#1415,#1433,#1520,#1545,#1570,#1588,#1675,#1700,#1725,#1743,#1830,#1855,#1880,#1898,#1985,#2010,#2035,#2053,#2140,#2165,#2190,#2208,
#2295,#2320,#2345,#2363,#3208,#3249,#3281,#3304,#3322,#3340,#3358,#3380,#3393,#26),#10);
ENDSEC;
END-ISO-10303-21;
