ISO-10303-21;
HEADER;

/* File generated by Alibre Version V28 */

FILE_DESCRIPTION(('HOOPS Exchange Step'),'2;1');

FILE_NAME('C:\\Users\\runds\\AppData\\Local\\Temp\\Alibre Design\\28.0.2.28126\\export-DFE7B1CA-B8E5-4554-9711-A3C3109DD2E5.stp',
'2025-02-06T10:01:36+01:00',
('runds'),
('Alibre'),
'HOOPS Exchange 2024.5',
'Alibre',
'Unknown authorisation');

FILE_SCHEMA( ('AP242_MANAGED_MODEL_BASED_3D_ENGINEERING_MIM_LF {1 0 10303 442 1 1 4 }') );

ENDSEC;

DATA;
#3=(NAMED_UNIT(*)PLANE_ANGLE_UNIT()SI_UNIT($,.RADIAN.));
#4=PLANE_ANGLE_MEASURE_WITH_UNIT(PLANE_ANGLE_MEASURE(0.0174532925),#3);
#5=(CONVERSION_BASED_UNIT('DEGREE',#4)NAMED_UNIT(#6)PLANE_ANGLE_UNIT());
#6=DIMENSIONAL_EXPONENTS(0.,0.,0.,0.,0.,0.,0.);
#7=(NAMED_UNIT(*)SI_UNIT($,.STERADIAN.)SOLID_ANGLE_UNIT());
#8=(LENGTH_UNIT()NAMED_UNIT(*)SI_UNIT(.MILLI.,.METRE.));
#9=UNCERTAINTY_MEASURE_WITH_UNIT(LENGTH_MEASURE(1.000000E-06),#8,'DISTANCE_ACCURACY_VALUE','Maximum Tolerance applied to model');
#10=(GEOMETRIC_REPRESENTATION_CONTEXT(3)GLOBAL_UNCERTAINTY_ASSIGNED_CONTEXT((#9))GLOBAL_UNIT_ASSIGNED_CONTEXT((#8,#5,#7))REPRESENTATION_CONTEXT('','Conn_Mini_DIN_round_7_canned'));
#12=CARTESIAN_POINT('',(0.,0.,0.));
#13=DIRECTION('',(0.,0.,1.));
#14=DIRECTION('',(1.,0.,0.));
#15=AXIS2_PLACEMENT_3D('',#12,#13,#14);
#27=CARTESIAN_POINT('',(0.,-1.568851024,0.));
#28=DIRECTION('',(0.,1.,0.));
#29=DIRECTION('',(1.,0.,0.));
#30=AXIS2_PLACEMENT_3D('',#27,#28,#29);
#31=PLANE('',#30);
#32=CARTESIAN_POINT('',(-1.,-1.568851024,-2.5));
#33=VERTEX_POINT('',#32);
#34=CARTESIAN_POINT('',(1.,-1.568851024,-2.5));
#35=VERTEX_POINT('',#34);
#36=CARTESIAN_POINT('',(0.,-1.568851024,-2.5));
#37=DIRECTION('',(0.,-1.,-0.));
#38=DIRECTION('',(-0.707106781,0.,-0.707106781));
#39=AXIS2_PLACEMENT_3D('',#36,#37,#38);
#40=CIRCLE('',#39,1.);
#41=EDGE_CURVE('',#33,#35,#40,.T.);
#42=ORIENTED_EDGE('',*,*,#41,.F.);
#43=CARTESIAN_POINT('',(-1.,-1.568851024,0.));
#44=VERTEX_POINT('',#43);
#45=CARTESIAN_POINT('',(-1.,-1.568851024,0.));
#46=DIRECTION('',(0.,0.,-1.));
#47=VECTOR('',#46,25.);
#48=LINE('',#45,#47);
#49=EDGE_CURVE('',#44,#33,#48,.T.);
#50=ORIENTED_EDGE('',*,*,#49,.F.);
#51=CARTESIAN_POINT('',(1.,-1.568851024,0.));
#52=VERTEX_POINT('',#51);
#53=CARTESIAN_POINT('',(10.,-1.568851024,0.));
#54=DIRECTION('',(-1.,0.,0.));
#55=VECTOR('',#54,20.);
#56=LINE('',#53,#55);
#57=EDGE_CURVE('',#52,#44,#56,.T.);
#58=ORIENTED_EDGE('',*,*,#57,.F.);
#59=CARTESIAN_POINT('',(1.,-1.568851024,0.));
#60=DIRECTION('',(0.,0.,-1.));
#61=VECTOR('',#60,25.);
#62=LINE('',#59,#61);
#63=EDGE_CURVE('',#52,#35,#62,.T.);
#64=ORIENTED_EDGE('',*,*,#63,.T.);
#65=EDGE_LOOP('',(#42,#50,#58,#64));
#66=FACE_BOUND('',#65,.T.);
#67=ADVANCED_FACE('',(#66),#31,.T.);
#68=COLOUR_RGB('',0.752941191,0.752941191,0.752941191);
#69=FILL_AREA_STYLE_COLOUR('',#68);
#70=FILL_AREA_STYLE('',(#69));
#71=SURFACE_STYLE_FILL_AREA(#70);
#72=SURFACE_SIDE_STYLE('',(#71));
#73=SURFACE_STYLE_USAGE(.BOTH.,#72);
#74=PRESENTATION_STYLE_ASSIGNMENT((#73));
#75=OVER_RIDING_STYLED_ITEM('',(#74),#67,#26);
#76=CARTESIAN_POINT('',(0.,-1.818851024,-2.5));
#77=DIRECTION('',(0.,-1.,-0.));
#78=DIRECTION('',(-0.707106781,0.,-0.707106781));
#79=AXIS2_PLACEMENT_3D('',#76,#77,#78);
#80=CYLINDRICAL_SURFACE('',#79,1.);
#81=CARTESIAN_POINT('',(1.,-2.068851024,-2.5));
#82=VERTEX_POINT('',#81);
#83=CARTESIAN_POINT('',(-1.,-2.068851024,-2.5));
#84=VERTEX_POINT('',#83);
#85=CARTESIAN_POINT('',(0.,-2.068851024,-2.5));
#86=DIRECTION('',(0.,1.,0.));
#87=DIRECTION('',(0.707106781,0.,-0.707106781));
#88=AXIS2_PLACEMENT_3D('',#85,#86,#87);
#89=CIRCLE('',#88,1.);
#90=EDGE_CURVE('',#82,#84,#89,.T.);
#91=ORIENTED_EDGE('',*,*,#90,.T.);
#92=CARTESIAN_POINT('',(-1.,-4.318851024,-2.5));
#93=DIRECTION('',(0.,1.,0.));
#94=VECTOR('',#93,5.);
#95=LINE('',#92,#94);
#96=EDGE_CURVE('',#84,#33,#95,.T.);
#97=ORIENTED_EDGE('',*,*,#96,.T.);
#98=ORIENTED_EDGE('',*,*,#41,.T.);
#99=CARTESIAN_POINT('',(1.,0.681148976,-2.5));
#100=DIRECTION('',(0.,-1.,0.));
#101=VECTOR('',#100,5.);
#102=LINE('',#99,#101);
#103=EDGE_CURVE('',#35,#82,#102,.T.);
#104=ORIENTED_EDGE('',*,*,#103,.T.);
#105=EDGE_LOOP('',(#91,#97,#98,#104));
#106=FACE_BOUND('',#105,.T.);
#107=ADVANCED_FACE('',(#106),#80,.T.);
#108=CARTESIAN_POINT('',(-3.4,4.5,0.));
#109=DIRECTION('',(0.,0.,-1.));
#110=DIRECTION('',(-1.,0.,0.));
#111=AXIS2_PLACEMENT_3D('',#108,#109,#110);
#112=CYLINDRICAL_SURFACE('',#111,0.35);
#113=CARTESIAN_POINT('',(-3.05,4.5,-3.5));
#114=VERTEX_POINT('',#113);
#115=CARTESIAN_POINT('',(-3.05,4.5,0.));
#116=VERTEX_POINT('',#115);
#117=CARTESIAN_POINT('',(-3.05,4.5,-3.5));
#118=DIRECTION('',(-0.,-0.,1.));
#119=VECTOR('',#118,3.5);
#120=LINE('',#117,#119);
#121=EDGE_CURVE('',#114,#116,#120,.T.);
#122=ORIENTED_EDGE('',*,*,#121,.T.);
#123=CARTESIAN_POINT('',(-3.75,4.5,0.));
#124=VERTEX_POINT('',#123);
#125=CARTESIAN_POINT('',(-3.4,4.5,0.));
#126=DIRECTION('',(0.,0.,1.));
#127=DIRECTION('',(-1.,0.,0.));
#128=AXIS2_PLACEMENT_3D('',#125,#126,#127);
#129=CIRCLE('',#128,0.35);
#130=EDGE_CURVE('',#124,#116,#129,.T.);
#131=ORIENTED_EDGE('',*,*,#130,.F.);
#132=CARTESIAN_POINT('',(-3.4,4.5,0.));
#133=DIRECTION('',(0.,0.,1.));
#134=DIRECTION('',(-1.,0.,0.));
#135=AXIS2_PLACEMENT_3D('',#132,#133,#134);
#136=CIRCLE('',#135,0.35);
#137=EDGE_CURVE('',#116,#124,#136,.T.);
#138=ORIENTED_EDGE('',*,*,#137,.F.);
#139=ORIENTED_EDGE('',*,*,#121,.F.);
#140=CARTESIAN_POINT('',(-3.75,4.5,-3.5));
#141=VERTEX_POINT('',#140);
#142=CARTESIAN_POINT('',(-3.4,4.5,-3.5));
#143=DIRECTION('',(0.,0.,1.));
#144=DIRECTION('',(-1.,0.,0.));
#145=AXIS2_PLACEMENT_3D('',#142,#143,#144);
#146=CIRCLE('',#145,0.35);
#147=EDGE_CURVE('',#114,#141,#146,.T.);
#148=ORIENTED_EDGE('',*,*,#147,.T.);
#149=CARTESIAN_POINT('',(-3.4,4.5,-3.5));
#150=DIRECTION('',(0.,0.,1.));
#151=DIRECTION('',(-1.,0.,0.));
#152=AXIS2_PLACEMENT_3D('',#149,#150,#151);
#153=CIRCLE('',#152,0.35);
#154=EDGE_CURVE('',#141,#114,#153,.T.);
#155=ORIENTED_EDGE('',*,*,#154,.T.);
#156=EDGE_LOOP('',(#122,#131,#138,#139,#148,#155));
#157=FACE_BOUND('',#156,.T.);
#158=ADVANCED_FACE('',(#157),#112,.T.);
#159=OVER_RIDING_STYLED_ITEM('',(#74),#158,#26);
#160=CARTESIAN_POINT('',(-3.4,4.5,-3.5));
#161=DIRECTION('',(0.,0.,-1.));
#162=DIRECTION('',(-1.,0.,0.));
#163=AXIS2_PLACEMENT_3D('',#160,#161,#162);
#164=PLANE('',#163);
#165=ORIENTED_EDGE('',*,*,#147,.F.);
#166=ORIENTED_EDGE('',*,*,#154,.F.);
#167=EDGE_LOOP('',(#165,#166));
#168=FACE_BOUND('',#167,.T.);
#169=ADVANCED_FACE('',(#168),#164,.T.);
#170=OVER_RIDING_STYLED_ITEM('',(#74),#169,#26);
#171=CARTESIAN_POINT('',(1.3,2.,0.));
#172=DIRECTION('',(0.,0.,-1.));
#173=DIRECTION('',(-1.,0.,0.));
#174=AXIS2_PLACEMENT_3D('',#171,#172,#173);
#175=CYLINDRICAL_SURFACE('',#174,0.35);
#176=CARTESIAN_POINT('',(1.65,2.,-3.5));
#177=VERTEX_POINT('',#176);
#178=CARTESIAN_POINT('',(1.65,2.,0.));
#179=VERTEX_POINT('',#178);
#180=CARTESIAN_POINT('',(1.65,2.,-3.5));
#181=DIRECTION('',(-0.,-0.,1.));
#182=VECTOR('',#181,3.5);
#183=LINE('',#180,#182);
#184=EDGE_CURVE('',#177,#179,#183,.T.);
#185=ORIENTED_EDGE('',*,*,#184,.T.);
#186=CARTESIAN_POINT('',(0.95,2.,0.));
#187=VERTEX_POINT('',#186);
#188=CARTESIAN_POINT('',(1.3,2.,0.));
#189=DIRECTION('',(0.,0.,1.));
#190=DIRECTION('',(-1.,0.,0.));
#191=AXIS2_PLACEMENT_3D('',#188,#189,#190);
#192=CIRCLE('',#191,0.35);
#193=EDGE_CURVE('',#187,#179,#192,.T.);
#194=ORIENTED_EDGE('',*,*,#193,.F.);
#195=CARTESIAN_POINT('',(1.3,2.,0.));
#196=DIRECTION('',(0.,0.,1.));
#197=DIRECTION('',(-1.,0.,0.));
#198=AXIS2_PLACEMENT_3D('',#195,#196,#197);
#199=CIRCLE('',#198,0.35);
#200=EDGE_CURVE('',#179,#187,#199,.T.);
#201=ORIENTED_EDGE('',*,*,#200,.F.);
#202=ORIENTED_EDGE('',*,*,#184,.F.);
#203=CARTESIAN_POINT('',(0.95,2.,-3.5));
#204=VERTEX_POINT('',#203);
#205=CARTESIAN_POINT('',(1.3,2.,-3.5));
#206=DIRECTION('',(0.,0.,1.));
#207=DIRECTION('',(-1.,0.,0.));
#208=AXIS2_PLACEMENT_3D('',#205,#206,#207);
#209=CIRCLE('',#208,0.35);
#210=EDGE_CURVE('',#177,#204,#209,.T.);
#211=ORIENTED_EDGE('',*,*,#210,.T.);
#212=CARTESIAN_POINT('',(1.3,2.,-3.5));
#213=DIRECTION('',(0.,0.,1.));
#214=DIRECTION('',(-1.,0.,0.));
#215=AXIS2_PLACEMENT_3D('',#212,#213,#214);
#216=CIRCLE('',#215,0.35);
#217=EDGE_CURVE('',#204,#177,#216,.T.);
#218=ORIENTED_EDGE('',*,*,#217,.T.);
#219=EDGE_LOOP('',(#185,#194,#201,#202,#211,#218));
#220=FACE_BOUND('',#219,.T.);
#221=ADVANCED_FACE('',(#220),#175,.T.);
#222=OVER_RIDING_STYLED_ITEM('',(#74),#221,#26);
#223=CARTESIAN_POINT('',(1.3,2.,-3.5));
#224=DIRECTION('',(0.,0.,-1.));
#225=DIRECTION('',(-1.,0.,0.));
#226=AXIS2_PLACEMENT_3D('',#223,#224,#225);
#227=PLANE('',#226);
#228=ORIENTED_EDGE('',*,*,#210,.F.);
#229=ORIENTED_EDGE('',*,*,#217,.F.);
#230=EDGE_LOOP('',(#228,#229));
#231=FACE_BOUND('',#230,.T.);
#232=ADVANCED_FACE('',(#231),#227,.T.);
#233=OVER_RIDING_STYLED_ITEM('',(#74),#232,#26);
#234=CARTESIAN_POINT('',(-3.4,2.,0.));
#235=DIRECTION('',(0.,0.,-1.));
#236=DIRECTION('',(-1.,0.,0.));
#237=AXIS2_PLACEMENT_3D('',#234,#235,#236);
#238=CYLINDRICAL_SURFACE('',#237,0.35);
#239=CARTESIAN_POINT('',(-3.05,2.,-3.5));
#240=VERTEX_POINT('',#239);
#241=CARTESIAN_POINT('',(-3.05,2.,0.));
#242=VERTEX_POINT('',#241);
#243=CARTESIAN_POINT('',(-3.05,2.,-3.5));
#244=DIRECTION('',(-0.,-0.,1.));
#245=VECTOR('',#244,3.5);
#246=LINE('',#243,#245);
#247=EDGE_CURVE('',#240,#242,#246,.T.);
#248=ORIENTED_EDGE('',*,*,#247,.T.);
#249=CARTESIAN_POINT('',(-3.75,2.,0.));
#250=VERTEX_POINT('',#249);
#251=CARTESIAN_POINT('',(-3.4,2.,0.));
#252=DIRECTION('',(0.,0.,1.));
#253=DIRECTION('',(-1.,0.,0.));
#254=AXIS2_PLACEMENT_3D('',#251,#252,#253);
#255=CIRCLE('',#254,0.35);
#256=EDGE_CURVE('',#250,#242,#255,.T.);
#257=ORIENTED_EDGE('',*,*,#256,.F.);
#258=CARTESIAN_POINT('',(-3.4,2.,0.));
#259=DIRECTION('',(0.,0.,1.));
#260=DIRECTION('',(-1.,0.,0.));
#261=AXIS2_PLACEMENT_3D('',#258,#259,#260);
#262=CIRCLE('',#261,0.35);
#263=EDGE_CURVE('',#242,#250,#262,.T.);
#264=ORIENTED_EDGE('',*,*,#263,.F.);
#265=ORIENTED_EDGE('',*,*,#247,.F.);
#266=CARTESIAN_POINT('',(-3.75,2.,-3.5));
#267=VERTEX_POINT('',#266);
#268=CARTESIAN_POINT('',(-3.4,2.,-3.5));
#269=DIRECTION('',(0.,0.,1.));
#270=DIRECTION('',(-1.,0.,0.));
#271=AXIS2_PLACEMENT_3D('',#268,#269,#270);
#272=CIRCLE('',#271,0.35);
#273=EDGE_CURVE('',#240,#267,#272,.T.);
#274=ORIENTED_EDGE('',*,*,#273,.T.);
#275=CARTESIAN_POINT('',(-3.4,2.,-3.5));
#276=DIRECTION('',(0.,0.,1.));
#277=DIRECTION('',(-1.,0.,0.));
#278=AXIS2_PLACEMENT_3D('',#275,#276,#277);
#279=CIRCLE('',#278,0.35);
#280=EDGE_CURVE('',#267,#240,#279,.T.);
#281=ORIENTED_EDGE('',*,*,#280,.T.);
#282=EDGE_LOOP('',(#248,#257,#264,#265,#274,#281));
#283=FACE_BOUND('',#282,.T.);
#284=ADVANCED_FACE('',(#283),#238,.T.);
#285=OVER_RIDING_STYLED_ITEM('',(#74),#284,#26);
#286=CARTESIAN_POINT('',(-3.4,2.,-3.5));
#287=DIRECTION('',(0.,0.,-1.));
#288=DIRECTION('',(-1.,0.,0.));
#289=AXIS2_PLACEMENT_3D('',#286,#287,#288);
#290=PLANE('',#289);
#291=ORIENTED_EDGE('',*,*,#273,.F.);
#292=ORIENTED_EDGE('',*,*,#280,.F.);
#293=EDGE_LOOP('',(#291,#292));
#294=FACE_BOUND('',#293,.T.);
#295=ADVANCED_FACE('',(#294),#290,.T.);
#296=OVER_RIDING_STYLED_ITEM('',(#74),#295,#26);
#297=CARTESIAN_POINT('',(-1.,-1.818851024,0.));
#298=DIRECTION('',(-1.,0.,0.));
#299=DIRECTION('',(0.,1.,0.));
#300=AXIS2_PLACEMENT_3D('',#297,#298,#299);
#301=PLANE('',#300);
#302=ORIENTED_EDGE('',*,*,#96,.F.);
#303=CARTESIAN_POINT('',(-1.,-2.068851024,0.));
#304=VERTEX_POINT('',#303);
#305=CARTESIAN_POINT('',(-1.,-2.068851024,0.));
#306=DIRECTION('',(0.,0.,-1.));
#307=VECTOR('',#306,25.);
#308=LINE('',#305,#307);
#309=EDGE_CURVE('',#304,#84,#308,.T.);
#310=ORIENTED_EDGE('',*,*,#309,.F.);
#311=CARTESIAN_POINT('',(-1.,-5.470190065,0.));
#312=DIRECTION('',(0.,-1.,0.));
#313=VECTOR('',#312,5.);
#314=LINE('',#311,#313);
#315=EDGE_CURVE('',#44,#304,#314,.T.);
#316=ORIENTED_EDGE('',*,*,#315,.F.);
#317=ORIENTED_EDGE('',*,*,#49,.T.);
#318=EDGE_LOOP('',(#302,#310,#316,#317));
#319=FACE_BOUND('',#318,.T.);
#320=ADVANCED_FACE('',(#319),#301,.T.);
#321=OVER_RIDING_STYLED_ITEM('',(#74),#320,#26);
#322=CARTESIAN_POINT('',(0.,-2.068851024,0.));
#323=DIRECTION('',(0.,-1.,0.));
#324=DIRECTION('',(-1.,0.,0.));
#325=AXIS2_PLACEMENT_3D('',#322,#323,#324);
#326=PLANE('',#325);
#327=ORIENTED_EDGE('',*,*,#90,.F.);
#328=CARTESIAN_POINT('',(1.,-2.068851024,0.));
#329=VERTEX_POINT('',#328);
#330=CARTESIAN_POINT('',(1.,-2.068851024,0.));
#331=DIRECTION('',(0.,0.,-1.));
#332=VECTOR('',#331,25.);
#333=LINE('',#330,#332);
#334=EDGE_CURVE('',#329,#82,#333,.T.);
#335=ORIENTED_EDGE('',*,*,#334,.F.);
#336=CARTESIAN_POINT('',(-10.,-2.068851024,0.));
#337=DIRECTION('',(1.,0.,-0.));
#338=VECTOR('',#337,20.);
#339=LINE('',#336,#338);
#340=EDGE_CURVE('',#304,#329,#339,.T.);
#341=ORIENTED_EDGE('',*,*,#340,.F.);
#342=ORIENTED_EDGE('',*,*,#309,.T.);
#343=EDGE_LOOP('',(#327,#335,#341,#342));
#344=FACE_BOUND('',#343,.T.);
#345=ADVANCED_FACE('',(#344),#326,.T.);
#346=OVER_RIDING_STYLED_ITEM('',(#74),#345,#26);
#347=CARTESIAN_POINT('',(1.,-1.818851024,0.));
#348=DIRECTION('',(1.,0.,0.));
#349=DIRECTION('',(0.,-1.,0.));
#350=AXIS2_PLACEMENT_3D('',#347,#348,#349);
#351=PLANE('',#350);
#352=ORIENTED_EDGE('',*,*,#103,.F.);
#353=ORIENTED_EDGE('',*,*,#63,.F.);
#354=CARTESIAN_POINT('',(1.,-10.470190065,0.));
#355=DIRECTION('',(0.,1.,0.));
#356=VECTOR('',#355,5.);
#357=LINE('',#354,#356);
#358=EDGE_CURVE('',#329,#52,#357,.T.);
#359=ORIENTED_EDGE('',*,*,#358,.F.);
#360=ORIENTED_EDGE('',*,*,#334,.T.);
#361=EDGE_LOOP('',(#352,#353,#359,#360));
#362=FACE_BOUND('',#361,.T.);
#363=ADVANCED_FACE('',(#362),#351,.T.);
#364=OVER_RIDING_STYLED_ITEM('',(#74),#363,#26);
#365=CARTESIAN_POINT('',(-0.9,4.5,0.));
#366=DIRECTION('',(0.,0.,-1.));
#367=DIRECTION('',(-1.,0.,0.));
#368=AXIS2_PLACEMENT_3D('',#365,#366,#367);
#369=CYLINDRICAL_SURFACE('',#368,0.35);
#370=CARTESIAN_POINT('',(-0.55,4.5,-3.5));
#371=VERTEX_POINT('',#370);
#372=CARTESIAN_POINT('',(-0.55,4.5,0.));
#373=VERTEX_POINT('',#372);
#374=CARTESIAN_POINT('',(-0.55,4.5,-3.5));
#375=DIRECTION('',(-0.,-0.,1.));
#376=VECTOR('',#375,3.5);
#377=LINE('',#374,#376);
#378=EDGE_CURVE('',#371,#373,#377,.T.);
#379=ORIENTED_EDGE('',*,*,#378,.T.);
#380=CARTESIAN_POINT('',(-1.25,4.5,0.));
#381=VERTEX_POINT('',#380);
#382=CARTESIAN_POINT('',(-0.9,4.5,0.));
#383=DIRECTION('',(0.,0.,1.));
#384=DIRECTION('',(-1.,0.,0.));
#385=AXIS2_PLACEMENT_3D('',#382,#383,#384);
#386=CIRCLE('',#385,0.35);
#387=EDGE_CURVE('',#381,#373,#386,.T.);
#388=ORIENTED_EDGE('',*,*,#387,.F.);
#389=CARTESIAN_POINT('',(-0.9,4.5,0.));
#390=DIRECTION('',(0.,0.,1.));
#391=DIRECTION('',(-1.,0.,0.));
#392=AXIS2_PLACEMENT_3D('',#389,#390,#391);
#393=CIRCLE('',#392,0.35);
#394=EDGE_CURVE('',#373,#381,#393,.T.);
#395=ORIENTED_EDGE('',*,*,#394,.F.);
#396=ORIENTED_EDGE('',*,*,#378,.F.);
#397=CARTESIAN_POINT('',(-1.25,4.5,-3.5));
#398=VERTEX_POINT('',#397);
#399=CARTESIAN_POINT('',(-0.9,4.5,-3.5));
#400=DIRECTION('',(0.,0.,1.));
#401=DIRECTION('',(-1.,0.,0.));
#402=AXIS2_PLACEMENT_3D('',#399,#400,#401);
#403=CIRCLE('',#402,0.35);
#404=EDGE_CURVE('',#371,#398,#403,.T.);
#405=ORIENTED_EDGE('',*,*,#404,.T.);
#406=CARTESIAN_POINT('',(-0.9,4.5,-3.5));
#407=DIRECTION('',(0.,0.,1.));
#408=DIRECTION('',(-1.,0.,0.));
#409=AXIS2_PLACEMENT_3D('',#406,#407,#408);
#410=CIRCLE('',#409,0.35);
#411=EDGE_CURVE('',#398,#371,#410,.T.);
#412=ORIENTED_EDGE('',*,*,#411,.T.);
#413=EDGE_LOOP('',(#379,#388,#395,#396,#405,#412));
#414=FACE_BOUND('',#413,.T.);
#415=ADVANCED_FACE('',(#414),#369,.T.);
#416=OVER_RIDING_STYLED_ITEM('',(#74),#415,#26);
#417=CARTESIAN_POINT('',(-0.9,4.5,-3.5));
#418=DIRECTION('',(0.,0.,-1.));
#419=DIRECTION('',(-1.,0.,0.));
#420=AXIS2_PLACEMENT_3D('',#417,#418,#419);
#421=PLANE('',#420);
#422=ORIENTED_EDGE('',*,*,#404,.F.);
#423=ORIENTED_EDGE('',*,*,#411,.F.);
#424=EDGE_LOOP('',(#422,#423));
#425=FACE_BOUND('',#424,.T.);
#426=ADVANCED_FACE('',(#425),#421,.T.);
#427=OVER_RIDING_STYLED_ITEM('',(#74),#426,#26);
#428=CARTESIAN_POINT('',(-1.3,2.,0.));
#429=DIRECTION('',(0.,0.,-1.));
#430=DIRECTION('',(-1.,0.,0.));
#431=AXIS2_PLACEMENT_3D('',#428,#429,#430);
#432=CYLINDRICAL_SURFACE('',#431,0.35);
#433=CARTESIAN_POINT('',(-0.95,2.,-3.5));
#434=VERTEX_POINT('',#433);
#435=CARTESIAN_POINT('',(-0.95,2.,0.));
#436=VERTEX_POINT('',#435);
#437=CARTESIAN_POINT('',(-0.95,2.,-3.5));
#438=DIRECTION('',(-0.,-0.,1.));
#439=VECTOR('',#438,3.5);
#440=LINE('',#437,#439);
#441=EDGE_CURVE('',#434,#436,#440,.T.);
#442=ORIENTED_EDGE('',*,*,#441,.T.);
#443=CARTESIAN_POINT('',(-1.65,2.,0.));
#444=VERTEX_POINT('',#443);
#445=CARTESIAN_POINT('',(-1.3,2.,0.));
#446=DIRECTION('',(0.,0.,1.));
#447=DIRECTION('',(-1.,0.,0.));
#448=AXIS2_PLACEMENT_3D('',#445,#446,#447);
#449=CIRCLE('',#448,0.35);
#450=EDGE_CURVE('',#444,#436,#449,.T.);
#451=ORIENTED_EDGE('',*,*,#450,.F.);
#452=CARTESIAN_POINT('',(-1.3,2.,0.));
#453=DIRECTION('',(0.,0.,1.));
#454=DIRECTION('',(-1.,0.,0.));
#455=AXIS2_PLACEMENT_3D('',#452,#453,#454);
#456=CIRCLE('',#455,0.35);
#457=EDGE_CURVE('',#436,#444,#456,.T.);
#458=ORIENTED_EDGE('',*,*,#457,.F.);
#459=ORIENTED_EDGE('',*,*,#441,.F.);
#460=CARTESIAN_POINT('',(-1.65,2.,-3.5));
#461=VERTEX_POINT('',#460);
#462=CARTESIAN_POINT('',(-1.3,2.,-3.5));
#463=DIRECTION('',(0.,0.,1.));
#464=DIRECTION('',(-1.,0.,0.));
#465=AXIS2_PLACEMENT_3D('',#462,#463,#464);
#466=CIRCLE('',#465,0.35);
#467=EDGE_CURVE('',#434,#461,#466,.T.);
#468=ORIENTED_EDGE('',*,*,#467,.T.);
#469=CARTESIAN_POINT('',(-1.3,2.,-3.5));
#470=DIRECTION('',(0.,0.,1.));
#471=DIRECTION('',(-1.,0.,0.));
#472=AXIS2_PLACEMENT_3D('',#469,#470,#471);
#473=CIRCLE('',#472,0.35);
#474=EDGE_CURVE('',#461,#434,#473,.T.);
#475=ORIENTED_EDGE('',*,*,#474,.T.);
#476=EDGE_LOOP('',(#442,#451,#458,#459,#468,#475));
#477=FACE_BOUND('',#476,.T.);
#478=ADVANCED_FACE('',(#477),#432,.T.);
#479=OVER_RIDING_STYLED_ITEM('',(#74),#478,#26);
#480=CARTESIAN_POINT('',(-1.3,2.,-3.5));
#481=DIRECTION('',(0.,0.,-1.));
#482=DIRECTION('',(-1.,0.,0.));
#483=AXIS2_PLACEMENT_3D('',#480,#481,#482);
#484=PLANE('',#483);
#485=ORIENTED_EDGE('',*,*,#467,.F.);
#486=ORIENTED_EDGE('',*,*,#474,.F.);
#487=EDGE_LOOP('',(#485,#486));
#488=FACE_BOUND('',#487,.T.);
#489=ADVANCED_FACE('',(#488),#484,.T.);
#490=OVER_RIDING_STYLED_ITEM('',(#74),#489,#26);
#491=CARTESIAN_POINT('',(3.400006082,2.,0.));
#492=DIRECTION('',(0.,0.,-1.));
#493=DIRECTION('',(-1.,0.,0.));
#494=AXIS2_PLACEMENT_3D('',#491,#492,#493);
#495=CYLINDRICAL_SURFACE('',#494,0.35);
#496=CARTESIAN_POINT('',(3.750006082,2.,-3.5));
#497=VERTEX_POINT('',#496);
#498=CARTESIAN_POINT('',(3.750006082,2.,0.));
#499=VERTEX_POINT('',#498);
#500=CARTESIAN_POINT('',(3.750006082,2.,-3.5));
#501=DIRECTION('',(-0.,-0.,1.));
#502=VECTOR('',#501,3.5);
#503=LINE('',#500,#502);
#504=EDGE_CURVE('',#497,#499,#503,.T.);
#505=ORIENTED_EDGE('',*,*,#504,.T.);
#506=CARTESIAN_POINT('',(3.050006082,2.,0.));
#507=VERTEX_POINT('',#506);
#508=CARTESIAN_POINT('',(3.400006082,2.,0.));
#509=DIRECTION('',(0.,0.,1.));
#510=DIRECTION('',(-1.,0.,0.));
#511=AXIS2_PLACEMENT_3D('',#508,#509,#510);
#512=CIRCLE('',#511,0.35);
#513=EDGE_CURVE('',#507,#499,#512,.T.);
#514=ORIENTED_EDGE('',*,*,#513,.F.);
#515=CARTESIAN_POINT('',(3.400006082,2.,0.));
#516=DIRECTION('',(0.,0.,1.));
#517=DIRECTION('',(-1.,0.,0.));
#518=AXIS2_PLACEMENT_3D('',#515,#516,#517);
#519=CIRCLE('',#518,0.35);
#520=EDGE_CURVE('',#499,#507,#519,.T.);
#521=ORIENTED_EDGE('',*,*,#520,.F.);
#522=ORIENTED_EDGE('',*,*,#504,.F.);
#523=CARTESIAN_POINT('',(3.050006082,2.,-3.5));
#524=VERTEX_POINT('',#523);
#525=CARTESIAN_POINT('',(3.400006082,2.,-3.5));
#526=DIRECTION('',(0.,0.,1.));
#527=DIRECTION('',(-1.,0.,0.));
#528=AXIS2_PLACEMENT_3D('',#525,#526,#527);
#529=CIRCLE('',#528,0.35);
#530=EDGE_CURVE('',#497,#524,#529,.T.);
#531=ORIENTED_EDGE('',*,*,#530,.T.);
#532=CARTESIAN_POINT('',(3.400006082,2.,-3.5));
#533=DIRECTION('',(0.,0.,1.));
#534=DIRECTION('',(-1.,0.,0.));
#535=AXIS2_PLACEMENT_3D('',#532,#533,#534);
#536=CIRCLE('',#535,0.35);
#537=EDGE_CURVE('',#524,#497,#536,.T.);
#538=ORIENTED_EDGE('',*,*,#537,.T.);
#539=EDGE_LOOP('',(#505,#514,#521,#522,#531,#538));
#540=FACE_BOUND('',#539,.T.);
#541=ADVANCED_FACE('',(#540),#495,.T.);
#542=OVER_RIDING_STYLED_ITEM('',(#74),#541,#26);
#543=CARTESIAN_POINT('',(3.400006082,2.,-3.5));
#544=DIRECTION('',(0.,0.,-1.));
#545=DIRECTION('',(-1.,0.,0.));
#546=AXIS2_PLACEMENT_3D('',#543,#544,#545);
#547=PLANE('',#546);
#548=ORIENTED_EDGE('',*,*,#530,.F.);
#549=ORIENTED_EDGE('',*,*,#537,.F.);
#550=EDGE_LOOP('',(#548,#549));
#551=FACE_BOUND('',#550,.T.);
#552=ADVANCED_FACE('',(#551),#547,.T.);
#553=OVER_RIDING_STYLED_ITEM('',(#74),#552,#26);
#554=CARTESIAN_POINT('',(3.400006082,4.5,0.));
#555=DIRECTION('',(0.,0.,-1.));
#556=DIRECTION('',(-1.,0.,0.));
#557=AXIS2_PLACEMENT_3D('',#554,#555,#556);
#558=CYLINDRICAL_SURFACE('',#557,0.35);
#559=CARTESIAN_POINT('',(3.750006082,4.5,-3.5));
#560=VERTEX_POINT('',#559);
#561=CARTESIAN_POINT('',(3.750006082,4.5,0.));
#562=VERTEX_POINT('',#561);
#563=CARTESIAN_POINT('',(3.750006082,4.5,-3.5));
#564=DIRECTION('',(-0.,-0.,1.));
#565=VECTOR('',#564,3.5);
#566=LINE('',#563,#565);
#567=EDGE_CURVE('',#560,#562,#566,.T.);
#568=ORIENTED_EDGE('',*,*,#567,.T.);
#569=CARTESIAN_POINT('',(3.050006082,4.5,0.));
#570=VERTEX_POINT('',#569);
#571=CARTESIAN_POINT('',(3.400006082,4.5,0.));
#572=DIRECTION('',(0.,0.,1.));
#573=DIRECTION('',(-1.,0.,0.));
#574=AXIS2_PLACEMENT_3D('',#571,#572,#573);
#575=CIRCLE('',#574,0.35);
#576=EDGE_CURVE('',#570,#562,#575,.T.);
#577=ORIENTED_EDGE('',*,*,#576,.F.);
#578=CARTESIAN_POINT('',(3.400006082,4.5,0.));
#579=DIRECTION('',(0.,0.,1.));
#580=DIRECTION('',(-1.,0.,0.));
#581=AXIS2_PLACEMENT_3D('',#578,#579,#580);
#582=CIRCLE('',#581,0.35);
#583=EDGE_CURVE('',#562,#570,#582,.T.);
#584=ORIENTED_EDGE('',*,*,#583,.F.);
#585=ORIENTED_EDGE('',*,*,#567,.F.);
#586=CARTESIAN_POINT('',(3.050006082,4.5,-3.5));
#587=VERTEX_POINT('',#586);
#588=CARTESIAN_POINT('',(3.400006082,4.5,-3.5));
#589=DIRECTION('',(0.,0.,1.));
#590=DIRECTION('',(-1.,0.,0.));
#591=AXIS2_PLACEMENT_3D('',#588,#589,#590);
#592=CIRCLE('',#591,0.35);
#593=EDGE_CURVE('',#560,#587,#592,.T.);
#594=ORIENTED_EDGE('',*,*,#593,.T.);
#595=CARTESIAN_POINT('',(3.400006082,4.5,-3.5));
#596=DIRECTION('',(0.,0.,1.));
#597=DIRECTION('',(-1.,0.,0.));
#598=AXIS2_PLACEMENT_3D('',#595,#596,#597);
#599=CIRCLE('',#598,0.35);
#600=EDGE_CURVE('',#587,#560,#599,.T.);
#601=ORIENTED_EDGE('',*,*,#600,.T.);
#602=EDGE_LOOP('',(#568,#577,#584,#585,#594,#601));
#603=FACE_BOUND('',#602,.T.);
#604=ADVANCED_FACE('',(#603),#558,.T.);
#605=OVER_RIDING_STYLED_ITEM('',(#74),#604,#26);
#606=CARTESIAN_POINT('',(3.400006082,4.5,-3.5));
#607=DIRECTION('',(0.,0.,-1.));
#608=DIRECTION('',(-1.,0.,0.));
#609=AXIS2_PLACEMENT_3D('',#606,#607,#608);
#610=PLANE('',#609);
#611=ORIENTED_EDGE('',*,*,#593,.F.);
#612=ORIENTED_EDGE('',*,*,#600,.F.);
#613=EDGE_LOOP('',(#611,#612));
#614=FACE_BOUND('',#613,.T.);
#615=ADVANCED_FACE('',(#614),#610,.T.);
#616=OVER_RIDING_STYLED_ITEM('',(#74),#615,#26);
#617=CARTESIAN_POINT('',(0.,-0.451886792,0.));
#618=DIRECTION('',(0.,0.,1.));
#619=DIRECTION('',(1.,0.,0.));
#620=AXIS2_PLACEMENT_3D('',#617,#618,#619);
#621=PLANE('',#620);
#622=CARTESIAN_POINT('',(-7.,-6.5,0.));
#623=VERTEX_POINT('',#622);
#624=CARTESIAN_POINT('',(7.,-6.5,0.));
#625=VERTEX_POINT('',#624);
#626=CARTESIAN_POINT('',(-7.,-6.5,0.));
#627=DIRECTION('',(1.,0.,-0.));
#628=VECTOR('',#627,140.);
#629=LINE('',#626,#628);
#630=EDGE_CURVE('',#623,#625,#629,.T.);
#631=ORIENTED_EDGE('',*,*,#630,.F.);
#632=CARTESIAN_POINT('',(-7.,-4.7,0.));
#633=VERTEX_POINT('',#632);
#634=CARTESIAN_POINT('',(-7.,-4.7,0.));
#635=DIRECTION('',(0.,-1.,0.));
#636=VECTOR('',#635,18.);
#637=LINE('',#634,#636);
#638=EDGE_CURVE('',#633,#623,#637,.T.);
#639=ORIENTED_EDGE('',*,*,#638,.F.);
#640=CARTESIAN_POINT('',(-6.5,-4.7,0.));
#641=VERTEX_POINT('',#640);
#642=CARTESIAN_POINT('',(-6.5,-4.7,0.));
#643=DIRECTION('',(-1.,0.,0.));
#644=VECTOR('',#643,5.);
#645=LINE('',#642,#644);
#646=EDGE_CURVE('',#641,#633,#645,.T.);
#647=ORIENTED_EDGE('',*,*,#646,.F.);
#648=CARTESIAN_POINT('',(-6.5,-1.95,0.));
#649=VERTEX_POINT('',#648);
#650=CARTESIAN_POINT('',(-6.5,-73.5,0.));
#651=DIRECTION('',(0.,-1.,0.));
#652=VECTOR('',#651,27.5);
#653=LINE('',#650,#652);
#654=EDGE_CURVE('',#649,#641,#653,.T.);
#655=ORIENTED_EDGE('',*,*,#654,.F.);
#656=CARTESIAN_POINT('',(-6.5,0.05,0.));
#657=VERTEX_POINT('',#656);
#658=CARTESIAN_POINT('',(-6.5,-53.5,0.));
#659=DIRECTION('',(0.,-1.,0.));
#660=VECTOR('',#659,20.);
#661=LINE('',#658,#660);
#662=EDGE_CURVE('',#657,#649,#661,.T.);
#663=ORIENTED_EDGE('',*,*,#662,.F.);
#664=CARTESIAN_POINT('',(-6.5,6.,0.));
#665=VERTEX_POINT('',#664);
#666=CARTESIAN_POINT('',(-6.5,6.,0.));
#667=DIRECTION('',(0.,-1.,0.));
#668=VECTOR('',#667,59.5);
#669=LINE('',#666,#668);
#670=EDGE_CURVE('',#665,#657,#669,.T.);
#671=ORIENTED_EDGE('',*,*,#670,.F.);
#672=CARTESIAN_POINT('',(6.5,6.,0.));
#673=VERTEX_POINT('',#672);
#674=CARTESIAN_POINT('',(6.5,6.,0.));
#675=DIRECTION('',(-1.,0.,0.));
#676=VECTOR('',#675,130.);
#677=LINE('',#674,#676);
#678=EDGE_CURVE('',#673,#665,#677,.T.);
#679=ORIENTED_EDGE('',*,*,#678,.F.);
#680=CARTESIAN_POINT('',(6.5,0.05,0.));
#681=VERTEX_POINT('',#680);
#682=CARTESIAN_POINT('',(6.5,42.8,0.));
#683=DIRECTION('',(0.,1.,0.));
#684=VECTOR('',#683,59.5);
#685=LINE('',#682,#684);
#686=EDGE_CURVE('',#681,#673,#685,.T.);
#687=ORIENTED_EDGE('',*,*,#686,.F.);
#688=CARTESIAN_POINT('',(6.5,-1.95,0.));
#689=VERTEX_POINT('',#688);
#690=CARTESIAN_POINT('',(6.5,22.8,0.));
#691=DIRECTION('',(0.,1.,0.));
#692=VECTOR('',#691,20.);
#693=LINE('',#690,#692);
#694=EDGE_CURVE('',#689,#681,#693,.T.);
#695=ORIENTED_EDGE('',*,*,#694,.F.);
#696=CARTESIAN_POINT('',(6.5,-4.7,0.));
#697=VERTEX_POINT('',#696);
#698=CARTESIAN_POINT('',(6.5,-4.7,0.));
#699=DIRECTION('',(0.,1.,0.));
#700=VECTOR('',#699,27.5);
#701=LINE('',#698,#700);
#702=EDGE_CURVE('',#697,#689,#701,.T.);
#703=ORIENTED_EDGE('',*,*,#702,.F.);
#704=CARTESIAN_POINT('',(7.,-4.7,0.));
#705=VERTEX_POINT('',#704);
#706=CARTESIAN_POINT('',(7.,-4.7,0.));
#707=DIRECTION('',(-1.,0.,0.));
#708=VECTOR('',#707,5.);
#709=LINE('',#706,#708);
#710=EDGE_CURVE('',#705,#697,#709,.T.);
#711=ORIENTED_EDGE('',*,*,#710,.F.);
#712=CARTESIAN_POINT('',(7.,-6.5,0.));
#713=DIRECTION('',(0.,1.,0.));
#714=VECTOR('',#713,18.);
#715=LINE('',#712,#714);
#716=EDGE_CURVE('',#625,#705,#715,.T.);
#717=ORIENTED_EDGE('',*,*,#716,.F.);
#718=EDGE_LOOP('',(#631,#639,#647,#655,#663,#671,#679,#687,#695,#703,#711,#717));
#719=FACE_BOUND('',#718,.T.);
#720=ORIENTED_EDGE('',*,*,#576,.T.);
#721=ORIENTED_EDGE('',*,*,#583,.T.);
#722=EDGE_LOOP('',(#720,#721));
#723=FACE_BOUND('',#722,.T.);
#724=ORIENTED_EDGE('',*,*,#513,.T.);
#725=ORIENTED_EDGE('',*,*,#520,.T.);
#726=EDGE_LOOP('',(#724,#725));
#727=FACE_BOUND('',#726,.T.);
#728=ORIENTED_EDGE('',*,*,#450,.T.);
#729=ORIENTED_EDGE('',*,*,#457,.T.);
#730=EDGE_LOOP('',(#728,#729));
#731=FACE_BOUND('',#730,.T.);
#732=ORIENTED_EDGE('',*,*,#387,.T.);
#733=ORIENTED_EDGE('',*,*,#394,.T.);
#734=EDGE_LOOP('',(#732,#733));
#735=FACE_BOUND('',#734,.T.);
#736=ORIENTED_EDGE('',*,*,#57,.T.);
#737=ORIENTED_EDGE('',*,*,#315,.T.);
#738=ORIENTED_EDGE('',*,*,#340,.T.);
#739=ORIENTED_EDGE('',*,*,#358,.T.);
#740=EDGE_LOOP('',(#736,#737,#738,#739));
#741=FACE_BOUND('',#740,.T.);
#742=ORIENTED_EDGE('',*,*,#256,.T.);
#743=ORIENTED_EDGE('',*,*,#263,.T.);
#744=EDGE_LOOP('',(#742,#743));
#745=FACE_BOUND('',#744,.T.);
#746=ORIENTED_EDGE('',*,*,#193,.T.);
#747=ORIENTED_EDGE('',*,*,#200,.T.);
#748=EDGE_LOOP('',(#746,#747));
#749=FACE_BOUND('',#748,.T.);
#750=ORIENTED_EDGE('',*,*,#130,.T.);
#751=ORIENTED_EDGE('',*,*,#137,.T.);
#752=EDGE_LOOP('',(#750,#751));
#753=FACE_BOUND('',#752,.T.);
#754=ADVANCED_FACE('',(#719,#723,#727,#731,#735,#741,#745,#749,#753),#621,.F.);
#755=DRAUGHTING_PRE_DEFINED_COLOUR('black');
#756=FILL_AREA_STYLE_COLOUR('',#755);
#757=FILL_AREA_STYLE('',(#756));
#758=SURFACE_STYLE_FILL_AREA(#757);
#759=SURFACE_SIDE_STYLE('',(#758));
#760=SURFACE_STYLE_USAGE(.BOTH.,#759);
#761=PRESENTATION_STYLE_ASSIGNMENT((#760));
#762=OVER_RIDING_STYLED_ITEM('',(#761),#754,#26);
#763=CARTESIAN_POINT('',(-6.5,0.747619048,12.31));
#764=DIRECTION('',(-0.,1.,-0.));
#765=DIRECTION('',(-0.707106781,0.,0.707106781));
#766=AXIS2_PLACEMENT_3D('',#763,#764,#765);
#767=CYLINDRICAL_SURFACE('',#766,0.5);
#768=CARTESIAN_POINT('',(-6.5,5.8,12.81));
#769=VERTEX_POINT('',#768);
#770=CARTESIAN_POINT('',(-7.,5.8,12.31));
#771=VERTEX_POINT('',#770);
#772=CARTESIAN_POINT('',(-6.5,5.8,12.31));
#773=DIRECTION('',(0.,-1.,0.));
#774=DIRECTION('',(-0.707106781,0.,0.707106781));
#775=AXIS2_PLACEMENT_3D('',#772,#773,#774);
#776=CIRCLE('',#775,0.5);
#777=EDGE_CURVE('',#769,#771,#776,.T.);
#778=ORIENTED_EDGE('',*,*,#777,.T.);
#779=CARTESIAN_POINT('',(-7.,-4.65,12.31));
#780=VERTEX_POINT('',#779);
#781=CARTESIAN_POINT('',(-7.,51.271428571,12.31));
#782=DIRECTION('',(0.,-1.,0.));
#783=VECTOR('',#782,104.5);
#784=LINE('',#781,#783);
#785=EDGE_CURVE('',#771,#780,#784,.T.);
#786=ORIENTED_EDGE('',*,*,#785,.T.);
#787=CARTESIAN_POINT('',(-6.5,-4.65,12.81));
#788=VERTEX_POINT('',#787);
#789=CARTESIAN_POINT('',(-6.5,-4.65,12.31));
#790=DIRECTION('',(0.,1.,0.));
#791=DIRECTION('',(-0.707106781,0.,0.707106781));
#792=AXIS2_PLACEMENT_3D('',#789,#790,#791);
#793=CIRCLE('',#792,0.5);
#794=EDGE_CURVE('',#780,#788,#793,.T.);
#795=ORIENTED_EDGE('',*,*,#794,.T.);
#796=CARTESIAN_POINT('',(-6.5,-53.228571429,12.81));
#797=DIRECTION('',(0.,1.,-0.));
#798=VECTOR('',#797,104.5);
#799=LINE('',#796,#798);
#800=EDGE_CURVE('',#788,#769,#799,.T.);
#801=ORIENTED_EDGE('',*,*,#800,.T.);
#802=EDGE_LOOP('',(#778,#786,#795,#801));
#803=FACE_BOUND('',#802,.T.);
#804=ADVANCED_FACE('',(#803),#767,.T.);
#805=CARTESIAN_POINT('',(0.,-4.65,12.3));
#806=DIRECTION('',(0.,-1.,0.));
#807=DIRECTION('',(1.,0.,0.));
#808=AXIS2_PLACEMENT_3D('',#805,#806,#807);
#809=PLANE('',#808);
#810=ORIENTED_EDGE('',*,*,#794,.F.);
#811=CARTESIAN_POINT('',(-7.,-4.65,0.474337997));
#812=VERTEX_POINT('',#811);
#813=CARTESIAN_POINT('',(-7.,-4.65,-105.956620031));
#814=DIRECTION('',(0.,0.,1.));
#815=VECTOR('',#814,118.356620031);
#816=LINE('',#813,#815);
#817=EDGE_CURVE('',#812,#780,#816,.T.);
#818=ORIENTED_EDGE('',*,*,#817,.F.);
#819=CARTESIAN_POINT('',(-6.5,-4.65,0.474337997));
#820=VERTEX_POINT('',#819);
#821=CARTESIAN_POINT('',(-38.5,-4.65,0.474337997));
#822=DIRECTION('',(1.,0.,-0.));
#823=VECTOR('',#822,5.);
#824=LINE('',#821,#823);
#825=EDGE_CURVE('',#812,#820,#824,.T.);
#826=ORIENTED_EDGE('',*,*,#825,.T.);
#827=CARTESIAN_POINT('',(-6.5,-4.65,12.3));
#828=VERTEX_POINT('',#827);
#829=CARTESIAN_POINT('',(-6.5,-4.65,67.65));
#830=DIRECTION('',(0.,0.,-1.));
#831=VECTOR('',#830,118.256620031);
#832=LINE('',#829,#831);
#833=EDGE_CURVE('',#828,#820,#832,.T.);
#834=ORIENTED_EDGE('',*,*,#833,.F.);
#835=CARTESIAN_POINT('',(6.5,-4.65,12.3));
#836=VERTEX_POINT('',#835);
#837=CARTESIAN_POINT('',(65.,-4.65,12.3));
#838=DIRECTION('',(-1.,0.,0.));
#839=VECTOR('',#838,130.);
#840=LINE('',#837,#839);
#841=EDGE_CURVE('',#836,#828,#840,.T.);
#842=ORIENTED_EDGE('',*,*,#841,.F.);
#843=CARTESIAN_POINT('',(6.5,-4.65,0.474337997));
#844=VERTEX_POINT('',#843);
#845=CARTESIAN_POINT('',(6.5,-4.65,-50.606620031));
#846=DIRECTION('',(0.,0.,1.));
#847=VECTOR('',#846,118.256620031);
#848=LINE('',#845,#847);
#849=EDGE_CURVE('',#844,#836,#848,.T.);
#850=ORIENTED_EDGE('',*,*,#849,.F.);
#851=CARTESIAN_POINT('',(7.,-4.65,0.474337997));
#852=VERTEX_POINT('',#851);
#853=CARTESIAN_POINT('',(33.5,-4.65,0.474337997));
#854=DIRECTION('',(1.,0.,-0.));
#855=VECTOR('',#854,5.);
#856=LINE('',#853,#855);
#857=EDGE_CURVE('',#844,#852,#856,.T.);
#858=ORIENTED_EDGE('',*,*,#857,.T.);
#859=CARTESIAN_POINT('',(7.,-4.65,12.31));
#860=VERTEX_POINT('',#859);
#861=CARTESIAN_POINT('',(7.,-4.65,12.4));
#862=DIRECTION('',(0.,0.,-1.));
#863=VECTOR('',#862,118.356620031);
#864=LINE('',#861,#863);
#865=EDGE_CURVE('',#860,#852,#864,.T.);
#866=ORIENTED_EDGE('',*,*,#865,.F.);
#867=CARTESIAN_POINT('',(6.5,-4.65,12.81));
#868=VERTEX_POINT('',#867);
#869=CARTESIAN_POINT('',(6.5,-4.65,12.31));
#870=DIRECTION('',(-0.,1.,0.));
#871=DIRECTION('',(0.707106781,0.,0.707106781));
#872=AXIS2_PLACEMENT_3D('',#869,#870,#871);
#873=CIRCLE('',#872,0.5);
#874=EDGE_CURVE('',#868,#860,#873,.T.);
#875=ORIENTED_EDGE('',*,*,#874,.F.);
#876=CARTESIAN_POINT('',(128.,-4.65,12.81));
#877=DIRECTION('',(-1.,0.,0.));
#878=VECTOR('',#877,130.);
#879=LINE('',#876,#878);
#880=EDGE_CURVE('',#868,#788,#879,.T.);
#881=ORIENTED_EDGE('',*,*,#880,.T.);
#882=EDGE_LOOP('',(#810,#818,#826,#834,#842,#850,#858,#866,#875,#881));
#883=FACE_BOUND('',#882,.T.);
#884=ADVANCED_FACE('',(#883),#809,.T.);
#885=OVER_RIDING_STYLED_ITEM('',(#74),#884,#26);
#886=CARTESIAN_POINT('',(-7.,0.575,12.3));
#887=DIRECTION('',(-1.,0.,0.));
#888=DIRECTION('',(0.,-1.,0.));
#889=AXIS2_PLACEMENT_3D('',#886,#887,#888);
#890=PLANE('',#889);
#891=ORIENTED_EDGE('',*,*,#785,.F.);
#892=CARTESIAN_POINT('',(-7.,5.8,0.474337997));
#893=VERTEX_POINT('',#892);
#894=CARTESIAN_POINT('',(-7.,5.8,12.4));
#895=DIRECTION('',(0.,0.,-1.));
#896=VECTOR('',#895,118.356620031);
#897=LINE('',#894,#896);
#898=EDGE_CURVE('',#771,#893,#897,.T.);
#899=ORIENTED_EDGE('',*,*,#898,.T.);
#900=CARTESIAN_POINT('',(-7.,0.05,0.474337997));
#901=VERTEX_POINT('',#900);
#902=CARTESIAN_POINT('',(-7.,42.25,0.474337997));
#903=DIRECTION('',(0.,-1.,0.));
#904=VECTOR('',#903,57.5);
#905=LINE('',#902,#904);
#906=EDGE_CURVE('',#893,#901,#905,.T.);
#907=ORIENTED_EDGE('',*,*,#906,.T.);
#908=CARTESIAN_POINT('',(-7.,0.05,-2.49));
#909=VERTEX_POINT('',#908);
#910=CARTESIAN_POINT('',(-7.,0.05,-46.071380524));
#911=DIRECTION('',(0.,0.,-1.));
#912=VECTOR('',#911,29.643379969);
#913=LINE('',#910,#912);
#914=EDGE_CURVE('',#901,#909,#913,.T.);
#915=ORIENTED_EDGE('',*,*,#914,.T.);
#916=CARTESIAN_POINT('',(-7.,-1.95,-2.49));
#917=VERTEX_POINT('',#916);
#918=CARTESIAN_POINT('',(-7.,-0.95,-2.49));
#919=DIRECTION('',(-1.,0.,0.));
#920=DIRECTION('',(0.,0.,-1.));
#921=AXIS2_PLACEMENT_3D('',#918,#919,#920);
#922=CIRCLE('',#921,1.);
#923=EDGE_CURVE('',#909,#917,#922,.T.);
#924=ORIENTED_EDGE('',*,*,#923,.T.);
#925=CARTESIAN_POINT('',(-7.,-1.95,0.474337997));
#926=VERTEX_POINT('',#925);
#927=CARTESIAN_POINT('',(-7.,-1.95,-75.714760493));
#928=DIRECTION('',(0.,0.,1.));
#929=VECTOR('',#928,29.643379969);
#930=LINE('',#927,#929);
#931=EDGE_CURVE('',#917,#926,#930,.T.);
#932=ORIENTED_EDGE('',*,*,#931,.T.);
#933=CARTESIAN_POINT('',(-7.,-7.2375,0.474337997));
#934=DIRECTION('',(0.,-1.,0.));
#935=VECTOR('',#934,27.);
#936=LINE('',#933,#935);
#937=EDGE_CURVE('',#926,#812,#936,.T.);
#938=ORIENTED_EDGE('',*,*,#937,.T.);
#939=ORIENTED_EDGE('',*,*,#817,.T.);
#940=EDGE_LOOP('',(#891,#899,#907,#915,#924,#932,#938,#939));
#941=FACE_BOUND('',#940,.T.);
#942=ADVANCED_FACE('',(#941),#890,.T.);
#943=OVER_RIDING_STYLED_ITEM('',(#74),#942,#26);
#944=CARTESIAN_POINT('',(0.,6.05,12.31));
#945=DIRECTION('',(1.,0.,-0.));
#946=DIRECTION('',(0.,0.707106781,0.707106781));
#947=AXIS2_PLACEMENT_3D('',#944,#945,#946);
#948=CYLINDRICAL_SURFACE('',#947,0.5);
#949=CARTESIAN_POINT('',(6.,6.05,12.81));
#950=VERTEX_POINT('',#949);
#951=CARTESIAN_POINT('',(6.,6.55,12.31));
#952=VERTEX_POINT('',#951);
#953=CARTESIAN_POINT('',(6.,6.05,12.31));
#954=DIRECTION('',(-1.,0.,0.));
#955=DIRECTION('',(0.,0.707106781,0.707106781));
#956=AXIS2_PLACEMENT_3D('',#953,#954,#955);
#957=CIRCLE('',#956,0.5);
#958=EDGE_CURVE('',#950,#952,#957,.T.);
#959=ORIENTED_EDGE('',*,*,#958,.T.);
#960=CARTESIAN_POINT('',(-6.,6.55,12.31));
#961=VERTEX_POINT('',#960);
#962=CARTESIAN_POINT('',(60.,6.55,12.31));
#963=DIRECTION('',(-1.,0.,0.));
#964=VECTOR('',#963,120.);
#965=LINE('',#962,#964);
#966=EDGE_CURVE('',#952,#961,#965,.T.);
#967=ORIENTED_EDGE('',*,*,#966,.T.);
#968=CARTESIAN_POINT('',(-6.,6.05,12.81));
#969=VERTEX_POINT('',#968);
#970=CARTESIAN_POINT('',(-6.,6.05,12.31));
#971=DIRECTION('',(1.,0.,-0.));
#972=DIRECTION('',(0.,0.707106781,0.707106781));
#973=AXIS2_PLACEMENT_3D('',#970,#971,#972);
#974=CIRCLE('',#973,0.5);
#975=EDGE_CURVE('',#961,#969,#974,.T.);
#976=ORIENTED_EDGE('',*,*,#975,.T.);
#977=CARTESIAN_POINT('',(-60.,6.05,12.81));
#978=DIRECTION('',(1.,0.,-0.));
#979=VECTOR('',#978,120.);
#980=LINE('',#977,#979);
#981=EDGE_CURVE('',#969,#950,#980,.T.);
#982=ORIENTED_EDGE('',*,*,#981,.T.);
#983=EDGE_LOOP('',(#959,#967,#976,#982));
#984=FACE_BOUND('',#983,.T.);
#985=ADVANCED_FACE('',(#984),#948,.T.);
#986=CARTESIAN_POINT('',(-6.,6.175,12.3));
#987=DIRECTION('',(-1.,0.,0.));
#988=DIRECTION('',(0.,-1.,0.));
#989=AXIS2_PLACEMENT_3D('',#986,#987,#988);
#990=PLANE('',#989);
#991=ORIENTED_EDGE('',*,*,#975,.F.);
#992=CARTESIAN_POINT('',(-6.,6.55,4.936563253));
#993=VERTEX_POINT('',#992);
#994=CARTESIAN_POINT('',(-6.,6.55,12.4));
#995=DIRECTION('',(0.,0.,-1.));
#996=VECTOR('',#995,73.734367471);
#997=LINE('',#994,#996);
#998=EDGE_CURVE('',#961,#993,#997,.T.);
#999=ORIENTED_EDGE('',*,*,#998,.T.);
#1000=CARTESIAN_POINT('',(-6.,6.05,4.936563253));
#1001=VERTEX_POINT('',#1000);
#1002=CARTESIAN_POINT('',(-6.,7.9675,4.936563253));
#1003=DIRECTION('',(0.,-1.,0.));
#1004=VECTOR('',#1003,5.);
#1005=LINE('',#1002,#1004);
#1006=EDGE_CURVE('',#993,#1001,#1005,.T.);
#1007=ORIENTED_EDGE('',*,*,#1006,.T.);
#1008=CARTESIAN_POINT('',(-6.,6.05,12.3));
#1009=VERTEX_POINT('',#1008);
#1010=CARTESIAN_POINT('',(-6.,6.05,12.3));
#1011=DIRECTION('',(0.,0.,-1.));
#1012=VECTOR('',#1011,73.634367471);
#1013=LINE('',#1010,#1012);
#1014=EDGE_CURVE('',#1009,#1001,#1013,.T.);
#1015=ORIENTED_EDGE('',*,*,#1014,.F.);
#1016=CARTESIAN_POINT('',(-6.,6.,12.3));
#1017=VERTEX_POINT('',#1016);
#1018=CARTESIAN_POINT('',(-6.,1.55,12.3));
#1019=DIRECTION('',(0.,-1.,0.));
#1020=VECTOR('',#1019,0.5);
#1021=LINE('',#1018,#1020);
#1022=EDGE_CURVE('',#1009,#1017,#1021,.T.);
#1023=ORIENTED_EDGE('',*,*,#1022,.T.);
#1024=CARTESIAN_POINT('',(-6.,5.8,12.3));
#1025=VERTEX_POINT('',#1024);
#1026=CARTESIAN_POINT('',(-6.,27.2875,12.3));
#1027=DIRECTION('',(0.,1.,0.));
#1028=VECTOR('',#1027,2.);
#1029=LINE('',#1026,#1028);
#1030=EDGE_CURVE('',#1025,#1017,#1029,.T.);
#1031=ORIENTED_EDGE('',*,*,#1030,.F.);
#1032=CARTESIAN_POINT('',(-6.,5.8,12.81));
#1033=VERTEX_POINT('',#1032);
#1034=CARTESIAN_POINT('',(-6.,5.8,12.3));
#1035=DIRECTION('',(0.,0.,1.));
#1036=VECTOR('',#1035,5.1);
#1037=LINE('',#1034,#1036);
#1038=EDGE_CURVE('',#1025,#1033,#1037,.T.);
#1039=ORIENTED_EDGE('',*,*,#1038,.T.);
#1040=CARTESIAN_POINT('',(-6.,-0.95,12.81));
#1041=DIRECTION('',(0.,1.,0.));
#1042=VECTOR('',#1041,2.5);
#1043=LINE('',#1040,#1042);
#1044=EDGE_CURVE('',#1033,#969,#1043,.T.);
#1045=ORIENTED_EDGE('',*,*,#1044,.T.);
#1046=EDGE_LOOP('',(#991,#999,#1007,#1015,#1023,#1031,#1039,#1045));
#1047=FACE_BOUND('',#1046,.T.);
#1048=ADVANCED_FACE('',(#1047),#990,.T.);
#1049=OVER_RIDING_STYLED_ITEM('',(#74),#1048,#26);
#1050=CARTESIAN_POINT('',(0.,6.55,12.3));
#1051=DIRECTION('',(0.,1.,0.));
#1052=DIRECTION('',(-1.,0.,0.));
#1053=AXIS2_PLACEMENT_3D('',#1050,#1051,#1052);
#1054=PLANE('',#1053);
#1055=ORIENTED_EDGE('',*,*,#966,.F.);
#1056=CARTESIAN_POINT('',(6.,6.55,4.936563253));
#1057=VERTEX_POINT('',#1056);
#1058=CARTESIAN_POINT('',(6.,6.55,12.4));
#1059=DIRECTION('',(0.,0.,-1.));
#1060=VECTOR('',#1059,73.734367471);
#1061=LINE('',#1058,#1060);
#1062=EDGE_CURVE('',#952,#1057,#1061,.T.);
#1063=ORIENTED_EDGE('',*,*,#1062,.T.);
#1064=CARTESIAN_POINT('',(4.,6.55,4.936563253));
#1065=VERTEX_POINT('',#1064);
#1066=CARTESIAN_POINT('',(37.0275,6.55,4.936563253));
#1067=DIRECTION('',(-1.,0.,0.));
#1068=VECTOR('',#1067,20.);
#1069=LINE('',#1066,#1068);
#1070=EDGE_CURVE('',#1057,#1065,#1069,.T.);
#1071=ORIENTED_EDGE('',*,*,#1070,.T.);
#1072=CARTESIAN_POINT('',(3.5,6.55,4.436563253));
#1073=VERTEX_POINT('',#1072);
#1074=CARTESIAN_POINT('',(4.,6.55,4.436563253));
#1075=DIRECTION('',(0.,-1.,0.));
#1076=DIRECTION('',(1.,0.,0.));
#1077=AXIS2_PLACEMENT_3D('',#1074,#1075,#1076);
#1078=CIRCLE('',#1077,0.5);
#1079=EDGE_CURVE('',#1065,#1073,#1078,.T.);
#1080=ORIENTED_EDGE('',*,*,#1079,.T.);
#1081=CARTESIAN_POINT('',(3.5,6.55,1.5));
#1082=VERTEX_POINT('',#1081);
#1083=CARTESIAN_POINT('',(3.5,6.55,-24.34163479));
#1084=DIRECTION('',(0.,0.,-1.));
#1085=VECTOR('',#1084,29.365632529);
#1086=LINE('',#1083,#1085);
#1087=EDGE_CURVE('',#1073,#1082,#1086,.T.);
#1088=ORIENTED_EDGE('',*,*,#1087,.T.);
#1089=CARTESIAN_POINT('',(2.5,6.55,0.5));
#1090=VERTEX_POINT('',#1089);
#1091=CARTESIAN_POINT('',(2.5,6.55,1.5));
#1092=DIRECTION('',(-0.,1.,0.));
#1093=DIRECTION('',(1.,0.,0.));
#1094=AXIS2_PLACEMENT_3D('',#1091,#1092,#1093);
#1095=CIRCLE('',#1094,1.);
#1096=EDGE_CURVE('',#1082,#1090,#1095,.T.);
#1097=ORIENTED_EDGE('',*,*,#1096,.T.);
#1098=CARTESIAN_POINT('',(-2.5,6.55,0.5));
#1099=VERTEX_POINT('',#1098);
#1100=CARTESIAN_POINT('',(25.,6.55,0.5));
#1101=DIRECTION('',(-1.,0.,-0.));
#1102=VECTOR('',#1101,50.);
#1103=LINE('',#1100,#1102);
#1104=EDGE_CURVE('',#1090,#1099,#1103,.T.);
#1105=ORIENTED_EDGE('',*,*,#1104,.T.);
#1106=CARTESIAN_POINT('',(-3.5,6.55,1.5));
#1107=VERTEX_POINT('',#1106);
#1108=CARTESIAN_POINT('',(-2.5,6.55,1.5));
#1109=DIRECTION('',(-0.,1.,0.));
#1110=DIRECTION('',(1.,0.,0.));
#1111=AXIS2_PLACEMENT_3D('',#1108,#1109,#1110);
#1112=CIRCLE('',#1111,1.);
#1113=EDGE_CURVE('',#1099,#1107,#1112,.T.);
#1114=ORIENTED_EDGE('',*,*,#1113,.T.);
#1115=CARTESIAN_POINT('',(-3.5,6.55,4.436563253));
#1116=VERTEX_POINT('',#1115);
#1117=CARTESIAN_POINT('',(-3.5,6.55,-53.707267319));
#1118=DIRECTION('',(0.,0.,1.));
#1119=VECTOR('',#1118,29.365632529);
#1120=LINE('',#1117,#1119);
#1121=EDGE_CURVE('',#1107,#1116,#1120,.T.);
#1122=ORIENTED_EDGE('',*,*,#1121,.T.);
#1123=CARTESIAN_POINT('',(-4.,6.55,4.936563253));
#1124=VERTEX_POINT('',#1123);
#1125=CARTESIAN_POINT('',(-4.,6.55,4.436563253));
#1126=DIRECTION('',(0.,-1.,0.));
#1127=DIRECTION('',(1.,0.,0.));
#1128=AXIS2_PLACEMENT_3D('',#1125,#1126,#1127);
#1129=CIRCLE('',#1128,0.5);
#1130=EDGE_CURVE('',#1116,#1124,#1129,.T.);
#1131=ORIENTED_EDGE('',*,*,#1130,.T.);
#1132=CARTESIAN_POINT('',(-17.0275,6.55,4.936563253));
#1133=DIRECTION('',(-1.,0.,0.));
#1134=VECTOR('',#1133,20.);
#1135=LINE('',#1132,#1134);
#1136=EDGE_CURVE('',#1124,#993,#1135,.T.);
#1137=ORIENTED_EDGE('',*,*,#1136,.T.);
#1138=ORIENTED_EDGE('',*,*,#998,.F.);
#1139=EDGE_LOOP('',(#1055,#1063,#1071,#1080,#1088,#1097,#1105,#1114,#1122,#1131,#1137,#1138));
#1140=FACE_BOUND('',#1139,.T.);
#1141=ADVANCED_FACE('',(#1140),#1054,.T.);
#1142=OVER_RIDING_STYLED_ITEM('',(#74),#1141,#26);
#1143=CARTESIAN_POINT('',(6.5,0.747619048,12.31));
#1144=DIRECTION('',(-0.,-1.,0.));
#1145=DIRECTION('',(0.707106781,0.,0.707106781));
#1146=AXIS2_PLACEMENT_3D('',#1143,#1144,#1145);
#1147=CYLINDRICAL_SURFACE('',#1146,0.5);
#1148=ORIENTED_EDGE('',*,*,#874,.T.);
#1149=CARTESIAN_POINT('',(7.,5.8,12.31));
#1150=VERTEX_POINT('',#1149);
#1151=CARTESIAN_POINT('',(7.,-53.228571429,12.31));
#1152=DIRECTION('',(0.,1.,-0.));
#1153=VECTOR('',#1152,104.5);
#1154=LINE('',#1151,#1153);
#1155=EDGE_CURVE('',#860,#1150,#1154,.T.);
#1156=ORIENTED_EDGE('',*,*,#1155,.T.);
#1157=CARTESIAN_POINT('',(6.5,5.8,12.81));
#1158=VERTEX_POINT('',#1157);
#1159=CARTESIAN_POINT('',(6.5,5.8,12.31));
#1160=DIRECTION('',(0.,-1.,0.));
#1161=DIRECTION('',(0.707106781,0.,0.707106781));
#1162=AXIS2_PLACEMENT_3D('',#1159,#1160,#1161);
#1163=CIRCLE('',#1162,0.5);
#1164=EDGE_CURVE('',#1150,#1158,#1163,.T.);
#1165=ORIENTED_EDGE('',*,*,#1164,.T.);
#1166=CARTESIAN_POINT('',(6.5,51.271428571,12.81));
#1167=DIRECTION('',(0.,-1.,0.));
#1168=VECTOR('',#1167,104.5);
#1169=LINE('',#1166,#1168);
#1170=EDGE_CURVE('',#1158,#868,#1169,.T.);
#1171=ORIENTED_EDGE('',*,*,#1170,.T.);
#1172=EDGE_LOOP('',(#1148,#1156,#1165,#1171));
#1173=FACE_BOUND('',#1172,.T.);
#1174=ADVANCED_FACE('',(#1173),#1147,.T.);
#1175=CARTESIAN_POINT('',(6.5,5.8,12.3));
#1176=DIRECTION('',(0.,1.,0.));
#1177=DIRECTION('',(-1.,0.,0.));
#1178=AXIS2_PLACEMENT_3D('',#1175,#1176,#1177);
#1179=PLANE('',#1178);
#1180=ORIENTED_EDGE('',*,*,#1164,.F.);
#1181=CARTESIAN_POINT('',(7.,5.8,0.474337997));
#1182=VERTEX_POINT('',#1181);
#1183=CARTESIAN_POINT('',(7.,5.8,12.4));
#1184=DIRECTION('',(0.,0.,-1.));
#1185=VECTOR('',#1184,118.356620031);
#1186=LINE('',#1183,#1185);
#1187=EDGE_CURVE('',#1150,#1182,#1186,.T.);
#1188=ORIENTED_EDGE('',*,*,#1187,.T.);
#1189=CARTESIAN_POINT('',(6.5,5.8,0.474337997));
#1190=VERTEX_POINT('',#1189);
#1191=CARTESIAN_POINT('',(9.25,5.8,0.474337997));
#1192=DIRECTION('',(-1.,0.,0.));
#1193=VECTOR('',#1192,5.);
#1194=LINE('',#1191,#1193);
#1195=EDGE_CURVE('',#1182,#1190,#1194,.T.);
#1196=ORIENTED_EDGE('',*,*,#1195,.T.);
#1197=CARTESIAN_POINT('',(6.5,5.8,12.3));
#1198=VERTEX_POINT('',#1197);
#1199=CARTESIAN_POINT('',(6.5,5.8,67.65));
#1200=DIRECTION('',(0.,0.,-1.));
#1201=VECTOR('',#1200,118.256620031);
#1202=LINE('',#1199,#1201);
#1203=EDGE_CURVE('',#1198,#1190,#1202,.T.);
#1204=ORIENTED_EDGE('',*,*,#1203,.F.);
#1205=CARTESIAN_POINT('',(6.,5.8,12.3));
#1206=VERTEX_POINT('',#1205);
#1207=CARTESIAN_POINT('',(30.75,5.8,12.3));
#1208=DIRECTION('',(1.,0.,-0.));
#1209=VECTOR('',#1208,5.);
#1210=LINE('',#1207,#1209);
#1211=EDGE_CURVE('',#1206,#1198,#1210,.T.);
#1212=ORIENTED_EDGE('',*,*,#1211,.F.);
#1213=CARTESIAN_POINT('',(6.,5.8,12.81));
#1214=VERTEX_POINT('',#1213);
#1215=CARTESIAN_POINT('',(6.,5.8,12.3));
#1216=DIRECTION('',(0.,0.,1.));
#1217=VECTOR('',#1216,5.1);
#1218=LINE('',#1215,#1217);
#1219=EDGE_CURVE('',#1206,#1214,#1218,.T.);
#1220=ORIENTED_EDGE('',*,*,#1219,.T.);
#1221=CARTESIAN_POINT('',(-3.,5.8,12.81));
#1222=DIRECTION('',(1.,0.,-0.));
#1223=VECTOR('',#1222,5.);
#1224=LINE('',#1221,#1223);
#1225=EDGE_CURVE('',#1214,#1158,#1224,.T.);
#1226=ORIENTED_EDGE('',*,*,#1225,.T.);
#1227=EDGE_LOOP('',(#1180,#1188,#1196,#1204,#1212,#1220,#1226));
#1228=FACE_BOUND('',#1227,.T.);
#1229=ADVANCED_FACE('',(#1228),#1179,.T.);
#1230=OVER_RIDING_STYLED_ITEM('',(#74),#1229,#26);
#1231=CARTESIAN_POINT('',(7.,0.575,12.3));
#1232=DIRECTION('',(1.,0.,0.));
#1233=DIRECTION('',(0.,1.,0.));
#1234=AXIS2_PLACEMENT_3D('',#1231,#1232,#1233);
#1235=PLANE('',#1234);
#1236=ORIENTED_EDGE('',*,*,#1155,.F.);
#1237=ORIENTED_EDGE('',*,*,#865,.T.);
#1238=CARTESIAN_POINT('',(7.,-1.95,0.474337997));
#1239=VERTEX_POINT('',#1238);
#1240=CARTESIAN_POINT('',(7.,-34.2375,0.474337997));
#1241=DIRECTION('',(0.,1.,0.));
#1242=VECTOR('',#1241,27.);
#1243=LINE('',#1240,#1242);
#1244=EDGE_CURVE('',#852,#1239,#1243,.T.);
#1245=ORIENTED_EDGE('',*,*,#1244,.T.);
#1246=CARTESIAN_POINT('',(7.,-1.95,-2.49));
#1247=VERTEX_POINT('',#1246);
#1248=CARTESIAN_POINT('',(7.,-1.95,-46.071380524));
#1249=DIRECTION('',(0.,0.,-1.));
#1250=VECTOR('',#1249,29.643379969);
#1251=LINE('',#1248,#1250);
#1252=EDGE_CURVE('',#1239,#1247,#1251,.T.);
#1253=ORIENTED_EDGE('',*,*,#1252,.T.);
#1254=CARTESIAN_POINT('',(7.,0.05,-2.49));
#1255=VERTEX_POINT('',#1254);
#1256=CARTESIAN_POINT('',(7.,-0.95,-2.49));
#1257=DIRECTION('',(1.,0.,0.));
#1258=DIRECTION('',(0.,0.,-1.));
#1259=AXIS2_PLACEMENT_3D('',#1256,#1257,#1258);
#1260=CIRCLE('',#1259,1.);
#1261=EDGE_CURVE('',#1247,#1255,#1260,.T.);
#1262=ORIENTED_EDGE('',*,*,#1261,.T.);
#1263=CARTESIAN_POINT('',(7.,0.05,0.474337997));
#1264=VERTEX_POINT('',#1263);
#1265=CARTESIAN_POINT('',(7.,0.05,-75.714760493));
#1266=DIRECTION('',(0.,-0.,1.));
#1267=VECTOR('',#1266,29.643379969);
#1268=LINE('',#1265,#1267);
#1269=EDGE_CURVE('',#1255,#1264,#1268,.T.);
#1270=ORIENTED_EDGE('',*,*,#1269,.T.);
#1271=CARTESIAN_POINT('',(7.,-15.25,0.474337997));
#1272=DIRECTION('',(0.,1.,0.));
#1273=VECTOR('',#1272,57.5);
#1274=LINE('',#1271,#1273);
#1275=EDGE_CURVE('',#1264,#1182,#1274,.T.);
#1276=ORIENTED_EDGE('',*,*,#1275,.T.);
#1277=ORIENTED_EDGE('',*,*,#1187,.F.);
#1278=EDGE_LOOP('',(#1236,#1237,#1245,#1253,#1262,#1270,#1276,#1277));
#1279=FACE_BOUND('',#1278,.T.);
#1280=ADVANCED_FACE('',(#1279),#1235,.T.);
#1281=OVER_RIDING_STYLED_ITEM('',(#74),#1280,#26);
#1282=CARTESIAN_POINT('',(-7.,-1.95,-1.007831002));
#1283=DIRECTION('',(0.,1.,0.));
#1284=DIRECTION('',(0.,0.,1.));
#1285=AXIS2_PLACEMENT_3D('',#1282,#1283,#1284);
#1286=PLANE('',#1285);
#1287=CARTESIAN_POINT('',(-6.5,-1.95,0.474337997));
#1288=VERTEX_POINT('',#1287);
#1289=CARTESIAN_POINT('',(-6.5,-1.95,9.278619476));
#1290=DIRECTION('',(0.,0.,-1.));
#1291=VECTOR('',#1290,4.743379969);
#1292=LINE('',#1289,#1291);
#1293=EDGE_CURVE('',#1288,#649,#1292,.T.);
#1294=ORIENTED_EDGE('',*,*,#1293,.F.);
#1295=CARTESIAN_POINT('',(-7.,-1.95,0.474337997));
#1296=DIRECTION('',(1.,0.,-0.));
#1297=VECTOR('',#1296,5.);
#1298=LINE('',#1295,#1297);
#1299=EDGE_CURVE('',#926,#1288,#1298,.T.);
#1300=ORIENTED_EDGE('',*,*,#1299,.F.);
#1301=ORIENTED_EDGE('',*,*,#931,.F.);
#1302=CARTESIAN_POINT('',(-6.5,-1.95,-2.49));
#1303=VERTEX_POINT('',#1302);
#1304=CARTESIAN_POINT('',(-7.,-1.95,-2.49));
#1305=DIRECTION('',(1.,0.,-0.));
#1306=VECTOR('',#1305,5.);
#1307=LINE('',#1304,#1306);
#1308=EDGE_CURVE('',#917,#1303,#1307,.T.);
#1309=ORIENTED_EDGE('',*,*,#1308,.T.);
#1310=CARTESIAN_POINT('',(-6.5,-1.95,-50.814760493));
#1311=DIRECTION('',(0.,0.,-1.));
#1312=VECTOR('',#1311,24.9);
#1313=LINE('',#1310,#1312);
#1314=EDGE_CURVE('',#649,#1303,#1313,.T.);
#1315=ORIENTED_EDGE('',*,*,#1314,.F.);
#1316=EDGE_LOOP('',(#1294,#1300,#1301,#1309,#1315));
#1317=FACE_BOUND('',#1316,.T.);
#1318=ADVANCED_FACE('',(#1317),#1286,.F.);
#1319=CARTESIAN_POINT('',(-7.,-0.95,-2.49));
#1320=DIRECTION('',(1.,0.,0.));
#1321=DIRECTION('',(0.,0.,-1.));
#1322=AXIS2_PLACEMENT_3D('',#1319,#1320,#1321);
#1323=CYLINDRICAL_SURFACE('',#1322,1.);
#1324=CARTESIAN_POINT('',(-6.5,0.05,-2.49));
#1325=VERTEX_POINT('',#1324);
#1326=CARTESIAN_POINT('',(-6.5,-0.95,-2.49));
#1327=DIRECTION('',(1.,0.,0.));
#1328=DIRECTION('',(0.,0.,-1.));
#1329=AXIS2_PLACEMENT_3D('',#1326,#1327,#1328);
#1330=CIRCLE('',#1329,1.);
#1331=EDGE_CURVE('',#1303,#1325,#1330,.T.);
#1332=ORIENTED_EDGE('',*,*,#1331,.F.);
#1333=ORIENTED_EDGE('',*,*,#1308,.F.);
#1334=ORIENTED_EDGE('',*,*,#923,.F.);
#1335=CARTESIAN_POINT('',(-7.,0.05,-2.49));
#1336=DIRECTION('',(1.,0.,-0.));
#1337=VECTOR('',#1336,5.);
#1338=LINE('',#1335,#1337);
#1339=EDGE_CURVE('',#909,#1325,#1338,.T.);
#1340=ORIENTED_EDGE('',*,*,#1339,.T.);
#1341=EDGE_LOOP('',(#1332,#1333,#1334,#1340));
#1342=FACE_BOUND('',#1341,.T.);
#1343=ADVANCED_FACE('',(#1342),#1323,.T.);
#1344=CARTESIAN_POINT('',(-7.,0.05,-1.007831002));
#1345=DIRECTION('',(0.,-1.,-0.));
#1346=DIRECTION('',(0.,0.,-1.));
#1347=AXIS2_PLACEMENT_3D('',#1344,#1345,#1346);
#1348=PLANE('',#1347);
#1349=CARTESIAN_POINT('',(-6.5,0.05,-75.714760493));
#1350=DIRECTION('',(0.,-0.,1.));
#1351=VECTOR('',#1350,24.9);
#1352=LINE('',#1349,#1351);
#1353=EDGE_CURVE('',#1325,#657,#1352,.T.);
#1354=ORIENTED_EDGE('',*,*,#1353,.F.);
#1355=ORIENTED_EDGE('',*,*,#1339,.F.);
#1356=ORIENTED_EDGE('',*,*,#914,.F.);
#1357=CARTESIAN_POINT('',(-6.5,0.05,0.474337997));
#1358=VERTEX_POINT('',#1357);
#1359=CARTESIAN_POINT('',(-7.,0.05,0.474337997));
#1360=DIRECTION('',(1.,0.,-0.));
#1361=VECTOR('',#1360,5.);
#1362=LINE('',#1359,#1361);
#1363=EDGE_CURVE('',#901,#1358,#1362,.T.);
#1364=ORIENTED_EDGE('',*,*,#1363,.T.);
#1365=CARTESIAN_POINT('',(-6.5,0.05,4.535239507));
#1366=DIRECTION('',(0.,-0.,1.));
#1367=VECTOR('',#1366,4.743379969);
#1368=LINE('',#1365,#1367);
#1369=EDGE_CURVE('',#657,#1358,#1368,.T.);
#1370=ORIENTED_EDGE('',*,*,#1369,.F.);
#1371=EDGE_LOOP('',(#1354,#1355,#1356,#1364,#1370));
#1372=FACE_BOUND('',#1371,.T.);
#1373=ADVANCED_FACE('',(#1372),#1348,.F.);
#1374=CARTESIAN_POINT('',(-7.,2.925,0.474337997));
#1375=DIRECTION('',(0.,0.,1.));
#1376=DIRECTION('',(0.,-1.,0.));
#1377=AXIS2_PLACEMENT_3D('',#1374,#1375,#1376);
#1378=PLANE('',#1377);
#1379=CARTESIAN_POINT('',(-6.5,5.8,0.474337997));
#1380=VERTEX_POINT('',#1379);
#1381=CARTESIAN_POINT('',(-6.5,-12.6625,0.474337997));
#1382=DIRECTION('',(0.,1.,0.));
#1383=VECTOR('',#1382,57.5);
#1384=LINE('',#1381,#1383);
#1385=EDGE_CURVE('',#1358,#1380,#1384,.T.);
#1386=ORIENTED_EDGE('',*,*,#1385,.F.);
#1387=ORIENTED_EDGE('',*,*,#1363,.F.);
#1388=ORIENTED_EDGE('',*,*,#906,.F.);
#1389=CARTESIAN_POINT('',(-4.25,5.8,0.474337997));
#1390=DIRECTION('',(-1.,0.,0.));
#1391=VECTOR('',#1390,5.);
#1392=LINE('',#1389,#1391);
#1393=EDGE_CURVE('',#1380,#893,#1392,.T.);
#1394=ORIENTED_EDGE('',*,*,#1393,.F.);
#1395=EDGE_LOOP('',(#1386,#1387,#1388,#1394));
#1396=FACE_BOUND('',#1395,.T.);
#1397=ADVANCED_FACE('',(#1396),#1378,.F.);
#1398=CARTESIAN_POINT('',(-7.,-3.3,0.474337997));
#1399=DIRECTION('',(0.,0.,1.));
#1400=DIRECTION('',(0.,-1.,0.));
#1401=AXIS2_PLACEMENT_3D('',#1398,#1399,#1400);
#1402=PLANE('',#1401);
#1403=CARTESIAN_POINT('',(-6.5,-31.65,0.474337997));
#1404=DIRECTION('',(0.,1.,0.));
#1405=VECTOR('',#1404,27.);
#1406=LINE('',#1403,#1405);
#1407=EDGE_CURVE('',#820,#1288,#1406,.T.);
#1408=ORIENTED_EDGE('',*,*,#1407,.F.);
#1409=ORIENTED_EDGE('',*,*,#825,.F.);
#1410=ORIENTED_EDGE('',*,*,#937,.F.);
#1411=ORIENTED_EDGE('',*,*,#1299,.T.);
#1412=EDGE_LOOP('',(#1408,#1409,#1410,#1411));
#1413=FACE_BOUND('',#1412,.T.);
#1414=ADVANCED_FACE('',(#1413),#1402,.F.);
#1415=CARTESIAN_POINT('',(-6.5,0.575,12.3));
#1416=DIRECTION('',(1.,0.,0.));
#1417=DIRECTION('',(0.,-1.,0.));
#1418=AXIS2_PLACEMENT_3D('',#1415,#1416,#1417);
#1419=PLANE('',#1418);
#1420=ORIENTED_EDGE('',*,*,#1314,.T.);
#1421=ORIENTED_EDGE('',*,*,#1331,.T.);
#1422=ORIENTED_EDGE('',*,*,#1353,.T.);
#1423=ORIENTED_EDGE('',*,*,#662,.T.);
#1424=EDGE_LOOP('',(#1420,#1421,#1422,#1423));
#1425=FACE_BOUND('',#1424,.T.);
#1426=ADVANCED_FACE('',(#1425),#1419,.T.);
#1427=CARTESIAN_POINT('',(7.,2.925,0.474337997));
#1428=DIRECTION('',(0.,0.,1.));
#1429=DIRECTION('',(0.,1.,0.));
#1430=AXIS2_PLACEMENT_3D('',#1427,#1428,#1429);
#1431=PLANE('',#1430);
#1432=CARTESIAN_POINT('',(6.5,0.05,0.474337997));
#1433=VERTEX_POINT('',#1432);
#1434=CARTESIAN_POINT('',(6.5,42.25,0.474337997));
#1435=DIRECTION('',(0.,-1.,0.));
#1436=VECTOR('',#1435,57.5);
#1437=LINE('',#1434,#1436);
#1438=EDGE_CURVE('',#1190,#1433,#1437,.T.);
#1439=ORIENTED_EDGE('',*,*,#1438,.F.);
#1440=ORIENTED_EDGE('',*,*,#1195,.F.);
#1441=ORIENTED_EDGE('',*,*,#1275,.F.);
#1442=CARTESIAN_POINT('',(7.,0.05,0.474337997));
#1443=DIRECTION('',(-1.,0.,0.));
#1444=VECTOR('',#1443,5.);
#1445=LINE('',#1442,#1444);
#1446=EDGE_CURVE('',#1264,#1433,#1445,.T.);
#1447=ORIENTED_EDGE('',*,*,#1446,.T.);
#1448=EDGE_LOOP('',(#1439,#1440,#1441,#1447));
#1449=FACE_BOUND('',#1448,.T.);
#1450=ADVANCED_FACE('',(#1449),#1431,.F.);
#1451=CARTESIAN_POINT('',(7.,0.05,-1.007831002));
#1452=DIRECTION('',(0.,-1.,-0.));
#1453=DIRECTION('',(0.,-0.,1.));
#1454=AXIS2_PLACEMENT_3D('',#1451,#1452,#1453);
#1455=PLANE('',#1454);
#1456=CARTESIAN_POINT('',(6.5,0.05,-46.071380524));
#1457=DIRECTION('',(0.,0.,-1.));
#1458=VECTOR('',#1457,4.743379969);
#1459=LINE('',#1456,#1458);
#1460=EDGE_CURVE('',#1433,#681,#1459,.T.);
#1461=ORIENTED_EDGE('',*,*,#1460,.F.);
#1462=ORIENTED_EDGE('',*,*,#1446,.F.);
#1463=ORIENTED_EDGE('',*,*,#1269,.F.);
#1464=CARTESIAN_POINT('',(6.5,0.05,-2.49));
#1465=VERTEX_POINT('',#1464);
#1466=CARTESIAN_POINT('',(7.,0.05,-2.49));
#1467=DIRECTION('',(-1.,0.,0.));
#1468=VECTOR('',#1467,5.);
#1469=LINE('',#1466,#1468);
#1470=EDGE_CURVE('',#1255,#1465,#1469,.T.);
#1471=ORIENTED_EDGE('',*,*,#1470,.T.);
#1472=CARTESIAN_POINT('',(6.5,0.05,-50.814760493));
#1473=DIRECTION('',(0.,0.,-1.));
#1474=VECTOR('',#1473,24.9);
#1475=LINE('',#1472,#1474);
#1476=EDGE_CURVE('',#681,#1465,#1475,.T.);
#1477=ORIENTED_EDGE('',*,*,#1476,.F.);
#1478=EDGE_LOOP('',(#1461,#1462,#1463,#1471,#1477));
#1479=FACE_BOUND('',#1478,.T.);
#1480=ADVANCED_FACE('',(#1479),#1455,.F.);
#1481=CARTESIAN_POINT('',(7.,-0.95,-2.49));
#1482=DIRECTION('',(-1.,0.,0.));
#1483=DIRECTION('',(0.,0.,-1.));
#1484=AXIS2_PLACEMENT_3D('',#1481,#1482,#1483);
#1485=CYLINDRICAL_SURFACE('',#1484,1.);
#1486=CARTESIAN_POINT('',(6.5,-1.95,-2.49));
#1487=VERTEX_POINT('',#1486);
#1488=CARTESIAN_POINT('',(6.5,-0.95,-2.49));
#1489=DIRECTION('',(-1.,0.,0.));
#1490=DIRECTION('',(0.,0.,-1.));
#1491=AXIS2_PLACEMENT_3D('',#1488,#1489,#1490);
#1492=CIRCLE('',#1491,1.);
#1493=EDGE_CURVE('',#1465,#1487,#1492,.T.);
#1494=ORIENTED_EDGE('',*,*,#1493,.F.);
#1495=ORIENTED_EDGE('',*,*,#1470,.F.);
#1496=ORIENTED_EDGE('',*,*,#1261,.F.);
#1497=CARTESIAN_POINT('',(7.,-1.95,-2.49));
#1498=DIRECTION('',(-1.,0.,0.));
#1499=VECTOR('',#1498,5.);
#1500=LINE('',#1497,#1499);
#1501=EDGE_CURVE('',#1247,#1487,#1500,.T.);
#1502=ORIENTED_EDGE('',*,*,#1501,.T.);
#1503=EDGE_LOOP('',(#1494,#1495,#1496,#1502));
#1504=FACE_BOUND('',#1503,.T.);
#1505=ADVANCED_FACE('',(#1504),#1485,.T.);
#1506=CARTESIAN_POINT('',(7.,-1.95,-1.007831002));
#1507=DIRECTION('',(0.,1.,0.));
#1508=DIRECTION('',(0.,0.,-1.));
#1509=AXIS2_PLACEMENT_3D('',#1506,#1507,#1508);
#1510=PLANE('',#1509);
#1511=CARTESIAN_POINT('',(6.5,-1.95,-75.714760493));
#1512=DIRECTION('',(0.,0.,1.));
#1513=VECTOR('',#1512,24.9);
#1514=LINE('',#1511,#1513);
#1515=EDGE_CURVE('',#1487,#689,#1514,.T.);
#1516=ORIENTED_EDGE('',*,*,#1515,.F.);
#1517=ORIENTED_EDGE('',*,*,#1501,.F.);
#1518=ORIENTED_EDGE('',*,*,#1252,.F.);
#1519=CARTESIAN_POINT('',(6.5,-1.95,0.474337997));
#1520=VERTEX_POINT('',#1519);
#1521=CARTESIAN_POINT('',(7.,-1.95,0.474337997));
#1522=DIRECTION('',(-1.,0.,0.));
#1523=VECTOR('',#1522,5.);
#1524=LINE('',#1521,#1523);
#1525=EDGE_CURVE('',#1239,#1520,#1524,.T.);
#1526=ORIENTED_EDGE('',*,*,#1525,.T.);
#1527=CARTESIAN_POINT('',(6.5,-1.95,-50.814760493));
#1528=DIRECTION('',(0.,0.,1.));
#1529=VECTOR('',#1528,4.743379969);
#1530=LINE('',#1527,#1529);
#1531=EDGE_CURVE('',#689,#1520,#1530,.T.);
#1532=ORIENTED_EDGE('',*,*,#1531,.F.);
#1533=EDGE_LOOP('',(#1516,#1517,#1518,#1526,#1532));
#1534=FACE_BOUND('',#1533,.T.);
#1535=ADVANCED_FACE('',(#1534),#1510,.F.);
#1536=CARTESIAN_POINT('',(7.,-3.3,0.474337997));
#1537=DIRECTION('',(0.,0.,1.));
#1538=DIRECTION('',(0.,1.,0.));
#1539=AXIS2_PLACEMENT_3D('',#1536,#1537,#1538);
#1540=PLANE('',#1539);
#1541=CARTESIAN_POINT('',(6.5,-7.2375,0.474337997));
#1542=DIRECTION('',(0.,-1.,0.));
#1543=VECTOR('',#1542,27.);
#1544=LINE('',#1541,#1543);
#1545=EDGE_CURVE('',#1520,#844,#1544,.T.);
#1546=ORIENTED_EDGE('',*,*,#1545,.F.);
#1547=ORIENTED_EDGE('',*,*,#1525,.F.);
#1548=ORIENTED_EDGE('',*,*,#1244,.F.);
#1549=ORIENTED_EDGE('',*,*,#857,.F.);
#1550=EDGE_LOOP('',(#1546,#1547,#1548,#1549));
#1551=FACE_BOUND('',#1550,.T.);
#1552=ADVANCED_FACE('',(#1551),#1540,.F.);
#1553=CARTESIAN_POINT('',(4.,6.61,4.436563253));
#1554=DIRECTION('',(0.,-1.,0.));
#1555=DIRECTION('',(1.,0.,0.));
#1556=AXIS2_PLACEMENT_3D('',#1553,#1554,#1555);
#1557=CYLINDRICAL_SURFACE('',#1556,0.5);
#1558=ORIENTED_EDGE('',*,*,#1079,.F.);
#1559=CARTESIAN_POINT('',(4.,6.05,4.936563253));
#1560=VERTEX_POINT('',#1559);
#1561=CARTESIAN_POINT('',(4.,6.01,4.936563253));
#1562=DIRECTION('',(0.,-1.,0.));
#1563=VECTOR('',#1562,5.);
#1564=LINE('',#1561,#1563);
#1565=EDGE_CURVE('',#1065,#1560,#1564,.T.);
#1566=ORIENTED_EDGE('',*,*,#1565,.T.);
#1567=CARTESIAN_POINT('',(3.5,6.05,4.436563253));
#1568=VERTEX_POINT('',#1567);
#1569=CARTESIAN_POINT('',(4.,6.05,4.436563253));
#1570=DIRECTION('',(-0.,1.,0.));
#1571=DIRECTION('',(1.,0.,0.));
#1572=AXIS2_PLACEMENT_3D('',#1569,#1570,#1571);
#1573=CIRCLE('',#1572,0.5);
#1574=EDGE_CURVE('',#1568,#1560,#1573,.T.);
#1575=ORIENTED_EDGE('',*,*,#1574,.F.);
#1576=CARTESIAN_POINT('',(3.5,6.01,4.436563253));
#1577=DIRECTION('',(0.,-1.,0.));
#1578=VECTOR('',#1577,5.);
#1579=LINE('',#1576,#1578);
#1580=EDGE_CURVE('',#1073,#1568,#1579,.T.);
#1581=ORIENTED_EDGE('',*,*,#1580,.F.);
#1582=EDGE_LOOP('',(#1558,#1566,#1575,#1581));
#1583=FACE_BOUND('',#1582,.T.);
#1584=ADVANCED_FACE('',(#1583),#1557,.F.);
#1585=CARTESIAN_POINT('',(3.5,6.61,2.968281626));
#1586=DIRECTION('',(-1.,0.,0.));
#1587=DIRECTION('',(0.,0.,-1.));
#1588=AXIS2_PLACEMENT_3D('',#1585,#1586,#1587);
#1589=PLANE('',#1588);
#1590=ORIENTED_EDGE('',*,*,#1087,.F.);
#1591=ORIENTED_EDGE('',*,*,#1580,.T.);
#1592=CARTESIAN_POINT('',(3.5,6.05,1.5));
#1593=VERTEX_POINT('',#1592);
#1594=CARTESIAN_POINT('',(3.5,6.05,-53.707267319));
#1595=DIRECTION('',(0.,0.,1.));
#1596=VECTOR('',#1595,29.365632529);
#1597=LINE('',#1594,#1596);
#1598=EDGE_CURVE('',#1593,#1568,#1597,.T.);
#1599=ORIENTED_EDGE('',*,*,#1598,.F.);
#1600=CARTESIAN_POINT('',(3.5,6.01,1.5));
#1601=DIRECTION('',(0.,-1.,0.));
#1602=VECTOR('',#1601,5.);
#1603=LINE('',#1600,#1602);
#1604=EDGE_CURVE('',#1082,#1593,#1603,.T.);
#1605=ORIENTED_EDGE('',*,*,#1604,.F.);
#1606=EDGE_LOOP('',(#1590,#1591,#1599,#1605));
#1607=FACE_BOUND('',#1606,.T.);
#1608=ADVANCED_FACE('',(#1607),#1589,.F.);
#1609=CARTESIAN_POINT('',(2.5,6.61,1.5));
#1610=DIRECTION('',(0.,-1.,0.));
#1611=DIRECTION('',(1.,0.,0.));
#1612=AXIS2_PLACEMENT_3D('',#1609,#1610,#1611);
#1613=CYLINDRICAL_SURFACE('',#1612,1.);
#1614=ORIENTED_EDGE('',*,*,#1096,.F.);
#1615=ORIENTED_EDGE('',*,*,#1604,.T.);
#1616=CARTESIAN_POINT('',(2.5,6.05,0.5));
#1617=VERTEX_POINT('',#1616);
#1618=CARTESIAN_POINT('',(2.5,6.05,1.5));
#1619=DIRECTION('',(0.,-1.,0.));
#1620=DIRECTION('',(1.,0.,0.));
#1621=AXIS2_PLACEMENT_3D('',#1618,#1619,#1620);
#1622=CIRCLE('',#1621,1.);
#1623=EDGE_CURVE('',#1617,#1593,#1622,.T.);
#1624=ORIENTED_EDGE('',*,*,#1623,.F.);
#1625=CARTESIAN_POINT('',(2.5,6.01,0.5));
#1626=DIRECTION('',(0.,-1.,0.));
#1627=VECTOR('',#1626,5.);
#1628=LINE('',#1625,#1627);
#1629=EDGE_CURVE('',#1090,#1617,#1628,.T.);
#1630=ORIENTED_EDGE('',*,*,#1629,.F.);
#1631=EDGE_LOOP('',(#1614,#1615,#1624,#1630));
#1632=FACE_BOUND('',#1631,.T.);
#1633=ADVANCED_FACE('',(#1632),#1613,.T.);
#1634=CARTESIAN_POINT('',(0.,6.61,0.5));
#1635=DIRECTION('',(-0.,0.,1.));
#1636=DIRECTION('',(-1.,0.,-0.));
#1637=AXIS2_PLACEMENT_3D('',#1634,#1635,#1636);
#1638=PLANE('',#1637);
#1639=ORIENTED_EDGE('',*,*,#1104,.F.);
#1640=ORIENTED_EDGE('',*,*,#1629,.T.);
#1641=CARTESIAN_POINT('',(-2.5,6.05,0.5));
#1642=VERTEX_POINT('',#1641);
#1643=CARTESIAN_POINT('',(-25.,6.05,0.5));
#1644=DIRECTION('',(1.,0.,0.));
#1645=VECTOR('',#1644,50.);
#1646=LINE('',#1643,#1645);
#1647=EDGE_CURVE('',#1642,#1617,#1646,.T.);
#1648=ORIENTED_EDGE('',*,*,#1647,.F.);
#1649=CARTESIAN_POINT('',(-2.5,6.01,0.5));
#1650=DIRECTION('',(0.,-1.,0.));
#1651=VECTOR('',#1650,5.);
#1652=LINE('',#1649,#1651);
#1653=EDGE_CURVE('',#1099,#1642,#1652,.T.);
#1654=ORIENTED_EDGE('',*,*,#1653,.F.);
#1655=EDGE_LOOP('',(#1639,#1640,#1648,#1654));
#1656=FACE_BOUND('',#1655,.T.);
#1657=ADVANCED_FACE('',(#1656),#1638,.F.);
#1658=CARTESIAN_POINT('',(-2.5,6.61,1.5));
#1659=DIRECTION('',(0.,-1.,0.));
#1660=DIRECTION('',(1.,0.,0.));
#1661=AXIS2_PLACEMENT_3D('',#1658,#1659,#1660);
#1662=CYLINDRICAL_SURFACE('',#1661,1.);
#1663=ORIENTED_EDGE('',*,*,#1113,.F.);
#1664=ORIENTED_EDGE('',*,*,#1653,.T.);
#1665=CARTESIAN_POINT('',(-3.5,6.05,1.5));
#1666=VERTEX_POINT('',#1665);
#1667=CARTESIAN_POINT('',(-2.5,6.05,1.5));
#1668=DIRECTION('',(0.,-1.,0.));
#1669=DIRECTION('',(1.,0.,0.));
#1670=AXIS2_PLACEMENT_3D('',#1667,#1668,#1669);
#1671=CIRCLE('',#1670,1.);
#1672=EDGE_CURVE('',#1666,#1642,#1671,.T.);
#1673=ORIENTED_EDGE('',*,*,#1672,.F.);
#1674=CARTESIAN_POINT('',(-3.5,6.01,1.5));
#1675=DIRECTION('',(0.,-1.,0.));
#1676=VECTOR('',#1675,5.);
#1677=LINE('',#1674,#1676);
#1678=EDGE_CURVE('',#1107,#1666,#1677,.T.);
#1679=ORIENTED_EDGE('',*,*,#1678,.F.);
#1680=EDGE_LOOP('',(#1663,#1664,#1673,#1679));
#1681=FACE_BOUND('',#1680,.T.);
#1682=ADVANCED_FACE('',(#1681),#1662,.T.);
#1683=CARTESIAN_POINT('',(-3.5,6.61,2.968281626));
#1684=DIRECTION('',(1.,0.,0.));
#1685=DIRECTION('',(0.,0.,1.));
#1686=AXIS2_PLACEMENT_3D('',#1683,#1684,#1685);
#1687=PLANE('',#1686);
#1688=ORIENTED_EDGE('',*,*,#1121,.F.);
#1689=ORIENTED_EDGE('',*,*,#1678,.T.);
#1690=CARTESIAN_POINT('',(-3.5,6.05,4.436563253));
#1691=VERTEX_POINT('',#1690);
#1692=CARTESIAN_POINT('',(-3.5,6.05,-24.34163479));
#1693=DIRECTION('',(0.,0.,-1.));
#1694=VECTOR('',#1693,29.365632529);
#1695=LINE('',#1692,#1694);
#1696=EDGE_CURVE('',#1691,#1666,#1695,.T.);
#1697=ORIENTED_EDGE('',*,*,#1696,.F.);
#1698=CARTESIAN_POINT('',(-3.5,6.01,4.436563253));
#1699=DIRECTION('',(0.,-1.,0.));
#1700=VECTOR('',#1699,5.);
#1701=LINE('',#1698,#1700);
#1702=EDGE_CURVE('',#1116,#1691,#1701,.T.);
#1703=ORIENTED_EDGE('',*,*,#1702,.F.);
#1704=EDGE_LOOP('',(#1688,#1689,#1697,#1703));
#1705=FACE_BOUND('',#1704,.T.);
#1706=ADVANCED_FACE('',(#1705),#1687,.F.);
#1707=CARTESIAN_POINT('',(-5.105,6.61,4.936563253));
#1708=DIRECTION('',(0.,0.,1.));
#1709=DIRECTION('',(-1.,0.,0.));
#1710=AXIS2_PLACEMENT_3D('',#1707,#1708,#1709);
#1711=PLANE('',#1710);
#1712=ORIENTED_EDGE('',*,*,#1136,.F.);
#1713=CARTESIAN_POINT('',(-4.,6.05,4.936563253));
#1714=VERTEX_POINT('',#1713);
#1715=CARTESIAN_POINT('',(-4.,6.01,4.936563253));
#1716=DIRECTION('',(0.,-1.,0.));
#1717=VECTOR('',#1716,5.);
#1718=LINE('',#1715,#1717);
#1719=EDGE_CURVE('',#1124,#1714,#1718,.T.);
#1720=ORIENTED_EDGE('',*,*,#1719,.T.);
#1721=CARTESIAN_POINT('',(-37.0275,6.05,4.936563253));
#1722=DIRECTION('',(1.,0.,-0.));
#1723=VECTOR('',#1722,20.);
#1724=LINE('',#1721,#1723);
#1725=EDGE_CURVE('',#1001,#1714,#1724,.T.);
#1726=ORIENTED_EDGE('',*,*,#1725,.F.);
#1727=ORIENTED_EDGE('',*,*,#1006,.F.);
#1728=EDGE_LOOP('',(#1712,#1720,#1726,#1727));
#1729=FACE_BOUND('',#1728,.T.);
#1730=ADVANCED_FACE('',(#1729),#1711,.F.);
#1731=CARTESIAN_POINT('',(-4.,6.61,4.436563253));
#1732=DIRECTION('',(0.,-1.,0.));
#1733=DIRECTION('',(1.,0.,0.));
#1734=AXIS2_PLACEMENT_3D('',#1731,#1732,#1733);
#1735=CYLINDRICAL_SURFACE('',#1734,0.5);
#1736=ORIENTED_EDGE('',*,*,#1130,.F.);
#1737=ORIENTED_EDGE('',*,*,#1702,.T.);
#1738=CARTESIAN_POINT('',(-4.,6.05,4.436563253));
#1739=DIRECTION('',(-0.,1.,0.));
#1740=DIRECTION('',(1.,0.,0.));
#1741=AXIS2_PLACEMENT_3D('',#1738,#1739,#1740);
#1742=CIRCLE('',#1741,0.5);
#1743=EDGE_CURVE('',#1714,#1691,#1742,.T.);
#1744=ORIENTED_EDGE('',*,*,#1743,.F.);
#1745=ORIENTED_EDGE('',*,*,#1719,.F.);
#1746=EDGE_LOOP('',(#1736,#1737,#1744,#1745));
#1747=FACE_BOUND('',#1746,.T.);
#1748=ADVANCED_FACE('',(#1747),#1735,.F.);
#1749=CARTESIAN_POINT('',(5.105,6.61,4.936563253));
#1750=DIRECTION('',(0.,0.,1.));
#1751=DIRECTION('',(-1.,0.,0.));
#1752=AXIS2_PLACEMENT_3D('',#1749,#1750,#1751);
#1753=PLANE('',#1752);
#1754=ORIENTED_EDGE('',*,*,#1070,.F.);
#1755=CARTESIAN_POINT('',(6.,6.05,4.936563253));
#1756=VERTEX_POINT('',#1755);
#1757=CARTESIAN_POINT('',(6.,2.9675,4.936563253));
#1758=DIRECTION('',(0.,1.,0.));
#1759=VECTOR('',#1758,5.);
#1760=LINE('',#1757,#1759);
#1761=EDGE_CURVE('',#1756,#1057,#1760,.T.);
#1762=ORIENTED_EDGE('',*,*,#1761,.F.);
#1763=CARTESIAN_POINT('',(17.0275,6.05,4.936563253));
#1764=DIRECTION('',(1.,0.,-0.));
#1765=VECTOR('',#1764,20.);
#1766=LINE('',#1763,#1765);
#1767=EDGE_CURVE('',#1560,#1756,#1766,.T.);
#1768=ORIENTED_EDGE('',*,*,#1767,.F.);
#1769=ORIENTED_EDGE('',*,*,#1565,.F.);
#1770=EDGE_LOOP('',(#1754,#1762,#1768,#1769));
#1771=FACE_BOUND('',#1770,.T.);
#1772=ADVANCED_FACE('',(#1771),#1753,.F.);
#1773=CARTESIAN_POINT('',(6.5,0.575,12.3));
#1774=DIRECTION('',(-1.,0.,0.));
#1775=DIRECTION('',(0.,1.,0.));
#1776=AXIS2_PLACEMENT_3D('',#1773,#1774,#1775);
#1777=PLANE('',#1776);
#1778=ORIENTED_EDGE('',*,*,#1515,.T.);
#1779=ORIENTED_EDGE('',*,*,#694,.T.);
#1780=ORIENTED_EDGE('',*,*,#1476,.T.);
#1781=ORIENTED_EDGE('',*,*,#1493,.T.);
#1782=EDGE_LOOP('',(#1778,#1779,#1780,#1781));
#1783=FACE_BOUND('',#1782,.T.);
#1784=ADVANCED_FACE('',(#1783),#1777,.T.);
#1785=CARTESIAN_POINT('',(0.,6.05,12.3));
#1786=DIRECTION('',(0.,-1.,0.));
#1787=DIRECTION('',(-1.,0.,0.));
#1788=AXIS2_PLACEMENT_3D('',#1785,#1786,#1787);
#1789=PLANE('',#1788);
#1790=ORIENTED_EDGE('',*,*,#1767,.T.);
#1791=CARTESIAN_POINT('',(6.,6.05,12.3));
#1792=VERTEX_POINT('',#1791);
#1793=CARTESIAN_POINT('',(6.,6.05,12.3));
#1794=DIRECTION('',(0.,0.,-1.));
#1795=VECTOR('',#1794,73.634367471);
#1796=LINE('',#1793,#1795);
#1797=EDGE_CURVE('',#1792,#1756,#1796,.T.);
#1798=ORIENTED_EDGE('',*,*,#1797,.F.);
#1799=CARTESIAN_POINT('',(-60.,6.05,12.3));
#1800=DIRECTION('',(1.,0.,-0.));
#1801=VECTOR('',#1800,120.);
#1802=LINE('',#1799,#1801);
#1803=EDGE_CURVE('',#1009,#1792,#1802,.T.);
#1804=ORIENTED_EDGE('',*,*,#1803,.F.);
#1805=ORIENTED_EDGE('',*,*,#1014,.T.);
#1806=ORIENTED_EDGE('',*,*,#1725,.T.);
#1807=ORIENTED_EDGE('',*,*,#1743,.T.);
#1808=ORIENTED_EDGE('',*,*,#1696,.T.);
#1809=ORIENTED_EDGE('',*,*,#1672,.T.);
#1810=ORIENTED_EDGE('',*,*,#1647,.T.);
#1811=ORIENTED_EDGE('',*,*,#1623,.T.);
#1812=ORIENTED_EDGE('',*,*,#1598,.T.);
#1813=ORIENTED_EDGE('',*,*,#1574,.T.);
#1814=EDGE_LOOP('',(#1790,#1798,#1804,#1805,#1806,#1807,#1808,#1809,#1810,#1811,#1812,#1813));
#1815=FACE_BOUND('',#1814,.T.);
#1816=ADVANCED_FACE('',(#1815),#1789,.T.);
#1817=CARTESIAN_POINT('',(-6.5,0.65,0.));
#1818=DIRECTION('',(-1.,0.,0.));
#1819=DIRECTION('',(0.,-1.,0.));
#1820=AXIS2_PLACEMENT_3D('',#1817,#1818,#1819);
#1821=PLANE('',#1820);
#1822=ORIENTED_EDGE('',*,*,#833,.T.);
#1823=ORIENTED_EDGE('',*,*,#1407,.T.);
#1824=ORIENTED_EDGE('',*,*,#1293,.T.);
#1825=ORIENTED_EDGE('',*,*,#654,.T.);
#1826=CARTESIAN_POINT('',(-6.5,-4.7,12.3));
#1827=VERTEX_POINT('',#1826);
#1828=CARTESIAN_POINT('',(-6.5,-4.7,0.));
#1829=DIRECTION('',(0.,0.,1.));
#1830=VECTOR('',#1829,123.);
#1831=LINE('',#1828,#1830);
#1832=EDGE_CURVE('',#641,#1827,#1831,.T.);
#1833=ORIENTED_EDGE('',*,*,#1832,.T.);
#1834=CARTESIAN_POINT('',(-6.5,-52.85,12.3));
#1835=DIRECTION('',(0.,1.,0.));
#1836=VECTOR('',#1835,0.5);
#1837=LINE('',#1834,#1836);
#1838=EDGE_CURVE('',#1827,#828,#1837,.T.);
#1839=ORIENTED_EDGE('',*,*,#1838,.T.);
#1840=EDGE_LOOP('',(#1822,#1823,#1824,#1825,#1833,#1839));
#1841=FACE_BOUND('',#1840,.T.);
#1842=ADVANCED_FACE('',(#1841),#1821,.T.);
#1843=OVER_RIDING_STYLED_ITEM('',(#761),#1842,#26);
#1844=CARTESIAN_POINT('',(-6.5,0.65,0.));
#1845=DIRECTION('',(-1.,0.,0.));
#1846=DIRECTION('',(0.,-1.,0.));
#1847=AXIS2_PLACEMENT_3D('',#1844,#1845,#1846);
#1848=PLANE('',#1847);
#1849=ORIENTED_EDGE('',*,*,#670,.T.);
#1850=ORIENTED_EDGE('',*,*,#1369,.T.);
#1851=ORIENTED_EDGE('',*,*,#1385,.T.);
#1852=CARTESIAN_POINT('',(-6.5,5.8,12.3));
#1853=VERTEX_POINT('',#1852);
#1854=CARTESIAN_POINT('',(-6.5,5.8,-50.606620031));
#1855=DIRECTION('',(0.,0.,1.));
#1856=VECTOR('',#1855,118.256620031);
#1857=LINE('',#1854,#1856);
#1858=EDGE_CURVE('',#1380,#1853,#1857,.T.);
#1859=ORIENTED_EDGE('',*,*,#1858,.T.);
#1860=CARTESIAN_POINT('',(-6.5,6.,12.3));
#1861=VERTEX_POINT('',#1860);
#1862=CARTESIAN_POINT('',(-6.5,52.15,12.3));
#1863=DIRECTION('',(0.,1.,0.));
#1864=VECTOR('',#1863,2.);
#1865=LINE('',#1862,#1864);
#1866=EDGE_CURVE('',#1853,#1861,#1865,.T.);
#1867=ORIENTED_EDGE('',*,*,#1866,.T.);
#1868=CARTESIAN_POINT('',(-6.5,6.,0.));
#1869=DIRECTION('',(0.,0.,1.));
#1870=VECTOR('',#1869,123.);
#1871=LINE('',#1868,#1870);
#1872=EDGE_CURVE('',#665,#1861,#1871,.T.);
#1873=ORIENTED_EDGE('',*,*,#1872,.F.);
#1874=EDGE_LOOP('',(#1849,#1850,#1851,#1859,#1867,#1873));
#1875=FACE_BOUND('',#1874,.T.);
#1876=ADVANCED_FACE('',(#1875),#1848,.T.);
#1877=OVER_RIDING_STYLED_ITEM('',(#761),#1876,#26);
#1878=CARTESIAN_POINT('',(6.5,0.65,0.));
#1879=DIRECTION('',(1.,0.,0.));
#1880=DIRECTION('',(0.,1.,0.));
#1881=AXIS2_PLACEMENT_3D('',#1878,#1879,#1880);
#1882=PLANE('',#1881);
#1883=ORIENTED_EDGE('',*,*,#1203,.T.);
#1884=ORIENTED_EDGE('',*,*,#1438,.T.);
#1885=ORIENTED_EDGE('',*,*,#1460,.T.);
#1886=ORIENTED_EDGE('',*,*,#686,.T.);
#1887=CARTESIAN_POINT('',(6.5,6.,12.3));
#1888=VERTEX_POINT('',#1887);
#1889=CARTESIAN_POINT('',(6.5,6.,0.));
#1890=DIRECTION('',(0.,0.,1.));
#1891=VECTOR('',#1890,123.);
#1892=LINE('',#1889,#1891);
#1893=EDGE_CURVE('',#673,#1888,#1892,.T.);
#1894=ORIENTED_EDGE('',*,*,#1893,.T.);
#1895=CARTESIAN_POINT('',(6.5,54.15,12.3));
#1896=DIRECTION('',(0.,-1.,-0.));
#1897=VECTOR('',#1896,2.);
#1898=LINE('',#1895,#1897);
#1899=EDGE_CURVE('',#1888,#1198,#1898,.T.);
#1900=ORIENTED_EDGE('',*,*,#1899,.T.);
#1901=EDGE_LOOP('',(#1883,#1884,#1885,#1886,#1894,#1900));
#1902=FACE_BOUND('',#1901,.T.);
#1903=ADVANCED_FACE('',(#1902),#1882,.T.);
#1904=OVER_RIDING_STYLED_ITEM('',(#761),#1903,#26);
#1905=CARTESIAN_POINT('',(6.5,0.65,0.));
#1906=DIRECTION('',(1.,0.,0.));
#1907=DIRECTION('',(0.,1.,0.));
#1908=AXIS2_PLACEMENT_3D('',#1905,#1906,#1907);
#1909=PLANE('',#1908);
#1910=ORIENTED_EDGE('',*,*,#702,.T.);
#1911=ORIENTED_EDGE('',*,*,#1531,.T.);
#1912=ORIENTED_EDGE('',*,*,#1545,.T.);
#1913=ORIENTED_EDGE('',*,*,#849,.T.);
#1914=CARTESIAN_POINT('',(6.5,-4.7,12.3));
#1915=VERTEX_POINT('',#1914);
#1916=CARTESIAN_POINT('',(6.5,-52.35,12.3));
#1917=DIRECTION('',(0.,-1.,-0.));
#1918=VECTOR('',#1917,0.5);
#1919=LINE('',#1916,#1918);
#1920=EDGE_CURVE('',#836,#1915,#1919,.T.);
#1921=ORIENTED_EDGE('',*,*,#1920,.T.);
#1922=CARTESIAN_POINT('',(6.5,-4.7,0.));
#1923=DIRECTION('',(0.,0.,1.));
#1924=VECTOR('',#1923,123.);
#1925=LINE('',#1922,#1924);
#1926=EDGE_CURVE('',#697,#1915,#1925,.T.);
#1927=ORIENTED_EDGE('',*,*,#1926,.F.);
#1928=EDGE_LOOP('',(#1910,#1911,#1912,#1913,#1921,#1927));
#1929=FACE_BOUND('',#1928,.T.);
#1930=ADVANCED_FACE('',(#1929),#1909,.T.);
#1931=OVER_RIDING_STYLED_ITEM('',(#761),#1930,#26);
#1932=CARTESIAN_POINT('',(0.,0.920238095,12.3));
#1933=DIRECTION('',(0.,0.,1.));
#1934=DIRECTION('',(1.,0.,-0.));
#1935=AXIS2_PLACEMENT_3D('',#1932,#1933,#1934);
#1936=PLANE('',#1935);
#1937=ORIENTED_EDGE('',*,*,#1803,.T.);
#1938=CARTESIAN_POINT('',(6.,6.,12.3));
#1939=VERTEX_POINT('',#1938);
#1940=CARTESIAN_POINT('',(6.,7.8,12.3));
#1941=DIRECTION('',(0.,1.,0.));
#1942=VECTOR('',#1941,0.5);
#1943=LINE('',#1940,#1942);
#1944=EDGE_CURVE('',#1939,#1792,#1943,.T.);
#1945=ORIENTED_EDGE('',*,*,#1944,.F.);
#1946=CARTESIAN_POINT('',(-60.,6.,12.3));
#1947=DIRECTION('',(1.,0.,-0.));
#1948=VECTOR('',#1947,120.);
#1949=LINE('',#1946,#1948);
#1950=EDGE_CURVE('',#1017,#1939,#1949,.T.);
#1951=ORIENTED_EDGE('',*,*,#1950,.F.);
#1952=ORIENTED_EDGE('',*,*,#1022,.F.);
#1953=EDGE_LOOP('',(#1937,#1945,#1951,#1952));
#1954=FACE_BOUND('',#1953,.T.);
#1955=ADVANCED_FACE('',(#1954),#1936,.F.);
#1956=OVER_RIDING_STYLED_ITEM('',(#74),#1955,#26);
#1957=CARTESIAN_POINT('',(-6.5,5.8,12.3));
#1958=DIRECTION('',(0.,1.,0.));
#1959=DIRECTION('',(-1.,0.,0.));
#1960=AXIS2_PLACEMENT_3D('',#1957,#1958,#1959);
#1961=PLANE('',#1960);
#1962=ORIENTED_EDGE('',*,*,#777,.F.);
#1963=CARTESIAN_POINT('',(-11.,5.8,12.81));
#1964=DIRECTION('',(1.,0.,-0.));
#1965=VECTOR('',#1964,5.);
#1966=LINE('',#1963,#1965);
#1967=EDGE_CURVE('',#769,#1033,#1966,.T.);
#1968=ORIENTED_EDGE('',*,*,#1967,.T.);
#1969=ORIENTED_EDGE('',*,*,#1038,.F.);
#1970=CARTESIAN_POINT('',(-35.75,5.8,12.3));
#1971=DIRECTION('',(1.,0.,-0.));
#1972=VECTOR('',#1971,5.);
#1973=LINE('',#1970,#1972);
#1974=EDGE_CURVE('',#1853,#1025,#1973,.T.);
#1975=ORIENTED_EDGE('',*,*,#1974,.F.);
#1976=ORIENTED_EDGE('',*,*,#1858,.F.);
#1977=ORIENTED_EDGE('',*,*,#1393,.T.);
#1978=ORIENTED_EDGE('',*,*,#898,.F.);
#1979=EDGE_LOOP('',(#1962,#1968,#1969,#1975,#1976,#1977,#1978));
#1980=FACE_BOUND('',#1979,.T.);
#1981=ADVANCED_FACE('',(#1980),#1961,.T.);
#1982=OVER_RIDING_STYLED_ITEM('',(#74),#1981,#26);
#1983=CARTESIAN_POINT('',(6.,6.175,12.3));
#1984=DIRECTION('',(1.,0.,0.));
#1985=DIRECTION('',(0.,1.,0.));
#1986=AXIS2_PLACEMENT_3D('',#1983,#1984,#1985);
#1987=PLANE('',#1986);
#1988=ORIENTED_EDGE('',*,*,#958,.F.);
#1989=CARTESIAN_POINT('',(6.,8.3,12.81));
#1990=DIRECTION('',(0.,-1.,0.));
#1991=VECTOR('',#1990,2.5);
#1992=LINE('',#1989,#1991);
#1993=EDGE_CURVE('',#950,#1214,#1992,.T.);
#1994=ORIENTED_EDGE('',*,*,#1993,.T.);
#1995=ORIENTED_EDGE('',*,*,#1219,.F.);
#1996=CARTESIAN_POINT('',(6.,29.2875,12.3));
#1997=DIRECTION('',(0.,-1.,-0.));
#1998=VECTOR('',#1997,2.);
#1999=LINE('',#1996,#1998);
#2000=EDGE_CURVE('',#1939,#1206,#1999,.T.);
#2001=ORIENTED_EDGE('',*,*,#2000,.F.);
#2002=ORIENTED_EDGE('',*,*,#1944,.T.);
#2003=ORIENTED_EDGE('',*,*,#1797,.T.);
#2004=ORIENTED_EDGE('',*,*,#1761,.T.);
#2005=ORIENTED_EDGE('',*,*,#1062,.F.);
#2006=EDGE_LOOP('',(#1988,#1994,#1995,#2001,#2002,#2003,#2004,#2005));
#2007=FACE_BOUND('',#2006,.T.);
#2008=ADVANCED_FACE('',(#2007),#1987,.T.);
#2009=OVER_RIDING_STYLED_ITEM('',(#74),#2008,#26);
#2010=CARTESIAN_POINT('',(0.,0.920238095,12.81));
#2011=DIRECTION('',(0.,0.,1.));
#2012=DIRECTION('',(1.,0.,-0.));
#2013=AXIS2_PLACEMENT_3D('',#2010,#2011,#2012);
#2014=PLANE('',#2013);
#2015=ORIENTED_EDGE('',*,*,#800,.F.);
#2016=ORIENTED_EDGE('',*,*,#880,.F.);
#2017=ORIENTED_EDGE('',*,*,#1170,.F.);
#2018=ORIENTED_EDGE('',*,*,#1225,.F.);
#2019=ORIENTED_EDGE('',*,*,#1993,.F.);
#2020=ORIENTED_EDGE('',*,*,#981,.F.);
#2021=ORIENTED_EDGE('',*,*,#1044,.F.);
#2022=ORIENTED_EDGE('',*,*,#1967,.F.);
#2023=EDGE_LOOP('',(#2015,#2016,#2017,#2018,#2019,#2020,#2021,#2022));
#2024=FACE_BOUND('',#2023,.T.);
#2025=ADVANCED_FACE('',(#2024),#2014,.T.);
#2026=OVER_RIDING_STYLED_ITEM('',(#74),#2025,#26);
#2027=CARTESIAN_POINT('',(0.,0.65,12.3));
#2028=DIRECTION('',(0.,-0.,1.));
#2029=DIRECTION('',(1.,0.,-0.));
#2030=AXIS2_PLACEMENT_3D('',#2027,#2028,#2029);
#2031=PLANE('',#2030);
#2032=ORIENTED_EDGE('',*,*,#2000,.T.);
#2033=ORIENTED_EDGE('',*,*,#1211,.T.);
#2034=ORIENTED_EDGE('',*,*,#1899,.F.);
#2035=CARTESIAN_POINT('',(60.,6.,12.3));
#2036=DIRECTION('',(1.,0.,-0.));
#2037=VECTOR('',#2036,5.);
#2038=LINE('',#2035,#2037);
#2039=EDGE_CURVE('',#1939,#1888,#2038,.T.);
#2040=ORIENTED_EDGE('',*,*,#2039,.F.);
#2041=EDGE_LOOP('',(#2032,#2033,#2034,#2040));
#2042=FACE_BOUND('',#2041,.T.);
#2043=ADVANCED_FACE('',(#2042),#2031,.T.);
#2044=OVER_RIDING_STYLED_ITEM('',(#761),#2043,#26);
#2045=CARTESIAN_POINT('',(0.,0.65,12.3));
#2046=DIRECTION('',(0.,-0.,1.));
#2047=DIRECTION('',(1.,0.,-0.));
#2048=AXIS2_PLACEMENT_3D('',#2045,#2046,#2047);
#2049=PLANE('',#2048);
#2050=ORIENTED_EDGE('',*,*,#841,.T.);
#2051=ORIENTED_EDGE('',*,*,#1838,.F.);
#2052=CARTESIAN_POINT('',(-6.5,-4.7,12.3));
#2053=DIRECTION('',(1.,0.,-0.));
#2054=VECTOR('',#2053,130.);
#2055=LINE('',#2052,#2054);
#2056=EDGE_CURVE('',#1827,#1915,#2055,.T.);
#2057=ORIENTED_EDGE('',*,*,#2056,.T.);
#2058=ORIENTED_EDGE('',*,*,#1920,.F.);
#2059=EDGE_LOOP('',(#2050,#2051,#2057,#2058));
#2060=FACE_BOUND('',#2059,.T.);
#2061=ADVANCED_FACE('',(#2060),#2049,.T.);
#2062=OVER_RIDING_STYLED_ITEM('',(#761),#2061,#26);
#2063=CARTESIAN_POINT('',(-1.036002491,-6.4,7.440207148));
#2064=DIRECTION('',(0.,-0.707106781,0.707106781));
#2065=DIRECTION('',(1.,0.,0.));
#2066=AXIS2_PLACEMENT_3D('',#2063,#2064,#2065);
#2067=PLANE('',#2066);
#2068=CARTESIAN_POINT('',(-2.772004982,-6.5,7.340207148));
#2069=VERTEX_POINT('',#2068);
#2070=CARTESIAN_POINT('',(-1.372004982,-6.5,7.340207148));
#2071=VERTEX_POINT('',#2070);
#2072=CARTESIAN_POINT('',(-18.396027404,-6.5,7.340207148));
#2073=DIRECTION('',(1.,0.,-0.));
#2074=VECTOR('',#2073,14.);
#2075=LINE('',#2072,#2074);
#2076=EDGE_CURVE('',#2069,#2071,#2075,.T.);
#2077=ORIENTED_EDGE('',*,*,#2076,.T.);
#2078=CARTESIAN_POINT('',(-1.572004982,-6.3,7.540207148));
#2079=VERTEX_POINT('',#2078);
#2080=CARTESIAN_POINT('',(-1.372004982,-6.5,7.340207148));
#2081=DIRECTION('',(-0.577350269,0.577350269,0.577350269));
#2082=VECTOR('',#2081,0.346410162);
#2083=LINE('',#2080,#2082);
#2084=EDGE_CURVE('',#2071,#2079,#2083,.T.);
#2085=ORIENTED_EDGE('',*,*,#2084,.T.);
#2086=CARTESIAN_POINT('',(-2.572004982,-6.3,7.540207148));
#2087=VERTEX_POINT('',#2086);
#2088=CARTESIAN_POINT('',(-6.396027404,-6.3,7.540207148));
#2089=DIRECTION('',(-1.,0.,0.));
#2090=VECTOR('',#2089,10.);
#2091=LINE('',#2088,#2090);
#2092=EDGE_CURVE('',#2079,#2087,#2091,.T.);
#2093=ORIENTED_EDGE('',*,*,#2092,.T.);
#2094=CARTESIAN_POINT('',(-2.572004982,-6.3,7.540207148));
#2095=DIRECTION('',(-0.577350269,-0.577350269,-0.577350269));
#2096=VECTOR('',#2095,3.464101615);
#2097=LINE('',#2094,#2096);
#2098=EDGE_CURVE('',#2087,#2069,#2097,.T.);
#2099=ORIENTED_EDGE('',*,*,#2098,.T.);
#2100=EDGE_LOOP('',(#2077,#2085,#2093,#2099));
#2101=FACE_BOUND('',#2100,.T.);
#2102=ADVANCED_FACE('',(#2101),#2067,.T.);
#2103=CARTESIAN_POINT('',(-1.472004982,-6.4,4.020103574));
#2104=DIRECTION('',(-0.707106781,-0.707106781,0.));
#2105=DIRECTION('',(0.,0.,1.));
#2106=AXIS2_PLACEMENT_3D('',#2103,#2104,#2105);
#2107=PLANE('',#2106);
#2108=CARTESIAN_POINT('',(-1.372004982,-6.5,8.740207148));
#2109=VERTEX_POINT('',#2108);
#2110=CARTESIAN_POINT('',(-1.372004982,-6.5,37.221139312));
#2111=DIRECTION('',(0.,0.,1.));
#2112=VECTOR('',#2111,14.);
#2113=LINE('',#2110,#2112);
#2114=EDGE_CURVE('',#2071,#2109,#2113,.T.);
#2115=ORIENTED_EDGE('',*,*,#2114,.T.);
#2116=CARTESIAN_POINT('',(-1.572004982,-6.3,8.540207148));
#2117=VERTEX_POINT('',#2116);
#2118=CARTESIAN_POINT('',(-1.372004982,-6.5,8.740207148));
#2119=DIRECTION('',(-0.577350269,0.577350269,-0.577350269));
#2120=VECTOR('',#2119,3.464101615);
#2121=LINE('',#2118,#2120);
#2122=EDGE_CURVE('',#2109,#2117,#2121,.T.);
#2123=ORIENTED_EDGE('',*,*,#2122,.T.);
#2124=CARTESIAN_POINT('',(-1.572004982,-6.3,49.221139312));
#2125=DIRECTION('',(0.,0.,-1.));
#2126=VECTOR('',#2125,10.);
#2127=LINE('',#2124,#2126);
#2128=EDGE_CURVE('',#2117,#2079,#2127,.T.);
#2129=ORIENTED_EDGE('',*,*,#2128,.T.);
#2130=ORIENTED_EDGE('',*,*,#2084,.F.);
#2131=EDGE_LOOP('',(#2115,#2123,#2129,#2130));
#2132=FACE_BOUND('',#2131,.T.);
#2133=ADVANCED_FACE('',(#2132),#2107,.T.);
#2134=CARTESIAN_POINT('',(-1.036002491,-6.4,8.640207148));
#2135=DIRECTION('',(0.,-0.707106781,-0.707106781));
#2136=DIRECTION('',(-1.,0.,0.));
#2137=AXIS2_PLACEMENT_3D('',#2134,#2135,#2136);
#2138=PLANE('',#2137);
#2139=CARTESIAN_POINT('',(-2.772004982,-6.5,8.740207148));
#2140=VERTEX_POINT('',#2139);
#2141=CARTESIAN_POINT('',(-4.396027404,-6.5,8.740207148));
#2142=DIRECTION('',(-1.,0.,0.));
#2143=VECTOR('',#2142,14.);
#2144=LINE('',#2141,#2143);
#2145=EDGE_CURVE('',#2109,#2140,#2144,.T.);
#2146=ORIENTED_EDGE('',*,*,#2145,.T.);
#2147=CARTESIAN_POINT('',(-2.572004982,-6.3,8.540207148));
#2148=VERTEX_POINT('',#2147);
#2149=CARTESIAN_POINT('',(-2.772004982,-6.5,8.740207148));
#2150=DIRECTION('',(0.577350269,0.577350269,-0.577350269));
#2151=VECTOR('',#2150,3.464101615);
#2152=LINE('',#2149,#2151);
#2153=EDGE_CURVE('',#2140,#2148,#2152,.T.);
#2154=ORIENTED_EDGE('',*,*,#2153,.T.);
#2155=CARTESIAN_POINT('',(-16.396027404,-6.3,8.540207148));
#2156=DIRECTION('',(1.,0.,-0.));
#2157=VECTOR('',#2156,10.);
#2158=LINE('',#2155,#2157);
#2159=EDGE_CURVE('',#2148,#2117,#2158,.T.);
#2160=ORIENTED_EDGE('',*,*,#2159,.T.);
#2161=ORIENTED_EDGE('',*,*,#2122,.F.);
#2162=EDGE_LOOP('',(#2146,#2154,#2160,#2161));
#2163=FACE_BOUND('',#2162,.T.);
#2164=ADVANCED_FACE('',(#2163),#2138,.T.);
#2165=CARTESIAN_POINT('',(-2.672004982,-6.4,4.020103574));
#2166=DIRECTION('',(0.707106781,-0.707106781,0.));
#2167=DIRECTION('',(0.,0.,-1.));
#2168=AXIS2_PLACEMENT_3D('',#2165,#2166,#2167);
#2169=PLANE('',#2168);
#2170=CARTESIAN_POINT('',(-2.772004982,-6.5,51.221139312));
#2171=DIRECTION('',(0.,0.,-1.));
#2172=VECTOR('',#2171,14.);
#2173=LINE('',#2170,#2172);
#2174=EDGE_CURVE('',#2140,#2069,#2173,.T.);
#2175=ORIENTED_EDGE('',*,*,#2174,.T.);
#2176=ORIENTED_EDGE('',*,*,#2098,.F.);
#2177=CARTESIAN_POINT('',(-2.572004982,-6.3,39.221139312));
#2178=DIRECTION('',(0.,0.,1.));
#2179=VECTOR('',#2178,10.);
#2180=LINE('',#2177,#2179);
#2181=EDGE_CURVE('',#2087,#2148,#2180,.T.);
#2182=ORIENTED_EDGE('',*,*,#2181,.T.);
#2183=ORIENTED_EDGE('',*,*,#2153,.F.);
#2184=EDGE_LOOP('',(#2175,#2176,#2182,#2183));
#2185=FACE_BOUND('',#2184,.T.);
#2186=ADVANCED_FACE('',(#2185),#2169,.T.);
#2187=CARTESIAN_POINT('',(-2.572004982,-6.5,8.040207148));
#2188=DIRECTION('',(-1.,-0.,0.));
#2189=DIRECTION('',(0.,0.,1.));
#2190=AXIS2_PLACEMENT_3D('',#2187,#2188,#2189);
#2191=PLANE('',#2190);
#2192=ORIENTED_EDGE('',*,*,#2181,.F.);
#2193=CARTESIAN_POINT('',(-2.572004982,-1.5,7.540207148));
#2194=VERTEX_POINT('',#2193);
#2195=CARTESIAN_POINT('',(-2.572004982,-4.5,7.540207148));
#2196=DIRECTION('',(-0.,1.,0.));
#2197=VECTOR('',#2196,48.);
#2198=LINE('',#2195,#2197);
#2199=EDGE_CURVE('',#2087,#2194,#2198,.T.);
#2200=ORIENTED_EDGE('',*,*,#2199,.T.);
#2201=CARTESIAN_POINT('',(-2.572004982,-1.5,8.540207148));
#2202=VERTEX_POINT('',#2201);
#2203=CARTESIAN_POINT('',(-2.572004982,-1.5,8.540207148));
#2204=DIRECTION('',(0.,0.,-1.));
#2205=VECTOR('',#2204,10.);
#2206=LINE('',#2203,#2205);
#2207=EDGE_CURVE('',#2202,#2194,#2206,.T.);
#2208=ORIENTED_EDGE('',*,*,#2207,.F.);
#2209=CARTESIAN_POINT('',(-2.572004982,-4.5,8.540207148));
#2210=DIRECTION('',(-0.,1.,0.));
#2211=VECTOR('',#2210,48.);
#2212=LINE('',#2209,#2211);
#2213=EDGE_CURVE('',#2148,#2202,#2212,.T.);
#2214=ORIENTED_EDGE('',*,*,#2213,.F.);
#2215=EDGE_LOOP('',(#2192,#2200,#2208,#2214));
#2216=FACE_BOUND('',#2215,.T.);
#2217=ADVANCED_FACE('',(#2216),#2191,.F.);
#2218=COLOUR_RGB('',0.501960814,0.501960814,0.501960814);
#2219=FILL_AREA_STYLE_COLOUR('',#2218);
#2220=FILL_AREA_STYLE('',(#2219));
#2221=SURFACE_STYLE_FILL_AREA(#2220);
#2222=SURFACE_SIDE_STYLE('',(#2221));
#2223=SURFACE_STYLE_USAGE(.BOTH.,#2222);
#2224=PRESENTATION_STYLE_ASSIGNMENT((#2223));
#2225=OVER_RIDING_STYLED_ITEM('',(#2224),#2217,#26);
#2226=CARTESIAN_POINT('',(-2.072004982,-6.5,7.540207148));
#2227=DIRECTION('',(0.,0.,-1.));
#2228=DIRECTION('',(-1.,0.,0.));
#2229=AXIS2_PLACEMENT_3D('',#2226,#2227,#2228);
#2230=PLANE('',#2229);
#2231=ORIENTED_EDGE('',*,*,#2092,.F.);
#2232=CARTESIAN_POINT('',(-1.572004982,-1.5,7.540207148));
#2233=VERTEX_POINT('',#2232);
#2234=CARTESIAN_POINT('',(-1.572004982,-4.5,7.540207148));
#2235=DIRECTION('',(-0.,1.,0.));
#2236=VECTOR('',#2235,48.);
#2237=LINE('',#2234,#2236);
#2238=EDGE_CURVE('',#2079,#2233,#2237,.T.);
#2239=ORIENTED_EDGE('',*,*,#2238,.T.);
#2240=CARTESIAN_POINT('',(-2.572004982,-1.5,7.540207148));
#2241=DIRECTION('',(1.,0.,-0.));
#2242=VECTOR('',#2241,10.);
#2243=LINE('',#2240,#2242);
#2244=EDGE_CURVE('',#2194,#2233,#2243,.T.);
#2245=ORIENTED_EDGE('',*,*,#2244,.F.);
#2246=ORIENTED_EDGE('',*,*,#2199,.F.);
#2247=EDGE_LOOP('',(#2231,#2239,#2245,#2246));
#2248=FACE_BOUND('',#2247,.T.);
#2249=ADVANCED_FACE('',(#2248),#2230,.F.);
#2250=OVER_RIDING_STYLED_ITEM('',(#2224),#2249,#26);
#2251=CARTESIAN_POINT('',(0.,-6.5,0.));
#2252=DIRECTION('',(0.,-1.,0.));
#2253=DIRECTION('',(1.,0.,0.));
#2254=AXIS2_PLACEMENT_3D('',#2251,#2252,#2253);
#2255=PLANE('',#2254);
#2256=CARTESIAN_POINT('',(-0.676978183,-6.5,7.340207148));
#2257=VERTEX_POINT('',#2256);
#2258=CARTESIAN_POINT('',(0.723021817,-6.5,7.340207148));
#2259=VERTEX_POINT('',#2258);
#2260=CARTESIAN_POINT('',(-6.873380005,-6.5,7.340207148));
#2261=DIRECTION('',(1.,0.,-0.));
#2262=VECTOR('',#2261,14.);
#2263=LINE('',#2260,#2262);
#2264=EDGE_CURVE('',#2257,#2259,#2263,.T.);
#2265=ORIENTED_EDGE('',*,*,#2264,.F.);
#2266=CARTESIAN_POINT('',(-0.676978183,-6.5,8.740207148));
#2267=VERTEX_POINT('',#2266);
#2268=CARTESIAN_POINT('',(-0.676978183,-6.5,51.221139312));
#2269=DIRECTION('',(0.,0.,-1.));
#2270=VECTOR('',#2269,14.);
#2271=LINE('',#2268,#2270);
#2272=EDGE_CURVE('',#2267,#2257,#2271,.T.);
#2273=ORIENTED_EDGE('',*,*,#2272,.F.);
#2274=CARTESIAN_POINT('',(0.723021817,-6.5,8.740207148));
#2275=VERTEX_POINT('',#2274);
#2276=CARTESIAN_POINT('',(7.126619995,-6.5,8.740207148));
#2277=DIRECTION('',(-1.,0.,0.));
#2278=VECTOR('',#2277,14.);
#2279=LINE('',#2276,#2278);
#2280=EDGE_CURVE('',#2275,#2267,#2279,.T.);
#2281=ORIENTED_EDGE('',*,*,#2280,.F.);
#2282=CARTESIAN_POINT('',(0.723021817,-6.5,37.221139312));
#2283=DIRECTION('',(0.,0.,1.));
#2284=VECTOR('',#2283,14.);
#2285=LINE('',#2282,#2284);
#2286=EDGE_CURVE('',#2259,#2275,#2285,.T.);
#2287=ORIENTED_EDGE('',*,*,#2286,.F.);
#2288=EDGE_LOOP('',(#2265,#2273,#2281,#2287));
#2289=FACE_BOUND('',#2288,.T.);
#2290=CARTESIAN_POINT('',(1.849000556,-6.5,5.622836995));
#2291=VERTEX_POINT('',#2290);
#2292=CARTESIAN_POINT('',(3.249000556,-6.5,5.622836995));
#2293=VERTEX_POINT('',#2292);
#2294=CARTESIAN_POINT('',(7.01950306,-6.5,5.622836995));
#2295=DIRECTION('',(1.,0.,-0.));
#2296=VECTOR('',#2295,14.);
#2297=LINE('',#2294,#2296);
#2298=EDGE_CURVE('',#2291,#2293,#2297,.T.);
#2299=ORIENTED_EDGE('',*,*,#2298,.F.);
#2300=CARTESIAN_POINT('',(1.849000556,-6.5,7.022836995));
#2301=VERTEX_POINT('',#2300);
#2302=CARTESIAN_POINT('',(1.849000556,-6.5,41.775603473));
#2303=DIRECTION('',(0.,0.,-1.));
#2304=VECTOR('',#2303,14.);
#2305=LINE('',#2302,#2304);
#2306=EDGE_CURVE('',#2301,#2291,#2305,.T.);
#2307=ORIENTED_EDGE('',*,*,#2306,.F.);
#2308=CARTESIAN_POINT('',(3.249000556,-6.5,7.022836995));
#2309=VERTEX_POINT('',#2308);
#2310=CARTESIAN_POINT('',(21.01950306,-6.5,7.022836995));
#2311=DIRECTION('',(-1.,0.,0.));
#2312=VECTOR('',#2311,14.);
#2313=LINE('',#2310,#2312);
#2314=EDGE_CURVE('',#2309,#2301,#2313,.T.);
#2315=ORIENTED_EDGE('',*,*,#2314,.F.);
#2316=CARTESIAN_POINT('',(3.249000556,-6.5,27.775603473));
#2317=DIRECTION('',(0.,0.,1.));
#2318=VECTOR('',#2317,14.);
#2319=LINE('',#2316,#2318);
#2320=EDGE_CURVE('',#2293,#2309,#2319,.T.);
#2321=ORIENTED_EDGE('',*,*,#2320,.F.);
#2322=EDGE_LOOP('',(#2299,#2307,#2315,#2321));
#2323=FACE_BOUND('',#2322,.T.);
#2324=CARTESIAN_POINT('',(0.179624605,-6.5,3.410708058));
#2325=VERTEX_POINT('',#2324);
#2326=CARTESIAN_POINT('',(1.579624605,-6.5,3.410708058));
#2327=VERTEX_POINT('',#2326);
#2328=CARTESIAN_POINT('',(-2.162064672,-6.5,3.410708058));
#2329=DIRECTION('',(1.,0.,-0.));
#2330=VECTOR('',#2329,14.);
#2331=LINE('',#2328,#2330);
#2332=EDGE_CURVE('',#2325,#2327,#2331,.T.);
#2333=ORIENTED_EDGE('',*,*,#2332,.F.);
#2334=CARTESIAN_POINT('',(0.179624605,-6.5,4.810708058));
#2335=VERTEX_POINT('',#2334);
#2336=CARTESIAN_POINT('',(0.179624605,-6.5,29.608894318));
#2337=DIRECTION('',(0.,0.,-1.));
#2338=VECTOR('',#2337,14.);
#2339=LINE('',#2336,#2338);
#2340=EDGE_CURVE('',#2335,#2325,#2339,.T.);
#2341=ORIENTED_EDGE('',*,*,#2340,.F.);
#2342=CARTESIAN_POINT('',(1.579624605,-6.5,4.810708058));
#2343=VERTEX_POINT('',#2342);
#2344=CARTESIAN_POINT('',(11.837935328,-6.5,4.810708058));
#2345=DIRECTION('',(-1.,0.,0.));
#2346=VECTOR('',#2345,14.);
#2347=LINE('',#2344,#2346);
#2348=EDGE_CURVE('',#2343,#2335,#2347,.T.);
#2349=ORIENTED_EDGE('',*,*,#2348,.F.);
#2350=CARTESIAN_POINT('',(1.579624605,-6.5,15.608894318));
#2351=DIRECTION('',(0.,0.,1.));
#2352=VECTOR('',#2351,14.);
#2353=LINE('',#2350,#2352);
#2354=EDGE_CURVE('',#2327,#2343,#2353,.T.);
#2355=ORIENTED_EDGE('',*,*,#2354,.F.);
#2356=EDGE_LOOP('',(#2333,#2341,#2349,#2355));
#2357=FACE_BOUND('',#2356,.T.);
#2358=CARTESIAN_POINT('',(0.75,-6.5,10.429058411));
#2359=VERTEX_POINT('',#2358);
#2360=CARTESIAN_POINT('',(0.75,-6.5,9.406855703));
#2361=VERTEX_POINT('',#2360);
#2362=CARTESIAN_POINT('',(0.75,-6.5,59.659777357));
#2363=DIRECTION('',(0.,0.,-1.));
#2364=VECTOR('',#2363,10.222027086);
#2365=LINE('',#2362,#2364);
#2366=EDGE_CURVE('',#2359,#2361,#2365,.T.);
#2367=ORIENTED_EDGE('',*,*,#2366,.T.);
#2368=CARTESIAN_POINT('',(-0.75,-6.5,9.406855703));
#2369=VERTEX_POINT('',#2368);
#2370=CARTESIAN_POINT('',(7.5,-6.5,9.406855703));
#2371=DIRECTION('',(-1.,0.,0.));
#2372=VECTOR('',#2371,15.);
#2373=LINE('',#2370,#2372);
#2374=EDGE_CURVE('',#2361,#2369,#2373,.T.);
#2375=ORIENTED_EDGE('',*,*,#2374,.T.);
#2376=CARTESIAN_POINT('',(-0.75,-6.5,10.429058411));
#2377=VERTEX_POINT('',#2376);
#2378=CARTESIAN_POINT('',(-0.75,-6.5,49.437750271));
#2379=DIRECTION('',(0.,0.,1.));
#2380=VECTOR('',#2379,10.222027086);
#2381=LINE('',#2378,#2380);
#2382=EDGE_CURVE('',#2369,#2377,#2381,.T.);
#2383=ORIENTED_EDGE('',*,*,#2382,.T.);
#2384=CARTESIAN_POINT('',(-4.,-6.5,6.5));
#2385=VERTEX_POINT('',#2384);
#2386=CARTESIAN_POINT('',(0.,-6.5,6.5));
#2387=DIRECTION('',(0.,-1.,0.));
#2388=DIRECTION('',(1.,0.,0.));
#2389=AXIS2_PLACEMENT_3D('',#2386,#2387,#2388);
#2390=CIRCLE('',#2389,4.);
#2391=EDGE_CURVE('',#2377,#2385,#2390,.T.);
#2392=ORIENTED_EDGE('',*,*,#2391,.T.);
#2393=CARTESIAN_POINT('',(-3.422737317,-6.5,4.430007426));
#2394=VERTEX_POINT('',#2393);
#2395=CARTESIAN_POINT('',(0.,-6.5,6.5));
#2396=DIRECTION('',(0.,-1.,0.));
#2397=DIRECTION('',(1.,0.,0.));
#2398=AXIS2_PLACEMENT_3D('',#2395,#2396,#2397);
#2399=CIRCLE('',#2398,4.);
#2400=EDGE_CURVE('',#2385,#2394,#2399,.T.);
#2401=ORIENTED_EDGE('',*,*,#2400,.T.);
#2402=CARTESIAN_POINT('',(-2.684192287,-6.5,4.430007426));
#2403=VERTEX_POINT('',#2402);
#2404=CARTESIAN_POINT('',(-20.486781566,-6.5,4.430007426));
#2405=DIRECTION('',(1.,0.,-0.));
#2406=VECTOR('',#2405,7.38545031);
#2407=LINE('',#2404,#2406);
#2408=EDGE_CURVE('',#2394,#2403,#2407,.T.);
#2409=ORIENTED_EDGE('',*,*,#2408,.T.);
#2410=CARTESIAN_POINT('',(-2.684192287,-6.5,3.534344631));
#2411=VERTEX_POINT('',#2410);
#2412=CARTESIAN_POINT('',(-2.684192287,-6.5,26.380282134));
#2413=DIRECTION('',(0.,0.,-1.));
#2414=VECTOR('',#2413,8.956627954);
#2415=LINE('',#2412,#2414);
#2416=EDGE_CURVE('',#2403,#2411,#2415,.T.);
#2417=ORIENTED_EDGE('',*,*,#2416,.T.);
#2418=CARTESIAN_POINT('',(2.684192287,-6.5,3.534344631));
#2419=VERTEX_POINT('',#2418);
#2420=CARTESIAN_POINT('',(0.,-6.5,6.5));
#2421=DIRECTION('',(0.,-1.,0.));
#2422=DIRECTION('',(1.,0.,0.));
#2423=AXIS2_PLACEMENT_3D('',#2420,#2421,#2422);
#2424=CIRCLE('',#2423,4.);
#2425=EDGE_CURVE('',#2411,#2419,#2424,.T.);
#2426=ORIENTED_EDGE('',*,*,#2425,.T.);
#2427=CARTESIAN_POINT('',(2.684192287,-6.5,4.430007426));
#2428=VERTEX_POINT('',#2427);
#2429=CARTESIAN_POINT('',(2.684192287,-6.5,17.42365418));
#2430=DIRECTION('',(0.,0.,1.));
#2431=VECTOR('',#2430,8.956627954);
#2432=LINE('',#2429,#2431);
#2433=EDGE_CURVE('',#2419,#2428,#2432,.T.);
#2434=ORIENTED_EDGE('',*,*,#2433,.T.);
#2435=CARTESIAN_POINT('',(3.422737317,-6.5,4.430007426));
#2436=VERTEX_POINT('',#2435);
#2437=CARTESIAN_POINT('',(13.101331256,-6.5,4.430007426));
#2438=DIRECTION('',(1.,0.,-0.));
#2439=VECTOR('',#2438,7.38545031);
#2440=LINE('',#2437,#2439);
#2441=EDGE_CURVE('',#2428,#2436,#2440,.T.);
#2442=ORIENTED_EDGE('',*,*,#2441,.T.);
#2443=CARTESIAN_POINT('',(0.,-6.5,6.5));
#2444=DIRECTION('',(0.,-1.,0.));
#2445=DIRECTION('',(1.,0.,0.));
#2446=AXIS2_PLACEMENT_3D('',#2443,#2444,#2445);
#2447=CIRCLE('',#2446,4.);
#2448=EDGE_CURVE('',#2436,#2359,#2447,.T.);
#2449=ORIENTED_EDGE('',*,*,#2448,.T.);
#2450=EDGE_LOOP('',(#2367,#2375,#2383,#2392,#2401,#2409,#2417,#2426,#2434,#2442,#2449));
#2451=FACE_BOUND('',#2450,.T.);
#2452=CARTESIAN_POINT('',(1.,-6.5,6.068826914));
#2453=VERTEX_POINT('',#2452);
#2454=CARTESIAN_POINT('',(-1.,-6.5,6.068826914));
#2455=VERTEX_POINT('',#2454);
#2456=CARTESIAN_POINT('',(10.,-6.5,6.068826914));
#2457=DIRECTION('',(-1.,0.,0.));
#2458=VECTOR('',#2457,20.);
#2459=LINE('',#2456,#2458);
#2460=EDGE_CURVE('',#2453,#2455,#2459,.T.);
#2461=ORIENTED_EDGE('',*,*,#2460,.T.);
#2462=CARTESIAN_POINT('',(-1.,-6.5,7.068826914));
#2463=VERTEX_POINT('',#2462);
#2464=CARTESIAN_POINT('',(-1.,-6.5,31.128548026));
#2465=DIRECTION('',(-0.,0.,1.));
#2466=VECTOR('',#2465,10.);
#2467=LINE('',#2464,#2466);
#2468=EDGE_CURVE('',#2455,#2463,#2467,.T.);
#2469=ORIENTED_EDGE('',*,*,#2468,.T.);
#2470=CARTESIAN_POINT('',(1.,-6.5,7.068826914));
#2471=VERTEX_POINT('',#2470);
#2472=CARTESIAN_POINT('',(-10.,-6.5,7.068826914));
#2473=DIRECTION('',(1.,0.,-0.));
#2474=VECTOR('',#2473,20.);
#2475=LINE('',#2472,#2474);
#2476=EDGE_CURVE('',#2463,#2471,#2475,.T.);
#2477=ORIENTED_EDGE('',*,*,#2476,.T.);
#2478=CARTESIAN_POINT('',(1.,-6.5,41.128548026));
#2479=DIRECTION('',(0.,0.,-1.));
#2480=VECTOR('',#2479,10.);
#2481=LINE('',#2478,#2480);
#2482=EDGE_CURVE('',#2471,#2453,#2481,.T.);
#2483=ORIENTED_EDGE('',*,*,#2482,.T.);
#2484=EDGE_LOOP('',(#2461,#2469,#2477,#2483));
#2485=FACE_BOUND('',#2484,.T.);
#2486=CARTESIAN_POINT('',(-1.668109488,-6.5,3.410708058));
#2487=VERTEX_POINT('',#2486);
#2488=CARTESIAN_POINT('',(-0.268109488,-6.5,3.410708058));
#2489=VERTEX_POINT('',#2488);
#2490=CARTESIAN_POINT('',(-12.324602187,-6.5,3.410708058));
#2491=DIRECTION('',(1.,0.,-0.));
#2492=VECTOR('',#2491,14.);
#2493=LINE('',#2490,#2492);
#2494=EDGE_CURVE('',#2487,#2489,#2493,.T.);
#2495=ORIENTED_EDGE('',*,*,#2494,.F.);
#2496=CARTESIAN_POINT('',(-1.668109488,-6.5,4.810708058));
#2497=VERTEX_POINT('',#2496);
#2498=CARTESIAN_POINT('',(-1.668109488,-6.5,29.608894318));
#2499=DIRECTION('',(0.,0.,-1.));
#2500=VECTOR('',#2499,14.);
#2501=LINE('',#2498,#2500);
#2502=EDGE_CURVE('',#2497,#2487,#2501,.T.);
#2503=ORIENTED_EDGE('',*,*,#2502,.F.);
#2504=CARTESIAN_POINT('',(-0.268109488,-6.5,4.810708058));
#2505=VERTEX_POINT('',#2504);
#2506=CARTESIAN_POINT('',(1.675397813,-6.5,4.810708058));
#2507=DIRECTION('',(-1.,0.,0.));
#2508=VECTOR('',#2507,14.);
#2509=LINE('',#2506,#2508);
#2510=EDGE_CURVE('',#2505,#2497,#2509,.T.);
#2511=ORIENTED_EDGE('',*,*,#2510,.F.);
#2512=CARTESIAN_POINT('',(-0.268109488,-6.5,15.608894318));
#2513=DIRECTION('',(0.,0.,1.));
#2514=VECTOR('',#2513,14.);
#2515=LINE('',#2512,#2514);
#2516=EDGE_CURVE('',#2489,#2505,#2515,.T.);
#2517=ORIENTED_EDGE('',*,*,#2516,.F.);
#2518=EDGE_LOOP('',(#2495,#2503,#2511,#2517));
#2519=FACE_BOUND('',#2518,.T.);
#2520=CARTESIAN_POINT('',(-3.25949316,-6.5,5.622836995));
#2521=VERTEX_POINT('',#2520);
#2522=CARTESIAN_POINT('',(-1.85949316,-6.5,5.622836995));
#2523=VERTEX_POINT('',#2522);
#2524=CARTESIAN_POINT('',(-21.077212379,-6.5,5.622836995));
#2525=DIRECTION('',(1.,0.,-0.));
#2526=VECTOR('',#2525,14.);
#2527=LINE('',#2524,#2526);
#2528=EDGE_CURVE('',#2521,#2523,#2527,.T.);
#2529=ORIENTED_EDGE('',*,*,#2528,.F.);
#2530=CARTESIAN_POINT('',(-3.25949316,-6.5,7.022836995));
#2531=VERTEX_POINT('',#2530);
#2532=CARTESIAN_POINT('',(-3.25949316,-6.5,41.775603473));
#2533=DIRECTION('',(0.,0.,-1.));
#2534=VECTOR('',#2533,14.);
#2535=LINE('',#2532,#2534);
#2536=EDGE_CURVE('',#2531,#2521,#2535,.T.);
#2537=ORIENTED_EDGE('',*,*,#2536,.F.);
#2538=CARTESIAN_POINT('',(-1.85949316,-6.5,7.022836995));
#2539=VERTEX_POINT('',#2538);
#2540=CARTESIAN_POINT('',(-7.077212379,-6.5,7.022836995));
#2541=DIRECTION('',(-1.,0.,0.));
#2542=VECTOR('',#2541,14.);
#2543=LINE('',#2540,#2542);
#2544=EDGE_CURVE('',#2539,#2531,#2543,.T.);
#2545=ORIENTED_EDGE('',*,*,#2544,.F.);
#2546=CARTESIAN_POINT('',(-1.85949316,-6.5,27.775603473));
#2547=DIRECTION('',(0.,0.,1.));
#2548=VECTOR('',#2547,14.);
#2549=LINE('',#2546,#2548);
#2550=EDGE_CURVE('',#2523,#2539,#2549,.T.);
#2551=ORIENTED_EDGE('',*,*,#2550,.F.);
#2552=EDGE_LOOP('',(#2529,#2537,#2545,#2551));
#2553=FACE_BOUND('',#2552,.T.);
#2554=CARTESIAN_POINT('',(1.509222753,-6.5,7.340207148));
#2555=VERTEX_POINT('',#2554);
#2556=CARTESIAN_POINT('',(2.909222753,-6.5,7.340207148));
#2557=VERTEX_POINT('',#2556);
#2558=CARTESIAN_POINT('',(5.150725141,-6.5,7.340207148));
#2559=DIRECTION('',(1.,0.,-0.));
#2560=VECTOR('',#2559,14.);
#2561=LINE('',#2558,#2560);
#2562=EDGE_CURVE('',#2555,#2557,#2561,.T.);
#2563=ORIENTED_EDGE('',*,*,#2562,.F.);
#2564=CARTESIAN_POINT('',(1.509222753,-6.5,8.740207148));
#2565=VERTEX_POINT('',#2564);
#2566=CARTESIAN_POINT('',(1.509222753,-6.5,51.221139312));
#2567=DIRECTION('',(0.,0.,-1.));
#2568=VECTOR('',#2567,14.);
#2569=LINE('',#2566,#2568);
#2570=EDGE_CURVE('',#2565,#2555,#2569,.T.);
#2571=ORIENTED_EDGE('',*,*,#2570,.F.);
#2572=CARTESIAN_POINT('',(2.909222753,-6.5,8.740207148));
#2573=VERTEX_POINT('',#2572);
#2574=CARTESIAN_POINT('',(19.150725141,-6.5,8.740207148));
#2575=DIRECTION('',(-1.,0.,0.));
#2576=VECTOR('',#2575,14.);
#2577=LINE('',#2574,#2576);
#2578=EDGE_CURVE('',#2573,#2565,#2577,.T.);
#2579=ORIENTED_EDGE('',*,*,#2578,.F.);
#2580=CARTESIAN_POINT('',(2.909222753,-6.5,37.221139312));
#2581=DIRECTION('',(0.,0.,1.));
#2582=VECTOR('',#2581,14.);
#2583=LINE('',#2580,#2582);
#2584=EDGE_CURVE('',#2557,#2573,#2583,.T.);
#2585=ORIENTED_EDGE('',*,*,#2584,.F.);
#2586=EDGE_LOOP('',(#2563,#2571,#2579,#2585));
#2587=FACE_BOUND('',#2586,.T.);
#2588=ORIENTED_EDGE('',*,*,#2076,.F.);
#2589=ORIENTED_EDGE('',*,*,#2174,.F.);
#2590=ORIENTED_EDGE('',*,*,#2145,.F.);
#2591=ORIENTED_EDGE('',*,*,#2114,.F.);
#2592=EDGE_LOOP('',(#2588,#2589,#2590,#2591));
#2593=FACE_BOUND('',#2592,.T.);
#2594=ADVANCED_FACE('',(#2289,#2323,#2357,#2451,#2485,#2519,#2553,#2587,#2593),#2255,.T.);
#2595=OVER_RIDING_STYLED_ITEM('',(#761),#2594,#26);
#2596=CARTESIAN_POINT('',(0.011510909,-6.4,7.440207148));
#2597=DIRECTION('',(0.,-0.707106781,0.707106781));
#2598=DIRECTION('',(1.,0.,0.));
#2599=AXIS2_PLACEMENT_3D('',#2596,#2597,#2598);
#2600=PLANE('',#2599);
#2601=ORIENTED_EDGE('',*,*,#2264,.T.);
#2602=CARTESIAN_POINT('',(0.523021817,-6.3,7.540207148));
#2603=VERTEX_POINT('',#2602);
#2604=CARTESIAN_POINT('',(0.723021817,-6.5,7.340207148));
#2605=DIRECTION('',(-0.577350269,0.577350269,0.577350269));
#2606=VECTOR('',#2605,3.464101615);
#2607=LINE('',#2604,#2606);
#2608=EDGE_CURVE('',#2259,#2603,#2607,.T.);
#2609=ORIENTED_EDGE('',*,*,#2608,.T.);
#2610=CARTESIAN_POINT('',(-0.476978183,-6.3,7.540207148));
#2611=VERTEX_POINT('',#2610);
#2612=CARTESIAN_POINT('',(5.126619995,-6.3,7.540207148));
#2613=DIRECTION('',(-1.,0.,0.));
#2614=VECTOR('',#2613,10.);
#2615=LINE('',#2612,#2614);
#2616=EDGE_CURVE('',#2603,#2611,#2615,.T.);
#2617=ORIENTED_EDGE('',*,*,#2616,.T.);
#2618=CARTESIAN_POINT('',(-0.476978183,-6.3,7.540207148));
#2619=DIRECTION('',(-0.577350269,-0.577350269,-0.577350269));
#2620=VECTOR('',#2619,3.464101615);
#2621=LINE('',#2618,#2620);
#2622=EDGE_CURVE('',#2611,#2257,#2621,.T.);
#2623=ORIENTED_EDGE('',*,*,#2622,.T.);
#2624=EDGE_LOOP('',(#2601,#2609,#2617,#2623));
#2625=FACE_BOUND('',#2624,.T.);
#2626=ADVANCED_FACE('',(#2625),#2600,.T.);
#2627=CARTESIAN_POINT('',(0.623021817,-6.4,4.020103574));
#2628=DIRECTION('',(-0.707106781,-0.707106781,0.));
#2629=DIRECTION('',(0.,0.,1.));
#2630=AXIS2_PLACEMENT_3D('',#2627,#2628,#2629);
#2631=PLANE('',#2630);
#2632=ORIENTED_EDGE('',*,*,#2286,.T.);
#2633=CARTESIAN_POINT('',(0.523021817,-6.3,8.540207148));
#2634=VERTEX_POINT('',#2633);
#2635=CARTESIAN_POINT('',(0.723021817,-6.5,8.740207148));
#2636=DIRECTION('',(-0.577350269,0.577350269,-0.577350269));
#2637=VECTOR('',#2636,3.464101615);
#2638=LINE('',#2635,#2637);
#2639=EDGE_CURVE('',#2275,#2634,#2638,.T.);
#2640=ORIENTED_EDGE('',*,*,#2639,.T.);
#2641=CARTESIAN_POINT('',(0.523021817,-6.3,49.221139312));
#2642=DIRECTION('',(0.,0.,-1.));
#2643=VECTOR('',#2642,10.);
#2644=LINE('',#2641,#2643);
#2645=EDGE_CURVE('',#2634,#2603,#2644,.T.);
#2646=ORIENTED_EDGE('',*,*,#2645,.T.);
#2647=ORIENTED_EDGE('',*,*,#2608,.F.);
#2648=EDGE_LOOP('',(#2632,#2640,#2646,#2647));
#2649=FACE_BOUND('',#2648,.T.);
#2650=ADVANCED_FACE('',(#2649),#2631,.T.);
#2651=CARTESIAN_POINT('',(0.011510909,-6.4,8.640207148));
#2652=DIRECTION('',(0.,-0.707106781,-0.707106781));
#2653=DIRECTION('',(-1.,0.,0.));
#2654=AXIS2_PLACEMENT_3D('',#2651,#2652,#2653);
#2655=PLANE('',#2654);
#2656=ORIENTED_EDGE('',*,*,#2280,.T.);
#2657=CARTESIAN_POINT('',(-0.476978183,-6.3,8.540207148));
#2658=VERTEX_POINT('',#2657);
#2659=CARTESIAN_POINT('',(-0.676978183,-6.5,8.740207148));
#2660=DIRECTION('',(0.577350269,0.577350269,-0.577350269));
#2661=VECTOR('',#2660,3.464101615);
#2662=LINE('',#2659,#2661);
#2663=EDGE_CURVE('',#2267,#2658,#2662,.T.);
#2664=ORIENTED_EDGE('',*,*,#2663,.T.);
#2665=CARTESIAN_POINT('',(-4.873380005,-6.3,8.540207148));
#2666=DIRECTION('',(1.,0.,-0.));
#2667=VECTOR('',#2666,10.);
#2668=LINE('',#2665,#2667);
#2669=EDGE_CURVE('',#2658,#2634,#2668,.T.);
#2670=ORIENTED_EDGE('',*,*,#2669,.T.);
#2671=ORIENTED_EDGE('',*,*,#2639,.F.);
#2672=EDGE_LOOP('',(#2656,#2664,#2670,#2671));
#2673=FACE_BOUND('',#2672,.T.);
#2674=ADVANCED_FACE('',(#2673),#2655,.T.);
#2675=CARTESIAN_POINT('',(-0.576978183,-6.4,4.020103574));
#2676=DIRECTION('',(0.707106781,-0.707106781,0.));
#2677=DIRECTION('',(0.,0.,-1.));
#2678=AXIS2_PLACEMENT_3D('',#2675,#2676,#2677);
#2679=PLANE('',#2678);
#2680=ORIENTED_EDGE('',*,*,#2272,.T.);
#2681=ORIENTED_EDGE('',*,*,#2622,.F.);
#2682=CARTESIAN_POINT('',(-0.476978183,-6.3,39.221139312));
#2683=DIRECTION('',(0.,0.,1.));
#2684=VECTOR('',#2683,10.);
#2685=LINE('',#2682,#2684);
#2686=EDGE_CURVE('',#2611,#2658,#2685,.T.);
#2687=ORIENTED_EDGE('',*,*,#2686,.T.);
#2688=ORIENTED_EDGE('',*,*,#2663,.F.);
#2689=EDGE_LOOP('',(#2680,#2681,#2687,#2688));
#2690=FACE_BOUND('',#2689,.T.);
#2691=ADVANCED_FACE('',(#2690),#2679,.T.);
#2692=CARTESIAN_POINT('',(-0.476978183,-6.5,8.040207148));
#2693=DIRECTION('',(-1.,-0.,0.));
#2694=DIRECTION('',(0.,0.,1.));
#2695=AXIS2_PLACEMENT_3D('',#2692,#2693,#2694);
#2696=PLANE('',#2695);
#2697=ORIENTED_EDGE('',*,*,#2686,.F.);
#2698=CARTESIAN_POINT('',(-0.476978183,-1.5,7.540207148));
#2699=VERTEX_POINT('',#2698);
#2700=CARTESIAN_POINT('',(-0.476978183,-4.5,7.540207148));
#2701=DIRECTION('',(-0.,1.,0.));
#2702=VECTOR('',#2701,48.);
#2703=LINE('',#2700,#2702);
#2704=EDGE_CURVE('',#2611,#2699,#2703,.T.);
#2705=ORIENTED_EDGE('',*,*,#2704,.T.);
#2706=CARTESIAN_POINT('',(-0.476978183,-1.5,8.540207148));
#2707=VERTEX_POINT('',#2706);
#2708=CARTESIAN_POINT('',(-0.476978183,-1.5,8.540207148));
#2709=DIRECTION('',(0.,0.,-1.));
#2710=VECTOR('',#2709,10.);
#2711=LINE('',#2708,#2710);
#2712=EDGE_CURVE('',#2707,#2699,#2711,.T.);
#2713=ORIENTED_EDGE('',*,*,#2712,.F.);
#2714=CARTESIAN_POINT('',(-0.476978183,-4.5,8.540207148));
#2715=DIRECTION('',(-0.,1.,0.));
#2716=VECTOR('',#2715,48.);
#2717=LINE('',#2714,#2716);
#2718=EDGE_CURVE('',#2658,#2707,#2717,.T.);
#2719=ORIENTED_EDGE('',*,*,#2718,.F.);
#2720=EDGE_LOOP('',(#2697,#2705,#2713,#2719));
#2721=FACE_BOUND('',#2720,.T.);
#2722=ADVANCED_FACE('',(#2721),#2696,.F.);
#2723=OVER_RIDING_STYLED_ITEM('',(#2224),#2722,#26);
#2724=CARTESIAN_POINT('',(0.023021817,-6.5,7.540207148));
#2725=DIRECTION('',(0.,0.,-1.));
#2726=DIRECTION('',(-1.,0.,0.));
#2727=AXIS2_PLACEMENT_3D('',#2724,#2725,#2726);
#2728=PLANE('',#2727);
#2729=ORIENTED_EDGE('',*,*,#2616,.F.);
#2730=CARTESIAN_POINT('',(0.523021817,-1.5,7.540207148));
#2731=VERTEX_POINT('',#2730);
#2732=CARTESIAN_POINT('',(0.523021817,-4.5,7.540207148));
#2733=DIRECTION('',(-0.,1.,0.));
#2734=VECTOR('',#2733,48.);
#2735=LINE('',#2732,#2734);
#2736=EDGE_CURVE('',#2603,#2731,#2735,.T.);
#2737=ORIENTED_EDGE('',*,*,#2736,.T.);
#2738=CARTESIAN_POINT('',(-0.476978183,-1.5,7.540207148));
#2739=DIRECTION('',(1.,0.,-0.));
#2740=VECTOR('',#2739,10.);
#2741=LINE('',#2738,#2740);
#2742=EDGE_CURVE('',#2699,#2731,#2741,.T.);
#2743=ORIENTED_EDGE('',*,*,#2742,.F.);
#2744=ORIENTED_EDGE('',*,*,#2704,.F.);
#2745=EDGE_LOOP('',(#2729,#2737,#2743,#2744));
#2746=FACE_BOUND('',#2745,.T.);
#2747=ADVANCED_FACE('',(#2746),#2728,.F.);
#2748=OVER_RIDING_STYLED_ITEM('',(#2224),#2747,#26);
#2749=CARTESIAN_POINT('',(1.104611376,-6.4,7.440207148));
#2750=DIRECTION('',(0.,-0.707106781,0.707106781));
#2751=DIRECTION('',(1.,0.,0.));
#2752=AXIS2_PLACEMENT_3D('',#2749,#2750,#2751);
#2753=PLANE('',#2752);
#2754=ORIENTED_EDGE('',*,*,#2562,.T.);
#2755=CARTESIAN_POINT('',(2.709222753,-6.3,7.540207148));
#2756=VERTEX_POINT('',#2755);
#2757=CARTESIAN_POINT('',(2.909222753,-6.5,7.340207148));
#2758=DIRECTION('',(-0.577350269,0.577350269,0.577350269));
#2759=VECTOR('',#2758,3.464101615);
#2760=LINE('',#2757,#2759);
#2761=EDGE_CURVE('',#2557,#2756,#2760,.T.);
#2762=ORIENTED_EDGE('',*,*,#2761,.T.);
#2763=CARTESIAN_POINT('',(1.709222753,-6.3,7.540207148));
#2764=VERTEX_POINT('',#2763);
#2765=CARTESIAN_POINT('',(17.150725141,-6.3,7.540207148));
#2766=DIRECTION('',(-1.,0.,0.));
#2767=VECTOR('',#2766,10.);
#2768=LINE('',#2765,#2767);
#2769=EDGE_CURVE('',#2756,#2764,#2768,.T.);
#2770=ORIENTED_EDGE('',*,*,#2769,.T.);
#2771=CARTESIAN_POINT('',(1.709222753,-6.3,7.540207148));
#2772=DIRECTION('',(-0.577350269,-0.577350269,-0.577350269));
#2773=VECTOR('',#2772,0.346410162);
#2774=LINE('',#2771,#2773);
#2775=EDGE_CURVE('',#2764,#2555,#2774,.T.);
#2776=ORIENTED_EDGE('',*,*,#2775,.T.);
#2777=EDGE_LOOP('',(#2754,#2762,#2770,#2776));
#2778=FACE_BOUND('',#2777,.T.);
#2779=ADVANCED_FACE('',(#2778),#2753,.T.);
#2780=CARTESIAN_POINT('',(2.809222753,-6.4,4.020103574));
#2781=DIRECTION('',(-0.707106781,-0.707106781,0.));
#2782=DIRECTION('',(0.,0.,1.));
#2783=AXIS2_PLACEMENT_3D('',#2780,#2781,#2782);
#2784=PLANE('',#2783);
#2785=ORIENTED_EDGE('',*,*,#2584,.T.);
#2786=CARTESIAN_POINT('',(2.709222753,-6.3,8.540207148));
#2787=VERTEX_POINT('',#2786);
#2788=CARTESIAN_POINT('',(2.909222753,-6.5,8.740207148));
#2789=DIRECTION('',(-0.577350269,0.577350269,-0.577350269));
#2790=VECTOR('',#2789,3.464101615);
#2791=LINE('',#2788,#2790);
#2792=EDGE_CURVE('',#2573,#2787,#2791,.T.);
#2793=ORIENTED_EDGE('',*,*,#2792,.T.);
#2794=CARTESIAN_POINT('',(2.709222753,-6.3,49.221139312));
#2795=DIRECTION('',(0.,0.,-1.));
#2796=VECTOR('',#2795,10.);
#2797=LINE('',#2794,#2796);
#2798=EDGE_CURVE('',#2787,#2756,#2797,.T.);
#2799=ORIENTED_EDGE('',*,*,#2798,.T.);
#2800=ORIENTED_EDGE('',*,*,#2761,.F.);
#2801=EDGE_LOOP('',(#2785,#2793,#2799,#2800));
#2802=FACE_BOUND('',#2801,.T.);
#2803=ADVANCED_FACE('',(#2802),#2784,.T.);
#2804=CARTESIAN_POINT('',(1.104611376,-6.4,8.640207148));
#2805=DIRECTION('',(0.,-0.707106781,-0.707106781));
#2806=DIRECTION('',(-1.,0.,0.));
#2807=AXIS2_PLACEMENT_3D('',#2804,#2805,#2806);
#2808=PLANE('',#2807);
#2809=ORIENTED_EDGE('',*,*,#2578,.T.);
#2810=CARTESIAN_POINT('',(1.709222753,-6.3,8.540207148));
#2811=VERTEX_POINT('',#2810);
#2812=CARTESIAN_POINT('',(1.509222753,-6.5,8.740207148));
#2813=DIRECTION('',(0.577350269,0.577350269,-0.577350269));
#2814=VECTOR('',#2813,3.464101615);
#2815=LINE('',#2812,#2814);
#2816=EDGE_CURVE('',#2565,#2811,#2815,.T.);
#2817=ORIENTED_EDGE('',*,*,#2816,.T.);
#2818=CARTESIAN_POINT('',(7.150725141,-6.3,8.540207148));
#2819=DIRECTION('',(1.,0.,-0.));
#2820=VECTOR('',#2819,10.);
#2821=LINE('',#2818,#2820);
#2822=EDGE_CURVE('',#2811,#2787,#2821,.T.);
#2823=ORIENTED_EDGE('',*,*,#2822,.T.);
#2824=ORIENTED_EDGE('',*,*,#2792,.F.);
#2825=EDGE_LOOP('',(#2809,#2817,#2823,#2824));
#2826=FACE_BOUND('',#2825,.T.);
#2827=ADVANCED_FACE('',(#2826),#2808,.T.);
#2828=CARTESIAN_POINT('',(1.609222753,-6.4,4.020103574));
#2829=DIRECTION('',(0.707106781,-0.707106781,0.));
#2830=DIRECTION('',(0.,0.,-1.));
#2831=AXIS2_PLACEMENT_3D('',#2828,#2829,#2830);
#2832=PLANE('',#2831);
#2833=ORIENTED_EDGE('',*,*,#2570,.T.);
#2834=ORIENTED_EDGE('',*,*,#2775,.F.);
#2835=CARTESIAN_POINT('',(1.709222753,-6.3,39.221139312));
#2836=DIRECTION('',(0.,0.,1.));
#2837=VECTOR('',#2836,10.);
#2838=LINE('',#2835,#2837);
#2839=EDGE_CURVE('',#2764,#2811,#2838,.T.);
#2840=ORIENTED_EDGE('',*,*,#2839,.T.);
#2841=ORIENTED_EDGE('',*,*,#2816,.F.);
#2842=EDGE_LOOP('',(#2833,#2834,#2840,#2841));
#2843=FACE_BOUND('',#2842,.T.);
#2844=ADVANCED_FACE('',(#2843),#2832,.T.);
#2845=CARTESIAN_POINT('',(1.709222753,-6.5,8.040207148));
#2846=DIRECTION('',(-1.,-0.,0.));
#2847=DIRECTION('',(0.,0.,1.));
#2848=AXIS2_PLACEMENT_3D('',#2845,#2846,#2847);
#2849=PLANE('',#2848);
#2850=ORIENTED_EDGE('',*,*,#2839,.F.);
#2851=CARTESIAN_POINT('',(1.709222753,-1.5,7.540207148));
#2852=VERTEX_POINT('',#2851);
#2853=CARTESIAN_POINT('',(1.709222753,-4.5,7.540207148));
#2854=DIRECTION('',(-0.,1.,0.));
#2855=VECTOR('',#2854,48.);
#2856=LINE('',#2853,#2855);
#2857=EDGE_CURVE('',#2764,#2852,#2856,.T.);
#2858=ORIENTED_EDGE('',*,*,#2857,.T.);
#2859=CARTESIAN_POINT('',(1.709222753,-1.5,8.540207148));
#2860=VERTEX_POINT('',#2859);
#2861=CARTESIAN_POINT('',(1.709222753,-1.5,8.540207148));
#2862=DIRECTION('',(0.,0.,-1.));
#2863=VECTOR('',#2862,10.);
#2864=LINE('',#2861,#2863);
#2865=EDGE_CURVE('',#2860,#2852,#2864,.T.);
#2866=ORIENTED_EDGE('',*,*,#2865,.F.);
#2867=CARTESIAN_POINT('',(1.709222753,-4.5,8.540207148));
#2868=DIRECTION('',(-0.,1.,0.));
#2869=VECTOR('',#2868,48.);
#2870=LINE('',#2867,#2869);
#2871=EDGE_CURVE('',#2811,#2860,#2870,.T.);
#2872=ORIENTED_EDGE('',*,*,#2871,.F.);
#2873=EDGE_LOOP('',(#2850,#2858,#2866,#2872));
#2874=FACE_BOUND('',#2873,.T.);
#2875=ADVANCED_FACE('',(#2874),#2849,.F.);
#2876=OVER_RIDING_STYLED_ITEM('',(#2224),#2875,#26);
#2877=CARTESIAN_POINT('',(2.209222753,-6.5,7.540207148));
#2878=DIRECTION('',(0.,0.,-1.));
#2879=DIRECTION('',(-1.,0.,0.));
#2880=AXIS2_PLACEMENT_3D('',#2877,#2878,#2879);
#2881=PLANE('',#2880);
#2882=ORIENTED_EDGE('',*,*,#2769,.F.);
#2883=CARTESIAN_POINT('',(2.709222753,-1.5,7.540207148));
#2884=VERTEX_POINT('',#2883);
#2885=CARTESIAN_POINT('',(2.709222753,-4.5,7.540207148));
#2886=DIRECTION('',(-0.,1.,0.));
#2887=VECTOR('',#2886,48.);
#2888=LINE('',#2885,#2887);
#2889=EDGE_CURVE('',#2756,#2884,#2888,.T.);
#2890=ORIENTED_EDGE('',*,*,#2889,.T.);
#2891=CARTESIAN_POINT('',(1.709222753,-1.5,7.540207148));
#2892=DIRECTION('',(1.,0.,-0.));
#2893=VECTOR('',#2892,10.);
#2894=LINE('',#2891,#2893);
#2895=EDGE_CURVE('',#2852,#2884,#2894,.T.);
#2896=ORIENTED_EDGE('',*,*,#2895,.F.);
#2897=ORIENTED_EDGE('',*,*,#2857,.F.);
#2898=EDGE_LOOP('',(#2882,#2890,#2896,#2897));
#2899=FACE_BOUND('',#2898,.T.);
#2900=ADVANCED_FACE('',(#2899),#2881,.F.);
#2901=OVER_RIDING_STYLED_ITEM('',(#2224),#2900,#26);
#2902=CARTESIAN_POINT('',(1.274500278,-6.4,5.722836995));
#2903=DIRECTION('',(0.,-0.707106781,0.707106781));
#2904=DIRECTION('',(1.,0.,0.));
#2905=AXIS2_PLACEMENT_3D('',#2902,#2903,#2904);
#2906=PLANE('',#2905);
#2907=ORIENTED_EDGE('',*,*,#2298,.T.);
#2908=CARTESIAN_POINT('',(3.049000556,-6.3,5.822836995));
#2909=VERTEX_POINT('',#2908);
#2910=CARTESIAN_POINT('',(3.249000556,-6.5,5.622836995));
#2911=DIRECTION('',(-0.577350269,0.577350269,0.577350269));
#2912=VECTOR('',#2911,0.346410162);
#2913=LINE('',#2910,#2912);
#2914=EDGE_CURVE('',#2293,#2909,#2913,.T.);
#2915=ORIENTED_EDGE('',*,*,#2914,.T.);
#2916=CARTESIAN_POINT('',(2.049000556,-6.3,5.822836995));
#2917=VERTEX_POINT('',#2916);
#2918=CARTESIAN_POINT('',(19.01950306,-6.3,5.822836995));
#2919=DIRECTION('',(-1.,0.,0.));
#2920=VECTOR('',#2919,10.);
#2921=LINE('',#2918,#2920);
#2922=EDGE_CURVE('',#2909,#2917,#2921,.T.);
#2923=ORIENTED_EDGE('',*,*,#2922,.T.);
#2924=CARTESIAN_POINT('',(2.049000556,-6.3,5.822836995));
#2925=DIRECTION('',(-0.577350269,-0.577350269,-0.577350269));
#2926=VECTOR('',#2925,3.464101615);
#2927=LINE('',#2924,#2926);
#2928=EDGE_CURVE('',#2917,#2291,#2927,.T.);
#2929=ORIENTED_EDGE('',*,*,#2928,.T.);
#2930=EDGE_LOOP('',(#2907,#2915,#2923,#2929));
#2931=FACE_BOUND('',#2930,.T.);
#2932=ADVANCED_FACE('',(#2931),#2906,.T.);
#2933=CARTESIAN_POINT('',(3.149000556,-6.4,3.161418498));
#2934=DIRECTION('',(-0.707106781,-0.707106781,0.));
#2935=DIRECTION('',(0.,0.,1.));
#2936=AXIS2_PLACEMENT_3D('',#2933,#2934,#2935);
#2937=PLANE('',#2936);
#2938=ORIENTED_EDGE('',*,*,#2320,.T.);
#2939=CARTESIAN_POINT('',(3.049000556,-6.3,6.822836995));
#2940=VERTEX_POINT('',#2939);
#2941=CARTESIAN_POINT('',(3.249000556,-6.5,7.022836995));
#2942=DIRECTION('',(-0.577350269,0.577350269,-0.577350269));
#2943=VECTOR('',#2942,0.346410162);
#2944=LINE('',#2941,#2943);
#2945=EDGE_CURVE('',#2309,#2940,#2944,.T.);
#2946=ORIENTED_EDGE('',*,*,#2945,.T.);
#2947=CARTESIAN_POINT('',(3.049000556,-6.3,39.775603473));
#2948=DIRECTION('',(0.,0.,-1.));
#2949=VECTOR('',#2948,10.);
#2950=LINE('',#2947,#2949);
#2951=EDGE_CURVE('',#2940,#2909,#2950,.T.);
#2952=ORIENTED_EDGE('',*,*,#2951,.T.);
#2953=ORIENTED_EDGE('',*,*,#2914,.F.);
#2954=EDGE_LOOP('',(#2938,#2946,#2952,#2953));
#2955=FACE_BOUND('',#2954,.T.);
#2956=ADVANCED_FACE('',(#2955),#2937,.T.);
#2957=CARTESIAN_POINT('',(1.274500278,-6.4,6.922836995));
#2958=DIRECTION('',(0.,-0.707106781,-0.707106781));
#2959=DIRECTION('',(-1.,0.,0.));
#2960=AXIS2_PLACEMENT_3D('',#2957,#2958,#2959);
#2961=PLANE('',#2960);
#2962=ORIENTED_EDGE('',*,*,#2314,.T.);
#2963=CARTESIAN_POINT('',(2.049000556,-6.3,6.822836995));
#2964=VERTEX_POINT('',#2963);
#2965=CARTESIAN_POINT('',(1.849000556,-6.5,7.022836995));
#2966=DIRECTION('',(0.577350269,0.577350269,-0.577350269));
#2967=VECTOR('',#2966,3.464101615);
#2968=LINE('',#2965,#2967);
#2969=EDGE_CURVE('',#2301,#2964,#2968,.T.);
#2970=ORIENTED_EDGE('',*,*,#2969,.T.);
#2971=CARTESIAN_POINT('',(9.01950306,-6.3,6.822836995));
#2972=DIRECTION('',(1.,0.,-0.));
#2973=VECTOR('',#2972,10.);
#2974=LINE('',#2971,#2973);
#2975=EDGE_CURVE('',#2964,#2940,#2974,.T.);
#2976=ORIENTED_EDGE('',*,*,#2975,.T.);
#2977=ORIENTED_EDGE('',*,*,#2945,.F.);
#2978=EDGE_LOOP('',(#2962,#2970,#2976,#2977));
#2979=FACE_BOUND('',#2978,.T.);
#2980=ADVANCED_FACE('',(#2979),#2961,.T.);
#2981=CARTESIAN_POINT('',(1.949000556,-6.4,3.161418498));
#2982=DIRECTION('',(0.707106781,-0.707106781,0.));
#2983=DIRECTION('',(0.,0.,-1.));
#2984=AXIS2_PLACEMENT_3D('',#2981,#2982,#2983);
#2985=PLANE('',#2984);
#2986=ORIENTED_EDGE('',*,*,#2306,.T.);
#2987=ORIENTED_EDGE('',*,*,#2928,.F.);
#2988=CARTESIAN_POINT('',(2.049000556,-6.3,29.775603473));
#2989=DIRECTION('',(0.,0.,1.));
#2990=VECTOR('',#2989,10.);
#2991=LINE('',#2988,#2990);
#2992=EDGE_CURVE('',#2917,#2964,#2991,.T.);
#2993=ORIENTED_EDGE('',*,*,#2992,.T.);
#2994=ORIENTED_EDGE('',*,*,#2969,.F.);
#2995=EDGE_LOOP('',(#2986,#2987,#2993,#2994));
#2996=FACE_BOUND('',#2995,.T.);
#2997=ADVANCED_FACE('',(#2996),#2985,.T.);
#2998=CARTESIAN_POINT('',(2.049000556,-6.5,6.322836995));
#2999=DIRECTION('',(-1.,-0.,0.));
#3000=DIRECTION('',(0.,0.,1.));
#3001=AXIS2_PLACEMENT_3D('',#2998,#2999,#3000);
#3002=PLANE('',#3001);
#3003=ORIENTED_EDGE('',*,*,#2992,.F.);
#3004=CARTESIAN_POINT('',(2.049000556,-1.5,5.822836995));
#3005=VERTEX_POINT('',#3004);
#3006=CARTESIAN_POINT('',(2.049000556,-4.5,5.822836995));
#3007=DIRECTION('',(-0.,1.,0.));
#3008=VECTOR('',#3007,48.);
#3009=LINE('',#3006,#3008);
#3010=EDGE_CURVE('',#2917,#3005,#3009,.T.);
#3011=ORIENTED_EDGE('',*,*,#3010,.T.);
#3012=CARTESIAN_POINT('',(2.049000556,-1.5,6.822836995));
#3013=VERTEX_POINT('',#3012);
#3014=CARTESIAN_POINT('',(2.049000556,-1.5,6.822836995));
#3015=DIRECTION('',(0.,0.,-1.));
#3016=VECTOR('',#3015,10.);
#3017=LINE('',#3014,#3016);
#3018=EDGE_CURVE('',#3013,#3005,#3017,.T.);
#3019=ORIENTED_EDGE('',*,*,#3018,.F.);
#3020=CARTESIAN_POINT('',(2.049000556,-4.5,6.822836995));
#3021=DIRECTION('',(-0.,1.,0.));
#3022=VECTOR('',#3021,48.);
#3023=LINE('',#3020,#3022);
#3024=EDGE_CURVE('',#2964,#3013,#3023,.T.);
#3025=ORIENTED_EDGE('',*,*,#3024,.F.);
#3026=EDGE_LOOP('',(#3003,#3011,#3019,#3025));
#3027=FACE_BOUND('',#3026,.T.);
#3028=ADVANCED_FACE('',(#3027),#3002,.F.);
#3029=OVER_RIDING_STYLED_ITEM('',(#2224),#3028,#26);
#3030=CARTESIAN_POINT('',(2.549000556,-6.5,5.822836995));
#3031=DIRECTION('',(0.,0.,-1.));
#3032=DIRECTION('',(-1.,0.,0.));
#3033=AXIS2_PLACEMENT_3D('',#3030,#3031,#3032);
#3034=PLANE('',#3033);
#3035=ORIENTED_EDGE('',*,*,#2922,.F.);
#3036=CARTESIAN_POINT('',(3.049000556,-1.5,5.822836995));
#3037=VERTEX_POINT('',#3036);
#3038=CARTESIAN_POINT('',(3.049000556,-4.5,5.822836995));
#3039=DIRECTION('',(-0.,1.,0.));
#3040=VECTOR('',#3039,48.);
#3041=LINE('',#3038,#3040);
#3042=EDGE_CURVE('',#2909,#3037,#3041,.T.);
#3043=ORIENTED_EDGE('',*,*,#3042,.T.);
#3044=CARTESIAN_POINT('',(2.049000556,-1.5,5.822836995));
#3045=DIRECTION('',(1.,0.,-0.));
#3046=VECTOR('',#3045,10.);
#3047=LINE('',#3044,#3046);
#3048=EDGE_CURVE('',#3005,#3037,#3047,.T.);
#3049=ORIENTED_EDGE('',*,*,#3048,.F.);
#3050=ORIENTED_EDGE('',*,*,#3010,.F.);
#3051=EDGE_LOOP('',(#3035,#3043,#3049,#3050));
#3052=FACE_BOUND('',#3051,.T.);
#3053=ADVANCED_FACE('',(#3052),#3034,.F.);
#3054=OVER_RIDING_STYLED_ITEM('',(#2224),#3053,#26);
#3055=CARTESIAN_POINT('',(-1.27974658,-6.4,5.722836995));
#3056=DIRECTION('',(0.,-0.707106781,0.707106781));
#3057=DIRECTION('',(1.,0.,0.));
#3058=AXIS2_PLACEMENT_3D('',#3055,#3056,#3057);
#3059=PLANE('',#3058);
#3060=ORIENTED_EDGE('',*,*,#2528,.T.);
#3061=CARTESIAN_POINT('',(-2.05949316,-6.3,5.822836995));
#3062=VERTEX_POINT('',#3061);
#3063=CARTESIAN_POINT('',(-1.85949316,-6.5,5.622836995));
#3064=DIRECTION('',(-0.577350269,0.577350269,0.577350269));
#3065=VECTOR('',#3064,3.464101615);
#3066=LINE('',#3063,#3065);
#3067=EDGE_CURVE('',#2523,#3062,#3066,.T.);
#3068=ORIENTED_EDGE('',*,*,#3067,.T.);
#3069=CARTESIAN_POINT('',(-3.05949316,-6.3,5.822836995));
#3070=VERTEX_POINT('',#3069);
#3071=CARTESIAN_POINT('',(-9.077212379,-6.3,5.822836995));
#3072=DIRECTION('',(-1.,0.,0.));
#3073=VECTOR('',#3072,10.);
#3074=LINE('',#3071,#3073);
#3075=EDGE_CURVE('',#3062,#3070,#3074,.T.);
#3076=ORIENTED_EDGE('',*,*,#3075,.T.);
#3077=CARTESIAN_POINT('',(-3.05949316,-6.3,5.822836995));
#3078=DIRECTION('',(-0.577350269,-0.577350269,-0.577350269));
#3079=VECTOR('',#3078,3.464101615);
#3080=LINE('',#3077,#3079);
#3081=EDGE_CURVE('',#3070,#2521,#3080,.T.);
#3082=ORIENTED_EDGE('',*,*,#3081,.T.);
#3083=EDGE_LOOP('',(#3060,#3068,#3076,#3082));
#3084=FACE_BOUND('',#3083,.T.);
#3085=ADVANCED_FACE('',(#3084),#3059,.T.);
#3086=CARTESIAN_POINT('',(-1.95949316,-6.4,3.161418498));
#3087=DIRECTION('',(-0.707106781,-0.707106781,0.));
#3088=DIRECTION('',(0.,0.,1.));
#3089=AXIS2_PLACEMENT_3D('',#3086,#3087,#3088);
#3090=PLANE('',#3089);
#3091=ORIENTED_EDGE('',*,*,#2550,.T.);
#3092=CARTESIAN_POINT('',(-2.05949316,-6.3,6.822836995));
#3093=VERTEX_POINT('',#3092);
#3094=CARTESIAN_POINT('',(-1.85949316,-6.5,7.022836995));
#3095=DIRECTION('',(-0.577350269,0.577350269,-0.577350269));
#3096=VECTOR('',#3095,3.464101615);
#3097=LINE('',#3094,#3096);
#3098=EDGE_CURVE('',#2539,#3093,#3097,.T.);
#3099=ORIENTED_EDGE('',*,*,#3098,.T.);
#3100=CARTESIAN_POINT('',(-2.05949316,-6.3,39.775603473));
#3101=DIRECTION('',(0.,0.,-1.));
#3102=VECTOR('',#3101,10.);
#3103=LINE('',#3100,#3102);
#3104=EDGE_CURVE('',#3093,#3062,#3103,.T.);
#3105=ORIENTED_EDGE('',*,*,#3104,.T.);
#3106=ORIENTED_EDGE('',*,*,#3067,.F.);
#3107=EDGE_LOOP('',(#3091,#3099,#3105,#3106));
#3108=FACE_BOUND('',#3107,.T.);
#3109=ADVANCED_FACE('',(#3108),#3090,.T.);
#3110=CARTESIAN_POINT('',(-1.27974658,-6.4,6.922836995));
#3111=DIRECTION('',(0.,-0.707106781,-0.707106781));
#3112=DIRECTION('',(-1.,0.,0.));
#3113=AXIS2_PLACEMENT_3D('',#3110,#3111,#3112);
#3114=PLANE('',#3113);
#3115=ORIENTED_EDGE('',*,*,#2544,.T.);
#3116=CARTESIAN_POINT('',(-3.05949316,-6.3,6.822836995));
#3117=VERTEX_POINT('',#3116);
#3118=CARTESIAN_POINT('',(-3.25949316,-6.5,7.022836995));
#3119=DIRECTION('',(0.577350269,0.577350269,-0.577350269));
#3120=VECTOR('',#3119,0.346410162);
#3121=LINE('',#3118,#3120);
#3122=EDGE_CURVE('',#2531,#3117,#3121,.T.);
#3123=ORIENTED_EDGE('',*,*,#3122,.T.);
#3124=CARTESIAN_POINT('',(-19.077212379,-6.3,6.822836995));
#3125=DIRECTION('',(1.,0.,-0.));
#3126=VECTOR('',#3125,10.);
#3127=LINE('',#3124,#3126);
#3128=EDGE_CURVE('',#3117,#3093,#3127,.T.);
#3129=ORIENTED_EDGE('',*,*,#3128,.T.);
#3130=ORIENTED_EDGE('',*,*,#3098,.F.);
#3131=EDGE_LOOP('',(#3115,#3123,#3129,#3130));
#3132=FACE_BOUND('',#3131,.T.);
#3133=ADVANCED_FACE('',(#3132),#3114,.T.);
#3134=CARTESIAN_POINT('',(-3.15949316,-6.4,3.161418498));
#3135=DIRECTION('',(0.707106781,-0.707106781,0.));
#3136=DIRECTION('',(0.,0.,-1.));
#3137=AXIS2_PLACEMENT_3D('',#3134,#3135,#3136);
#3138=PLANE('',#3137);
#3139=ORIENTED_EDGE('',*,*,#2536,.T.);
#3140=ORIENTED_EDGE('',*,*,#3081,.F.);
#3141=CARTESIAN_POINT('',(-3.05949316,-6.3,29.775603473));
#3142=DIRECTION('',(0.,0.,1.));
#3143=VECTOR('',#3142,10.);
#3144=LINE('',#3141,#3143);
#3145=EDGE_CURVE('',#3070,#3117,#3144,.T.);
#3146=ORIENTED_EDGE('',*,*,#3145,.T.);
#3147=ORIENTED_EDGE('',*,*,#3122,.F.);
#3148=EDGE_LOOP('',(#3139,#3140,#3146,#3147));
#3149=FACE_BOUND('',#3148,.T.);
#3150=ADVANCED_FACE('',(#3149),#3138,.T.);
#3151=CARTESIAN_POINT('',(-3.05949316,-6.5,6.322836995));
#3152=DIRECTION('',(-1.,-0.,0.));
#3153=DIRECTION('',(0.,0.,1.));
#3154=AXIS2_PLACEMENT_3D('',#3151,#3152,#3153);
#3155=PLANE('',#3154);
#3156=ORIENTED_EDGE('',*,*,#3145,.F.);
#3157=CARTESIAN_POINT('',(-3.05949316,-1.5,5.822836995));
#3158=VERTEX_POINT('',#3157);
#3159=CARTESIAN_POINT('',(-3.05949316,-4.5,5.822836995));
#3160=DIRECTION('',(-0.,1.,0.));
#3161=VECTOR('',#3160,48.);
#3162=LINE('',#3159,#3161);
#3163=EDGE_CURVE('',#3070,#3158,#3162,.T.);
#3164=ORIENTED_EDGE('',*,*,#3163,.T.);
#3165=CARTESIAN_POINT('',(-3.05949316,-1.5,6.822836995));
#3166=VERTEX_POINT('',#3165);
#3167=CARTESIAN_POINT('',(-3.05949316,-1.5,6.822836995));
#3168=DIRECTION('',(0.,0.,-1.));
#3169=VECTOR('',#3168,10.);
#3170=LINE('',#3167,#3169);
#3171=EDGE_CURVE('',#3166,#3158,#3170,.T.);
#3172=ORIENTED_EDGE('',*,*,#3171,.F.);
#3173=CARTESIAN_POINT('',(-3.05949316,-4.5,6.822836995));
#3174=DIRECTION('',(-0.,1.,0.));
#3175=VECTOR('',#3174,48.);
#3176=LINE('',#3173,#3175);
#3177=EDGE_CURVE('',#3117,#3166,#3176,.T.);
#3178=ORIENTED_EDGE('',*,*,#3177,.F.);
#3179=EDGE_LOOP('',(#3156,#3164,#3172,#3178));
#3180=FACE_BOUND('',#3179,.T.);
#3181=ADVANCED_FACE('',(#3180),#3155,.F.);
#3182=OVER_RIDING_STYLED_ITEM('',(#2224),#3181,#26);
#3183=CARTESIAN_POINT('',(-2.55949316,-6.5,5.822836995));
#3184=DIRECTION('',(0.,0.,-1.));
#3185=DIRECTION('',(-1.,0.,0.));
#3186=AXIS2_PLACEMENT_3D('',#3183,#3184,#3185);
#3187=PLANE('',#3186);
#3188=ORIENTED_EDGE('',*,*,#3075,.F.);
#3189=CARTESIAN_POINT('',(-2.05949316,-1.5,5.822836995));
#3190=VERTEX_POINT('',#3189);
#3191=CARTESIAN_POINT('',(-2.05949316,-4.5,5.822836995));
#3192=DIRECTION('',(-0.,1.,0.));
#3193=VECTOR('',#3192,48.);
#3194=LINE('',#3191,#3193);
#3195=EDGE_CURVE('',#3062,#3190,#3194,.T.);
#3196=ORIENTED_EDGE('',*,*,#3195,.T.);
#3197=CARTESIAN_POINT('',(-3.05949316,-1.5,5.822836995));
#3198=DIRECTION('',(1.,0.,-0.));
#3199=VECTOR('',#3198,10.);
#3200=LINE('',#3197,#3199);
#3201=EDGE_CURVE('',#3158,#3190,#3200,.T.);
#3202=ORIENTED_EDGE('',*,*,#3201,.F.);
#3203=ORIENTED_EDGE('',*,*,#3163,.F.);
#3204=EDGE_LOOP('',(#3188,#3196,#3202,#3203));
#3205=FACE_BOUND('',#3204,.T.);
#3206=ADVANCED_FACE('',(#3205),#3187,.F.);
#3207=OVER_RIDING_STYLED_ITEM('',(#2224),#3206,#26);
#3208=CARTESIAN_POINT('',(0.439812303,-6.4,3.510708058));
#3209=DIRECTION('',(0.,-0.707106781,0.707106781));
#3210=DIRECTION('',(1.,0.,0.));
#3211=AXIS2_PLACEMENT_3D('',#3208,#3209,#3210);
#3212=PLANE('',#3211);
#3213=ORIENTED_EDGE('',*,*,#2332,.T.);
#3214=CARTESIAN_POINT('',(1.379624605,-6.3,3.610708058));
#3215=VERTEX_POINT('',#3214);
#3216=CARTESIAN_POINT('',(1.579624605,-6.5,3.410708058));
#3217=DIRECTION('',(-0.577350269,0.577350269,0.577350269));
#3218=VECTOR('',#3217,0.346410162);
#3219=LINE('',#3216,#3218);
#3220=EDGE_CURVE('',#2327,#3215,#3219,.T.);
#3221=ORIENTED_EDGE('',*,*,#3220,.T.);
#3222=CARTESIAN_POINT('',(0.379624605,-6.3,3.610708058));
#3223=VERTEX_POINT('',#3222);
#3224=CARTESIAN_POINT('',(9.837935328,-6.3,3.610708058));
#3225=DIRECTION('',(-1.,0.,0.));
#3226=VECTOR('',#3225,10.);
#3227=LINE('',#3224,#3226);
#3228=EDGE_CURVE('',#3215,#3223,#3227,.T.);
#3229=ORIENTED_EDGE('',*,*,#3228,.T.);
#3230=CARTESIAN_POINT('',(0.379624605,-6.3,3.610708058));
#3231=DIRECTION('',(-0.577350269,-0.577350269,-0.577350269));
#3232=VECTOR('',#3231,3.464101615);
#3233=LINE('',#3230,#3232);
#3234=EDGE_CURVE('',#3223,#2325,#3233,.T.);
#3235=ORIENTED_EDGE('',*,*,#3234,.T.);
#3236=EDGE_LOOP('',(#3213,#3221,#3229,#3235));
#3237=FACE_BOUND('',#3236,.T.);
#3238=ADVANCED_FACE('',(#3237),#3212,.T.);
#3239=CARTESIAN_POINT('',(1.479624605,-6.4,2.055354029));
#3240=DIRECTION('',(-0.707106781,-0.707106781,0.));
#3241=DIRECTION('',(0.,0.,1.));
#3242=AXIS2_PLACEMENT_3D('',#3239,#3240,#3241);
#3243=PLANE('',#3242);
#3244=ORIENTED_EDGE('',*,*,#2354,.T.);
#3245=CARTESIAN_POINT('',(1.379624605,-6.3,4.610708058));
#3246=VERTEX_POINT('',#3245);
#3247=CARTESIAN_POINT('',(1.579624605,-6.5,4.810708058));
#3248=DIRECTION('',(-0.577350269,0.577350269,-0.577350269));
#3249=VECTOR('',#3248,3.464101615);
#3250=LINE('',#3247,#3249);
#3251=EDGE_CURVE('',#2343,#3246,#3250,.T.);
#3252=ORIENTED_EDGE('',*,*,#3251,.T.);
#3253=CARTESIAN_POINT('',(1.379624605,-6.3,27.608894318));
#3254=DIRECTION('',(0.,0.,-1.));
#3255=VECTOR('',#3254,10.);
#3256=LINE('',#3253,#3255);
#3257=EDGE_CURVE('',#3246,#3215,#3256,.T.);
#3258=ORIENTED_EDGE('',*,*,#3257,.T.);
#3259=ORIENTED_EDGE('',*,*,#3220,.F.);
#3260=EDGE_LOOP('',(#3244,#3252,#3258,#3259));
#3261=FACE_BOUND('',#3260,.T.);
#3262=ADVANCED_FACE('',(#3261),#3243,.T.);
#3263=CARTESIAN_POINT('',(0.279624605,-6.4,2.055354029));
#3264=DIRECTION('',(0.707106781,-0.707106781,0.));
#3265=DIRECTION('',(0.,0.,-1.));
#3266=AXIS2_PLACEMENT_3D('',#3263,#3264,#3265);
#3267=PLANE('',#3266);
#3268=ORIENTED_EDGE('',*,*,#2340,.T.);
#3269=ORIENTED_EDGE('',*,*,#3234,.F.);
#3270=CARTESIAN_POINT('',(0.379624605,-6.3,4.610708058));
#3271=VERTEX_POINT('',#3270);
#3272=CARTESIAN_POINT('',(0.379624605,-6.3,17.608894318));
#3273=DIRECTION('',(0.,0.,1.));
#3274=VECTOR('',#3273,10.);
#3275=LINE('',#3272,#3274);
#3276=EDGE_CURVE('',#3223,#3271,#3275,.T.);
#3277=ORIENTED_EDGE('',*,*,#3276,.T.);
#3278=CARTESIAN_POINT('',(0.179624605,-6.5,4.810708058));
#3279=DIRECTION('',(0.577350269,0.577350269,-0.577350269));
#3280=VECTOR('',#3279,0.346410162);
#3281=LINE('',#3278,#3280);
#3282=EDGE_CURVE('',#2335,#3271,#3281,.T.);
#3283=ORIENTED_EDGE('',*,*,#3282,.F.);
#3284=EDGE_LOOP('',(#3268,#3269,#3277,#3283));
#3285=FACE_BOUND('',#3284,.T.);
#3286=ADVANCED_FACE('',(#3285),#3267,.T.);
#3287=CARTESIAN_POINT('',(0.439812303,-6.4,4.710708058));
#3288=DIRECTION('',(0.,-0.707106781,-0.707106781));
#3289=DIRECTION('',(-1.,0.,0.));
#3290=AXIS2_PLACEMENT_3D('',#3287,#3288,#3289);
#3291=PLANE('',#3290);
#3292=ORIENTED_EDGE('',*,*,#2348,.T.);
#3293=ORIENTED_EDGE('',*,*,#3282,.T.);
#3294=CARTESIAN_POINT('',(-0.162064672,-6.3,4.610708058));
#3295=DIRECTION('',(1.,0.,-0.));
#3296=VECTOR('',#3295,10.);
#3297=LINE('',#3294,#3296);
#3298=EDGE_CURVE('',#3271,#3246,#3297,.T.);
#3299=ORIENTED_EDGE('',*,*,#3298,.T.);
#3300=ORIENTED_EDGE('',*,*,#3251,.F.);
#3301=EDGE_LOOP('',(#3292,#3293,#3299,#3300));
#3302=FACE_BOUND('',#3301,.T.);
#3303=ADVANCED_FACE('',(#3302),#3291,.T.);
#3304=CARTESIAN_POINT('',(0.379624605,-6.5,4.110708058));
#3305=DIRECTION('',(-1.,-0.,0.));
#3306=DIRECTION('',(0.,0.,1.));
#3307=AXIS2_PLACEMENT_3D('',#3304,#3305,#3306);
#3308=PLANE('',#3307);
#3309=ORIENTED_EDGE('',*,*,#3276,.F.);
#3310=CARTESIAN_POINT('',(0.379624605,-1.5,3.610708058));
#3311=VERTEX_POINT('',#3310);
#3312=CARTESIAN_POINT('',(0.379624605,-4.5,3.610708058));
#3313=DIRECTION('',(-0.,1.,0.));
#3314=VECTOR('',#3313,48.);
#3315=LINE('',#3312,#3314);
#3316=EDGE_CURVE('',#3223,#3311,#3315,.T.);
#3317=ORIENTED_EDGE('',*,*,#3316,.T.);
#3318=CARTESIAN_POINT('',(0.379624605,-1.5,4.610708058));
#3319=VERTEX_POINT('',#3318);
#3320=CARTESIAN_POINT('',(0.379624605,-1.5,4.610708058));
#3321=DIRECTION('',(0.,0.,-1.));
#3322=VECTOR('',#3321,10.);
#3323=LINE('',#3320,#3322);
#3324=EDGE_CURVE('',#3319,#3311,#3323,.T.);
#3325=ORIENTED_EDGE('',*,*,#3324,.F.);
#3326=CARTESIAN_POINT('',(0.379624605,-4.5,4.610708058));
#3327=DIRECTION('',(-0.,1.,0.));
#3328=VECTOR('',#3327,48.);
#3329=LINE('',#3326,#3328);
#3330=EDGE_CURVE('',#3271,#3319,#3329,.T.);
#3331=ORIENTED_EDGE('',*,*,#3330,.F.);
#3332=EDGE_LOOP('',(#3309,#3317,#3325,#3331));
#3333=FACE_BOUND('',#3332,.T.);
#3334=ADVANCED_FACE('',(#3333),#3308,.F.);
#3335=OVER_RIDING_STYLED_ITEM('',(#2224),#3334,#26);
#3336=CARTESIAN_POINT('',(0.879624605,-6.5,3.610708058));
#3337=DIRECTION('',(0.,0.,-1.));
#3338=DIRECTION('',(-1.,0.,0.));
#3339=AXIS2_PLACEMENT_3D('',#3336,#3337,#3338);
#3340=PLANE('',#3339);
#3341=ORIENTED_EDGE('',*,*,#3228,.F.);
#3342=CARTESIAN_POINT('',(1.379624605,-1.5,3.610708058));
#3343=VERTEX_POINT('',#3342);
#3344=CARTESIAN_POINT('',(1.379624605,-4.5,3.610708058));
#3345=DIRECTION('',(-0.,1.,0.));
#3346=VECTOR('',#3345,48.);
#3347=LINE('',#3344,#3346);
#3348=EDGE_CURVE('',#3215,#3343,#3347,.T.);
#3349=ORIENTED_EDGE('',*,*,#3348,.T.);
#3350=CARTESIAN_POINT('',(0.379624605,-1.5,3.610708058));
#3351=DIRECTION('',(1.,0.,-0.));
#3352=VECTOR('',#3351,10.);
#3353=LINE('',#3350,#3352);
#3354=EDGE_CURVE('',#3311,#3343,#3353,.T.);
#3355=ORIENTED_EDGE('',*,*,#3354,.F.);
#3356=ORIENTED_EDGE('',*,*,#3316,.F.);
#3357=EDGE_LOOP('',(#3341,#3349,#3355,#3356));
#3358=FACE_BOUND('',#3357,.T.);
#3359=ADVANCED_FACE('',(#3358),#3340,.F.);
#3360=OVER_RIDING_STYLED_ITEM('',(#2224),#3359,#26);
#3361=CARTESIAN_POINT('',(-0.484054744,-6.4,3.510708058));
#3362=DIRECTION('',(0.,-0.707106781,0.707106781));
#3363=DIRECTION('',(1.,0.,0.));
#3364=AXIS2_PLACEMENT_3D('',#3361,#3362,#3363);
#3365=PLANE('',#3364);
#3366=ORIENTED_EDGE('',*,*,#2494,.T.);
#3367=CARTESIAN_POINT('',(-0.468109488,-6.3,3.610708058));
#3368=VERTEX_POINT('',#3367);
#3369=CARTESIAN_POINT('',(-0.268109488,-6.5,3.410708058));
#3370=DIRECTION('',(-0.577350269,0.577350269,0.577350269));
#3371=VECTOR('',#3370,0.346410162);
#3372=LINE('',#3369,#3371);
#3373=EDGE_CURVE('',#2489,#3368,#3372,.T.);
#3374=ORIENTED_EDGE('',*,*,#3373,.T.);
#3375=CARTESIAN_POINT('',(-1.468109488,-6.3,3.610708058));
#3376=VERTEX_POINT('',#3375);
#3377=CARTESIAN_POINT('',(-0.324602187,-6.3,3.610708058));
#3378=DIRECTION('',(-1.,0.,0.));
#3379=VECTOR('',#3378,10.);
#3380=LINE('',#3377,#3379);
#3381=EDGE_CURVE('',#3368,#3376,#3380,.T.);
#3382=ORIENTED_EDGE('',*,*,#3381,.T.);
#3383=CARTESIAN_POINT('',(-1.468109488,-6.3,3.610708058));
#3384=DIRECTION('',(-0.577350269,-0.577350269,-0.577350269));
#3385=VECTOR('',#3384,0.346410162);
#3386=LINE('',#3383,#3385);
#3387=EDGE_CURVE('',#3376,#2487,#3386,.T.);
#3388=ORIENTED_EDGE('',*,*,#3387,.T.);
#3389=EDGE_LOOP('',(#3366,#3374,#3382,#3388));
#3390=FACE_BOUND('',#3389,.T.);
#3391=ADVANCED_FACE('',(#3390),#3365,.T.);
#3392=CARTESIAN_POINT('',(-0.368109488,-6.4,2.055354029));
#3393=DIRECTION('',(-0.707106781,-0.707106781,0.));
#3394=DIRECTION('',(0.,0.,1.));
#3395=AXIS2_PLACEMENT_3D('',#3392,#3393,#3394);
#3396=PLANE('',#3395);
#3397=ORIENTED_EDGE('',*,*,#2516,.T.);
#3398=CARTESIAN_POINT('',(-0.468109488,-6.3,4.610708058));
#3399=VERTEX_POINT('',#3398);
#3400=CARTESIAN_POINT('',(-0.268109488,-6.5,4.810708058));
#3401=DIRECTION('',(-0.577350269,0.577350269,-0.577350269));
#3402=VECTOR('',#3401,3.464101615);
#3403=LINE('',#3400,#3402);
#3404=EDGE_CURVE('',#2505,#3399,#3403,.T.);
#3405=ORIENTED_EDGE('',*,*,#3404,.T.);
#3406=CARTESIAN_POINT('',(-0.468109488,-6.3,27.608894318));
#3407=DIRECTION('',(0.,0.,-1.));
#3408=VECTOR('',#3407,10.);
#3409=LINE('',#3406,#3408);
#3410=EDGE_CURVE('',#3399,#3368,#3409,.T.);
#3411=ORIENTED_EDGE('',*,*,#3410,.T.);
#3412=ORIENTED_EDGE('',*,*,#3373,.F.);
#3413=EDGE_LOOP('',(#3397,#3405,#3411,#3412));
#3414=FACE_BOUND('',#3413,.T.);
#3415=ADVANCED_FACE('',(#3414),#3396,.T.);
#3416=CARTESIAN_POINT('',(-1.568109488,-6.4,2.055354029));
#3417=DIRECTION('',(0.707106781,-0.707106781,0.));
#3418=DIRECTION('',(0.,0.,-1.));
#3419=AXIS2_PLACEMENT_3D('',#3416,#3417,#3418);
#3420=PLANE('',#3419);
#3421=ORIENTED_EDGE('',*,*,#2502,.T.);
#3422=ORIENTED_EDGE('',*,*,#3387,.F.);
#3423=CARTESIAN_POINT('',(-1.468109488,-6.3,4.610708058));
#3424=VERTEX_POINT('',#3423);
#3425=CARTESIAN_POINT('',(-1.468109488,-6.3,17.608894318));
#3426=DIRECTION('',(0.,0.,1.));
#3427=VECTOR('',#3426,10.);
#3428=LINE('',#3425,#3427);
#3429=EDGE_CURVE('',#3376,#3424,#3428,.T.);
#3430=ORIENTED_EDGE('',*,*,#3429,.T.);
#3431=CARTESIAN_POINT('',(-1.668109488,-6.5,4.810708058));
#3432=DIRECTION('',(0.577350269,0.577350269,-0.577350269));
#3433=VECTOR('',#3432,3.464101615);
#3434=LINE('',#3431,#3433);
#3435=EDGE_CURVE('',#2497,#3424,#3434,.T.);
#3436=ORIENTED_EDGE('',*,*,#3435,.F.);
#3437=EDGE_LOOP('',(#3421,#3422,#3430,#3436));
#3438=FACE_BOUND('',#3437,.T.);
#3439=ADVANCED_FACE('',(#3438),#3420,.T.);
#3440=CARTESIAN_POINT('',(-0.484054744,-6.4,4.710708058));
#3441=DIRECTION('',(0.,-0.707106781,-0.707106781));
#3442=DIRECTION('',(-1.,0.,0.));
#3443=AXIS2_PLACEMENT_3D('',#3440,#3441,#3442);
#3444=PLANE('',#3443);
#3445=ORIENTED_EDGE('',*,*,#2510,.T.);
#3446=ORIENTED_EDGE('',*,*,#3435,.T.);
#3447=CARTESIAN_POINT('',(-10.324602187,-6.3,4.610708058));
#3448=DIRECTION('',(1.,0.,-0.));
#3449=VECTOR('',#3448,10.);
#3450=LINE('',#3447,#3449);
#3451=EDGE_CURVE('',#3424,#3399,#3450,.T.);
#3452=ORIENTED_EDGE('',*,*,#3451,.T.);
#3453=ORIENTED_EDGE('',*,*,#3404,.F.);
#3454=EDGE_LOOP('',(#3445,#3446,#3452,#3453));
#3455=FACE_BOUND('',#3454,.T.);
#3456=ADVANCED_FACE('',(#3455),#3444,.T.);
#3457=CARTESIAN_POINT('',(-1.468109488,-6.5,4.110708058));
#3458=DIRECTION('',(-1.,-0.,0.));
#3459=DIRECTION('',(0.,0.,1.));
#3460=AXIS2_PLACEMENT_3D('',#3457,#3458,#3459);
#3461=PLANE('',#3460);
#3462=ORIENTED_EDGE('',*,*,#3429,.F.);
#3463=CARTESIAN_POINT('',(-1.468109488,-1.5,3.610708058));
#3464=VERTEX_POINT('',#3463);
#3465=CARTESIAN_POINT('',(-1.468109488,-4.5,3.610708058));
#3466=DIRECTION('',(-0.,1.,0.));
#3467=VECTOR('',#3466,48.);
#3468=LINE('',#3465,#3467);
#3469=EDGE_CURVE('',#3376,#3464,#3468,.T.);
#3470=ORIENTED_EDGE('',*,*,#3469,.T.);
#3471=CARTESIAN_POINT('',(-1.468109488,-1.5,4.610708058));
#3472=VERTEX_POINT('',#3471);
#3473=CARTESIAN_POINT('',(-1.468109488,-1.5,4.610708058));
#3474=DIRECTION('',(0.,0.,-1.));
#3475=VECTOR('',#3474,10.);
#3476=LINE('',#3473,#3475);
#3477=EDGE_CURVE('',#3472,#3464,#3476,.T.);
#3478=ORIENTED_EDGE('',*,*,#3477,.F.);
#3479=CARTESIAN_POINT('',(-1.468109488,-4.5,4.610708058));
#3480=DIRECTION('',(-0.,1.,0.));
#3481=VECTOR('',#3480,48.);
#3482=LINE('',#3479,#3481);
#3483=EDGE_CURVE('',#3424,#3472,#3482,.T.);
#3484=ORIENTED_EDGE('',*,*,#3483,.F.);
#3485=EDGE_LOOP('',(#3462,#3470,#3478,#3484));
#3486=FACE_BOUND('',#3485,.T.);
#3487=ADVANCED_FACE('',(#3486),#3461,.F.);
#3488=OVER_RIDING_STYLED_ITEM('',(#2224),#3487,#26);
#3489=CARTESIAN_POINT('',(-0.968109488,-6.5,3.610708058));
#3490=DIRECTION('',(0.,0.,-1.));
#3491=DIRECTION('',(-1.,0.,0.));
#3492=AXIS2_PLACEMENT_3D('',#3489,#3490,#3491);
#3493=PLANE('',#3492);
#3494=ORIENTED_EDGE('',*,*,#3381,.F.);
#3495=CARTESIAN_POINT('',(-0.468109488,-1.5,3.610708058));
#3496=VERTEX_POINT('',#3495);
#3497=CARTESIAN_POINT('',(-0.468109488,-4.5,3.610708058));
#3498=DIRECTION('',(-0.,1.,0.));
#3499=VECTOR('',#3498,48.);
#3500=LINE('',#3497,#3499);
#3501=EDGE_CURVE('',#3368,#3496,#3500,.T.);
#3502=ORIENTED_EDGE('',*,*,#3501,.T.);
#3503=CARTESIAN_POINT('',(-1.468109488,-1.5,3.610708058));
#3504=DIRECTION('',(1.,0.,-0.));
#3505=VECTOR('',#3504,10.);
#3506=LINE('',#3503,#3505);
#3507=EDGE_CURVE('',#3464,#3496,#3506,.T.);
#3508=ORIENTED_EDGE('',*,*,#3507,.F.);
#3509=ORIENTED_EDGE('',*,*,#3469,.F.);
#3510=EDGE_LOOP('',(#3494,#3502,#3508,#3509));
#3511=FACE_BOUND('',#3510,.T.);
#3512=ADVANCED_FACE('',(#3511),#3493,.F.);
#3513=OVER_RIDING_STYLED_ITEM('',(#2224),#3512,#26);
#3514=CARTESIAN_POINT('',(-1.572004982,-6.5,8.040207148));
#3515=DIRECTION('',(1.,0.,0.));
#3516=DIRECTION('',(0.,0.,-1.));
#3517=AXIS2_PLACEMENT_3D('',#3514,#3515,#3516);
#3518=PLANE('',#3517);
#3519=ORIENTED_EDGE('',*,*,#2128,.F.);
#3520=CARTESIAN_POINT('',(-1.572004982,-1.5,8.540207148));
#3521=VERTEX_POINT('',#3520);
#3522=CARTESIAN_POINT('',(-1.572004982,-4.5,8.540207148));
#3523=DIRECTION('',(-0.,1.,0.));
#3524=VECTOR('',#3523,48.);
#3525=LINE('',#3522,#3524);
#3526=EDGE_CURVE('',#2117,#3521,#3525,.T.);
#3527=ORIENTED_EDGE('',*,*,#3526,.T.);
#3528=CARTESIAN_POINT('',(-1.572004982,-1.5,7.540207148));
#3529=DIRECTION('',(0.,0.,1.));
#3530=VECTOR('',#3529,10.);
#3531=LINE('',#3528,#3530);
#3532=EDGE_CURVE('',#2233,#3521,#3531,.T.);
#3533=ORIENTED_EDGE('',*,*,#3532,.F.);
#3534=ORIENTED_EDGE('',*,*,#2238,.F.);
#3535=EDGE_LOOP('',(#3519,#3527,#3533,#3534));
#3536=FACE_BOUND('',#3535,.T.);
#3537=ADVANCED_FACE('',(#3536),#3518,.F.);
#3538=OVER_RIDING_STYLED_ITEM('',(#2224),#3537,#26);
#3539=CARTESIAN_POINT('',(-2.072004982,-6.5,8.540207148));
#3540=DIRECTION('',(0.,0.,1.));
#3541=DIRECTION('',(1.,0.,0.));
#3542=AXIS2_PLACEMENT_3D('',#3539,#3540,#3541);
#3543=PLANE('',#3542);
#3544=ORIENTED_EDGE('',*,*,#2159,.F.);
#3545=ORIENTED_EDGE('',*,*,#2213,.T.);
#3546=CARTESIAN_POINT('',(-1.572004982,-1.5,8.540207148));
#3547=DIRECTION('',(-1.,0.,0.));
#3548=VECTOR('',#3547,10.);
#3549=LINE('',#3546,#3548);
#3550=EDGE_CURVE('',#3521,#2202,#3549,.T.);
#3551=ORIENTED_EDGE('',*,*,#3550,.F.);
#3552=ORIENTED_EDGE('',*,*,#3526,.F.);
#3553=EDGE_LOOP('',(#3544,#3545,#3551,#3552));
#3554=FACE_BOUND('',#3553,.T.);
#3555=ADVANCED_FACE('',(#3554),#3543,.F.);
#3556=OVER_RIDING_STYLED_ITEM('',(#2224),#3555,#26);
#3557=CARTESIAN_POINT('',(-2.072004982,-1.5,8.040207148));
#3558=DIRECTION('',(-0.,1.,-0.));
#3559=DIRECTION('',(0.,0.,1.));
#3560=AXIS2_PLACEMENT_3D('',#3557,#3558,#3559);
#3561=PLANE('',#3560);
#3562=ORIENTED_EDGE('',*,*,#2244,.T.);
#3563=ORIENTED_EDGE('',*,*,#3532,.T.);
#3564=ORIENTED_EDGE('',*,*,#3550,.T.);
#3565=ORIENTED_EDGE('',*,*,#2207,.T.);
#3566=EDGE_LOOP('',(#3562,#3563,#3564,#3565));
#3567=FACE_BOUND('',#3566,.T.);
#3568=ADVANCED_FACE('',(#3567),#3561,.F.);
#3569=OVER_RIDING_STYLED_ITEM('',(#2224),#3568,#26);
#3570=CARTESIAN_POINT('',(2.709222753,-6.5,8.040207148));
#3571=DIRECTION('',(1.,0.,0.));
#3572=DIRECTION('',(0.,0.,-1.));
#3573=AXIS2_PLACEMENT_3D('',#3570,#3571,#3572);
#3574=PLANE('',#3573);
#3575=ORIENTED_EDGE('',*,*,#2798,.F.);
#3576=CARTESIAN_POINT('',(2.709222753,-1.5,8.540207148));
#3577=VERTEX_POINT('',#3576);
#3578=CARTESIAN_POINT('',(2.709222753,-4.5,8.540207148));
#3579=DIRECTION('',(-0.,1.,0.));
#3580=VECTOR('',#3579,48.);
#3581=LINE('',#3578,#3580);
#3582=EDGE_CURVE('',#2787,#3577,#3581,.T.);
#3583=ORIENTED_EDGE('',*,*,#3582,.T.);
#3584=CARTESIAN_POINT('',(2.709222753,-1.5,7.540207148));
#3585=DIRECTION('',(0.,0.,1.));
#3586=VECTOR('',#3585,10.);
#3587=LINE('',#3584,#3586);
#3588=EDGE_CURVE('',#2884,#3577,#3587,.T.);
#3589=ORIENTED_EDGE('',*,*,#3588,.F.);
#3590=ORIENTED_EDGE('',*,*,#2889,.F.);
#3591=EDGE_LOOP('',(#3575,#3583,#3589,#3590));
#3592=FACE_BOUND('',#3591,.T.);
#3593=ADVANCED_FACE('',(#3592),#3574,.F.);
#3594=OVER_RIDING_STYLED_ITEM('',(#2224),#3593,#26);
#3595=CARTESIAN_POINT('',(2.209222753,-6.5,8.540207148));
#3596=DIRECTION('',(0.,0.,1.));
#3597=DIRECTION('',(1.,0.,0.));
#3598=AXIS2_PLACEMENT_3D('',#3595,#3596,#3597);
#3599=PLANE('',#3598);
#3600=ORIENTED_EDGE('',*,*,#2822,.F.);
#3601=ORIENTED_EDGE('',*,*,#2871,.T.);
#3602=CARTESIAN_POINT('',(2.709222753,-1.5,8.540207148));
#3603=DIRECTION('',(-1.,0.,0.));
#3604=VECTOR('',#3603,10.);
#3605=LINE('',#3602,#3604);
#3606=EDGE_CURVE('',#3577,#2860,#3605,.T.);
#3607=ORIENTED_EDGE('',*,*,#3606,.F.);
#3608=ORIENTED_EDGE('',*,*,#3582,.F.);
#3609=EDGE_LOOP('',(#3600,#3601,#3607,#3608));
#3610=FACE_BOUND('',#3609,.T.);
#3611=ADVANCED_FACE('',(#3610),#3599,.F.);
#3612=OVER_RIDING_STYLED_ITEM('',(#2224),#3611,#26);
#3613=CARTESIAN_POINT('',(2.209222753,-1.5,8.040207148));
#3614=DIRECTION('',(-0.,1.,-0.));
#3615=DIRECTION('',(0.,0.,1.));
#3616=AXIS2_PLACEMENT_3D('',#3613,#3614,#3615);
#3617=PLANE('',#3616);
#3618=ORIENTED_EDGE('',*,*,#2895,.T.);
#3619=ORIENTED_EDGE('',*,*,#3588,.T.);
#3620=ORIENTED_EDGE('',*,*,#3606,.T.);
#3621=ORIENTED_EDGE('',*,*,#2865,.T.);
#3622=EDGE_LOOP('',(#3618,#3619,#3620,#3621));
#3623=FACE_BOUND('',#3622,.T.);
#3624=ADVANCED_FACE('',(#3623),#3617,.F.);
#3625=OVER_RIDING_STYLED_ITEM('',(#2224),#3624,#26);
#3626=CARTESIAN_POINT('',(3.049000556,-6.5,6.322836995));
#3627=DIRECTION('',(1.,0.,0.));
#3628=DIRECTION('',(0.,0.,-1.));
#3629=AXIS2_PLACEMENT_3D('',#3626,#3627,#3628);
#3630=PLANE('',#3629);
#3631=ORIENTED_EDGE('',*,*,#2951,.F.);
#3632=CARTESIAN_POINT('',(3.049000556,-1.5,6.822836995));
#3633=VERTEX_POINT('',#3632);
#3634=CARTESIAN_POINT('',(3.049000556,-4.5,6.822836995));
#3635=DIRECTION('',(-0.,1.,0.));
#3636=VECTOR('',#3635,48.);
#3637=LINE('',#3634,#3636);
#3638=EDGE_CURVE('',#2940,#3633,#3637,.T.);
#3639=ORIENTED_EDGE('',*,*,#3638,.T.);
#3640=CARTESIAN_POINT('',(3.049000556,-1.5,5.822836995));
#3641=DIRECTION('',(0.,0.,1.));
#3642=VECTOR('',#3641,10.);
#3643=LINE('',#3640,#3642);
#3644=EDGE_CURVE('',#3037,#3633,#3643,.T.);
#3645=ORIENTED_EDGE('',*,*,#3644,.F.);
#3646=ORIENTED_EDGE('',*,*,#3042,.F.);
#3647=EDGE_LOOP('',(#3631,#3639,#3645,#3646));
#3648=FACE_BOUND('',#3647,.T.);
#3649=ADVANCED_FACE('',(#3648),#3630,.F.);
#3650=OVER_RIDING_STYLED_ITEM('',(#2224),#3649,#26);
#3651=CARTESIAN_POINT('',(2.549000556,-6.5,6.822836995));
#3652=DIRECTION('',(0.,0.,1.));
#3653=DIRECTION('',(1.,0.,0.));
#3654=AXIS2_PLACEMENT_3D('',#3651,#3652,#3653);
#3655=PLANE('',#3654);
#3656=ORIENTED_EDGE('',*,*,#2975,.F.);
#3657=ORIENTED_EDGE('',*,*,#3024,.T.);
#3658=CARTESIAN_POINT('',(3.049000556,-1.5,6.822836995));
#3659=DIRECTION('',(-1.,0.,0.));
#3660=VECTOR('',#3659,10.);
#3661=LINE('',#3658,#3660);
#3662=EDGE_CURVE('',#3633,#3013,#3661,.T.);
#3663=ORIENTED_EDGE('',*,*,#3662,.F.);
#3664=ORIENTED_EDGE('',*,*,#3638,.F.);
#3665=EDGE_LOOP('',(#3656,#3657,#3663,#3664));
#3666=FACE_BOUND('',#3665,.T.);
#3667=ADVANCED_FACE('',(#3666),#3655,.F.);
#3668=OVER_RIDING_STYLED_ITEM('',(#2224),#3667,#26);
#3669=CARTESIAN_POINT('',(2.549000556,-1.5,6.322836995));
#3670=DIRECTION('',(0.,1.,0.));
#3671=DIRECTION('',(0.,-0.,1.));
#3672=AXIS2_PLACEMENT_3D('',#3669,#3670,#3671);
#3673=PLANE('',#3672);
#3674=ORIENTED_EDGE('',*,*,#3048,.T.);
#3675=ORIENTED_EDGE('',*,*,#3644,.T.);
#3676=ORIENTED_EDGE('',*,*,#3662,.T.);
#3677=ORIENTED_EDGE('',*,*,#3018,.T.);
#3678=EDGE_LOOP('',(#3674,#3675,#3676,#3677));
#3679=FACE_BOUND('',#3678,.T.);
#3680=ADVANCED_FACE('',(#3679),#3673,.F.);
#3681=OVER_RIDING_STYLED_ITEM('',(#2224),#3680,#26);
#3682=CARTESIAN_POINT('',(1.379624605,-6.5,4.110708058));
#3683=DIRECTION('',(1.,0.,0.));
#3684=DIRECTION('',(0.,0.,-1.));
#3685=AXIS2_PLACEMENT_3D('',#3682,#3683,#3684);
#3686=PLANE('',#3685);
#3687=ORIENTED_EDGE('',*,*,#3257,.F.);
#3688=CARTESIAN_POINT('',(1.379624605,-1.5,4.610708058));
#3689=VERTEX_POINT('',#3688);
#3690=CARTESIAN_POINT('',(1.379624605,-4.5,4.610708058));
#3691=DIRECTION('',(-0.,1.,0.));
#3692=VECTOR('',#3691,48.);
#3693=LINE('',#3690,#3692);
#3694=EDGE_CURVE('',#3246,#3689,#3693,.T.);
#3695=ORIENTED_EDGE('',*,*,#3694,.T.);
#3696=CARTESIAN_POINT('',(1.379624605,-1.5,3.610708058));
#3697=DIRECTION('',(0.,0.,1.));
#3698=VECTOR('',#3697,10.);
#3699=LINE('',#3696,#3698);
#3700=EDGE_CURVE('',#3343,#3689,#3699,.T.);
#3701=ORIENTED_EDGE('',*,*,#3700,.F.);
#3702=ORIENTED_EDGE('',*,*,#3348,.F.);
#3703=EDGE_LOOP('',(#3687,#3695,#3701,#3702));
#3704=FACE_BOUND('',#3703,.T.);
#3705=ADVANCED_FACE('',(#3704),#3686,.F.);
#3706=OVER_RIDING_STYLED_ITEM('',(#2224),#3705,#26);
#3707=CARTESIAN_POINT('',(0.879624605,-6.5,4.610708058));
#3708=DIRECTION('',(0.,0.,1.));
#3709=DIRECTION('',(1.,0.,0.));
#3710=AXIS2_PLACEMENT_3D('',#3707,#3708,#3709);
#3711=PLANE('',#3710);
#3712=ORIENTED_EDGE('',*,*,#3298,.F.);
#3713=ORIENTED_EDGE('',*,*,#3330,.T.);
#3714=CARTESIAN_POINT('',(1.379624605,-1.5,4.610708058));
#3715=DIRECTION('',(-1.,0.,0.));
#3716=VECTOR('',#3715,10.);
#3717=LINE('',#3714,#3716);
#3718=EDGE_CURVE('',#3689,#3319,#3717,.T.);
#3719=ORIENTED_EDGE('',*,*,#3718,.F.);
#3720=ORIENTED_EDGE('',*,*,#3694,.F.);
#3721=EDGE_LOOP('',(#3712,#3713,#3719,#3720));
#3722=FACE_BOUND('',#3721,.T.);
#3723=ADVANCED_FACE('',(#3722),#3711,.F.);
#3724=OVER_RIDING_STYLED_ITEM('',(#2224),#3723,#26);
#3725=CARTESIAN_POINT('',(0.879624605,-1.5,4.110708058));
#3726=DIRECTION('',(0.,1.,0.));
#3727=DIRECTION('',(0.,-0.,1.));
#3728=AXIS2_PLACEMENT_3D('',#3725,#3726,#3727);
#3729=PLANE('',#3728);
#3730=ORIENTED_EDGE('',*,*,#3354,.T.);
#3731=ORIENTED_EDGE('',*,*,#3700,.T.);
#3732=ORIENTED_EDGE('',*,*,#3718,.T.);
#3733=ORIENTED_EDGE('',*,*,#3324,.T.);
#3734=EDGE_LOOP('',(#3730,#3731,#3732,#3733));
#3735=FACE_BOUND('',#3734,.T.);
#3736=ADVANCED_FACE('',(#3735),#3729,.F.);
#3737=OVER_RIDING_STYLED_ITEM('',(#2224),#3736,#26);
#3738=CARTESIAN_POINT('',(0.,-6.5,6.068826914));
#3739=DIRECTION('',(0.,0.,-1.));
#3740=DIRECTION('',(-1.,0.,0.));
#3741=AXIS2_PLACEMENT_3D('',#3738,#3739,#3740);
#3742=PLANE('',#3741);
#3743=CARTESIAN_POINT('',(-1.,-1.5,6.068826914));
#3744=VERTEX_POINT('',#3743);
#3745=CARTESIAN_POINT('',(1.,-1.5,6.068826914));
#3746=VERTEX_POINT('',#3745);
#3747=CARTESIAN_POINT('',(-1.,-1.5,6.068826914));
#3748=DIRECTION('',(1.,0.,-0.));
#3749=VECTOR('',#3748,20.);
#3750=LINE('',#3747,#3749);
#3751=EDGE_CURVE('',#3744,#3746,#3750,.T.);
#3752=ORIENTED_EDGE('',*,*,#3751,.F.);
#3753=CARTESIAN_POINT('',(-1.,-6.5,6.068826914));
#3754=DIRECTION('',(-0.,1.,0.));
#3755=VECTOR('',#3754,50.);
#3756=LINE('',#3753,#3755);
#3757=EDGE_CURVE('',#2455,#3744,#3756,.T.);
#3758=ORIENTED_EDGE('',*,*,#3757,.F.);
#3759=ORIENTED_EDGE('',*,*,#2460,.F.);
#3760=CARTESIAN_POINT('',(1.,-6.5,6.068826914));
#3761=DIRECTION('',(-0.,1.,0.));
#3762=VECTOR('',#3761,50.);
#3763=LINE('',#3760,#3762);
#3764=EDGE_CURVE('',#2453,#3746,#3763,.T.);
#3765=ORIENTED_EDGE('',*,*,#3764,.T.);
#3766=EDGE_LOOP('',(#3752,#3758,#3759,#3765));
#3767=FACE_BOUND('',#3766,.T.);
#3768=ADVANCED_FACE('',(#3767),#3742,.F.);
#3769=OVER_RIDING_STYLED_ITEM('',(#2224),#3768,#26);
#3770=CARTESIAN_POINT('',(1.,-6.5,6.568826914));
#3771=DIRECTION('',(1.,0.,0.));
#3772=DIRECTION('',(0.,0.,-1.));
#3773=AXIS2_PLACEMENT_3D('',#3770,#3771,#3772);
#3774=PLANE('',#3773);
#3775=CARTESIAN_POINT('',(1.,-1.5,7.068826914));
#3776=VERTEX_POINT('',#3775);
#3777=CARTESIAN_POINT('',(1.,-1.5,6.068826914));
#3778=DIRECTION('',(-0.,0.,1.));
#3779=VECTOR('',#3778,10.);
#3780=LINE('',#3777,#3779);
#3781=EDGE_CURVE('',#3746,#3776,#3780,.T.);
#3782=ORIENTED_EDGE('',*,*,#3781,.F.);
#3783=ORIENTED_EDGE('',*,*,#3764,.F.);
#3784=ORIENTED_EDGE('',*,*,#2482,.F.);
#3785=CARTESIAN_POINT('',(1.,-6.5,7.068826914));
#3786=DIRECTION('',(-0.,1.,0.));
#3787=VECTOR('',#3786,50.);
#3788=LINE('',#3785,#3787);
#3789=EDGE_CURVE('',#2471,#3776,#3788,.T.);
#3790=ORIENTED_EDGE('',*,*,#3789,.T.);
#3791=EDGE_LOOP('',(#3782,#3783,#3784,#3790));
#3792=FACE_BOUND('',#3791,.T.);
#3793=ADVANCED_FACE('',(#3792),#3774,.F.);
#3794=OVER_RIDING_STYLED_ITEM('',(#2224),#3793,#26);
#3795=CARTESIAN_POINT('',(-0.,-6.5,7.068826914));
#3796=DIRECTION('',(0.,0.,1.));
#3797=DIRECTION('',(1.,0.,0.));
#3798=AXIS2_PLACEMENT_3D('',#3795,#3796,#3797);
#3799=PLANE('',#3798);
#3800=CARTESIAN_POINT('',(-1.,-1.5,7.068826914));
#3801=VERTEX_POINT('',#3800);
#3802=CARTESIAN_POINT('',(1.,-1.5,7.068826914));
#3803=DIRECTION('',(-1.,0.,0.));
#3804=VECTOR('',#3803,20.);
#3805=LINE('',#3802,#3804);
#3806=EDGE_CURVE('',#3776,#3801,#3805,.T.);
#3807=ORIENTED_EDGE('',*,*,#3806,.F.);
#3808=ORIENTED_EDGE('',*,*,#3789,.F.);
#3809=ORIENTED_EDGE('',*,*,#2476,.F.);
#3810=CARTESIAN_POINT('',(-1.,-6.5,7.068826914));
#3811=DIRECTION('',(-0.,1.,0.));
#3812=VECTOR('',#3811,50.);
#3813=LINE('',#3810,#3812);
#3814=EDGE_CURVE('',#2463,#3801,#3813,.T.);
#3815=ORIENTED_EDGE('',*,*,#3814,.T.);
#3816=EDGE_LOOP('',(#3807,#3808,#3809,#3815));
#3817=FACE_BOUND('',#3816,.T.);
#3818=ADVANCED_FACE('',(#3817),#3799,.F.);
#3819=OVER_RIDING_STYLED_ITEM('',(#2224),#3818,#26);
#3820=CARTESIAN_POINT('',(-1.,-6.5,6.568826914));
#3821=DIRECTION('',(-1.,-0.,-0.));
#3822=DIRECTION('',(-0.,0.,1.));
#3823=AXIS2_PLACEMENT_3D('',#3820,#3821,#3822);
#3824=PLANE('',#3823);
#3825=CARTESIAN_POINT('',(-1.,-1.5,7.068826914));
#3826=DIRECTION('',(0.,0.,-1.));
#3827=VECTOR('',#3826,10.);
#3828=LINE('',#3825,#3827);
#3829=EDGE_CURVE('',#3801,#3744,#3828,.T.);
#3830=ORIENTED_EDGE('',*,*,#3829,.F.);
#3831=ORIENTED_EDGE('',*,*,#3814,.F.);
#3832=ORIENTED_EDGE('',*,*,#2468,.F.);
#3833=ORIENTED_EDGE('',*,*,#3757,.T.);
#3834=EDGE_LOOP('',(#3830,#3831,#3832,#3833));
#3835=FACE_BOUND('',#3834,.T.);
#3836=ADVANCED_FACE('',(#3835),#3824,.F.);
#3837=OVER_RIDING_STYLED_ITEM('',(#2224),#3836,#26);
#3838=CARTESIAN_POINT('',(-0.,-1.5,6.568826914));
#3839=DIRECTION('',(-0.,1.,-0.));
#3840=DIRECTION('',(0.,0.,1.));
#3841=AXIS2_PLACEMENT_3D('',#3838,#3839,#3840);
#3842=PLANE('',#3841);
#3843=ORIENTED_EDGE('',*,*,#3751,.T.);
#3844=ORIENTED_EDGE('',*,*,#3781,.T.);
#3845=ORIENTED_EDGE('',*,*,#3806,.T.);
#3846=ORIENTED_EDGE('',*,*,#3829,.T.);
#3847=EDGE_LOOP('',(#3843,#3844,#3845,#3846));
#3848=FACE_BOUND('',#3847,.T.);
#3849=ADVANCED_FACE('',(#3848),#3842,.F.);
#3850=OVER_RIDING_STYLED_ITEM('',(#2224),#3849,#26);
#3851=CARTESIAN_POINT('',(-0.468109488,-6.5,4.110708058));
#3852=DIRECTION('',(1.,0.,0.));
#3853=DIRECTION('',(0.,0.,-1.));
#3854=AXIS2_PLACEMENT_3D('',#3851,#3852,#3853);
#3855=PLANE('',#3854);
#3856=ORIENTED_EDGE('',*,*,#3410,.F.);
#3857=CARTESIAN_POINT('',(-0.468109488,-1.5,4.610708058));
#3858=VERTEX_POINT('',#3857);
#3859=CARTESIAN_POINT('',(-0.468109488,-4.5,4.610708058));
#3860=DIRECTION('',(-0.,1.,0.));
#3861=VECTOR('',#3860,48.);
#3862=LINE('',#3859,#3861);
#3863=EDGE_CURVE('',#3399,#3858,#3862,.T.);
#3864=ORIENTED_EDGE('',*,*,#3863,.T.);
#3865=CARTESIAN_POINT('',(-0.468109488,-1.5,3.610708058));
#3866=DIRECTION('',(0.,0.,1.));
#3867=VECTOR('',#3866,10.);
#3868=LINE('',#3865,#3867);
#3869=EDGE_CURVE('',#3496,#3858,#3868,.T.);
#3870=ORIENTED_EDGE('',*,*,#3869,.F.);
#3871=ORIENTED_EDGE('',*,*,#3501,.F.);
#3872=EDGE_LOOP('',(#3856,#3864,#3870,#3871));
#3873=FACE_BOUND('',#3872,.T.);
#3874=ADVANCED_FACE('',(#3873),#3855,.F.);
#3875=OVER_RIDING_STYLED_ITEM('',(#2224),#3874,#26);
#3876=CARTESIAN_POINT('',(-0.968109488,-6.5,4.610708058));
#3877=DIRECTION('',(0.,0.,1.));
#3878=DIRECTION('',(1.,0.,0.));
#3879=AXIS2_PLACEMENT_3D('',#3876,#3877,#3878);
#3880=PLANE('',#3879);
#3881=ORIENTED_EDGE('',*,*,#3451,.F.);
#3882=ORIENTED_EDGE('',*,*,#3483,.T.);
#3883=CARTESIAN_POINT('',(-0.468109488,-1.5,4.610708058));
#3884=DIRECTION('',(-1.,0.,0.));
#3885=VECTOR('',#3884,10.);
#3886=LINE('',#3883,#3885);
#3887=EDGE_CURVE('',#3858,#3472,#3886,.T.);
#3888=ORIENTED_EDGE('',*,*,#3887,.F.);
#3889=ORIENTED_EDGE('',*,*,#3863,.F.);
#3890=EDGE_LOOP('',(#3881,#3882,#3888,#3889));
#3891=FACE_BOUND('',#3890,.T.);
#3892=ADVANCED_FACE('',(#3891),#3880,.F.);
#3893=OVER_RIDING_STYLED_ITEM('',(#2224),#3892,#26);
#3894=CARTESIAN_POINT('',(-0.968109488,-1.5,4.110708058));
#3895=DIRECTION('',(-0.,1.,0.));
#3896=DIRECTION('',(0.,-0.,1.));
#3897=AXIS2_PLACEMENT_3D('',#3894,#3895,#3896);
#3898=PLANE('',#3897);
#3899=ORIENTED_EDGE('',*,*,#3507,.T.);
#3900=ORIENTED_EDGE('',*,*,#3869,.T.);
#3901=ORIENTED_EDGE('',*,*,#3887,.T.);
#3902=ORIENTED_EDGE('',*,*,#3477,.T.);
#3903=EDGE_LOOP('',(#3899,#3900,#3901,#3902));
#3904=FACE_BOUND('',#3903,.T.);
#3905=ADVANCED_FACE('',(#3904),#3898,.F.);
#3906=OVER_RIDING_STYLED_ITEM('',(#2224),#3905,#26);
#3907=CARTESIAN_POINT('',(-2.05949316,-6.5,6.322836995));
#3908=DIRECTION('',(1.,0.,0.));
#3909=DIRECTION('',(0.,0.,-1.));
#3910=AXIS2_PLACEMENT_3D('',#3907,#3908,#3909);
#3911=PLANE('',#3910);
#3912=ORIENTED_EDGE('',*,*,#3104,.F.);
#3913=CARTESIAN_POINT('',(-2.05949316,-1.5,6.822836995));
#3914=VERTEX_POINT('',#3913);
#3915=CARTESIAN_POINT('',(-2.05949316,-4.5,6.822836995));
#3916=DIRECTION('',(-0.,1.,0.));
#3917=VECTOR('',#3916,48.);
#3918=LINE('',#3915,#3917);
#3919=EDGE_CURVE('',#3093,#3914,#3918,.T.);
#3920=ORIENTED_EDGE('',*,*,#3919,.T.);
#3921=CARTESIAN_POINT('',(-2.05949316,-1.5,5.822836995));
#3922=DIRECTION('',(0.,0.,1.));
#3923=VECTOR('',#3922,10.);
#3924=LINE('',#3921,#3923);
#3925=EDGE_CURVE('',#3190,#3914,#3924,.T.);
#3926=ORIENTED_EDGE('',*,*,#3925,.F.);
#3927=ORIENTED_EDGE('',*,*,#3195,.F.);
#3928=EDGE_LOOP('',(#3912,#3920,#3926,#3927));
#3929=FACE_BOUND('',#3928,.T.);
#3930=ADVANCED_FACE('',(#3929),#3911,.F.);
#3931=OVER_RIDING_STYLED_ITEM('',(#2224),#3930,#26);
#3932=CARTESIAN_POINT('',(-2.55949316,-6.5,6.822836995));
#3933=DIRECTION('',(0.,0.,1.));
#3934=DIRECTION('',(1.,0.,0.));
#3935=AXIS2_PLACEMENT_3D('',#3932,#3933,#3934);
#3936=PLANE('',#3935);
#3937=ORIENTED_EDGE('',*,*,#3128,.F.);
#3938=ORIENTED_EDGE('',*,*,#3177,.T.);
#3939=CARTESIAN_POINT('',(-2.05949316,-1.5,6.822836995));
#3940=DIRECTION('',(-1.,0.,0.));
#3941=VECTOR('',#3940,10.);
#3942=LINE('',#3939,#3941);
#3943=EDGE_CURVE('',#3914,#3166,#3942,.T.);
#3944=ORIENTED_EDGE('',*,*,#3943,.F.);
#3945=ORIENTED_EDGE('',*,*,#3919,.F.);
#3946=EDGE_LOOP('',(#3937,#3938,#3944,#3945));
#3947=FACE_BOUND('',#3946,.T.);
#3948=ADVANCED_FACE('',(#3947),#3936,.F.);
#3949=OVER_RIDING_STYLED_ITEM('',(#2224),#3948,#26);
#3950=CARTESIAN_POINT('',(-2.55949316,-1.5,6.322836995));
#3951=DIRECTION('',(-0.,1.,0.));
#3952=DIRECTION('',(0.,-0.,1.));
#3953=AXIS2_PLACEMENT_3D('',#3950,#3951,#3952);
#3954=PLANE('',#3953);
#3955=ORIENTED_EDGE('',*,*,#3201,.T.);
#3956=ORIENTED_EDGE('',*,*,#3925,.T.);
#3957=ORIENTED_EDGE('',*,*,#3943,.T.);
#3958=ORIENTED_EDGE('',*,*,#3171,.T.);
#3959=EDGE_LOOP('',(#3955,#3956,#3957,#3958));
#3960=FACE_BOUND('',#3959,.T.);
#3961=ADVANCED_FACE('',(#3960),#3954,.F.);
#3962=OVER_RIDING_STYLED_ITEM('',(#2224),#3961,#26);
#3963=CARTESIAN_POINT('',(0.523021817,-6.5,8.040207148));
#3964=DIRECTION('',(1.,0.,0.));
#3965=DIRECTION('',(0.,0.,-1.));
#3966=AXIS2_PLACEMENT_3D('',#3963,#3964,#3965);
#3967=PLANE('',#3966);
#3968=ORIENTED_EDGE('',*,*,#2645,.F.);
#3969=CARTESIAN_POINT('',(0.523021817,-1.5,8.540207148));
#3970=VERTEX_POINT('',#3969);
#3971=CARTESIAN_POINT('',(0.523021817,-4.5,8.540207148));
#3972=DIRECTION('',(-0.,1.,0.));
#3973=VECTOR('',#3972,48.);
#3974=LINE('',#3971,#3973);
#3975=EDGE_CURVE('',#2634,#3970,#3974,.T.);
#3976=ORIENTED_EDGE('',*,*,#3975,.T.);
#3977=CARTESIAN_POINT('',(0.523021817,-1.5,7.540207148));
#3978=DIRECTION('',(0.,0.,1.));
#3979=VECTOR('',#3978,10.);
#3980=LINE('',#3977,#3979);
#3981=EDGE_CURVE('',#2731,#3970,#3980,.T.);
#3982=ORIENTED_EDGE('',*,*,#3981,.F.);
#3983=ORIENTED_EDGE('',*,*,#2736,.F.);
#3984=EDGE_LOOP('',(#3968,#3976,#3982,#3983));
#3985=FACE_BOUND('',#3984,.T.);
#3986=ADVANCED_FACE('',(#3985),#3967,.F.);
#3987=OVER_RIDING_STYLED_ITEM('',(#2224),#3986,#26);
#3988=CARTESIAN_POINT('',(0.023021817,-6.5,8.540207148));
#3989=DIRECTION('',(0.,0.,1.));
#3990=DIRECTION('',(1.,0.,0.));
#3991=AXIS2_PLACEMENT_3D('',#3988,#3989,#3990);
#3992=PLANE('',#3991);
#3993=ORIENTED_EDGE('',*,*,#2669,.F.);
#3994=ORIENTED_EDGE('',*,*,#2718,.T.);
#3995=CARTESIAN_POINT('',(0.523021817,-1.5,8.540207148));
#3996=DIRECTION('',(-1.,0.,0.));
#3997=VECTOR('',#3996,10.);
#3998=LINE('',#3995,#3997);
#3999=EDGE_CURVE('',#3970,#2707,#3998,.T.);
#4000=ORIENTED_EDGE('',*,*,#3999,.F.);
#4001=ORIENTED_EDGE('',*,*,#3975,.F.);
#4002=EDGE_LOOP('',(#3993,#3994,#4000,#4001));
#4003=FACE_BOUND('',#4002,.T.);
#4004=ADVANCED_FACE('',(#4003),#3992,.F.);
#4005=OVER_RIDING_STYLED_ITEM('',(#2224),#4004,#26);
#4006=CARTESIAN_POINT('',(0.023021817,-1.5,8.040207148));
#4007=DIRECTION('',(0.,1.,-0.));
#4008=DIRECTION('',(0.,0.,1.));
#4009=AXIS2_PLACEMENT_3D('',#4006,#4007,#4008);
#4010=PLANE('',#4009);
#4011=ORIENTED_EDGE('',*,*,#2742,.T.);
#4012=ORIENTED_EDGE('',*,*,#3981,.T.);
#4013=ORIENTED_EDGE('',*,*,#3999,.T.);
#4014=ORIENTED_EDGE('',*,*,#2712,.T.);
#4015=EDGE_LOOP('',(#4011,#4012,#4013,#4014));
#4016=FACE_BOUND('',#4015,.T.);
#4017=ADVANCED_FACE('',(#4016),#4010,.F.);
#4018=OVER_RIDING_STYLED_ITEM('',(#2224),#4017,#26);
#4019=CARTESIAN_POINT('',(0.,-6.5,6.5));
#4020=DIRECTION('',(-0.,1.,0.));
#4021=DIRECTION('',(1.,0.,0.));
#4022=AXIS2_PLACEMENT_3D('',#4019,#4020,#4021);
#4023=CYLINDRICAL_SURFACE('',#4022,4.5);
#4024=CARTESIAN_POINT('',(-4.5,-1.5,6.5));
#4025=VERTEX_POINT('',#4024);
#4026=CARTESIAN_POINT('',(-4.5,-6.5,6.5));
#4027=VERTEX_POINT('',#4026);
#4028=CARTESIAN_POINT('',(-4.5,-1.5,6.5));
#4029=DIRECTION('',(0.,-1.,-0.));
#4030=VECTOR('',#4029,5.);
#4031=LINE('',#4028,#4030);
#4032=EDGE_CURVE('',#4025,#4027,#4031,.T.);
#4033=ORIENTED_EDGE('',*,*,#4032,.F.);
#4034=CARTESIAN_POINT('',(4.5,-1.5,6.5));
#4035=VERTEX_POINT('',#4034);
#4036=CARTESIAN_POINT('',(0.,-1.5,6.5));
#4037=DIRECTION('',(0.,-1.,0.));
#4038=DIRECTION('',(1.,0.,0.));
#4039=AXIS2_PLACEMENT_3D('',#4036,#4037,#4038);
#4040=CIRCLE('',#4039,4.5);
#4041=EDGE_CURVE('',#4035,#4025,#4040,.T.);
#4042=ORIENTED_EDGE('',*,*,#4041,.F.);
#4043=CARTESIAN_POINT('',(0.,-1.5,6.5));
#4044=DIRECTION('',(0.,-1.,0.));
#4045=DIRECTION('',(1.,0.,0.));
#4046=AXIS2_PLACEMENT_3D('',#4043,#4044,#4045);
#4047=CIRCLE('',#4046,4.5);
#4048=EDGE_CURVE('',#4025,#4035,#4047,.T.);
#4049=ORIENTED_EDGE('',*,*,#4048,.F.);
#4050=ORIENTED_EDGE('',*,*,#4032,.T.);
#4051=CARTESIAN_POINT('',(4.5,-6.5,6.5));
#4052=VERTEX_POINT('',#4051);
#4053=CARTESIAN_POINT('',(0.,-6.5,6.5));
#4054=DIRECTION('',(-0.,1.,0.));
#4055=DIRECTION('',(1.,0.,0.));
#4056=AXIS2_PLACEMENT_3D('',#4053,#4054,#4055);
#4057=CIRCLE('',#4056,4.5);
#4058=EDGE_CURVE('',#4052,#4027,#4057,.T.);
#4059=ORIENTED_EDGE('',*,*,#4058,.F.);
#4060=CARTESIAN_POINT('',(0.,-6.5,6.5));
#4061=DIRECTION('',(-0.,1.,0.));
#4062=DIRECTION('',(1.,0.,0.));
#4063=AXIS2_PLACEMENT_3D('',#4060,#4061,#4062);
#4064=CIRCLE('',#4063,4.5);
#4065=EDGE_CURVE('',#4027,#4052,#4064,.T.);
#4066=ORIENTED_EDGE('',*,*,#4065,.F.);
#4067=EDGE_LOOP('',(#4033,#4042,#4049,#4050,#4059,#4066));
#4068=FACE_BOUND('',#4067,.T.);
#4069=ADVANCED_FACE('',(#4068),#4023,.F.);
#4070=OVER_RIDING_STYLED_ITEM('',(#2224),#4069,#26);
#4071=CARTESIAN_POINT('',(0.75,-6.5,9.917957057));
#4072=DIRECTION('',(1.,0.,0.));
#4073=DIRECTION('',(0.,0.,-1.));
#4074=AXIS2_PLACEMENT_3D('',#4071,#4072,#4073);
#4075=PLANE('',#4074);
#4076=CARTESIAN_POINT('',(0.75,-1.5,9.406855703));
#4077=VERTEX_POINT('',#4076);
#4078=CARTESIAN_POINT('',(0.75,-1.5,10.429058411));
#4079=VERTEX_POINT('',#4078);
#4080=CARTESIAN_POINT('',(0.75,-1.5,9.406855703));
#4081=DIRECTION('',(0.,0.,1.));
#4082=VECTOR('',#4081,10.222027086);
#4083=LINE('',#4080,#4082);
#4084=EDGE_CURVE('',#4077,#4079,#4083,.T.);
#4085=ORIENTED_EDGE('',*,*,#4084,.F.);
#4086=CARTESIAN_POINT('',(0.75,-6.5,9.406855703));
#4087=DIRECTION('',(-0.,1.,0.));
#4088=VECTOR('',#4087,50.);
#4089=LINE('',#4086,#4088);
#4090=EDGE_CURVE('',#2361,#4077,#4089,.T.);
#4091=ORIENTED_EDGE('',*,*,#4090,.F.);
#4092=ORIENTED_EDGE('',*,*,#2366,.F.);
#4093=CARTESIAN_POINT('',(0.75,-6.5,10.429058411));
#4094=DIRECTION('',(-0.,1.,0.));
#4095=VECTOR('',#4094,50.);
#4096=LINE('',#4093,#4095);
#4097=EDGE_CURVE('',#2359,#4079,#4096,.T.);
#4098=ORIENTED_EDGE('',*,*,#4097,.T.);
#4099=EDGE_LOOP('',(#4085,#4091,#4092,#4098));
#4100=FACE_BOUND('',#4099,.T.);
#4101=ADVANCED_FACE('',(#4100),#4075,.F.);
#4102=OVER_RIDING_STYLED_ITEM('',(#2224),#4101,#26);
#4103=CARTESIAN_POINT('',(0.,-6.5,6.5));
#4104=DIRECTION('',(-0.,1.,0.));
#4105=DIRECTION('',(1.,0.,0.));
#4106=AXIS2_PLACEMENT_3D('',#4103,#4104,#4105);
#4107=CYLINDRICAL_SURFACE('',#4106,4.);
#4108=CARTESIAN_POINT('',(3.422737317,-1.5,4.430007426));
#4109=VERTEX_POINT('',#4108);
#4110=CARTESIAN_POINT('',(0.,-1.5,6.5));
#4111=DIRECTION('',(-0.,1.,0.));
#4112=DIRECTION('',(1.,0.,0.));
#4113=AXIS2_PLACEMENT_3D('',#4110,#4111,#4112);
#4114=CIRCLE('',#4113,4.);
#4115=EDGE_CURVE('',#4079,#4109,#4114,.T.);
#4116=ORIENTED_EDGE('',*,*,#4115,.F.);
#4117=ORIENTED_EDGE('',*,*,#4097,.F.);
#4118=ORIENTED_EDGE('',*,*,#2448,.F.);
#4119=CARTESIAN_POINT('',(3.422737317,-6.5,4.430007426));
#4120=DIRECTION('',(-0.,1.,0.));
#4121=VECTOR('',#4120,50.);
#4122=LINE('',#4119,#4121);
#4123=EDGE_CURVE('',#2436,#4109,#4122,.T.);
#4124=ORIENTED_EDGE('',*,*,#4123,.T.);
#4125=EDGE_LOOP('',(#4116,#4117,#4118,#4124));
#4126=FACE_BOUND('',#4125,.T.);
#4127=ADVANCED_FACE('',(#4126),#4107,.T.);
#4128=OVER_RIDING_STYLED_ITEM('',(#2224),#4127,#26);
#4129=CARTESIAN_POINT('',(3.053464802,-6.5,4.430007426));
#4130=DIRECTION('',(0.,0.,1.));
#4131=DIRECTION('',(1.,0.,0.));
#4132=AXIS2_PLACEMENT_3D('',#4129,#4130,#4131);
#4133=PLANE('',#4132);
#4134=CARTESIAN_POINT('',(2.684192287,-1.5,4.430007426));
#4135=VERTEX_POINT('',#4134);
#4136=CARTESIAN_POINT('',(3.422737317,-1.5,4.430007426));
#4137=DIRECTION('',(-1.,0.,0.));
#4138=VECTOR('',#4137,7.38545031);
#4139=LINE('',#4136,#4138);
#4140=EDGE_CURVE('',#4109,#4135,#4139,.T.);
#4141=ORIENTED_EDGE('',*,*,#4140,.F.);
#4142=ORIENTED_EDGE('',*,*,#4123,.F.);
#4143=ORIENTED_EDGE('',*,*,#2441,.F.);
#4144=CARTESIAN_POINT('',(2.684192287,-6.5,4.430007426));
#4145=DIRECTION('',(-0.,1.,0.));
#4146=VECTOR('',#4145,50.);
#4147=LINE('',#4144,#4146);
#4148=EDGE_CURVE('',#2428,#4135,#4147,.T.);
#4149=ORIENTED_EDGE('',*,*,#4148,.T.);
#4150=EDGE_LOOP('',(#4141,#4142,#4143,#4149));
#4151=FACE_BOUND('',#4150,.T.);
#4152=ADVANCED_FACE('',(#4151),#4133,.F.);
#4153=OVER_RIDING_STYLED_ITEM('',(#2224),#4152,#26);
#4154=CARTESIAN_POINT('',(2.684192287,-6.5,3.982176029));
#4155=DIRECTION('',(-1.,-0.,0.));
#4156=DIRECTION('',(0.,0.,1.));
#4157=AXIS2_PLACEMENT_3D('',#4154,#4155,#4156);
#4158=PLANE('',#4157);
#4159=CARTESIAN_POINT('',(2.684192287,-1.5,3.534344631));
#4160=VERTEX_POINT('',#4159);
#4161=CARTESIAN_POINT('',(2.684192287,-1.5,4.430007426));
#4162=DIRECTION('',(0.,0.,-1.));
#4163=VECTOR('',#4162,8.956627954);
#4164=LINE('',#4161,#4163);
#4165=EDGE_CURVE('',#4135,#4160,#4164,.T.);
#4166=ORIENTED_EDGE('',*,*,#4165,.F.);
#4167=ORIENTED_EDGE('',*,*,#4148,.F.);
#4168=ORIENTED_EDGE('',*,*,#2433,.F.);
#4169=CARTESIAN_POINT('',(2.684192287,-6.5,3.534344631));
#4170=DIRECTION('',(-0.,1.,0.));
#4171=VECTOR('',#4170,50.);
#4172=LINE('',#4169,#4171);
#4173=EDGE_CURVE('',#2419,#4160,#4172,.T.);
#4174=ORIENTED_EDGE('',*,*,#4173,.T.);
#4175=EDGE_LOOP('',(#4166,#4167,#4168,#4174));
#4176=FACE_BOUND('',#4175,.T.);
#4177=ADVANCED_FACE('',(#4176),#4158,.F.);
#4178=OVER_RIDING_STYLED_ITEM('',(#2224),#4177,#26);
#4179=CARTESIAN_POINT('',(0.,-6.5,6.5));
#4180=DIRECTION('',(-0.,1.,0.));
#4181=DIRECTION('',(1.,0.,0.));
#4182=AXIS2_PLACEMENT_3D('',#4179,#4180,#4181);
#4183=CYLINDRICAL_SURFACE('',#4182,4.);
#4184=CARTESIAN_POINT('',(-2.684192287,-1.5,3.534344631));
#4185=VERTEX_POINT('',#4184);
#4186=CARTESIAN_POINT('',(0.,-1.5,6.5));
#4187=DIRECTION('',(-0.,1.,0.));
#4188=DIRECTION('',(1.,0.,0.));
#4189=AXIS2_PLACEMENT_3D('',#4186,#4187,#4188);
#4190=CIRCLE('',#4189,4.);
#4191=EDGE_CURVE('',#4160,#4185,#4190,.T.);
#4192=ORIENTED_EDGE('',*,*,#4191,.F.);
#4193=ORIENTED_EDGE('',*,*,#4173,.F.);
#4194=ORIENTED_EDGE('',*,*,#2425,.F.);
#4195=CARTESIAN_POINT('',(-2.684192287,-6.5,3.534344631));
#4196=DIRECTION('',(-0.,1.,0.));
#4197=VECTOR('',#4196,50.);
#4198=LINE('',#4195,#4197);
#4199=EDGE_CURVE('',#2411,#4185,#4198,.T.);
#4200=ORIENTED_EDGE('',*,*,#4199,.T.);
#4201=EDGE_LOOP('',(#4192,#4193,#4194,#4200));
#4202=FACE_BOUND('',#4201,.T.);
#4203=ADVANCED_FACE('',(#4202),#4183,.T.);
#4204=OVER_RIDING_STYLED_ITEM('',(#2224),#4203,#26);
#4205=CARTESIAN_POINT('',(-2.684192287,-6.5,3.982176029));
#4206=DIRECTION('',(1.,0.,0.));
#4207=DIRECTION('',(0.,0.,-1.));
#4208=AXIS2_PLACEMENT_3D('',#4205,#4206,#4207);
#4209=PLANE('',#4208);
#4210=CARTESIAN_POINT('',(-2.684192287,-1.5,4.430007426));
#4211=VERTEX_POINT('',#4210);
#4212=CARTESIAN_POINT('',(-2.684192287,-1.5,3.534344631));
#4213=DIRECTION('',(0.,0.,1.));
#4214=VECTOR('',#4213,8.956627954);
#4215=LINE('',#4212,#4214);
#4216=EDGE_CURVE('',#4185,#4211,#4215,.T.);
#4217=ORIENTED_EDGE('',*,*,#4216,.F.);
#4218=ORIENTED_EDGE('',*,*,#4199,.F.);
#4219=ORIENTED_EDGE('',*,*,#2416,.F.);
#4220=CARTESIAN_POINT('',(-2.684192287,-6.5,4.430007426));
#4221=DIRECTION('',(-0.,1.,0.));
#4222=VECTOR('',#4221,50.);
#4223=LINE('',#4220,#4222);
#4224=EDGE_CURVE('',#2403,#4211,#4223,.T.);
#4225=ORIENTED_EDGE('',*,*,#4224,.T.);
#4226=EDGE_LOOP('',(#4217,#4218,#4219,#4225));
#4227=FACE_BOUND('',#4226,.T.);
#4228=ADVANCED_FACE('',(#4227),#4209,.F.);
#4229=OVER_RIDING_STYLED_ITEM('',(#2224),#4228,#26);
#4230=CARTESIAN_POINT('',(-3.053464802,-6.5,4.430007426));
#4231=DIRECTION('',(0.,0.,1.));
#4232=DIRECTION('',(1.,0.,0.));
#4233=AXIS2_PLACEMENT_3D('',#4230,#4231,#4232);
#4234=PLANE('',#4233);
#4235=CARTESIAN_POINT('',(-3.422737317,-1.5,4.430007426));
#4236=VERTEX_POINT('',#4235);
#4237=CARTESIAN_POINT('',(-2.684192287,-1.5,4.430007426));
#4238=DIRECTION('',(-1.,0.,0.));
#4239=VECTOR('',#4238,7.38545031);
#4240=LINE('',#4237,#4239);
#4241=EDGE_CURVE('',#4211,#4236,#4240,.T.);
#4242=ORIENTED_EDGE('',*,*,#4241,.F.);
#4243=ORIENTED_EDGE('',*,*,#4224,.F.);
#4244=ORIENTED_EDGE('',*,*,#2408,.F.);
#4245=CARTESIAN_POINT('',(-3.422737317,-6.5,4.430007426));
#4246=DIRECTION('',(-0.,1.,0.));
#4247=VECTOR('',#4246,50.);
#4248=LINE('',#4245,#4247);
#4249=EDGE_CURVE('',#2394,#4236,#4248,.T.);
#4250=ORIENTED_EDGE('',*,*,#4249,.T.);
#4251=EDGE_LOOP('',(#4242,#4243,#4244,#4250));
#4252=FACE_BOUND('',#4251,.T.);
#4253=ADVANCED_FACE('',(#4252),#4234,.F.);
#4254=OVER_RIDING_STYLED_ITEM('',(#2224),#4253,#26);
#4255=CARTESIAN_POINT('',(0.,-6.5,6.5));
#4256=DIRECTION('',(-0.,1.,0.));
#4257=DIRECTION('',(1.,0.,0.));
#4258=AXIS2_PLACEMENT_3D('',#4255,#4256,#4257);
#4259=CYLINDRICAL_SURFACE('',#4258,4.);
#4260=CARTESIAN_POINT('',(-4.,-1.5,6.5));
#4261=VERTEX_POINT('',#4260);
#4262=CARTESIAN_POINT('',(-4.,-1.5,6.5));
#4263=DIRECTION('',(0.,-1.,-0.));
#4264=VECTOR('',#4263,5.);
#4265=LINE('',#4262,#4264);
#4266=EDGE_CURVE('',#4261,#2385,#4265,.T.);
#4267=ORIENTED_EDGE('',*,*,#4266,.T.);
#4268=ORIENTED_EDGE('',*,*,#2391,.F.);
#4269=CARTESIAN_POINT('',(-0.75,-1.5,10.429058411));
#4270=VERTEX_POINT('',#4269);
#4271=CARTESIAN_POINT('',(-0.75,-6.5,10.429058411));
#4272=DIRECTION('',(-0.,1.,0.));
#4273=VECTOR('',#4272,50.);
#4274=LINE('',#4271,#4273);
#4275=EDGE_CURVE('',#2377,#4270,#4274,.T.);
#4276=ORIENTED_EDGE('',*,*,#4275,.T.);
#4277=CARTESIAN_POINT('',(0.,-1.5,6.5));
#4278=DIRECTION('',(-0.,1.,0.));
#4279=DIRECTION('',(1.,0.,0.));
#4280=AXIS2_PLACEMENT_3D('',#4277,#4278,#4279);
#4281=CIRCLE('',#4280,4.);
#4282=EDGE_CURVE('',#4261,#4270,#4281,.T.);
#4283=ORIENTED_EDGE('',*,*,#4282,.F.);
#4284=EDGE_LOOP('',(#4267,#4268,#4276,#4283));
#4285=FACE_BOUND('',#4284,.T.);
#4286=ADVANCED_FACE('',(#4285),#4259,.T.);
#4287=OVER_RIDING_STYLED_ITEM('',(#2224),#4286,#26);
#4288=CARTESIAN_POINT('',(-0.75,-6.5,9.917957057));
#4289=DIRECTION('',(-1.,-0.,0.));
#4290=DIRECTION('',(0.,0.,1.));
#4291=AXIS2_PLACEMENT_3D('',#4288,#4289,#4290);
#4292=PLANE('',#4291);
#4293=CARTESIAN_POINT('',(-0.75,-1.5,9.406855703));
#4294=VERTEX_POINT('',#4293);
#4295=CARTESIAN_POINT('',(-0.75,-1.5,10.429058411));
#4296=DIRECTION('',(0.,0.,-1.));
#4297=VECTOR('',#4296,10.222027086);
#4298=LINE('',#4295,#4297);
#4299=EDGE_CURVE('',#4270,#4294,#4298,.T.);
#4300=ORIENTED_EDGE('',*,*,#4299,.F.);
#4301=ORIENTED_EDGE('',*,*,#4275,.F.);
#4302=ORIENTED_EDGE('',*,*,#2382,.F.);
#4303=CARTESIAN_POINT('',(-0.75,-6.5,9.406855703));
#4304=DIRECTION('',(-0.,1.,0.));
#4305=VECTOR('',#4304,50.);
#4306=LINE('',#4303,#4305);
#4307=EDGE_CURVE('',#2369,#4294,#4306,.T.);
#4308=ORIENTED_EDGE('',*,*,#4307,.T.);
#4309=EDGE_LOOP('',(#4300,#4301,#4302,#4308));
#4310=FACE_BOUND('',#4309,.T.);
#4311=ADVANCED_FACE('',(#4310),#4292,.F.);
#4312=OVER_RIDING_STYLED_ITEM('',(#2224),#4311,#26);
#4313=CARTESIAN_POINT('',(0.,-6.5,9.406855703));
#4314=DIRECTION('',(0.,0.,-1.));
#4315=DIRECTION('',(-1.,0.,0.));
#4316=AXIS2_PLACEMENT_3D('',#4313,#4314,#4315);
#4317=PLANE('',#4316);
#4318=CARTESIAN_POINT('',(-0.75,-1.5,9.406855703));
#4319=DIRECTION('',(1.,0.,-0.));
#4320=VECTOR('',#4319,15.);
#4321=LINE('',#4318,#4320);
#4322=EDGE_CURVE('',#4294,#4077,#4321,.T.);
#4323=ORIENTED_EDGE('',*,*,#4322,.F.);
#4324=ORIENTED_EDGE('',*,*,#4307,.F.);
#4325=ORIENTED_EDGE('',*,*,#2374,.F.);
#4326=ORIENTED_EDGE('',*,*,#4090,.T.);
#4327=EDGE_LOOP('',(#4323,#4324,#4325,#4326));
#4328=FACE_BOUND('',#4327,.T.);
#4329=ADVANCED_FACE('',(#4328),#4317,.F.);
#4330=OVER_RIDING_STYLED_ITEM('',(#2224),#4329,#26);
#4331=CARTESIAN_POINT('',(0.,-1.5,6.5));
#4332=DIRECTION('',(0.,-1.,0.));
#4333=DIRECTION('',(0.,0.,-1.));
#4334=AXIS2_PLACEMENT_3D('',#4331,#4332,#4333);
#4335=PLANE('',#4334);
#4336=ORIENTED_EDGE('',*,*,#4084,.T.);
#4337=ORIENTED_EDGE('',*,*,#4115,.T.);
#4338=ORIENTED_EDGE('',*,*,#4140,.T.);
#4339=ORIENTED_EDGE('',*,*,#4165,.T.);
#4340=ORIENTED_EDGE('',*,*,#4191,.T.);
#4341=ORIENTED_EDGE('',*,*,#4216,.T.);
#4342=ORIENTED_EDGE('',*,*,#4241,.T.);
#4343=CARTESIAN_POINT('',(0.,-1.5,6.5));
#4344=DIRECTION('',(-0.,1.,0.));
#4345=DIRECTION('',(1.,0.,0.));
#4346=AXIS2_PLACEMENT_3D('',#4343,#4344,#4345);
#4347=CIRCLE('',#4346,4.);
#4348=EDGE_CURVE('',#4236,#4261,#4347,.T.);
#4349=ORIENTED_EDGE('',*,*,#4348,.T.);
#4350=ORIENTED_EDGE('',*,*,#4282,.T.);
#4351=ORIENTED_EDGE('',*,*,#4299,.T.);
#4352=ORIENTED_EDGE('',*,*,#4322,.T.);
#4353=EDGE_LOOP('',(#4336,#4337,#4338,#4339,#4340,#4341,#4342,#4349,#4350,#4351,#4352));
#4354=FACE_BOUND('',#4353,.T.);
#4355=ORIENTED_EDGE('',*,*,#4041,.T.);
#4356=ORIENTED_EDGE('',*,*,#4048,.T.);
#4357=EDGE_LOOP('',(#4355,#4356));
#4358=FACE_BOUND('',#4357,.T.);
#4359=ADVANCED_FACE('',(#4354,#4358),#4335,.T.);
#4360=OVER_RIDING_STYLED_ITEM('',(#2224),#4359,#26);
#4361=CARTESIAN_POINT('',(0.,-6.5,0.));
#4362=DIRECTION('',(0.,-1.,0.));
#4363=DIRECTION('',(1.,0.,0.));
#4364=AXIS2_PLACEMENT_3D('',#4361,#4362,#4363);
#4365=PLANE('',#4364);
#4366=ORIENTED_EDGE('',*,*,#4058,.T.);
#4367=ORIENTED_EDGE('',*,*,#4065,.T.);
#4368=EDGE_LOOP('',(#4366,#4367));
#4369=FACE_BOUND('',#4368,.T.);
#4370=CARTESIAN_POINT('',(7.,-6.5,12.8));
#4371=VERTEX_POINT('',#4370);
#4372=CARTESIAN_POINT('',(-7.,-6.5,12.8));
#4373=VERTEX_POINT('',#4372);
#4374=CARTESIAN_POINT('',(133.,-6.5,12.8));
#4375=DIRECTION('',(-1.,0.,0.));
#4376=VECTOR('',#4375,140.);
#4377=LINE('',#4374,#4376);
#4378=EDGE_CURVE('',#4371,#4373,#4377,.T.);
#4379=ORIENTED_EDGE('',*,*,#4378,.T.);
#4380=CARTESIAN_POINT('',(-7.,-6.5,0.));
#4381=DIRECTION('',(0.,0.,1.));
#4382=VECTOR('',#4381,128.);
#4383=LINE('',#4380,#4382);
#4384=EDGE_CURVE('',#623,#4373,#4383,.T.);
#4385=ORIENTED_EDGE('',*,*,#4384,.F.);
#4386=ORIENTED_EDGE('',*,*,#630,.T.);
#4387=CARTESIAN_POINT('',(7.,-6.5,0.));
#4388=DIRECTION('',(0.,0.,1.));
#4389=VECTOR('',#4388,128.);
#4390=LINE('',#4387,#4389);
#4391=EDGE_CURVE('',#625,#4371,#4390,.T.);
#4392=ORIENTED_EDGE('',*,*,#4391,.T.);
#4393=EDGE_LOOP('',(#4379,#4385,#4386,#4392));
#4394=FACE_BOUND('',#4393,.T.);
#4395=ADVANCED_FACE('',(#4369,#4394),#4365,.T.);
#4396=OVER_RIDING_STYLED_ITEM('',(#761),#4395,#26);
#4397=CARTESIAN_POINT('',(0.,0.65,12.3));
#4398=DIRECTION('',(0.,-0.,1.));
#4399=DIRECTION('',(1.,0.,-0.));
#4400=AXIS2_PLACEMENT_3D('',#4397,#4398,#4399);
#4401=PLANE('',#4400);
#4402=ORIENTED_EDGE('',*,*,#1030,.T.);
#4403=CARTESIAN_POINT('',(-65.,6.,12.3));
#4404=DIRECTION('',(1.,0.,-0.));
#4405=VECTOR('',#4404,5.);
#4406=LINE('',#4403,#4405);
#4407=EDGE_CURVE('',#1861,#1017,#4406,.T.);
#4408=ORIENTED_EDGE('',*,*,#4407,.F.);
#4409=ORIENTED_EDGE('',*,*,#1866,.F.);
#4410=ORIENTED_EDGE('',*,*,#1974,.T.);
#4411=EDGE_LOOP('',(#4402,#4408,#4409,#4410));
#4412=FACE_BOUND('',#4411,.T.);
#4413=ADVANCED_FACE('',(#4412),#4401,.T.);
#4414=OVER_RIDING_STYLED_ITEM('',(#761),#4413,#26);
#4415=CARTESIAN_POINT('',(0.,-0.451886792,12.8));
#4416=DIRECTION('',(0.,0.,1.));
#4417=DIRECTION('',(1.,0.,0.));
#4418=AXIS2_PLACEMENT_3D('',#4415,#4416,#4417);
#4419=PLANE('',#4418);
#4420=CARTESIAN_POINT('',(-7.,-4.7,12.8));
#4421=VERTEX_POINT('',#4420);
#4422=CARTESIAN_POINT('',(7.,-4.7,12.8));
#4423=VERTEX_POINT('',#4422);
#4424=CARTESIAN_POINT('',(-11.5,-4.7,12.8));
#4425=DIRECTION('',(1.,0.,-0.));
#4426=VECTOR('',#4425,140.);
#4427=LINE('',#4424,#4426);
#4428=EDGE_CURVE('',#4421,#4423,#4427,.T.);
#4429=ORIENTED_EDGE('',*,*,#4428,.F.);
#4430=CARTESIAN_POINT('',(-7.,-22.7,12.8));
#4431=DIRECTION('',(0.,1.,0.));
#4432=VECTOR('',#4431,18.);
#4433=LINE('',#4430,#4432);
#4434=EDGE_CURVE('',#4373,#4421,#4433,.T.);
#4435=ORIENTED_EDGE('',*,*,#4434,.F.);
#4436=ORIENTED_EDGE('',*,*,#4378,.F.);
#4437=CARTESIAN_POINT('',(7.,11.5,12.8));
#4438=DIRECTION('',(0.,-1.,0.));
#4439=VECTOR('',#4438,18.);
#4440=LINE('',#4437,#4439);
#4441=EDGE_CURVE('',#4423,#4371,#4440,.T.);
#4442=ORIENTED_EDGE('',*,*,#4441,.F.);
#4443=EDGE_LOOP('',(#4429,#4435,#4436,#4442));
#4444=FACE_BOUND('',#4443,.T.);
#4445=ADVANCED_FACE('',(#4444),#4419,.T.);
#4446=OVER_RIDING_STYLED_ITEM('',(#761),#4445,#26);
#4447=CARTESIAN_POINT('',(-7.,-5.6,0.));
#4448=DIRECTION('',(-1.,0.,0.));
#4449=DIRECTION('',(0.,-1.,0.));
#4450=AXIS2_PLACEMENT_3D('',#4447,#4448,#4449);
#4451=PLANE('',#4450);
#4452=ORIENTED_EDGE('',*,*,#4434,.T.);
#4453=CARTESIAN_POINT('',(-7.,-4.7,0.));
#4454=DIRECTION('',(0.,0.,1.));
#4455=VECTOR('',#4454,128.);
#4456=LINE('',#4453,#4455);
#4457=EDGE_CURVE('',#633,#4421,#4456,.T.);
#4458=ORIENTED_EDGE('',*,*,#4457,.F.);
#4459=ORIENTED_EDGE('',*,*,#638,.T.);
#4460=ORIENTED_EDGE('',*,*,#4384,.T.);
#4461=EDGE_LOOP('',(#4452,#4458,#4459,#4460));
#4462=FACE_BOUND('',#4461,.T.);
#4463=ADVANCED_FACE('',(#4462),#4451,.T.);
#4464=OVER_RIDING_STYLED_ITEM('',(#761),#4463,#26);
#4465=CARTESIAN_POINT('',(0.,6.,0.));
#4466=DIRECTION('',(0.,1.,0.));
#4467=DIRECTION('',(-1.,0.,0.));
#4468=AXIS2_PLACEMENT_3D('',#4465,#4466,#4467);
#4469=PLANE('',#4468);
#4470=ORIENTED_EDGE('',*,*,#4407,.T.);
#4471=ORIENTED_EDGE('',*,*,#1950,.T.);
#4472=ORIENTED_EDGE('',*,*,#2039,.T.);
#4473=ORIENTED_EDGE('',*,*,#1893,.F.);
#4474=ORIENTED_EDGE('',*,*,#678,.T.);
#4475=ORIENTED_EDGE('',*,*,#1872,.T.);
#4476=EDGE_LOOP('',(#4470,#4471,#4472,#4473,#4474,#4475));
#4477=FACE_BOUND('',#4476,.T.);
#4478=ADVANCED_FACE('',(#4477),#4469,.T.);
#4479=OVER_RIDING_STYLED_ITEM('',(#761),#4478,#26);
#4480=CARTESIAN_POINT('',(6.75,-4.7,0.));
#4481=DIRECTION('',(0.,1.,0.));
#4482=DIRECTION('',(-1.,0.,0.));
#4483=AXIS2_PLACEMENT_3D('',#4480,#4481,#4482);
#4484=PLANE('',#4483);
#4485=ORIENTED_EDGE('',*,*,#4428,.T.);
#4486=CARTESIAN_POINT('',(7.,-4.7,0.));
#4487=DIRECTION('',(0.,0.,1.));
#4488=VECTOR('',#4487,128.);
#4489=LINE('',#4486,#4488);
#4490=EDGE_CURVE('',#705,#4423,#4489,.T.);
#4491=ORIENTED_EDGE('',*,*,#4490,.F.);
#4492=ORIENTED_EDGE('',*,*,#710,.T.);
#4493=ORIENTED_EDGE('',*,*,#1926,.T.);
#4494=ORIENTED_EDGE('',*,*,#2056,.F.);
#4495=ORIENTED_EDGE('',*,*,#1832,.F.);
#4496=ORIENTED_EDGE('',*,*,#646,.T.);
#4497=ORIENTED_EDGE('',*,*,#4457,.T.);
#4498=EDGE_LOOP('',(#4485,#4491,#4492,#4493,#4494,#4495,#4496,#4497));
#4499=FACE_BOUND('',#4498,.T.);
#4500=ADVANCED_FACE('',(#4499),#4484,.T.);
#4501=OVER_RIDING_STYLED_ITEM('',(#761),#4500,#26);
#4502=CARTESIAN_POINT('',(7.,-5.6,0.));
#4503=DIRECTION('',(1.,0.,0.));
#4504=DIRECTION('',(0.,1.,0.));
#4505=AXIS2_PLACEMENT_3D('',#4502,#4503,#4504);
#4506=PLANE('',#4505);
#4507=ORIENTED_EDGE('',*,*,#4441,.T.);
#4508=ORIENTED_EDGE('',*,*,#4391,.F.);
#4509=ORIENTED_EDGE('',*,*,#716,.T.);
#4510=ORIENTED_EDGE('',*,*,#4490,.T.);
#4511=EDGE_LOOP('',(#4507,#4508,#4509,#4510));
#4512=FACE_BOUND('',#4511,.T.);
#4513=ADVANCED_FACE('',(#4512),#4506,.T.);
#4514=OVER_RIDING_STYLED_ITEM('',(#761),#4513,#26);
#4515=CARTESIAN_POINT('',(0.,-6.5,6.5));
#4516=DIRECTION('',(-0.,1.,0.));
#4517=DIRECTION('',(1.,0.,0.));
#4518=AXIS2_PLACEMENT_3D('',#4515,#4516,#4517);
#4519=CYLINDRICAL_SURFACE('',#4518,4.);
#4520=ORIENTED_EDGE('',*,*,#4266,.F.);
#4521=ORIENTED_EDGE('',*,*,#4348,.F.);
#4522=ORIENTED_EDGE('',*,*,#4249,.F.);
#4523=ORIENTED_EDGE('',*,*,#2400,.F.);
#4524=EDGE_LOOP('',(#4520,#4521,#4522,#4523));
#4525=FACE_BOUND('',#4524,.T.);
#4526=ADVANCED_FACE('',(#4525),#4519,.T.);
#4527=OVER_RIDING_STYLED_ITEM('',(#2224),#4526,#26);
#4528=CLOSED_SHELL('',(#67,#107,#158,#169,#221,#232,#284,#295,#320,#345,#363,#415,#426,#478,#489,#541,#552,#604,#615,#754,#804,#884,#942,#985,#1048,#1141,
#1174,#1229,#1280,#1318,#1343,#1373,#1397,#1414,#1426,#1450,#1480,#1505,#1535,#1552,#1584,#1608,#1633,#1657,#1682,#1706,#1730,#1748,#1772,#1784,#1816,
#1842,#1876,#1903,#1930,#1955,#1981,#2008,#2025,#2043,#2061,#2102,#2133,#2164,#2186,#2217,#2249,#2594,#2626,#2650,#2674,#2691,#2722,#2747,#2779,#2803,
#2827,#2844,#2875,#2900,#2932,#2956,#2980,#2997,#3028,#3053,#3085,#3109,#3133,#3150,#3181,#3206,#3238,#3262,#3286,#3303,#3334,#3359,#3391,#3415,#3439,
#3456,#3487,#3512,#3537,#3555,#3568,#3593,#3611,#3624,#3649,#3667,#3680,#3705,#3723,#3736,#3768,#3793,#3818,#3836,#3849,#3874,#3892,#3905,#3930,#3948,
#3961,#3986,#4004,#4017,#4069,#4101,#4127,#4152,#4177,#4203,#4228,#4253,#4286,#4311,#4329,#4359,#4395,#4413,#4445,#4463,#4478,#4500,#4513,#4526));
#4529=MANIFOLD_SOLID_BREP('alibrePartClosedBody',#4528);
#4530=COLOUR_RGB('',0.882352948,0.882352948,0.882352948);
#4531=FILL_AREA_STYLE_COLOUR('',#4530);
#4532=FILL_AREA_STYLE('',(#4531));
#4533=SURFACE_STYLE_FILL_AREA(#4532);
#4534=SURFACE_SIDE_STYLE('',(#4533));
#4535=SURFACE_STYLE_USAGE(.BOTH.,#4534);
#4536=PRESENTATION_STYLE_ASSIGNMENT((#4535));
#26=STYLED_ITEM('',(#4536),#4529);
#16=SHAPE_REPRESENTATION('Conn_Mini_DIN_round_7_canned',(#15),#10);
#17=ADVANCED_BREP_SHAPE_REPRESENTATION('Conn_Mini_DIN_round_7_canned',(#4529),#10);
#4544=SHAPE_REPRESENTATION_RELATIONSHIP('','',#16,#17);
#4545=CARTESIAN_POINT('',(0.,0.,0.));
#4546=DIRECTION('',(0.,0.,1.));
#4547=DIRECTION('',(1.,0.,0.));
#4548=AXIS2_PLACEMENT_3D('',#4545,#4546,#4547);
#4550=MAPPED_ITEM('',#4549,#4548);
#4549=REPRESENTATION_MAP(#4548,#16);
#4551=APPLICATION_CONTEXT('Managed model based 3d engineering');
#4552=APPLICATION_PROTOCOL_DEFINITION('international standard','ap242_managed_model_based_3d_engineering',2013,#4551);
#4553=PRODUCT_CONTEXT('',#4551,'mechanical');
#4554=PRODUCT_DEFINITION_CONTEXT('part definition',#4551,'design');
#24=PRODUCT('Conn_Mini_DIN_round_7_canned','Conn_Mini_DIN_round_7_canned','',(#4553));
#4555=PRODUCT_RELATED_PRODUCT_CATEGORY('part','',(#24));
#4556=PRODUCT_DEFINITION_FORMATION_WITH_SPECIFIED_SOURCE('','',#24,.NOT_KNOWN.);
#25=PRODUCT_DEFINITION('design','',#4556,#4554);
#23=PRODUCT_DEFINITION_SHAPE('','',#25);
#4557=SHAPE_DEFINITION_REPRESENTATION(#23,#16);
#11=DRAUGHTING_MODEL('',(#4550),#10);
#1=MECHANICAL_DESIGN_GEOMETRIC_PRESENTATION_REPRESENTATION('',(#75,#159,#170,#222,#233,#285,#296,#321,#346,#364,#416,#427,#479,#490,#542,#553,#605,#616,#762,#885,#943,#1049,#1142,#1230,#1281,#1843,
#1877,#1904,#1931,#1956,#1982,#2009,#2026,#2044,#2062,#2225,#2250,#2595,#2723,#2748,#2876,#2901,#3029,#3054,#3182,#3207,#3335,#3360,#3488,#3513,#3538,
#3556,#3569,#3594,#3612,#3625,#3650,#3668,#3681,#3706,#3724,#3737,#3769,#3794,#3819,#3837,#3850,#3875,#3893,#3906,#3931,#3949,#3962,#3987,#4005,#4018,
#4070,#4102,#4128,#4153,#4178,#4204,#4229,#4254,#4287,#4312,#4330,#4360,#4396,#4414,#4446,#4464,#4479,#4501,#4514,#4527,#26),#10);
ENDSEC;
END-ISO-10303-21;
