ISO-10303-21;
HEADER;

/* File generated by Alibre Version V28 */

FILE_DESCRIPTION(('HOOPS Exchange Step'),'2;1');

FILE_NAME('C:\\Users\\runds\\AppData\\Local\\Temp\\Alibre Design\\28.0.2.28126\\export-D3BD10F9-1EB4-4454-962B-2551BD7D500C.stp',
'2025-02-06T11:27:06+01:00',
('runds'),
('Alibre'),
'HOOPS Exchange 2024.5',
'Alibre',
'Unknown authorisation');

FILE_SCHEMA( ('AP242_MANAGED_MODEL_BASED_3D_ENGINEERING_MIM_LF {1 0 10303 442 1 1 4 }') );

ENDSEC;

DATA;
#3=(NAMED_UNIT(*)PLANE_ANGLE_UNIT()SI_UNIT($,.RADIAN.));
#4=PLANE_ANGLE_MEASURE_WITH_UNIT(PLANE_ANGLE_MEASURE(0.0174532925),#3);
#5=(CONVERSION_BASED_UNIT('DEGREE',#4)NAMED_UNIT(#6)PLANE_ANGLE_UNIT());
#6=DIMENSIONAL_EXPONENTS(0.,0.,0.,0.,0.,0.,0.);
#7=(NAMED_UNIT(*)SI_UNIT($,.STERADIAN.)SOLID_ANGLE_UNIT());
#8=(LENGTH_UNIT()NAMED_UNIT(*)SI_UNIT(.MILLI.,.METRE.));
#9=UNCERTAINTY_MEASURE_WITH_UNIT(LENGTH_MEASURE(1.000000E-06),#8,'DISTANCE_ACCURACY_VALUE','Maximum Tolerance applied to model');
#10=(GEOMETRIC_REPRESENTATION_CONTEXT(3)GLOBAL_UNCERTAINTY_ASSIGNED_CONTEXT((#9))GLOBAL_UNIT_ASSIGNED_CONTEXT((#8,#5,#7))REPRESENTATION_CONTEXT('','Conn_Mini_DIN_round_7'));
#12=CARTESIAN_POINT('',(0.,0.,0.));
#13=DIRECTION('',(0.,0.,1.));
#14=DIRECTION('',(1.,0.,0.));
#15=AXIS2_PLACEMENT_3D('',#12,#13,#14);
#27=CARTESIAN_POINT('',(0.,-1.568851024,0.));
#28=DIRECTION('',(0.,1.,0.));
#29=DIRECTION('',(1.,0.,0.));
#30=AXIS2_PLACEMENT_3D('',#27,#28,#29);
#31=PLANE('',#30);
#32=CARTESIAN_POINT('',(-1.,-1.568851024,-2.5));
#33=VERTEX_POINT('',#32);
#34=CARTESIAN_POINT('',(1.,-1.568851024,-2.5));
#35=VERTEX_POINT('',#34);
#36=CARTESIAN_POINT('',(0.,-1.568851024,-2.5));
#37=DIRECTION('',(0.,-1.,-0.));
#38=DIRECTION('',(-0.707106781,0.,-0.707106781));
#39=AXIS2_PLACEMENT_3D('',#36,#37,#38);
#40=CIRCLE('',#39,1.);
#41=EDGE_CURVE('',#33,#35,#40,.T.);
#42=ORIENTED_EDGE('',*,*,#41,.F.);
#43=CARTESIAN_POINT('',(-1.,-1.568851024,0.));
#44=VERTEX_POINT('',#43);
#45=CARTESIAN_POINT('',(-1.,-1.568851024,0.));
#46=DIRECTION('',(0.,0.,-1.));
#47=VECTOR('',#46,25.);
#48=LINE('',#45,#47);
#49=EDGE_CURVE('',#44,#33,#48,.T.);
#50=ORIENTED_EDGE('',*,*,#49,.F.);
#51=CARTESIAN_POINT('',(1.,-1.568851024,0.));
#52=VERTEX_POINT('',#51);
#53=CARTESIAN_POINT('',(10.,-1.568851024,0.));
#54=DIRECTION('',(-1.,0.,0.));
#55=VECTOR('',#54,20.);
#56=LINE('',#53,#55);
#57=EDGE_CURVE('',#52,#44,#56,.T.);
#58=ORIENTED_EDGE('',*,*,#57,.F.);
#59=CARTESIAN_POINT('',(1.,-1.568851024,0.));
#60=DIRECTION('',(0.,0.,-1.));
#61=VECTOR('',#60,25.);
#62=LINE('',#59,#61);
#63=EDGE_CURVE('',#52,#35,#62,.T.);
#64=ORIENTED_EDGE('',*,*,#63,.T.);
#65=EDGE_LOOP('',(#42,#50,#58,#64));
#66=FACE_BOUND('',#65,.T.);
#67=ADVANCED_FACE('',(#66),#31,.T.);
#68=COLOUR_RGB('',0.752941191,0.752941191,0.752941191);
#69=FILL_AREA_STYLE_COLOUR('',#68);
#70=FILL_AREA_STYLE('',(#69));
#71=SURFACE_STYLE_FILL_AREA(#70);
#72=SURFACE_SIDE_STYLE('',(#71));
#73=SURFACE_STYLE_USAGE(.BOTH.,#72);
#74=PRESENTATION_STYLE_ASSIGNMENT((#73));
#75=OVER_RIDING_STYLED_ITEM('',(#74),#67,#26);
#76=CARTESIAN_POINT('',(0.,-1.818851024,-2.5));
#77=DIRECTION('',(0.,-1.,-0.));
#78=DIRECTION('',(-0.707106781,0.,-0.707106781));
#79=AXIS2_PLACEMENT_3D('',#76,#77,#78);
#80=CYLINDRICAL_SURFACE('',#79,1.);
#81=CARTESIAN_POINT('',(1.,-2.068851024,-2.5));
#82=VERTEX_POINT('',#81);
#83=CARTESIAN_POINT('',(-1.,-2.068851024,-2.5));
#84=VERTEX_POINT('',#83);
#85=CARTESIAN_POINT('',(0.,-2.068851024,-2.5));
#86=DIRECTION('',(0.,1.,0.));
#87=DIRECTION('',(0.707106781,0.,-0.707106781));
#88=AXIS2_PLACEMENT_3D('',#85,#86,#87);
#89=CIRCLE('',#88,1.);
#90=EDGE_CURVE('',#82,#84,#89,.T.);
#91=ORIENTED_EDGE('',*,*,#90,.T.);
#92=CARTESIAN_POINT('',(-1.,-4.318851024,-2.5));
#93=DIRECTION('',(0.,1.,0.));
#94=VECTOR('',#93,5.);
#95=LINE('',#92,#94);
#96=EDGE_CURVE('',#84,#33,#95,.T.);
#97=ORIENTED_EDGE('',*,*,#96,.T.);
#98=ORIENTED_EDGE('',*,*,#41,.T.);
#99=CARTESIAN_POINT('',(1.,0.681148976,-2.5));
#100=DIRECTION('',(0.,-1.,0.));
#101=VECTOR('',#100,5.);
#102=LINE('',#99,#101);
#103=EDGE_CURVE('',#35,#82,#102,.T.);
#104=ORIENTED_EDGE('',*,*,#103,.T.);
#105=EDGE_LOOP('',(#91,#97,#98,#104));
#106=FACE_BOUND('',#105,.T.);
#107=ADVANCED_FACE('',(#106),#80,.T.);
#108=COLOUR_RGB('',0.882352948,0.882352948,0.882352948);
#109=FILL_AREA_STYLE_COLOUR('',#108);
#110=FILL_AREA_STYLE('',(#109));
#111=SURFACE_STYLE_FILL_AREA(#110);
#112=SURFACE_SIDE_STYLE('',(#111));
#113=SURFACE_STYLE_USAGE(.BOTH.,#112);
#114=PRESENTATION_STYLE_ASSIGNMENT((#113));
#115=OVER_RIDING_STYLED_ITEM('',(#114),#107,#26);
#116=CARTESIAN_POINT('',(-3.4,4.5,0.));
#117=DIRECTION('',(0.,0.,-1.));
#118=DIRECTION('',(-1.,0.,0.));
#119=AXIS2_PLACEMENT_3D('',#116,#117,#118);
#120=CYLINDRICAL_SURFACE('',#119,0.35);
#121=CARTESIAN_POINT('',(-3.05,4.5,-3.5));
#122=VERTEX_POINT('',#121);
#123=CARTESIAN_POINT('',(-3.05,4.5,0.));
#124=VERTEX_POINT('',#123);
#125=CARTESIAN_POINT('',(-3.05,4.5,-3.5));
#126=DIRECTION('',(-0.,-0.,1.));
#127=VECTOR('',#126,3.5);
#128=LINE('',#125,#127);
#129=EDGE_CURVE('',#122,#124,#128,.T.);
#130=ORIENTED_EDGE('',*,*,#129,.T.);
#131=CARTESIAN_POINT('',(-3.75,4.5,0.));
#132=VERTEX_POINT('',#131);
#133=CARTESIAN_POINT('',(-3.4,4.5,0.));
#134=DIRECTION('',(0.,0.,1.));
#135=DIRECTION('',(-1.,0.,0.));
#136=AXIS2_PLACEMENT_3D('',#133,#134,#135);
#137=CIRCLE('',#136,0.35);
#138=EDGE_CURVE('',#132,#124,#137,.T.);
#139=ORIENTED_EDGE('',*,*,#138,.F.);
#140=CARTESIAN_POINT('',(-3.4,4.5,0.));
#141=DIRECTION('',(0.,0.,1.));
#142=DIRECTION('',(-1.,0.,0.));
#143=AXIS2_PLACEMENT_3D('',#140,#141,#142);
#144=CIRCLE('',#143,0.35);
#145=EDGE_CURVE('',#124,#132,#144,.T.);
#146=ORIENTED_EDGE('',*,*,#145,.F.);
#147=ORIENTED_EDGE('',*,*,#129,.F.);
#148=CARTESIAN_POINT('',(-3.75,4.5,-3.5));
#149=VERTEX_POINT('',#148);
#150=CARTESIAN_POINT('',(-3.4,4.5,-3.5));
#151=DIRECTION('',(0.,0.,1.));
#152=DIRECTION('',(-1.,0.,0.));
#153=AXIS2_PLACEMENT_3D('',#150,#151,#152);
#154=CIRCLE('',#153,0.35);
#155=EDGE_CURVE('',#122,#149,#154,.T.);
#156=ORIENTED_EDGE('',*,*,#155,.T.);
#157=CARTESIAN_POINT('',(-3.4,4.5,-3.5));
#158=DIRECTION('',(0.,0.,1.));
#159=DIRECTION('',(-1.,0.,0.));
#160=AXIS2_PLACEMENT_3D('',#157,#158,#159);
#161=CIRCLE('',#160,0.35);
#162=EDGE_CURVE('',#149,#122,#161,.T.);
#163=ORIENTED_EDGE('',*,*,#162,.T.);
#164=EDGE_LOOP('',(#130,#139,#146,#147,#156,#163));
#165=FACE_BOUND('',#164,.T.);
#166=ADVANCED_FACE('',(#165),#120,.T.);
#167=OVER_RIDING_STYLED_ITEM('',(#74),#166,#26);
#168=CARTESIAN_POINT('',(-3.4,4.5,-3.5));
#169=DIRECTION('',(0.,0.,-1.));
#170=DIRECTION('',(-1.,0.,0.));
#171=AXIS2_PLACEMENT_3D('',#168,#169,#170);
#172=PLANE('',#171);
#173=ORIENTED_EDGE('',*,*,#155,.F.);
#174=ORIENTED_EDGE('',*,*,#162,.F.);
#175=EDGE_LOOP('',(#173,#174));
#176=FACE_BOUND('',#175,.T.);
#177=ADVANCED_FACE('',(#176),#172,.T.);
#178=OVER_RIDING_STYLED_ITEM('',(#74),#177,#26);
#179=CARTESIAN_POINT('',(1.3,2.,0.));
#180=DIRECTION('',(0.,0.,-1.));
#181=DIRECTION('',(-1.,0.,0.));
#182=AXIS2_PLACEMENT_3D('',#179,#180,#181);
#183=CYLINDRICAL_SURFACE('',#182,0.35);
#184=CARTESIAN_POINT('',(1.65,2.,-3.5));
#185=VERTEX_POINT('',#184);
#186=CARTESIAN_POINT('',(1.65,2.,0.));
#187=VERTEX_POINT('',#186);
#188=CARTESIAN_POINT('',(1.65,2.,-3.5));
#189=DIRECTION('',(-0.,-0.,1.));
#190=VECTOR('',#189,3.5);
#191=LINE('',#188,#190);
#192=EDGE_CURVE('',#185,#187,#191,.T.);
#193=ORIENTED_EDGE('',*,*,#192,.T.);
#194=CARTESIAN_POINT('',(0.95,2.,0.));
#195=VERTEX_POINT('',#194);
#196=CARTESIAN_POINT('',(1.3,2.,0.));
#197=DIRECTION('',(0.,0.,1.));
#198=DIRECTION('',(-1.,0.,0.));
#199=AXIS2_PLACEMENT_3D('',#196,#197,#198);
#200=CIRCLE('',#199,0.35);
#201=EDGE_CURVE('',#195,#187,#200,.T.);
#202=ORIENTED_EDGE('',*,*,#201,.F.);
#203=CARTESIAN_POINT('',(1.3,2.,0.));
#204=DIRECTION('',(0.,0.,1.));
#205=DIRECTION('',(-1.,0.,0.));
#206=AXIS2_PLACEMENT_3D('',#203,#204,#205);
#207=CIRCLE('',#206,0.35);
#208=EDGE_CURVE('',#187,#195,#207,.T.);
#209=ORIENTED_EDGE('',*,*,#208,.F.);
#210=ORIENTED_EDGE('',*,*,#192,.F.);
#211=CARTESIAN_POINT('',(0.95,2.,-3.5));
#212=VERTEX_POINT('',#211);
#213=CARTESIAN_POINT('',(1.3,2.,-3.5));
#214=DIRECTION('',(0.,0.,1.));
#215=DIRECTION('',(-1.,0.,0.));
#216=AXIS2_PLACEMENT_3D('',#213,#214,#215);
#217=CIRCLE('',#216,0.35);
#218=EDGE_CURVE('',#185,#212,#217,.T.);
#219=ORIENTED_EDGE('',*,*,#218,.T.);
#220=CARTESIAN_POINT('',(1.3,2.,-3.5));
#221=DIRECTION('',(0.,0.,1.));
#222=DIRECTION('',(-1.,0.,0.));
#223=AXIS2_PLACEMENT_3D('',#220,#221,#222);
#224=CIRCLE('',#223,0.35);
#225=EDGE_CURVE('',#212,#185,#224,.T.);
#226=ORIENTED_EDGE('',*,*,#225,.T.);
#227=EDGE_LOOP('',(#193,#202,#209,#210,#219,#226));
#228=FACE_BOUND('',#227,.T.);
#229=ADVANCED_FACE('',(#228),#183,.T.);
#230=OVER_RIDING_STYLED_ITEM('',(#74),#229,#26);
#231=CARTESIAN_POINT('',(1.3,2.,-3.5));
#232=DIRECTION('',(0.,0.,-1.));
#233=DIRECTION('',(-1.,0.,0.));
#234=AXIS2_PLACEMENT_3D('',#231,#232,#233);
#235=PLANE('',#234);
#236=ORIENTED_EDGE('',*,*,#218,.F.);
#237=ORIENTED_EDGE('',*,*,#225,.F.);
#238=EDGE_LOOP('',(#236,#237));
#239=FACE_BOUND('',#238,.T.);
#240=ADVANCED_FACE('',(#239),#235,.T.);
#241=OVER_RIDING_STYLED_ITEM('',(#74),#240,#26);
#242=CARTESIAN_POINT('',(-3.4,2.,0.));
#243=DIRECTION('',(0.,0.,-1.));
#244=DIRECTION('',(-1.,0.,0.));
#245=AXIS2_PLACEMENT_3D('',#242,#243,#244);
#246=CYLINDRICAL_SURFACE('',#245,0.35);
#247=CARTESIAN_POINT('',(-3.05,2.,-3.5));
#248=VERTEX_POINT('',#247);
#249=CARTESIAN_POINT('',(-3.05,2.,0.));
#250=VERTEX_POINT('',#249);
#251=CARTESIAN_POINT('',(-3.05,2.,-3.5));
#252=DIRECTION('',(-0.,-0.,1.));
#253=VECTOR('',#252,3.5);
#254=LINE('',#251,#253);
#255=EDGE_CURVE('',#248,#250,#254,.T.);
#256=ORIENTED_EDGE('',*,*,#255,.T.);
#257=CARTESIAN_POINT('',(-3.75,2.,0.));
#258=VERTEX_POINT('',#257);
#259=CARTESIAN_POINT('',(-3.4,2.,0.));
#260=DIRECTION('',(0.,0.,1.));
#261=DIRECTION('',(-1.,0.,0.));
#262=AXIS2_PLACEMENT_3D('',#259,#260,#261);
#263=CIRCLE('',#262,0.35);
#264=EDGE_CURVE('',#258,#250,#263,.T.);
#265=ORIENTED_EDGE('',*,*,#264,.F.);
#266=CARTESIAN_POINT('',(-3.4,2.,0.));
#267=DIRECTION('',(0.,0.,1.));
#268=DIRECTION('',(-1.,0.,0.));
#269=AXIS2_PLACEMENT_3D('',#266,#267,#268);
#270=CIRCLE('',#269,0.35);
#271=EDGE_CURVE('',#250,#258,#270,.T.);
#272=ORIENTED_EDGE('',*,*,#271,.F.);
#273=ORIENTED_EDGE('',*,*,#255,.F.);
#274=CARTESIAN_POINT('',(-3.75,2.,-3.5));
#275=VERTEX_POINT('',#274);
#276=CARTESIAN_POINT('',(-3.4,2.,-3.5));
#277=DIRECTION('',(0.,0.,1.));
#278=DIRECTION('',(-1.,0.,0.));
#279=AXIS2_PLACEMENT_3D('',#276,#277,#278);
#280=CIRCLE('',#279,0.35);
#281=EDGE_CURVE('',#248,#275,#280,.T.);
#282=ORIENTED_EDGE('',*,*,#281,.T.);
#283=CARTESIAN_POINT('',(-3.4,2.,-3.5));
#284=DIRECTION('',(0.,0.,1.));
#285=DIRECTION('',(-1.,0.,0.));
#286=AXIS2_PLACEMENT_3D('',#283,#284,#285);
#287=CIRCLE('',#286,0.35);
#288=EDGE_CURVE('',#275,#248,#287,.T.);
#289=ORIENTED_EDGE('',*,*,#288,.T.);
#290=EDGE_LOOP('',(#256,#265,#272,#273,#282,#289));
#291=FACE_BOUND('',#290,.T.);
#292=ADVANCED_FACE('',(#291),#246,.T.);
#293=OVER_RIDING_STYLED_ITEM('',(#74),#292,#26);
#294=CARTESIAN_POINT('',(-3.4,2.,-3.5));
#295=DIRECTION('',(0.,0.,-1.));
#296=DIRECTION('',(-1.,0.,0.));
#297=AXIS2_PLACEMENT_3D('',#294,#295,#296);
#298=PLANE('',#297);
#299=ORIENTED_EDGE('',*,*,#281,.F.);
#300=ORIENTED_EDGE('',*,*,#288,.F.);
#301=EDGE_LOOP('',(#299,#300));
#302=FACE_BOUND('',#301,.T.);
#303=ADVANCED_FACE('',(#302),#298,.T.);
#304=OVER_RIDING_STYLED_ITEM('',(#74),#303,#26);
#305=CARTESIAN_POINT('',(-1.,-1.818851024,0.));
#306=DIRECTION('',(-1.,0.,0.));
#307=DIRECTION('',(0.,1.,0.));
#308=AXIS2_PLACEMENT_3D('',#305,#306,#307);
#309=PLANE('',#308);
#310=ORIENTED_EDGE('',*,*,#96,.F.);
#311=CARTESIAN_POINT('',(-1.,-2.068851024,0.));
#312=VERTEX_POINT('',#311);
#313=CARTESIAN_POINT('',(-1.,-2.068851024,0.));
#314=DIRECTION('',(0.,0.,-1.));
#315=VECTOR('',#314,25.);
#316=LINE('',#313,#315);
#317=EDGE_CURVE('',#312,#84,#316,.T.);
#318=ORIENTED_EDGE('',*,*,#317,.F.);
#319=CARTESIAN_POINT('',(-1.,-5.470190065,0.));
#320=DIRECTION('',(0.,-1.,0.));
#321=VECTOR('',#320,5.);
#322=LINE('',#319,#321);
#323=EDGE_CURVE('',#44,#312,#322,.T.);
#324=ORIENTED_EDGE('',*,*,#323,.F.);
#325=ORIENTED_EDGE('',*,*,#49,.T.);
#326=EDGE_LOOP('',(#310,#318,#324,#325));
#327=FACE_BOUND('',#326,.T.);
#328=ADVANCED_FACE('',(#327),#309,.T.);
#329=OVER_RIDING_STYLED_ITEM('',(#74),#328,#26);
#330=CARTESIAN_POINT('',(0.,-2.068851024,0.));
#331=DIRECTION('',(0.,-1.,0.));
#332=DIRECTION('',(-1.,0.,0.));
#333=AXIS2_PLACEMENT_3D('',#330,#331,#332);
#334=PLANE('',#333);
#335=ORIENTED_EDGE('',*,*,#90,.F.);
#336=CARTESIAN_POINT('',(1.,-2.068851024,0.));
#337=VERTEX_POINT('',#336);
#338=CARTESIAN_POINT('',(1.,-2.068851024,0.));
#339=DIRECTION('',(0.,0.,-1.));
#340=VECTOR('',#339,25.);
#341=LINE('',#338,#340);
#342=EDGE_CURVE('',#337,#82,#341,.T.);
#343=ORIENTED_EDGE('',*,*,#342,.F.);
#344=CARTESIAN_POINT('',(-10.,-2.068851024,0.));
#345=DIRECTION('',(1.,0.,-0.));
#346=VECTOR('',#345,20.);
#347=LINE('',#344,#346);
#348=EDGE_CURVE('',#312,#337,#347,.T.);
#349=ORIENTED_EDGE('',*,*,#348,.F.);
#350=ORIENTED_EDGE('',*,*,#317,.T.);
#351=EDGE_LOOP('',(#335,#343,#349,#350));
#352=FACE_BOUND('',#351,.T.);
#353=ADVANCED_FACE('',(#352),#334,.T.);
#354=OVER_RIDING_STYLED_ITEM('',(#74),#353,#26);
#355=CARTESIAN_POINT('',(1.,-1.818851024,0.));
#356=DIRECTION('',(1.,0.,0.));
#357=DIRECTION('',(0.,-1.,0.));
#358=AXIS2_PLACEMENT_3D('',#355,#356,#357);
#359=PLANE('',#358);
#360=ORIENTED_EDGE('',*,*,#103,.F.);
#361=ORIENTED_EDGE('',*,*,#63,.F.);
#362=CARTESIAN_POINT('',(1.,-10.470190065,0.));
#363=DIRECTION('',(0.,1.,0.));
#364=VECTOR('',#363,5.);
#365=LINE('',#362,#364);
#366=EDGE_CURVE('',#337,#52,#365,.T.);
#367=ORIENTED_EDGE('',*,*,#366,.F.);
#368=ORIENTED_EDGE('',*,*,#342,.T.);
#369=EDGE_LOOP('',(#360,#361,#367,#368));
#370=FACE_BOUND('',#369,.T.);
#371=ADVANCED_FACE('',(#370),#359,.T.);
#372=OVER_RIDING_STYLED_ITEM('',(#74),#371,#26);
#373=CARTESIAN_POINT('',(-0.9,4.5,0.));
#374=DIRECTION('',(0.,0.,-1.));
#375=DIRECTION('',(-1.,0.,0.));
#376=AXIS2_PLACEMENT_3D('',#373,#374,#375);
#377=CYLINDRICAL_SURFACE('',#376,0.35);
#378=CARTESIAN_POINT('',(-0.55,4.5,-3.5));
#379=VERTEX_POINT('',#378);
#380=CARTESIAN_POINT('',(-0.55,4.5,0.));
#381=VERTEX_POINT('',#380);
#382=CARTESIAN_POINT('',(-0.55,4.5,-3.5));
#383=DIRECTION('',(-0.,-0.,1.));
#384=VECTOR('',#383,3.5);
#385=LINE('',#382,#384);
#386=EDGE_CURVE('',#379,#381,#385,.T.);
#387=ORIENTED_EDGE('',*,*,#386,.T.);
#388=CARTESIAN_POINT('',(-1.25,4.5,0.));
#389=VERTEX_POINT('',#388);
#390=CARTESIAN_POINT('',(-0.9,4.5,0.));
#391=DIRECTION('',(0.,0.,1.));
#392=DIRECTION('',(-1.,0.,0.));
#393=AXIS2_PLACEMENT_3D('',#390,#391,#392);
#394=CIRCLE('',#393,0.35);
#395=EDGE_CURVE('',#389,#381,#394,.T.);
#396=ORIENTED_EDGE('',*,*,#395,.F.);
#397=CARTESIAN_POINT('',(-0.9,4.5,0.));
#398=DIRECTION('',(0.,0.,1.));
#399=DIRECTION('',(-1.,0.,0.));
#400=AXIS2_PLACEMENT_3D('',#397,#398,#399);
#401=CIRCLE('',#400,0.35);
#402=EDGE_CURVE('',#381,#389,#401,.T.);
#403=ORIENTED_EDGE('',*,*,#402,.F.);
#404=ORIENTED_EDGE('',*,*,#386,.F.);
#405=CARTESIAN_POINT('',(-1.25,4.5,-3.5));
#406=VERTEX_POINT('',#405);
#407=CARTESIAN_POINT('',(-0.9,4.5,-3.5));
#408=DIRECTION('',(0.,0.,1.));
#409=DIRECTION('',(-1.,0.,0.));
#410=AXIS2_PLACEMENT_3D('',#407,#408,#409);
#411=CIRCLE('',#410,0.35);
#412=EDGE_CURVE('',#379,#406,#411,.T.);
#413=ORIENTED_EDGE('',*,*,#412,.T.);
#414=CARTESIAN_POINT('',(-0.9,4.5,-3.5));
#415=DIRECTION('',(0.,0.,1.));
#416=DIRECTION('',(-1.,0.,0.));
#417=AXIS2_PLACEMENT_3D('',#414,#415,#416);
#418=CIRCLE('',#417,0.35);
#419=EDGE_CURVE('',#406,#379,#418,.T.);
#420=ORIENTED_EDGE('',*,*,#419,.T.);
#421=EDGE_LOOP('',(#387,#396,#403,#404,#413,#420));
#422=FACE_BOUND('',#421,.T.);
#423=ADVANCED_FACE('',(#422),#377,.T.);
#424=OVER_RIDING_STYLED_ITEM('',(#74),#423,#26);
#425=CARTESIAN_POINT('',(-0.9,4.5,-3.5));
#426=DIRECTION('',(0.,0.,-1.));
#427=DIRECTION('',(-1.,0.,0.));
#428=AXIS2_PLACEMENT_3D('',#425,#426,#427);
#429=PLANE('',#428);
#430=ORIENTED_EDGE('',*,*,#412,.F.);
#431=ORIENTED_EDGE('',*,*,#419,.F.);
#432=EDGE_LOOP('',(#430,#431));
#433=FACE_BOUND('',#432,.T.);
#434=ADVANCED_FACE('',(#433),#429,.T.);
#435=OVER_RIDING_STYLED_ITEM('',(#74),#434,#26);
#436=CARTESIAN_POINT('',(-1.3,2.,0.));
#437=DIRECTION('',(0.,0.,-1.));
#438=DIRECTION('',(-1.,0.,0.));
#439=AXIS2_PLACEMENT_3D('',#436,#437,#438);
#440=CYLINDRICAL_SURFACE('',#439,0.35);
#441=CARTESIAN_POINT('',(-0.95,2.,-3.5));
#442=VERTEX_POINT('',#441);
#443=CARTESIAN_POINT('',(-0.95,2.,0.));
#444=VERTEX_POINT('',#443);
#445=CARTESIAN_POINT('',(-0.95,2.,-3.5));
#446=DIRECTION('',(-0.,-0.,1.));
#447=VECTOR('',#446,3.5);
#448=LINE('',#445,#447);
#449=EDGE_CURVE('',#442,#444,#448,.T.);
#450=ORIENTED_EDGE('',*,*,#449,.T.);
#451=CARTESIAN_POINT('',(-1.65,2.,0.));
#452=VERTEX_POINT('',#451);
#453=CARTESIAN_POINT('',(-1.3,2.,0.));
#454=DIRECTION('',(0.,0.,1.));
#455=DIRECTION('',(-1.,0.,0.));
#456=AXIS2_PLACEMENT_3D('',#453,#454,#455);
#457=CIRCLE('',#456,0.35);
#458=EDGE_CURVE('',#452,#444,#457,.T.);
#459=ORIENTED_EDGE('',*,*,#458,.F.);
#460=CARTESIAN_POINT('',(-1.3,2.,0.));
#461=DIRECTION('',(0.,0.,1.));
#462=DIRECTION('',(-1.,0.,0.));
#463=AXIS2_PLACEMENT_3D('',#460,#461,#462);
#464=CIRCLE('',#463,0.35);
#465=EDGE_CURVE('',#444,#452,#464,.T.);
#466=ORIENTED_EDGE('',*,*,#465,.F.);
#467=ORIENTED_EDGE('',*,*,#449,.F.);
#468=CARTESIAN_POINT('',(-1.65,2.,-3.5));
#469=VERTEX_POINT('',#468);
#470=CARTESIAN_POINT('',(-1.3,2.,-3.5));
#471=DIRECTION('',(0.,0.,1.));
#472=DIRECTION('',(-1.,0.,0.));
#473=AXIS2_PLACEMENT_3D('',#470,#471,#472);
#474=CIRCLE('',#473,0.35);
#475=EDGE_CURVE('',#442,#469,#474,.T.);
#476=ORIENTED_EDGE('',*,*,#475,.T.);
#477=CARTESIAN_POINT('',(-1.3,2.,-3.5));
#478=DIRECTION('',(0.,0.,1.));
#479=DIRECTION('',(-1.,0.,0.));
#480=AXIS2_PLACEMENT_3D('',#477,#478,#479);
#481=CIRCLE('',#480,0.35);
#482=EDGE_CURVE('',#469,#442,#481,.T.);
#483=ORIENTED_EDGE('',*,*,#482,.T.);
#484=EDGE_LOOP('',(#450,#459,#466,#467,#476,#483));
#485=FACE_BOUND('',#484,.T.);
#486=ADVANCED_FACE('',(#485),#440,.T.);
#487=OVER_RIDING_STYLED_ITEM('',(#74),#486,#26);
#488=CARTESIAN_POINT('',(-1.3,2.,-3.5));
#489=DIRECTION('',(0.,0.,-1.));
#490=DIRECTION('',(-1.,0.,0.));
#491=AXIS2_PLACEMENT_3D('',#488,#489,#490);
#492=PLANE('',#491);
#493=ORIENTED_EDGE('',*,*,#475,.F.);
#494=ORIENTED_EDGE('',*,*,#482,.F.);
#495=EDGE_LOOP('',(#493,#494));
#496=FACE_BOUND('',#495,.T.);
#497=ADVANCED_FACE('',(#496),#492,.T.);
#498=OVER_RIDING_STYLED_ITEM('',(#74),#497,#26);
#499=CARTESIAN_POINT('',(3.400006082,2.,0.));
#500=DIRECTION('',(0.,0.,-1.));
#501=DIRECTION('',(-1.,0.,0.));
#502=AXIS2_PLACEMENT_3D('',#499,#500,#501);
#503=CYLINDRICAL_SURFACE('',#502,0.35);
#504=CARTESIAN_POINT('',(3.750006082,2.,-3.5));
#505=VERTEX_POINT('',#504);
#506=CARTESIAN_POINT('',(3.750006082,2.,0.));
#507=VERTEX_POINT('',#506);
#508=CARTESIAN_POINT('',(3.750006082,2.,-3.5));
#509=DIRECTION('',(-0.,-0.,1.));
#510=VECTOR('',#509,3.5);
#511=LINE('',#508,#510);
#512=EDGE_CURVE('',#505,#507,#511,.T.);
#513=ORIENTED_EDGE('',*,*,#512,.T.);
#514=CARTESIAN_POINT('',(3.050006082,2.,0.));
#515=VERTEX_POINT('',#514);
#516=CARTESIAN_POINT('',(3.400006082,2.,0.));
#517=DIRECTION('',(0.,0.,1.));
#518=DIRECTION('',(-1.,0.,0.));
#519=AXIS2_PLACEMENT_3D('',#516,#517,#518);
#520=CIRCLE('',#519,0.35);
#521=EDGE_CURVE('',#515,#507,#520,.T.);
#522=ORIENTED_EDGE('',*,*,#521,.F.);
#523=CARTESIAN_POINT('',(3.400006082,2.,0.));
#524=DIRECTION('',(0.,0.,1.));
#525=DIRECTION('',(-1.,0.,0.));
#526=AXIS2_PLACEMENT_3D('',#523,#524,#525);
#527=CIRCLE('',#526,0.35);
#528=EDGE_CURVE('',#507,#515,#527,.T.);
#529=ORIENTED_EDGE('',*,*,#528,.F.);
#530=ORIENTED_EDGE('',*,*,#512,.F.);
#531=CARTESIAN_POINT('',(3.050006082,2.,-3.5));
#532=VERTEX_POINT('',#531);
#533=CARTESIAN_POINT('',(3.400006082,2.,-3.5));
#534=DIRECTION('',(0.,0.,1.));
#535=DIRECTION('',(-1.,0.,0.));
#536=AXIS2_PLACEMENT_3D('',#533,#534,#535);
#537=CIRCLE('',#536,0.35);
#538=EDGE_CURVE('',#505,#532,#537,.T.);
#539=ORIENTED_EDGE('',*,*,#538,.T.);
#540=CARTESIAN_POINT('',(3.400006082,2.,-3.5));
#541=DIRECTION('',(0.,0.,1.));
#542=DIRECTION('',(-1.,0.,0.));
#543=AXIS2_PLACEMENT_3D('',#540,#541,#542);
#544=CIRCLE('',#543,0.35);
#545=EDGE_CURVE('',#532,#505,#544,.T.);
#546=ORIENTED_EDGE('',*,*,#545,.T.);
#547=EDGE_LOOP('',(#513,#522,#529,#530,#539,#546));
#548=FACE_BOUND('',#547,.T.);
#549=ADVANCED_FACE('',(#548),#503,.T.);
#550=OVER_RIDING_STYLED_ITEM('',(#74),#549,#26);
#551=CARTESIAN_POINT('',(3.400006082,2.,-3.5));
#552=DIRECTION('',(0.,0.,-1.));
#553=DIRECTION('',(-1.,0.,0.));
#554=AXIS2_PLACEMENT_3D('',#551,#552,#553);
#555=PLANE('',#554);
#556=ORIENTED_EDGE('',*,*,#538,.F.);
#557=ORIENTED_EDGE('',*,*,#545,.F.);
#558=EDGE_LOOP('',(#556,#557));
#559=FACE_BOUND('',#558,.T.);
#560=ADVANCED_FACE('',(#559),#555,.T.);
#561=OVER_RIDING_STYLED_ITEM('',(#74),#560,#26);
#562=CARTESIAN_POINT('',(3.400006082,4.5,0.));
#563=DIRECTION('',(0.,0.,-1.));
#564=DIRECTION('',(-1.,0.,0.));
#565=AXIS2_PLACEMENT_3D('',#562,#563,#564);
#566=CYLINDRICAL_SURFACE('',#565,0.35);
#567=CARTESIAN_POINT('',(3.750006082,4.5,-3.5));
#568=VERTEX_POINT('',#567);
#569=CARTESIAN_POINT('',(3.750006082,4.5,0.));
#570=VERTEX_POINT('',#569);
#571=CARTESIAN_POINT('',(3.750006082,4.5,-3.5));
#572=DIRECTION('',(-0.,-0.,1.));
#573=VECTOR('',#572,3.5);
#574=LINE('',#571,#573);
#575=EDGE_CURVE('',#568,#570,#574,.T.);
#576=ORIENTED_EDGE('',*,*,#575,.T.);
#577=CARTESIAN_POINT('',(3.050006082,4.5,0.));
#578=VERTEX_POINT('',#577);
#579=CARTESIAN_POINT('',(3.400006082,4.5,0.));
#580=DIRECTION('',(0.,0.,1.));
#581=DIRECTION('',(-1.,0.,0.));
#582=AXIS2_PLACEMENT_3D('',#579,#580,#581);
#583=CIRCLE('',#582,0.35);
#584=EDGE_CURVE('',#578,#570,#583,.T.);
#585=ORIENTED_EDGE('',*,*,#584,.F.);
#586=CARTESIAN_POINT('',(3.400006082,4.5,0.));
#587=DIRECTION('',(0.,0.,1.));
#588=DIRECTION('',(-1.,0.,0.));
#589=AXIS2_PLACEMENT_3D('',#586,#587,#588);
#590=CIRCLE('',#589,0.35);
#591=EDGE_CURVE('',#570,#578,#590,.T.);
#592=ORIENTED_EDGE('',*,*,#591,.F.);
#593=ORIENTED_EDGE('',*,*,#575,.F.);
#594=CARTESIAN_POINT('',(3.050006082,4.5,-3.5));
#595=VERTEX_POINT('',#594);
#596=CARTESIAN_POINT('',(3.400006082,4.5,-3.5));
#597=DIRECTION('',(0.,0.,1.));
#598=DIRECTION('',(-1.,0.,0.));
#599=AXIS2_PLACEMENT_3D('',#596,#597,#598);
#600=CIRCLE('',#599,0.35);
#601=EDGE_CURVE('',#568,#595,#600,.T.);
#602=ORIENTED_EDGE('',*,*,#601,.T.);
#603=CARTESIAN_POINT('',(3.400006082,4.5,-3.5));
#604=DIRECTION('',(0.,0.,1.));
#605=DIRECTION('',(-1.,0.,0.));
#606=AXIS2_PLACEMENT_3D('',#603,#604,#605);
#607=CIRCLE('',#606,0.35);
#608=EDGE_CURVE('',#595,#568,#607,.T.);
#609=ORIENTED_EDGE('',*,*,#608,.T.);
#610=EDGE_LOOP('',(#576,#585,#592,#593,#602,#609));
#611=FACE_BOUND('',#610,.T.);
#612=ADVANCED_FACE('',(#611),#566,.T.);
#613=OVER_RIDING_STYLED_ITEM('',(#74),#612,#26);
#614=CARTESIAN_POINT('',(3.400006082,4.5,-3.5));
#615=DIRECTION('',(0.,0.,-1.));
#616=DIRECTION('',(-1.,0.,0.));
#617=AXIS2_PLACEMENT_3D('',#614,#615,#616);
#618=PLANE('',#617);
#619=ORIENTED_EDGE('',*,*,#601,.F.);
#620=ORIENTED_EDGE('',*,*,#608,.F.);
#621=EDGE_LOOP('',(#619,#620));
#622=FACE_BOUND('',#621,.T.);
#623=ADVANCED_FACE('',(#622),#618,.T.);
#624=OVER_RIDING_STYLED_ITEM('',(#74),#623,#26);
#625=CARTESIAN_POINT('',(0.,-0.451886792,0.));
#626=DIRECTION('',(0.,0.,1.));
#627=DIRECTION('',(1.,0.,0.));
#628=AXIS2_PLACEMENT_3D('',#625,#626,#627);
#629=PLANE('',#628);
#630=CARTESIAN_POINT('',(-7.,-6.5,0.));
#631=VERTEX_POINT('',#630);
#632=CARTESIAN_POINT('',(7.,-6.5,0.));
#633=VERTEX_POINT('',#632);
#634=CARTESIAN_POINT('',(-7.,-6.5,0.));
#635=DIRECTION('',(1.,0.,-0.));
#636=VECTOR('',#635,140.);
#637=LINE('',#634,#636);
#638=EDGE_CURVE('',#631,#633,#637,.T.);
#639=ORIENTED_EDGE('',*,*,#638,.F.);
#640=CARTESIAN_POINT('',(-7.,-4.7,0.));
#641=VERTEX_POINT('',#640);
#642=CARTESIAN_POINT('',(-7.,-4.7,0.));
#643=DIRECTION('',(0.,-1.,0.));
#644=VECTOR('',#643,18.);
#645=LINE('',#642,#644);
#646=EDGE_CURVE('',#641,#631,#645,.T.);
#647=ORIENTED_EDGE('',*,*,#646,.F.);
#648=CARTESIAN_POINT('',(-6.5,-4.7,0.));
#649=VERTEX_POINT('',#648);
#650=CARTESIAN_POINT('',(-6.5,-4.7,0.));
#651=DIRECTION('',(-1.,0.,0.));
#652=VECTOR('',#651,5.);
#653=LINE('',#650,#652);
#654=EDGE_CURVE('',#649,#641,#653,.T.);
#655=ORIENTED_EDGE('',*,*,#654,.F.);
#656=CARTESIAN_POINT('',(-6.5,6.,0.));
#657=VERTEX_POINT('',#656);
#658=CARTESIAN_POINT('',(-6.5,6.,0.));
#659=DIRECTION('',(0.,-1.,0.));
#660=VECTOR('',#659,107.);
#661=LINE('',#658,#660);
#662=EDGE_CURVE('',#657,#649,#661,.T.);
#663=ORIENTED_EDGE('',*,*,#662,.F.);
#664=CARTESIAN_POINT('',(6.5,6.,0.));
#665=VERTEX_POINT('',#664);
#666=CARTESIAN_POINT('',(6.5,6.,0.));
#667=DIRECTION('',(-1.,0.,0.));
#668=VECTOR('',#667,130.);
#669=LINE('',#666,#668);
#670=EDGE_CURVE('',#665,#657,#669,.T.);
#671=ORIENTED_EDGE('',*,*,#670,.F.);
#672=CARTESIAN_POINT('',(6.5,-4.7,0.));
#673=VERTEX_POINT('',#672);
#674=CARTESIAN_POINT('',(6.5,-4.7,0.));
#675=DIRECTION('',(0.,1.,0.));
#676=VECTOR('',#675,107.);
#677=LINE('',#674,#676);
#678=EDGE_CURVE('',#673,#665,#677,.T.);
#679=ORIENTED_EDGE('',*,*,#678,.F.);
#680=CARTESIAN_POINT('',(7.,-4.7,0.));
#681=VERTEX_POINT('',#680);
#682=CARTESIAN_POINT('',(7.,-4.7,0.));
#683=DIRECTION('',(-1.,0.,0.));
#684=VECTOR('',#683,5.);
#685=LINE('',#682,#684);
#686=EDGE_CURVE('',#681,#673,#685,.T.);
#687=ORIENTED_EDGE('',*,*,#686,.F.);
#688=CARTESIAN_POINT('',(7.,-6.5,0.));
#689=DIRECTION('',(0.,1.,0.));
#690=VECTOR('',#689,18.);
#691=LINE('',#688,#690);
#692=EDGE_CURVE('',#633,#681,#691,.T.);
#693=ORIENTED_EDGE('',*,*,#692,.F.);
#694=EDGE_LOOP('',(#639,#647,#655,#663,#671,#679,#687,#693));
#695=FACE_BOUND('',#694,.T.);
#696=ORIENTED_EDGE('',*,*,#584,.T.);
#697=ORIENTED_EDGE('',*,*,#591,.T.);
#698=EDGE_LOOP('',(#696,#697));
#699=FACE_BOUND('',#698,.T.);
#700=ORIENTED_EDGE('',*,*,#521,.T.);
#701=ORIENTED_EDGE('',*,*,#528,.T.);
#702=EDGE_LOOP('',(#700,#701));
#703=FACE_BOUND('',#702,.T.);
#704=ORIENTED_EDGE('',*,*,#458,.T.);
#705=ORIENTED_EDGE('',*,*,#465,.T.);
#706=EDGE_LOOP('',(#704,#705));
#707=FACE_BOUND('',#706,.T.);
#708=ORIENTED_EDGE('',*,*,#395,.T.);
#709=ORIENTED_EDGE('',*,*,#402,.T.);
#710=EDGE_LOOP('',(#708,#709));
#711=FACE_BOUND('',#710,.T.);
#712=ORIENTED_EDGE('',*,*,#57,.T.);
#713=ORIENTED_EDGE('',*,*,#323,.T.);
#714=ORIENTED_EDGE('',*,*,#348,.T.);
#715=ORIENTED_EDGE('',*,*,#366,.T.);
#716=EDGE_LOOP('',(#712,#713,#714,#715));
#717=FACE_BOUND('',#716,.T.);
#718=ORIENTED_EDGE('',*,*,#264,.T.);
#719=ORIENTED_EDGE('',*,*,#271,.T.);
#720=EDGE_LOOP('',(#718,#719));
#721=FACE_BOUND('',#720,.T.);
#722=ORIENTED_EDGE('',*,*,#201,.T.);
#723=ORIENTED_EDGE('',*,*,#208,.T.);
#724=EDGE_LOOP('',(#722,#723));
#725=FACE_BOUND('',#724,.T.);
#726=ORIENTED_EDGE('',*,*,#138,.T.);
#727=ORIENTED_EDGE('',*,*,#145,.T.);
#728=EDGE_LOOP('',(#726,#727));
#729=FACE_BOUND('',#728,.T.);
#730=ADVANCED_FACE('',(#695,#699,#703,#707,#711,#717,#721,#725,#729),#629,.F.);
#731=DRAUGHTING_PRE_DEFINED_COLOUR('black');
#732=FILL_AREA_STYLE_COLOUR('',#731);
#733=FILL_AREA_STYLE('',(#732));
#734=SURFACE_STYLE_FILL_AREA(#733);
#735=SURFACE_SIDE_STYLE('',(#734));
#736=SURFACE_STYLE_USAGE(.BOTH.,#735);
#737=PRESENTATION_STYLE_ASSIGNMENT((#736));
#738=OVER_RIDING_STYLED_ITEM('',(#737),#730,#26);
#739=CARTESIAN_POINT('',(-1.036002491,-6.4,7.440207148));
#740=DIRECTION('',(0.,-0.707106781,0.707106781));
#741=DIRECTION('',(1.,0.,0.));
#742=AXIS2_PLACEMENT_3D('',#739,#740,#741);
#743=PLANE('',#742);
#744=CARTESIAN_POINT('',(-2.772004982,-6.5,7.340207148));
#745=VERTEX_POINT('',#744);
#746=CARTESIAN_POINT('',(-1.372004982,-6.5,7.340207148));
#747=VERTEX_POINT('',#746);
#748=CARTESIAN_POINT('',(-18.396027404,-6.5,7.340207148));
#749=DIRECTION('',(1.,0.,-0.));
#750=VECTOR('',#749,14.);
#751=LINE('',#748,#750);
#752=EDGE_CURVE('',#745,#747,#751,.T.);
#753=ORIENTED_EDGE('',*,*,#752,.T.);
#754=CARTESIAN_POINT('',(-1.572004982,-6.3,7.540207148));
#755=VERTEX_POINT('',#754);
#756=CARTESIAN_POINT('',(-1.372004982,-6.5,7.340207148));
#757=DIRECTION('',(-0.577350269,0.577350269,0.577350269));
#758=VECTOR('',#757,0.346410162);
#759=LINE('',#756,#758);
#760=EDGE_CURVE('',#747,#755,#759,.T.);
#761=ORIENTED_EDGE('',*,*,#760,.T.);
#762=CARTESIAN_POINT('',(-2.572004982,-6.3,7.540207148));
#763=VERTEX_POINT('',#762);
#764=CARTESIAN_POINT('',(-6.396027404,-6.3,7.540207148));
#765=DIRECTION('',(-1.,0.,0.));
#766=VECTOR('',#765,10.);
#767=LINE('',#764,#766);
#768=EDGE_CURVE('',#755,#763,#767,.T.);
#769=ORIENTED_EDGE('',*,*,#768,.T.);
#770=CARTESIAN_POINT('',(-2.572004982,-6.3,7.540207148));
#771=DIRECTION('',(-0.577350269,-0.577350269,-0.577350269));
#772=VECTOR('',#771,3.464101615);
#773=LINE('',#770,#772);
#774=EDGE_CURVE('',#763,#745,#773,.T.);
#775=ORIENTED_EDGE('',*,*,#774,.T.);
#776=EDGE_LOOP('',(#753,#761,#769,#775));
#777=FACE_BOUND('',#776,.T.);
#778=ADVANCED_FACE('',(#777),#743,.T.);
#779=OVER_RIDING_STYLED_ITEM('',(#114),#778,#26);
#780=CARTESIAN_POINT('',(-1.472004982,-6.4,4.020103574));
#781=DIRECTION('',(-0.707106781,-0.707106781,0.));
#782=DIRECTION('',(0.,0.,1.));
#783=AXIS2_PLACEMENT_3D('',#780,#781,#782);
#784=PLANE('',#783);
#785=CARTESIAN_POINT('',(-1.372004982,-6.5,8.740207148));
#786=VERTEX_POINT('',#785);
#787=CARTESIAN_POINT('',(-1.372004982,-6.5,37.221139312));
#788=DIRECTION('',(0.,0.,1.));
#789=VECTOR('',#788,14.);
#790=LINE('',#787,#789);
#791=EDGE_CURVE('',#747,#786,#790,.T.);
#792=ORIENTED_EDGE('',*,*,#791,.T.);
#793=CARTESIAN_POINT('',(-1.572004982,-6.3,8.540207148));
#794=VERTEX_POINT('',#793);
#795=CARTESIAN_POINT('',(-1.372004982,-6.5,8.740207148));
#796=DIRECTION('',(-0.577350269,0.577350269,-0.577350269));
#797=VECTOR('',#796,3.464101615);
#798=LINE('',#795,#797);
#799=EDGE_CURVE('',#786,#794,#798,.T.);
#800=ORIENTED_EDGE('',*,*,#799,.T.);
#801=CARTESIAN_POINT('',(-1.572004982,-6.3,49.221139312));
#802=DIRECTION('',(0.,0.,-1.));
#803=VECTOR('',#802,10.);
#804=LINE('',#801,#803);
#805=EDGE_CURVE('',#794,#755,#804,.T.);
#806=ORIENTED_EDGE('',*,*,#805,.T.);
#807=ORIENTED_EDGE('',*,*,#760,.F.);
#808=EDGE_LOOP('',(#792,#800,#806,#807));
#809=FACE_BOUND('',#808,.T.);
#810=ADVANCED_FACE('',(#809),#784,.T.);
#811=OVER_RIDING_STYLED_ITEM('',(#114),#810,#26);
#812=CARTESIAN_POINT('',(-1.036002491,-6.4,8.640207148));
#813=DIRECTION('',(0.,-0.707106781,-0.707106781));
#814=DIRECTION('',(-1.,0.,0.));
#815=AXIS2_PLACEMENT_3D('',#812,#813,#814);
#816=PLANE('',#815);
#817=CARTESIAN_POINT('',(-2.772004982,-6.5,8.740207148));
#818=VERTEX_POINT('',#817);
#819=CARTESIAN_POINT('',(-4.396027404,-6.5,8.740207148));
#820=DIRECTION('',(-1.,0.,0.));
#821=VECTOR('',#820,14.);
#822=LINE('',#819,#821);
#823=EDGE_CURVE('',#786,#818,#822,.T.);
#824=ORIENTED_EDGE('',*,*,#823,.T.);
#825=CARTESIAN_POINT('',(-2.572004982,-6.3,8.540207148));
#826=VERTEX_POINT('',#825);
#827=CARTESIAN_POINT('',(-2.772004982,-6.5,8.740207148));
#828=DIRECTION('',(0.577350269,0.577350269,-0.577350269));
#829=VECTOR('',#828,3.464101615);
#830=LINE('',#827,#829);
#831=EDGE_CURVE('',#818,#826,#830,.T.);
#832=ORIENTED_EDGE('',*,*,#831,.T.);
#833=CARTESIAN_POINT('',(-16.396027404,-6.3,8.540207148));
#834=DIRECTION('',(1.,0.,-0.));
#835=VECTOR('',#834,10.);
#836=LINE('',#833,#835);
#837=EDGE_CURVE('',#826,#794,#836,.T.);
#838=ORIENTED_EDGE('',*,*,#837,.T.);
#839=ORIENTED_EDGE('',*,*,#799,.F.);
#840=EDGE_LOOP('',(#824,#832,#838,#839));
#841=FACE_BOUND('',#840,.T.);
#842=ADVANCED_FACE('',(#841),#816,.T.);
#843=OVER_RIDING_STYLED_ITEM('',(#114),#842,#26);
#844=CARTESIAN_POINT('',(-2.672004982,-6.4,4.020103574));
#845=DIRECTION('',(0.707106781,-0.707106781,0.));
#846=DIRECTION('',(0.,0.,-1.));
#847=AXIS2_PLACEMENT_3D('',#844,#845,#846);
#848=PLANE('',#847);
#849=CARTESIAN_POINT('',(-2.772004982,-6.5,51.221139312));
#850=DIRECTION('',(0.,0.,-1.));
#851=VECTOR('',#850,14.);
#852=LINE('',#849,#851);
#853=EDGE_CURVE('',#818,#745,#852,.T.);
#854=ORIENTED_EDGE('',*,*,#853,.T.);
#855=ORIENTED_EDGE('',*,*,#774,.F.);
#856=CARTESIAN_POINT('',(-2.572004982,-6.3,39.221139312));
#857=DIRECTION('',(0.,0.,1.));
#858=VECTOR('',#857,10.);
#859=LINE('',#856,#858);
#860=EDGE_CURVE('',#763,#826,#859,.T.);
#861=ORIENTED_EDGE('',*,*,#860,.T.);
#862=ORIENTED_EDGE('',*,*,#831,.F.);
#863=EDGE_LOOP('',(#854,#855,#861,#862));
#864=FACE_BOUND('',#863,.T.);
#865=ADVANCED_FACE('',(#864),#848,.T.);
#866=OVER_RIDING_STYLED_ITEM('',(#114),#865,#26);
#867=CARTESIAN_POINT('',(-2.572004982,-6.5,8.040207148));
#868=DIRECTION('',(-1.,-0.,0.));
#869=DIRECTION('',(0.,0.,1.));
#870=AXIS2_PLACEMENT_3D('',#867,#868,#869);
#871=PLANE('',#870);
#872=ORIENTED_EDGE('',*,*,#860,.F.);
#873=CARTESIAN_POINT('',(-2.572004982,-1.5,7.540207148));
#874=VERTEX_POINT('',#873);
#875=CARTESIAN_POINT('',(-2.572004982,-4.5,7.540207148));
#876=DIRECTION('',(-0.,1.,0.));
#877=VECTOR('',#876,48.);
#878=LINE('',#875,#877);
#879=EDGE_CURVE('',#763,#874,#878,.T.);
#880=ORIENTED_EDGE('',*,*,#879,.T.);
#881=CARTESIAN_POINT('',(-2.572004982,-1.5,8.540207148));
#882=VERTEX_POINT('',#881);
#883=CARTESIAN_POINT('',(-2.572004982,-1.5,8.540207148));
#884=DIRECTION('',(0.,0.,-1.));
#885=VECTOR('',#884,10.);
#886=LINE('',#883,#885);
#887=EDGE_CURVE('',#882,#874,#886,.T.);
#888=ORIENTED_EDGE('',*,*,#887,.F.);
#889=CARTESIAN_POINT('',(-2.572004982,-4.5,8.540207148));
#890=DIRECTION('',(-0.,1.,0.));
#891=VECTOR('',#890,48.);
#892=LINE('',#889,#891);
#893=EDGE_CURVE('',#826,#882,#892,.T.);
#894=ORIENTED_EDGE('',*,*,#893,.F.);
#895=EDGE_LOOP('',(#872,#880,#888,#894));
#896=FACE_BOUND('',#895,.T.);
#897=ADVANCED_FACE('',(#896),#871,.F.);
#898=CARTESIAN_POINT('',(-2.072004982,-6.5,7.540207148));
#899=DIRECTION('',(0.,0.,-1.));
#900=DIRECTION('',(-1.,0.,0.));
#901=AXIS2_PLACEMENT_3D('',#898,#899,#900);
#902=PLANE('',#901);
#903=ORIENTED_EDGE('',*,*,#768,.F.);
#904=CARTESIAN_POINT('',(-1.572004982,-1.5,7.540207148));
#905=VERTEX_POINT('',#904);
#906=CARTESIAN_POINT('',(-1.572004982,-4.5,7.540207148));
#907=DIRECTION('',(-0.,1.,0.));
#908=VECTOR('',#907,48.);
#909=LINE('',#906,#908);
#910=EDGE_CURVE('',#755,#905,#909,.T.);
#911=ORIENTED_EDGE('',*,*,#910,.T.);
#912=CARTESIAN_POINT('',(-2.572004982,-1.5,7.540207148));
#913=DIRECTION('',(1.,0.,-0.));
#914=VECTOR('',#913,10.);
#915=LINE('',#912,#914);
#916=EDGE_CURVE('',#874,#905,#915,.T.);
#917=ORIENTED_EDGE('',*,*,#916,.F.);
#918=ORIENTED_EDGE('',*,*,#879,.F.);
#919=EDGE_LOOP('',(#903,#911,#917,#918));
#920=FACE_BOUND('',#919,.T.);
#921=ADVANCED_FACE('',(#920),#902,.F.);
#922=CARTESIAN_POINT('',(0.,-6.5,0.));
#923=DIRECTION('',(0.,-1.,0.));
#924=DIRECTION('',(1.,0.,0.));
#925=AXIS2_PLACEMENT_3D('',#922,#923,#924);
#926=PLANE('',#925);
#927=CARTESIAN_POINT('',(-0.676978183,-6.5,7.340207148));
#928=VERTEX_POINT('',#927);
#929=CARTESIAN_POINT('',(0.723021817,-6.5,7.340207148));
#930=VERTEX_POINT('',#929);
#931=CARTESIAN_POINT('',(-6.873380005,-6.5,7.340207148));
#932=DIRECTION('',(1.,0.,-0.));
#933=VECTOR('',#932,14.);
#934=LINE('',#931,#933);
#935=EDGE_CURVE('',#928,#930,#934,.T.);
#936=ORIENTED_EDGE('',*,*,#935,.F.);
#937=CARTESIAN_POINT('',(-0.676978183,-6.5,8.740207148));
#938=VERTEX_POINT('',#937);
#939=CARTESIAN_POINT('',(-0.676978183,-6.5,51.221139312));
#940=DIRECTION('',(0.,0.,-1.));
#941=VECTOR('',#940,14.);
#942=LINE('',#939,#941);
#943=EDGE_CURVE('',#938,#928,#942,.T.);
#944=ORIENTED_EDGE('',*,*,#943,.F.);
#945=CARTESIAN_POINT('',(0.723021817,-6.5,8.740207148));
#946=VERTEX_POINT('',#945);
#947=CARTESIAN_POINT('',(7.126619995,-6.5,8.740207148));
#948=DIRECTION('',(-1.,0.,0.));
#949=VECTOR('',#948,14.);
#950=LINE('',#947,#949);
#951=EDGE_CURVE('',#946,#938,#950,.T.);
#952=ORIENTED_EDGE('',*,*,#951,.F.);
#953=CARTESIAN_POINT('',(0.723021817,-6.5,37.221139312));
#954=DIRECTION('',(0.,0.,1.));
#955=VECTOR('',#954,14.);
#956=LINE('',#953,#955);
#957=EDGE_CURVE('',#930,#946,#956,.T.);
#958=ORIENTED_EDGE('',*,*,#957,.F.);
#959=EDGE_LOOP('',(#936,#944,#952,#958));
#960=FACE_BOUND('',#959,.T.);
#961=CARTESIAN_POINT('',(1.849000556,-6.5,5.622836995));
#962=VERTEX_POINT('',#961);
#963=CARTESIAN_POINT('',(3.249000556,-6.5,5.622836995));
#964=VERTEX_POINT('',#963);
#965=CARTESIAN_POINT('',(7.01950306,-6.5,5.622836995));
#966=DIRECTION('',(1.,0.,-0.));
#967=VECTOR('',#966,14.);
#968=LINE('',#965,#967);
#969=EDGE_CURVE('',#962,#964,#968,.T.);
#970=ORIENTED_EDGE('',*,*,#969,.F.);
#971=CARTESIAN_POINT('',(1.849000556,-6.5,7.022836995));
#972=VERTEX_POINT('',#971);
#973=CARTESIAN_POINT('',(1.849000556,-6.5,41.775603473));
#974=DIRECTION('',(0.,0.,-1.));
#975=VECTOR('',#974,14.);
#976=LINE('',#973,#975);
#977=EDGE_CURVE('',#972,#962,#976,.T.);
#978=ORIENTED_EDGE('',*,*,#977,.F.);
#979=CARTESIAN_POINT('',(3.249000556,-6.5,7.022836995));
#980=VERTEX_POINT('',#979);
#981=CARTESIAN_POINT('',(21.01950306,-6.5,7.022836995));
#982=DIRECTION('',(-1.,0.,0.));
#983=VECTOR('',#982,14.);
#984=LINE('',#981,#983);
#985=EDGE_CURVE('',#980,#972,#984,.T.);
#986=ORIENTED_EDGE('',*,*,#985,.F.);
#987=CARTESIAN_POINT('',(3.249000556,-6.5,27.775603473));
#988=DIRECTION('',(0.,0.,1.));
#989=VECTOR('',#988,14.);
#990=LINE('',#987,#989);
#991=EDGE_CURVE('',#964,#980,#990,.T.);
#992=ORIENTED_EDGE('',*,*,#991,.F.);
#993=EDGE_LOOP('',(#970,#978,#986,#992));
#994=FACE_BOUND('',#993,.T.);
#995=CARTESIAN_POINT('',(0.179624605,-6.5,3.410708058));
#996=VERTEX_POINT('',#995);
#997=CARTESIAN_POINT('',(1.579624605,-6.5,3.410708058));
#998=VERTEX_POINT('',#997);
#999=CARTESIAN_POINT('',(-2.162064672,-6.5,3.410708058));
#1000=DIRECTION('',(1.,0.,-0.));
#1001=VECTOR('',#1000,14.);
#1002=LINE('',#999,#1001);
#1003=EDGE_CURVE('',#996,#998,#1002,.T.);
#1004=ORIENTED_EDGE('',*,*,#1003,.F.);
#1005=CARTESIAN_POINT('',(0.179624605,-6.5,4.810708058));
#1006=VERTEX_POINT('',#1005);
#1007=CARTESIAN_POINT('',(0.179624605,-6.5,29.608894318));
#1008=DIRECTION('',(0.,0.,-1.));
#1009=VECTOR('',#1008,14.);
#1010=LINE('',#1007,#1009);
#1011=EDGE_CURVE('',#1006,#996,#1010,.T.);
#1012=ORIENTED_EDGE('',*,*,#1011,.F.);
#1013=CARTESIAN_POINT('',(1.579624605,-6.5,4.810708058));
#1014=VERTEX_POINT('',#1013);
#1015=CARTESIAN_POINT('',(11.837935328,-6.5,4.810708058));
#1016=DIRECTION('',(-1.,0.,0.));
#1017=VECTOR('',#1016,14.);
#1018=LINE('',#1015,#1017);
#1019=EDGE_CURVE('',#1014,#1006,#1018,.T.);
#1020=ORIENTED_EDGE('',*,*,#1019,.F.);
#1021=CARTESIAN_POINT('',(1.579624605,-6.5,15.608894318));
#1022=DIRECTION('',(0.,0.,1.));
#1023=VECTOR('',#1022,14.);
#1024=LINE('',#1021,#1023);
#1025=EDGE_CURVE('',#998,#1014,#1024,.T.);
#1026=ORIENTED_EDGE('',*,*,#1025,.F.);
#1027=EDGE_LOOP('',(#1004,#1012,#1020,#1026));
#1028=FACE_BOUND('',#1027,.T.);
#1029=CARTESIAN_POINT('',(0.75,-6.5,10.429058411));
#1030=VERTEX_POINT('',#1029);
#1031=CARTESIAN_POINT('',(0.75,-6.5,9.406855703));
#1032=VERTEX_POINT('',#1031);
#1033=CARTESIAN_POINT('',(0.75,-6.5,59.659777357));
#1034=DIRECTION('',(0.,0.,-1.));
#1035=VECTOR('',#1034,10.222027086);
#1036=LINE('',#1033,#1035);
#1037=EDGE_CURVE('',#1030,#1032,#1036,.T.);
#1038=ORIENTED_EDGE('',*,*,#1037,.T.);
#1039=CARTESIAN_POINT('',(-0.75,-6.5,9.406855703));
#1040=VERTEX_POINT('',#1039);
#1041=CARTESIAN_POINT('',(7.5,-6.5,9.406855703));
#1042=DIRECTION('',(-1.,0.,0.));
#1043=VECTOR('',#1042,15.);
#1044=LINE('',#1041,#1043);
#1045=EDGE_CURVE('',#1032,#1040,#1044,.T.);
#1046=ORIENTED_EDGE('',*,*,#1045,.T.);
#1047=CARTESIAN_POINT('',(-0.75,-6.5,10.429058411));
#1048=VERTEX_POINT('',#1047);
#1049=CARTESIAN_POINT('',(-0.75,-6.5,49.437750271));
#1050=DIRECTION('',(0.,0.,1.));
#1051=VECTOR('',#1050,10.222027086);
#1052=LINE('',#1049,#1051);
#1053=EDGE_CURVE('',#1040,#1048,#1052,.T.);
#1054=ORIENTED_EDGE('',*,*,#1053,.T.);
#1055=CARTESIAN_POINT('',(-4.,-6.5,6.5));
#1056=VERTEX_POINT('',#1055);
#1057=CARTESIAN_POINT('',(0.,-6.5,6.5));
#1058=DIRECTION('',(0.,-1.,0.));
#1059=DIRECTION('',(1.,0.,0.));
#1060=AXIS2_PLACEMENT_3D('',#1057,#1058,#1059);
#1061=CIRCLE('',#1060,4.);
#1062=EDGE_CURVE('',#1048,#1056,#1061,.T.);
#1063=ORIENTED_EDGE('',*,*,#1062,.T.);
#1064=CARTESIAN_POINT('',(-3.422737317,-6.5,4.430007426));
#1065=VERTEX_POINT('',#1064);
#1066=CARTESIAN_POINT('',(0.,-6.5,6.5));
#1067=DIRECTION('',(0.,-1.,0.));
#1068=DIRECTION('',(1.,0.,0.));
#1069=AXIS2_PLACEMENT_3D('',#1066,#1067,#1068);
#1070=CIRCLE('',#1069,4.);
#1071=EDGE_CURVE('',#1056,#1065,#1070,.T.);
#1072=ORIENTED_EDGE('',*,*,#1071,.T.);
#1073=CARTESIAN_POINT('',(-2.684192287,-6.5,4.430007426));
#1074=VERTEX_POINT('',#1073);
#1075=CARTESIAN_POINT('',(-20.486781566,-6.5,4.430007426));
#1076=DIRECTION('',(1.,0.,-0.));
#1077=VECTOR('',#1076,7.38545031);
#1078=LINE('',#1075,#1077);
#1079=EDGE_CURVE('',#1065,#1074,#1078,.T.);
#1080=ORIENTED_EDGE('',*,*,#1079,.T.);
#1081=CARTESIAN_POINT('',(-2.684192287,-6.5,3.534344631));
#1082=VERTEX_POINT('',#1081);
#1083=CARTESIAN_POINT('',(-2.684192287,-6.5,26.380282134));
#1084=DIRECTION('',(0.,0.,-1.));
#1085=VECTOR('',#1084,8.956627954);
#1086=LINE('',#1083,#1085);
#1087=EDGE_CURVE('',#1074,#1082,#1086,.T.);
#1088=ORIENTED_EDGE('',*,*,#1087,.T.);
#1089=CARTESIAN_POINT('',(2.684192287,-6.5,3.534344631));
#1090=VERTEX_POINT('',#1089);
#1091=CARTESIAN_POINT('',(0.,-6.5,6.5));
#1092=DIRECTION('',(0.,-1.,0.));
#1093=DIRECTION('',(1.,0.,0.));
#1094=AXIS2_PLACEMENT_3D('',#1091,#1092,#1093);
#1095=CIRCLE('',#1094,4.);
#1096=EDGE_CURVE('',#1082,#1090,#1095,.T.);
#1097=ORIENTED_EDGE('',*,*,#1096,.T.);
#1098=CARTESIAN_POINT('',(2.684192287,-6.5,4.430007426));
#1099=VERTEX_POINT('',#1098);
#1100=CARTESIAN_POINT('',(2.684192287,-6.5,17.42365418));
#1101=DIRECTION('',(0.,0.,1.));
#1102=VECTOR('',#1101,8.956627954);
#1103=LINE('',#1100,#1102);
#1104=EDGE_CURVE('',#1090,#1099,#1103,.T.);
#1105=ORIENTED_EDGE('',*,*,#1104,.T.);
#1106=CARTESIAN_POINT('',(3.422737317,-6.5,4.430007426));
#1107=VERTEX_POINT('',#1106);
#1108=CARTESIAN_POINT('',(13.101331256,-6.5,4.430007426));
#1109=DIRECTION('',(1.,0.,-0.));
#1110=VECTOR('',#1109,7.38545031);
#1111=LINE('',#1108,#1110);
#1112=EDGE_CURVE('',#1099,#1107,#1111,.T.);
#1113=ORIENTED_EDGE('',*,*,#1112,.T.);
#1114=CARTESIAN_POINT('',(0.,-6.5,6.5));
#1115=DIRECTION('',(0.,-1.,0.));
#1116=DIRECTION('',(1.,0.,0.));
#1117=AXIS2_PLACEMENT_3D('',#1114,#1115,#1116);
#1118=CIRCLE('',#1117,4.);
#1119=EDGE_CURVE('',#1107,#1030,#1118,.T.);
#1120=ORIENTED_EDGE('',*,*,#1119,.T.);
#1121=EDGE_LOOP('',(#1038,#1046,#1054,#1063,#1072,#1080,#1088,#1097,#1105,#1113,#1120));
#1122=FACE_BOUND('',#1121,.T.);
#1123=CARTESIAN_POINT('',(1.,-6.5,6.068826914));
#1124=VERTEX_POINT('',#1123);
#1125=CARTESIAN_POINT('',(-1.,-6.5,6.068826914));
#1126=VERTEX_POINT('',#1125);
#1127=CARTESIAN_POINT('',(10.,-6.5,6.068826914));
#1128=DIRECTION('',(-1.,0.,0.));
#1129=VECTOR('',#1128,20.);
#1130=LINE('',#1127,#1129);
#1131=EDGE_CURVE('',#1124,#1126,#1130,.T.);
#1132=ORIENTED_EDGE('',*,*,#1131,.T.);
#1133=CARTESIAN_POINT('',(-1.,-6.5,7.068826914));
#1134=VERTEX_POINT('',#1133);
#1135=CARTESIAN_POINT('',(-1.,-6.5,31.128548026));
#1136=DIRECTION('',(-0.,0.,1.));
#1137=VECTOR('',#1136,10.);
#1138=LINE('',#1135,#1137);
#1139=EDGE_CURVE('',#1126,#1134,#1138,.T.);
#1140=ORIENTED_EDGE('',*,*,#1139,.T.);
#1141=CARTESIAN_POINT('',(1.,-6.5,7.068826914));
#1142=VERTEX_POINT('',#1141);
#1143=CARTESIAN_POINT('',(-10.,-6.5,7.068826914));
#1144=DIRECTION('',(1.,0.,-0.));
#1145=VECTOR('',#1144,20.);
#1146=LINE('',#1143,#1145);
#1147=EDGE_CURVE('',#1134,#1142,#1146,.T.);
#1148=ORIENTED_EDGE('',*,*,#1147,.T.);
#1149=CARTESIAN_POINT('',(1.,-6.5,41.128548026));
#1150=DIRECTION('',(0.,0.,-1.));
#1151=VECTOR('',#1150,10.);
#1152=LINE('',#1149,#1151);
#1153=EDGE_CURVE('',#1142,#1124,#1152,.T.);
#1154=ORIENTED_EDGE('',*,*,#1153,.T.);
#1155=EDGE_LOOP('',(#1132,#1140,#1148,#1154));
#1156=FACE_BOUND('',#1155,.T.);
#1157=CARTESIAN_POINT('',(-1.668109488,-6.5,3.410708058));
#1158=VERTEX_POINT('',#1157);
#1159=CARTESIAN_POINT('',(-0.268109488,-6.5,3.410708058));
#1160=VERTEX_POINT('',#1159);
#1161=CARTESIAN_POINT('',(-12.324602187,-6.5,3.410708058));
#1162=DIRECTION('',(1.,0.,-0.));
#1163=VECTOR('',#1162,14.);
#1164=LINE('',#1161,#1163);
#1165=EDGE_CURVE('',#1158,#1160,#1164,.T.);
#1166=ORIENTED_EDGE('',*,*,#1165,.F.);
#1167=CARTESIAN_POINT('',(-1.668109488,-6.5,4.810708058));
#1168=VERTEX_POINT('',#1167);
#1169=CARTESIAN_POINT('',(-1.668109488,-6.5,29.608894318));
#1170=DIRECTION('',(0.,0.,-1.));
#1171=VECTOR('',#1170,14.);
#1172=LINE('',#1169,#1171);
#1173=EDGE_CURVE('',#1168,#1158,#1172,.T.);
#1174=ORIENTED_EDGE('',*,*,#1173,.F.);
#1175=CARTESIAN_POINT('',(-0.268109488,-6.5,4.810708058));
#1176=VERTEX_POINT('',#1175);
#1177=CARTESIAN_POINT('',(1.675397813,-6.5,4.810708058));
#1178=DIRECTION('',(-1.,0.,0.));
#1179=VECTOR('',#1178,14.);
#1180=LINE('',#1177,#1179);
#1181=EDGE_CURVE('',#1176,#1168,#1180,.T.);
#1182=ORIENTED_EDGE('',*,*,#1181,.F.);
#1183=CARTESIAN_POINT('',(-0.268109488,-6.5,15.608894318));
#1184=DIRECTION('',(0.,0.,1.));
#1185=VECTOR('',#1184,14.);
#1186=LINE('',#1183,#1185);
#1187=EDGE_CURVE('',#1160,#1176,#1186,.T.);
#1188=ORIENTED_EDGE('',*,*,#1187,.F.);
#1189=EDGE_LOOP('',(#1166,#1174,#1182,#1188));
#1190=FACE_BOUND('',#1189,.T.);
#1191=CARTESIAN_POINT('',(-3.25949316,-6.5,5.622836995));
#1192=VERTEX_POINT('',#1191);
#1193=CARTESIAN_POINT('',(-1.85949316,-6.5,5.622836995));
#1194=VERTEX_POINT('',#1193);
#1195=CARTESIAN_POINT('',(-21.077212379,-6.5,5.622836995));
#1196=DIRECTION('',(1.,0.,-0.));
#1197=VECTOR('',#1196,14.);
#1198=LINE('',#1195,#1197);
#1199=EDGE_CURVE('',#1192,#1194,#1198,.T.);
#1200=ORIENTED_EDGE('',*,*,#1199,.F.);
#1201=CARTESIAN_POINT('',(-3.25949316,-6.5,7.022836995));
#1202=VERTEX_POINT('',#1201);
#1203=CARTESIAN_POINT('',(-3.25949316,-6.5,41.775603473));
#1204=DIRECTION('',(0.,0.,-1.));
#1205=VECTOR('',#1204,14.);
#1206=LINE('',#1203,#1205);
#1207=EDGE_CURVE('',#1202,#1192,#1206,.T.);
#1208=ORIENTED_EDGE('',*,*,#1207,.F.);
#1209=CARTESIAN_POINT('',(-1.85949316,-6.5,7.022836995));
#1210=VERTEX_POINT('',#1209);
#1211=CARTESIAN_POINT('',(-7.077212379,-6.5,7.022836995));
#1212=DIRECTION('',(-1.,0.,0.));
#1213=VECTOR('',#1212,14.);
#1214=LINE('',#1211,#1213);
#1215=EDGE_CURVE('',#1210,#1202,#1214,.T.);
#1216=ORIENTED_EDGE('',*,*,#1215,.F.);
#1217=CARTESIAN_POINT('',(-1.85949316,-6.5,27.775603473));
#1218=DIRECTION('',(0.,0.,1.));
#1219=VECTOR('',#1218,14.);
#1220=LINE('',#1217,#1219);
#1221=EDGE_CURVE('',#1194,#1210,#1220,.T.);
#1222=ORIENTED_EDGE('',*,*,#1221,.F.);
#1223=EDGE_LOOP('',(#1200,#1208,#1216,#1222));
#1224=FACE_BOUND('',#1223,.T.);
#1225=CARTESIAN_POINT('',(1.509222753,-6.5,7.340207148));
#1226=VERTEX_POINT('',#1225);
#1227=CARTESIAN_POINT('',(2.909222753,-6.5,7.340207148));
#1228=VERTEX_POINT('',#1227);
#1229=CARTESIAN_POINT('',(5.150725141,-6.5,7.340207148));
#1230=DIRECTION('',(1.,0.,-0.));
#1231=VECTOR('',#1230,14.);
#1232=LINE('',#1229,#1231);
#1233=EDGE_CURVE('',#1226,#1228,#1232,.T.);
#1234=ORIENTED_EDGE('',*,*,#1233,.F.);
#1235=CARTESIAN_POINT('',(1.509222753,-6.5,8.740207148));
#1236=VERTEX_POINT('',#1235);
#1237=CARTESIAN_POINT('',(1.509222753,-6.5,51.221139312));
#1238=DIRECTION('',(0.,0.,-1.));
#1239=VECTOR('',#1238,14.);
#1240=LINE('',#1237,#1239);
#1241=EDGE_CURVE('',#1236,#1226,#1240,.T.);
#1242=ORIENTED_EDGE('',*,*,#1241,.F.);
#1243=CARTESIAN_POINT('',(2.909222753,-6.5,8.740207148));
#1244=VERTEX_POINT('',#1243);
#1245=CARTESIAN_POINT('',(19.150725141,-6.5,8.740207148));
#1246=DIRECTION('',(-1.,0.,0.));
#1247=VECTOR('',#1246,14.);
#1248=LINE('',#1245,#1247);
#1249=EDGE_CURVE('',#1244,#1236,#1248,.T.);
#1250=ORIENTED_EDGE('',*,*,#1249,.F.);
#1251=CARTESIAN_POINT('',(2.909222753,-6.5,37.221139312));
#1252=DIRECTION('',(0.,0.,1.));
#1253=VECTOR('',#1252,14.);
#1254=LINE('',#1251,#1253);
#1255=EDGE_CURVE('',#1228,#1244,#1254,.T.);
#1256=ORIENTED_EDGE('',*,*,#1255,.F.);
#1257=EDGE_LOOP('',(#1234,#1242,#1250,#1256));
#1258=FACE_BOUND('',#1257,.T.);
#1259=ORIENTED_EDGE('',*,*,#752,.F.);
#1260=ORIENTED_EDGE('',*,*,#853,.F.);
#1261=ORIENTED_EDGE('',*,*,#823,.F.);
#1262=ORIENTED_EDGE('',*,*,#791,.F.);
#1263=EDGE_LOOP('',(#1259,#1260,#1261,#1262));
#1264=FACE_BOUND('',#1263,.T.);
#1265=ADVANCED_FACE('',(#960,#994,#1028,#1122,#1156,#1190,#1224,#1258,#1264),#926,.T.);
#1266=OVER_RIDING_STYLED_ITEM('',(#737),#1265,#26);
#1267=CARTESIAN_POINT('',(0.011510909,-6.4,7.440207148));
#1268=DIRECTION('',(0.,-0.707106781,0.707106781));
#1269=DIRECTION('',(1.,0.,0.));
#1270=AXIS2_PLACEMENT_3D('',#1267,#1268,#1269);
#1271=PLANE('',#1270);
#1272=ORIENTED_EDGE('',*,*,#935,.T.);
#1273=CARTESIAN_POINT('',(0.523021817,-6.3,7.540207148));
#1274=VERTEX_POINT('',#1273);
#1275=CARTESIAN_POINT('',(0.723021817,-6.5,7.340207148));
#1276=DIRECTION('',(-0.577350269,0.577350269,0.577350269));
#1277=VECTOR('',#1276,3.464101615);
#1278=LINE('',#1275,#1277);
#1279=EDGE_CURVE('',#930,#1274,#1278,.T.);
#1280=ORIENTED_EDGE('',*,*,#1279,.T.);
#1281=CARTESIAN_POINT('',(-0.476978183,-6.3,7.540207148));
#1282=VERTEX_POINT('',#1281);
#1283=CARTESIAN_POINT('',(5.126619995,-6.3,7.540207148));
#1284=DIRECTION('',(-1.,0.,0.));
#1285=VECTOR('',#1284,10.);
#1286=LINE('',#1283,#1285);
#1287=EDGE_CURVE('',#1274,#1282,#1286,.T.);
#1288=ORIENTED_EDGE('',*,*,#1287,.T.);
#1289=CARTESIAN_POINT('',(-0.476978183,-6.3,7.540207148));
#1290=DIRECTION('',(-0.577350269,-0.577350269,-0.577350269));
#1291=VECTOR('',#1290,3.464101615);
#1292=LINE('',#1289,#1291);
#1293=EDGE_CURVE('',#1282,#928,#1292,.T.);
#1294=ORIENTED_EDGE('',*,*,#1293,.T.);
#1295=EDGE_LOOP('',(#1272,#1280,#1288,#1294));
#1296=FACE_BOUND('',#1295,.T.);
#1297=ADVANCED_FACE('',(#1296),#1271,.T.);
#1298=OVER_RIDING_STYLED_ITEM('',(#114),#1297,#26);
#1299=CARTESIAN_POINT('',(0.623021817,-6.4,4.020103574));
#1300=DIRECTION('',(-0.707106781,-0.707106781,0.));
#1301=DIRECTION('',(0.,0.,1.));
#1302=AXIS2_PLACEMENT_3D('',#1299,#1300,#1301);
#1303=PLANE('',#1302);
#1304=ORIENTED_EDGE('',*,*,#957,.T.);
#1305=CARTESIAN_POINT('',(0.523021817,-6.3,8.540207148));
#1306=VERTEX_POINT('',#1305);
#1307=CARTESIAN_POINT('',(0.723021817,-6.5,8.740207148));
#1308=DIRECTION('',(-0.577350269,0.577350269,-0.577350269));
#1309=VECTOR('',#1308,3.464101615);
#1310=LINE('',#1307,#1309);
#1311=EDGE_CURVE('',#946,#1306,#1310,.T.);
#1312=ORIENTED_EDGE('',*,*,#1311,.T.);
#1313=CARTESIAN_POINT('',(0.523021817,-6.3,49.221139312));
#1314=DIRECTION('',(0.,0.,-1.));
#1315=VECTOR('',#1314,10.);
#1316=LINE('',#1313,#1315);
#1317=EDGE_CURVE('',#1306,#1274,#1316,.T.);
#1318=ORIENTED_EDGE('',*,*,#1317,.T.);
#1319=ORIENTED_EDGE('',*,*,#1279,.F.);
#1320=EDGE_LOOP('',(#1304,#1312,#1318,#1319));
#1321=FACE_BOUND('',#1320,.T.);
#1322=ADVANCED_FACE('',(#1321),#1303,.T.);
#1323=OVER_RIDING_STYLED_ITEM('',(#114),#1322,#26);
#1324=CARTESIAN_POINT('',(0.011510909,-6.4,8.640207148));
#1325=DIRECTION('',(0.,-0.707106781,-0.707106781));
#1326=DIRECTION('',(-1.,0.,0.));
#1327=AXIS2_PLACEMENT_3D('',#1324,#1325,#1326);
#1328=PLANE('',#1327);
#1329=ORIENTED_EDGE('',*,*,#951,.T.);
#1330=CARTESIAN_POINT('',(-0.476978183,-6.3,8.540207148));
#1331=VERTEX_POINT('',#1330);
#1332=CARTESIAN_POINT('',(-0.676978183,-6.5,8.740207148));
#1333=DIRECTION('',(0.577350269,0.577350269,-0.577350269));
#1334=VECTOR('',#1333,3.464101615);
#1335=LINE('',#1332,#1334);
#1336=EDGE_CURVE('',#938,#1331,#1335,.T.);
#1337=ORIENTED_EDGE('',*,*,#1336,.T.);
#1338=CARTESIAN_POINT('',(-4.873380005,-6.3,8.540207148));
#1339=DIRECTION('',(1.,0.,-0.));
#1340=VECTOR('',#1339,10.);
#1341=LINE('',#1338,#1340);
#1342=EDGE_CURVE('',#1331,#1306,#1341,.T.);
#1343=ORIENTED_EDGE('',*,*,#1342,.T.);
#1344=ORIENTED_EDGE('',*,*,#1311,.F.);
#1345=EDGE_LOOP('',(#1329,#1337,#1343,#1344));
#1346=FACE_BOUND('',#1345,.T.);
#1347=ADVANCED_FACE('',(#1346),#1328,.T.);
#1348=OVER_RIDING_STYLED_ITEM('',(#114),#1347,#26);
#1349=CARTESIAN_POINT('',(-0.576978183,-6.4,4.020103574));
#1350=DIRECTION('',(0.707106781,-0.707106781,0.));
#1351=DIRECTION('',(0.,0.,-1.));
#1352=AXIS2_PLACEMENT_3D('',#1349,#1350,#1351);
#1353=PLANE('',#1352);
#1354=ORIENTED_EDGE('',*,*,#943,.T.);
#1355=ORIENTED_EDGE('',*,*,#1293,.F.);
#1356=CARTESIAN_POINT('',(-0.476978183,-6.3,39.221139312));
#1357=DIRECTION('',(0.,0.,1.));
#1358=VECTOR('',#1357,10.);
#1359=LINE('',#1356,#1358);
#1360=EDGE_CURVE('',#1282,#1331,#1359,.T.);
#1361=ORIENTED_EDGE('',*,*,#1360,.T.);
#1362=ORIENTED_EDGE('',*,*,#1336,.F.);
#1363=EDGE_LOOP('',(#1354,#1355,#1361,#1362));
#1364=FACE_BOUND('',#1363,.T.);
#1365=ADVANCED_FACE('',(#1364),#1353,.T.);
#1366=OVER_RIDING_STYLED_ITEM('',(#114),#1365,#26);
#1367=CARTESIAN_POINT('',(-0.476978183,-6.5,8.040207148));
#1368=DIRECTION('',(-1.,-0.,0.));
#1369=DIRECTION('',(0.,0.,1.));
#1370=AXIS2_PLACEMENT_3D('',#1367,#1368,#1369);
#1371=PLANE('',#1370);
#1372=ORIENTED_EDGE('',*,*,#1360,.F.);
#1373=CARTESIAN_POINT('',(-0.476978183,-1.5,7.540207148));
#1374=VERTEX_POINT('',#1373);
#1375=CARTESIAN_POINT('',(-0.476978183,-4.5,7.540207148));
#1376=DIRECTION('',(-0.,1.,0.));
#1377=VECTOR('',#1376,48.);
#1378=LINE('',#1375,#1377);
#1379=EDGE_CURVE('',#1282,#1374,#1378,.T.);
#1380=ORIENTED_EDGE('',*,*,#1379,.T.);
#1381=CARTESIAN_POINT('',(-0.476978183,-1.5,8.540207148));
#1382=VERTEX_POINT('',#1381);
#1383=CARTESIAN_POINT('',(-0.476978183,-1.5,8.540207148));
#1384=DIRECTION('',(0.,0.,-1.));
#1385=VECTOR('',#1384,10.);
#1386=LINE('',#1383,#1385);
#1387=EDGE_CURVE('',#1382,#1374,#1386,.T.);
#1388=ORIENTED_EDGE('',*,*,#1387,.F.);
#1389=CARTESIAN_POINT('',(-0.476978183,-4.5,8.540207148));
#1390=DIRECTION('',(-0.,1.,0.));
#1391=VECTOR('',#1390,48.);
#1392=LINE('',#1389,#1391);
#1393=EDGE_CURVE('',#1331,#1382,#1392,.T.);
#1394=ORIENTED_EDGE('',*,*,#1393,.F.);
#1395=EDGE_LOOP('',(#1372,#1380,#1388,#1394));
#1396=FACE_BOUND('',#1395,.T.);
#1397=ADVANCED_FACE('',(#1396),#1371,.F.);
#1398=CARTESIAN_POINT('',(0.023021817,-6.5,7.540207148));
#1399=DIRECTION('',(0.,0.,-1.));
#1400=DIRECTION('',(-1.,0.,0.));
#1401=AXIS2_PLACEMENT_3D('',#1398,#1399,#1400);
#1402=PLANE('',#1401);
#1403=ORIENTED_EDGE('',*,*,#1287,.F.);
#1404=CARTESIAN_POINT('',(0.523021817,-1.5,7.540207148));
#1405=VERTEX_POINT('',#1404);
#1406=CARTESIAN_POINT('',(0.523021817,-4.5,7.540207148));
#1407=DIRECTION('',(-0.,1.,0.));
#1408=VECTOR('',#1407,48.);
#1409=LINE('',#1406,#1408);
#1410=EDGE_CURVE('',#1274,#1405,#1409,.T.);
#1411=ORIENTED_EDGE('',*,*,#1410,.T.);
#1412=CARTESIAN_POINT('',(-0.476978183,-1.5,7.540207148));
#1413=DIRECTION('',(1.,0.,-0.));
#1414=VECTOR('',#1413,10.);
#1415=LINE('',#1412,#1414);
#1416=EDGE_CURVE('',#1374,#1405,#1415,.T.);
#1417=ORIENTED_EDGE('',*,*,#1416,.F.);
#1418=ORIENTED_EDGE('',*,*,#1379,.F.);
#1419=EDGE_LOOP('',(#1403,#1411,#1417,#1418));
#1420=FACE_BOUND('',#1419,.T.);
#1421=ADVANCED_FACE('',(#1420),#1402,.F.);
#1422=CARTESIAN_POINT('',(1.104611376,-6.4,7.440207148));
#1423=DIRECTION('',(0.,-0.707106781,0.707106781));
#1424=DIRECTION('',(1.,0.,0.));
#1425=AXIS2_PLACEMENT_3D('',#1422,#1423,#1424);
#1426=PLANE('',#1425);
#1427=ORIENTED_EDGE('',*,*,#1233,.T.);
#1428=CARTESIAN_POINT('',(2.709222753,-6.3,7.540207148));
#1429=VERTEX_POINT('',#1428);
#1430=CARTESIAN_POINT('',(2.909222753,-6.5,7.340207148));
#1431=DIRECTION('',(-0.577350269,0.577350269,0.577350269));
#1432=VECTOR('',#1431,3.464101615);
#1433=LINE('',#1430,#1432);
#1434=EDGE_CURVE('',#1228,#1429,#1433,.T.);
#1435=ORIENTED_EDGE('',*,*,#1434,.T.);
#1436=CARTESIAN_POINT('',(1.709222753,-6.3,7.540207148));
#1437=VERTEX_POINT('',#1436);
#1438=CARTESIAN_POINT('',(17.150725141,-6.3,7.540207148));
#1439=DIRECTION('',(-1.,0.,0.));
#1440=VECTOR('',#1439,10.);
#1441=LINE('',#1438,#1440);
#1442=EDGE_CURVE('',#1429,#1437,#1441,.T.);
#1443=ORIENTED_EDGE('',*,*,#1442,.T.);
#1444=CARTESIAN_POINT('',(1.709222753,-6.3,7.540207148));
#1445=DIRECTION('',(-0.577350269,-0.577350269,-0.577350269));
#1446=VECTOR('',#1445,0.346410162);
#1447=LINE('',#1444,#1446);
#1448=EDGE_CURVE('',#1437,#1226,#1447,.T.);
#1449=ORIENTED_EDGE('',*,*,#1448,.T.);
#1450=EDGE_LOOP('',(#1427,#1435,#1443,#1449));
#1451=FACE_BOUND('',#1450,.T.);
#1452=ADVANCED_FACE('',(#1451),#1426,.T.);
#1453=OVER_RIDING_STYLED_ITEM('',(#114),#1452,#26);
#1454=CARTESIAN_POINT('',(2.809222753,-6.4,4.020103574));
#1455=DIRECTION('',(-0.707106781,-0.707106781,0.));
#1456=DIRECTION('',(0.,0.,1.));
#1457=AXIS2_PLACEMENT_3D('',#1454,#1455,#1456);
#1458=PLANE('',#1457);
#1459=ORIENTED_EDGE('',*,*,#1255,.T.);
#1460=CARTESIAN_POINT('',(2.709222753,-6.3,8.540207148));
#1461=VERTEX_POINT('',#1460);
#1462=CARTESIAN_POINT('',(2.909222753,-6.5,8.740207148));
#1463=DIRECTION('',(-0.577350269,0.577350269,-0.577350269));
#1464=VECTOR('',#1463,3.464101615);
#1465=LINE('',#1462,#1464);
#1466=EDGE_CURVE('',#1244,#1461,#1465,.T.);
#1467=ORIENTED_EDGE('',*,*,#1466,.T.);
#1468=CARTESIAN_POINT('',(2.709222753,-6.3,49.221139312));
#1469=DIRECTION('',(0.,0.,-1.));
#1470=VECTOR('',#1469,10.);
#1471=LINE('',#1468,#1470);
#1472=EDGE_CURVE('',#1461,#1429,#1471,.T.);
#1473=ORIENTED_EDGE('',*,*,#1472,.T.);
#1474=ORIENTED_EDGE('',*,*,#1434,.F.);
#1475=EDGE_LOOP('',(#1459,#1467,#1473,#1474));
#1476=FACE_BOUND('',#1475,.T.);
#1477=ADVANCED_FACE('',(#1476),#1458,.T.);
#1478=OVER_RIDING_STYLED_ITEM('',(#114),#1477,#26);
#1479=CARTESIAN_POINT('',(1.104611376,-6.4,8.640207148));
#1480=DIRECTION('',(0.,-0.707106781,-0.707106781));
#1481=DIRECTION('',(-1.,0.,0.));
#1482=AXIS2_PLACEMENT_3D('',#1479,#1480,#1481);
#1483=PLANE('',#1482);
#1484=ORIENTED_EDGE('',*,*,#1249,.T.);
#1485=CARTESIAN_POINT('',(1.709222753,-6.3,8.540207148));
#1486=VERTEX_POINT('',#1485);
#1487=CARTESIAN_POINT('',(1.509222753,-6.5,8.740207148));
#1488=DIRECTION('',(0.577350269,0.577350269,-0.577350269));
#1489=VECTOR('',#1488,3.464101615);
#1490=LINE('',#1487,#1489);
#1491=EDGE_CURVE('',#1236,#1486,#1490,.T.);
#1492=ORIENTED_EDGE('',*,*,#1491,.T.);
#1493=CARTESIAN_POINT('',(7.150725141,-6.3,8.540207148));
#1494=DIRECTION('',(1.,0.,-0.));
#1495=VECTOR('',#1494,10.);
#1496=LINE('',#1493,#1495);
#1497=EDGE_CURVE('',#1486,#1461,#1496,.T.);
#1498=ORIENTED_EDGE('',*,*,#1497,.T.);
#1499=ORIENTED_EDGE('',*,*,#1466,.F.);
#1500=EDGE_LOOP('',(#1484,#1492,#1498,#1499));
#1501=FACE_BOUND('',#1500,.T.);
#1502=ADVANCED_FACE('',(#1501),#1483,.T.);
#1503=OVER_RIDING_STYLED_ITEM('',(#114),#1502,#26);
#1504=CARTESIAN_POINT('',(1.609222753,-6.4,4.020103574));
#1505=DIRECTION('',(0.707106781,-0.707106781,0.));
#1506=DIRECTION('',(0.,0.,-1.));
#1507=AXIS2_PLACEMENT_3D('',#1504,#1505,#1506);
#1508=PLANE('',#1507);
#1509=ORIENTED_EDGE('',*,*,#1241,.T.);
#1510=ORIENTED_EDGE('',*,*,#1448,.F.);
#1511=CARTESIAN_POINT('',(1.709222753,-6.3,39.221139312));
#1512=DIRECTION('',(0.,0.,1.));
#1513=VECTOR('',#1512,10.);
#1514=LINE('',#1511,#1513);
#1515=EDGE_CURVE('',#1437,#1486,#1514,.T.);
#1516=ORIENTED_EDGE('',*,*,#1515,.T.);
#1517=ORIENTED_EDGE('',*,*,#1491,.F.);
#1518=EDGE_LOOP('',(#1509,#1510,#1516,#1517));
#1519=FACE_BOUND('',#1518,.T.);
#1520=ADVANCED_FACE('',(#1519),#1508,.T.);
#1521=OVER_RIDING_STYLED_ITEM('',(#114),#1520,#26);
#1522=CARTESIAN_POINT('',(1.709222753,-6.5,8.040207148));
#1523=DIRECTION('',(-1.,-0.,0.));
#1524=DIRECTION('',(0.,0.,1.));
#1525=AXIS2_PLACEMENT_3D('',#1522,#1523,#1524);
#1526=PLANE('',#1525);
#1527=ORIENTED_EDGE('',*,*,#1515,.F.);
#1528=CARTESIAN_POINT('',(1.709222753,-1.5,7.540207148));
#1529=VERTEX_POINT('',#1528);
#1530=CARTESIAN_POINT('',(1.709222753,-4.5,7.540207148));
#1531=DIRECTION('',(-0.,1.,0.));
#1532=VECTOR('',#1531,48.);
#1533=LINE('',#1530,#1532);
#1534=EDGE_CURVE('',#1437,#1529,#1533,.T.);
#1535=ORIENTED_EDGE('',*,*,#1534,.T.);
#1536=CARTESIAN_POINT('',(1.709222753,-1.5,8.540207148));
#1537=VERTEX_POINT('',#1536);
#1538=CARTESIAN_POINT('',(1.709222753,-1.5,8.540207148));
#1539=DIRECTION('',(0.,0.,-1.));
#1540=VECTOR('',#1539,10.);
#1541=LINE('',#1538,#1540);
#1542=EDGE_CURVE('',#1537,#1529,#1541,.T.);
#1543=ORIENTED_EDGE('',*,*,#1542,.F.);
#1544=CARTESIAN_POINT('',(1.709222753,-4.5,8.540207148));
#1545=DIRECTION('',(-0.,1.,0.));
#1546=VECTOR('',#1545,48.);
#1547=LINE('',#1544,#1546);
#1548=EDGE_CURVE('',#1486,#1537,#1547,.T.);
#1549=ORIENTED_EDGE('',*,*,#1548,.F.);
#1550=EDGE_LOOP('',(#1527,#1535,#1543,#1549));
#1551=FACE_BOUND('',#1550,.T.);
#1552=ADVANCED_FACE('',(#1551),#1526,.F.);
#1553=CARTESIAN_POINT('',(2.209222753,-6.5,7.540207148));
#1554=DIRECTION('',(0.,0.,-1.));
#1555=DIRECTION('',(-1.,0.,0.));
#1556=AXIS2_PLACEMENT_3D('',#1553,#1554,#1555);
#1557=PLANE('',#1556);
#1558=ORIENTED_EDGE('',*,*,#1442,.F.);
#1559=CARTESIAN_POINT('',(2.709222753,-1.5,7.540207148));
#1560=VERTEX_POINT('',#1559);
#1561=CARTESIAN_POINT('',(2.709222753,-4.5,7.540207148));
#1562=DIRECTION('',(-0.,1.,0.));
#1563=VECTOR('',#1562,48.);
#1564=LINE('',#1561,#1563);
#1565=EDGE_CURVE('',#1429,#1560,#1564,.T.);
#1566=ORIENTED_EDGE('',*,*,#1565,.T.);
#1567=CARTESIAN_POINT('',(1.709222753,-1.5,7.540207148));
#1568=DIRECTION('',(1.,0.,-0.));
#1569=VECTOR('',#1568,10.);
#1570=LINE('',#1567,#1569);
#1571=EDGE_CURVE('',#1529,#1560,#1570,.T.);
#1572=ORIENTED_EDGE('',*,*,#1571,.F.);
#1573=ORIENTED_EDGE('',*,*,#1534,.F.);
#1574=EDGE_LOOP('',(#1558,#1566,#1572,#1573));
#1575=FACE_BOUND('',#1574,.T.);
#1576=ADVANCED_FACE('',(#1575),#1557,.F.);
#1577=CARTESIAN_POINT('',(1.274500278,-6.4,5.722836995));
#1578=DIRECTION('',(0.,-0.707106781,0.707106781));
#1579=DIRECTION('',(1.,0.,0.));
#1580=AXIS2_PLACEMENT_3D('',#1577,#1578,#1579);
#1581=PLANE('',#1580);
#1582=ORIENTED_EDGE('',*,*,#969,.T.);
#1583=CARTESIAN_POINT('',(3.049000556,-6.3,5.822836995));
#1584=VERTEX_POINT('',#1583);
#1585=CARTESIAN_POINT('',(3.249000556,-6.5,5.622836995));
#1586=DIRECTION('',(-0.577350269,0.577350269,0.577350269));
#1587=VECTOR('',#1586,0.346410162);
#1588=LINE('',#1585,#1587);
#1589=EDGE_CURVE('',#964,#1584,#1588,.T.);
#1590=ORIENTED_EDGE('',*,*,#1589,.T.);
#1591=CARTESIAN_POINT('',(2.049000556,-6.3,5.822836995));
#1592=VERTEX_POINT('',#1591);
#1593=CARTESIAN_POINT('',(19.01950306,-6.3,5.822836995));
#1594=DIRECTION('',(-1.,0.,0.));
#1595=VECTOR('',#1594,10.);
#1596=LINE('',#1593,#1595);
#1597=EDGE_CURVE('',#1584,#1592,#1596,.T.);
#1598=ORIENTED_EDGE('',*,*,#1597,.T.);
#1599=CARTESIAN_POINT('',(2.049000556,-6.3,5.822836995));
#1600=DIRECTION('',(-0.577350269,-0.577350269,-0.577350269));
#1601=VECTOR('',#1600,3.464101615);
#1602=LINE('',#1599,#1601);
#1603=EDGE_CURVE('',#1592,#962,#1602,.T.);
#1604=ORIENTED_EDGE('',*,*,#1603,.T.);
#1605=EDGE_LOOP('',(#1582,#1590,#1598,#1604));
#1606=FACE_BOUND('',#1605,.T.);
#1607=ADVANCED_FACE('',(#1606),#1581,.T.);
#1608=OVER_RIDING_STYLED_ITEM('',(#114),#1607,#26);
#1609=CARTESIAN_POINT('',(3.149000556,-6.4,3.161418498));
#1610=DIRECTION('',(-0.707106781,-0.707106781,0.));
#1611=DIRECTION('',(0.,0.,1.));
#1612=AXIS2_PLACEMENT_3D('',#1609,#1610,#1611);
#1613=PLANE('',#1612);
#1614=ORIENTED_EDGE('',*,*,#991,.T.);
#1615=CARTESIAN_POINT('',(3.049000556,-6.3,6.822836995));
#1616=VERTEX_POINT('',#1615);
#1617=CARTESIAN_POINT('',(3.249000556,-6.5,7.022836995));
#1618=DIRECTION('',(-0.577350269,0.577350269,-0.577350269));
#1619=VECTOR('',#1618,0.346410162);
#1620=LINE('',#1617,#1619);
#1621=EDGE_CURVE('',#980,#1616,#1620,.T.);
#1622=ORIENTED_EDGE('',*,*,#1621,.T.);
#1623=CARTESIAN_POINT('',(3.049000556,-6.3,39.775603473));
#1624=DIRECTION('',(0.,0.,-1.));
#1625=VECTOR('',#1624,10.);
#1626=LINE('',#1623,#1625);
#1627=EDGE_CURVE('',#1616,#1584,#1626,.T.);
#1628=ORIENTED_EDGE('',*,*,#1627,.T.);
#1629=ORIENTED_EDGE('',*,*,#1589,.F.);
#1630=EDGE_LOOP('',(#1614,#1622,#1628,#1629));
#1631=FACE_BOUND('',#1630,.T.);
#1632=ADVANCED_FACE('',(#1631),#1613,.T.);
#1633=OVER_RIDING_STYLED_ITEM('',(#114),#1632,#26);
#1634=CARTESIAN_POINT('',(1.274500278,-6.4,6.922836995));
#1635=DIRECTION('',(0.,-0.707106781,-0.707106781));
#1636=DIRECTION('',(-1.,0.,0.));
#1637=AXIS2_PLACEMENT_3D('',#1634,#1635,#1636);
#1638=PLANE('',#1637);
#1639=ORIENTED_EDGE('',*,*,#985,.T.);
#1640=CARTESIAN_POINT('',(2.049000556,-6.3,6.822836995));
#1641=VERTEX_POINT('',#1640);
#1642=CARTESIAN_POINT('',(1.849000556,-6.5,7.022836995));
#1643=DIRECTION('',(0.577350269,0.577350269,-0.577350269));
#1644=VECTOR('',#1643,3.464101615);
#1645=LINE('',#1642,#1644);
#1646=EDGE_CURVE('',#972,#1641,#1645,.T.);
#1647=ORIENTED_EDGE('',*,*,#1646,.T.);
#1648=CARTESIAN_POINT('',(9.01950306,-6.3,6.822836995));
#1649=DIRECTION('',(1.,0.,-0.));
#1650=VECTOR('',#1649,10.);
#1651=LINE('',#1648,#1650);
#1652=EDGE_CURVE('',#1641,#1616,#1651,.T.);
#1653=ORIENTED_EDGE('',*,*,#1652,.T.);
#1654=ORIENTED_EDGE('',*,*,#1621,.F.);
#1655=EDGE_LOOP('',(#1639,#1647,#1653,#1654));
#1656=FACE_BOUND('',#1655,.T.);
#1657=ADVANCED_FACE('',(#1656),#1638,.T.);
#1658=OVER_RIDING_STYLED_ITEM('',(#114),#1657,#26);
#1659=CARTESIAN_POINT('',(1.949000556,-6.4,3.161418498));
#1660=DIRECTION('',(0.707106781,-0.707106781,0.));
#1661=DIRECTION('',(0.,0.,-1.));
#1662=AXIS2_PLACEMENT_3D('',#1659,#1660,#1661);
#1663=PLANE('',#1662);
#1664=ORIENTED_EDGE('',*,*,#977,.T.);
#1665=ORIENTED_EDGE('',*,*,#1603,.F.);
#1666=CARTESIAN_POINT('',(2.049000556,-6.3,29.775603473));
#1667=DIRECTION('',(0.,0.,1.));
#1668=VECTOR('',#1667,10.);
#1669=LINE('',#1666,#1668);
#1670=EDGE_CURVE('',#1592,#1641,#1669,.T.);
#1671=ORIENTED_EDGE('',*,*,#1670,.T.);
#1672=ORIENTED_EDGE('',*,*,#1646,.F.);
#1673=EDGE_LOOP('',(#1664,#1665,#1671,#1672));
#1674=FACE_BOUND('',#1673,.T.);
#1675=ADVANCED_FACE('',(#1674),#1663,.T.);
#1676=OVER_RIDING_STYLED_ITEM('',(#114),#1675,#26);
#1677=CARTESIAN_POINT('',(2.049000556,-6.5,6.322836995));
#1678=DIRECTION('',(-1.,-0.,0.));
#1679=DIRECTION('',(0.,0.,1.));
#1680=AXIS2_PLACEMENT_3D('',#1677,#1678,#1679);
#1681=PLANE('',#1680);
#1682=ORIENTED_EDGE('',*,*,#1670,.F.);
#1683=CARTESIAN_POINT('',(2.049000556,-1.5,5.822836995));
#1684=VERTEX_POINT('',#1683);
#1685=CARTESIAN_POINT('',(2.049000556,-4.5,5.822836995));
#1686=DIRECTION('',(-0.,1.,0.));
#1687=VECTOR('',#1686,48.);
#1688=LINE('',#1685,#1687);
#1689=EDGE_CURVE('',#1592,#1684,#1688,.T.);
#1690=ORIENTED_EDGE('',*,*,#1689,.T.);
#1691=CARTESIAN_POINT('',(2.049000556,-1.5,6.822836995));
#1692=VERTEX_POINT('',#1691);
#1693=CARTESIAN_POINT('',(2.049000556,-1.5,6.822836995));
#1694=DIRECTION('',(0.,0.,-1.));
#1695=VECTOR('',#1694,10.);
#1696=LINE('',#1693,#1695);
#1697=EDGE_CURVE('',#1692,#1684,#1696,.T.);
#1698=ORIENTED_EDGE('',*,*,#1697,.F.);
#1699=CARTESIAN_POINT('',(2.049000556,-4.5,6.822836995));
#1700=DIRECTION('',(-0.,1.,0.));
#1701=VECTOR('',#1700,48.);
#1702=LINE('',#1699,#1701);
#1703=EDGE_CURVE('',#1641,#1692,#1702,.T.);
#1704=ORIENTED_EDGE('',*,*,#1703,.F.);
#1705=EDGE_LOOP('',(#1682,#1690,#1698,#1704));
#1706=FACE_BOUND('',#1705,.T.);
#1707=ADVANCED_FACE('',(#1706),#1681,.F.);
#1708=CARTESIAN_POINT('',(2.549000556,-6.5,5.822836995));
#1709=DIRECTION('',(0.,0.,-1.));
#1710=DIRECTION('',(-1.,0.,0.));
#1711=AXIS2_PLACEMENT_3D('',#1708,#1709,#1710);
#1712=PLANE('',#1711);
#1713=ORIENTED_EDGE('',*,*,#1597,.F.);
#1714=CARTESIAN_POINT('',(3.049000556,-1.5,5.822836995));
#1715=VERTEX_POINT('',#1714);
#1716=CARTESIAN_POINT('',(3.049000556,-4.5,5.822836995));
#1717=DIRECTION('',(-0.,1.,0.));
#1718=VECTOR('',#1717,48.);
#1719=LINE('',#1716,#1718);
#1720=EDGE_CURVE('',#1584,#1715,#1719,.T.);
#1721=ORIENTED_EDGE('',*,*,#1720,.T.);
#1722=CARTESIAN_POINT('',(2.049000556,-1.5,5.822836995));
#1723=DIRECTION('',(1.,0.,-0.));
#1724=VECTOR('',#1723,10.);
#1725=LINE('',#1722,#1724);
#1726=EDGE_CURVE('',#1684,#1715,#1725,.T.);
#1727=ORIENTED_EDGE('',*,*,#1726,.F.);
#1728=ORIENTED_EDGE('',*,*,#1689,.F.);
#1729=EDGE_LOOP('',(#1713,#1721,#1727,#1728));
#1730=FACE_BOUND('',#1729,.T.);
#1731=ADVANCED_FACE('',(#1730),#1712,.F.);
#1732=CARTESIAN_POINT('',(-1.27974658,-6.4,5.722836995));
#1733=DIRECTION('',(0.,-0.707106781,0.707106781));
#1734=DIRECTION('',(1.,0.,0.));
#1735=AXIS2_PLACEMENT_3D('',#1732,#1733,#1734);
#1736=PLANE('',#1735);
#1737=ORIENTED_EDGE('',*,*,#1199,.T.);
#1738=CARTESIAN_POINT('',(-2.05949316,-6.3,5.822836995));
#1739=VERTEX_POINT('',#1738);
#1740=CARTESIAN_POINT('',(-1.85949316,-6.5,5.622836995));
#1741=DIRECTION('',(-0.577350269,0.577350269,0.577350269));
#1742=VECTOR('',#1741,3.464101615);
#1743=LINE('',#1740,#1742);
#1744=EDGE_CURVE('',#1194,#1739,#1743,.T.);
#1745=ORIENTED_EDGE('',*,*,#1744,.T.);
#1746=CARTESIAN_POINT('',(-3.05949316,-6.3,5.822836995));
#1747=VERTEX_POINT('',#1746);
#1748=CARTESIAN_POINT('',(-9.077212379,-6.3,5.822836995));
#1749=DIRECTION('',(-1.,0.,0.));
#1750=VECTOR('',#1749,10.);
#1751=LINE('',#1748,#1750);
#1752=EDGE_CURVE('',#1739,#1747,#1751,.T.);
#1753=ORIENTED_EDGE('',*,*,#1752,.T.);
#1754=CARTESIAN_POINT('',(-3.05949316,-6.3,5.822836995));
#1755=DIRECTION('',(-0.577350269,-0.577350269,-0.577350269));
#1756=VECTOR('',#1755,3.464101615);
#1757=LINE('',#1754,#1756);
#1758=EDGE_CURVE('',#1747,#1192,#1757,.T.);
#1759=ORIENTED_EDGE('',*,*,#1758,.T.);
#1760=EDGE_LOOP('',(#1737,#1745,#1753,#1759));
#1761=FACE_BOUND('',#1760,.T.);
#1762=ADVANCED_FACE('',(#1761),#1736,.T.);
#1763=OVER_RIDING_STYLED_ITEM('',(#114),#1762,#26);
#1764=CARTESIAN_POINT('',(-1.95949316,-6.4,3.161418498));
#1765=DIRECTION('',(-0.707106781,-0.707106781,0.));
#1766=DIRECTION('',(0.,0.,1.));
#1767=AXIS2_PLACEMENT_3D('',#1764,#1765,#1766);
#1768=PLANE('',#1767);
#1769=ORIENTED_EDGE('',*,*,#1221,.T.);
#1770=CARTESIAN_POINT('',(-2.05949316,-6.3,6.822836995));
#1771=VERTEX_POINT('',#1770);
#1772=CARTESIAN_POINT('',(-1.85949316,-6.5,7.022836995));
#1773=DIRECTION('',(-0.577350269,0.577350269,-0.577350269));
#1774=VECTOR('',#1773,3.464101615);
#1775=LINE('',#1772,#1774);
#1776=EDGE_CURVE('',#1210,#1771,#1775,.T.);
#1777=ORIENTED_EDGE('',*,*,#1776,.T.);
#1778=CARTESIAN_POINT('',(-2.05949316,-6.3,39.775603473));
#1779=DIRECTION('',(0.,0.,-1.));
#1780=VECTOR('',#1779,10.);
#1781=LINE('',#1778,#1780);
#1782=EDGE_CURVE('',#1771,#1739,#1781,.T.);
#1783=ORIENTED_EDGE('',*,*,#1782,.T.);
#1784=ORIENTED_EDGE('',*,*,#1744,.F.);
#1785=EDGE_LOOP('',(#1769,#1777,#1783,#1784));
#1786=FACE_BOUND('',#1785,.T.);
#1787=ADVANCED_FACE('',(#1786),#1768,.T.);
#1788=OVER_RIDING_STYLED_ITEM('',(#114),#1787,#26);
#1789=CARTESIAN_POINT('',(-1.27974658,-6.4,6.922836995));
#1790=DIRECTION('',(0.,-0.707106781,-0.707106781));
#1791=DIRECTION('',(-1.,0.,0.));
#1792=AXIS2_PLACEMENT_3D('',#1789,#1790,#1791);
#1793=PLANE('',#1792);
#1794=ORIENTED_EDGE('',*,*,#1215,.T.);
#1795=CARTESIAN_POINT('',(-3.05949316,-6.3,6.822836995));
#1796=VERTEX_POINT('',#1795);
#1797=CARTESIAN_POINT('',(-3.25949316,-6.5,7.022836995));
#1798=DIRECTION('',(0.577350269,0.577350269,-0.577350269));
#1799=VECTOR('',#1798,0.346410162);
#1800=LINE('',#1797,#1799);
#1801=EDGE_CURVE('',#1202,#1796,#1800,.T.);
#1802=ORIENTED_EDGE('',*,*,#1801,.T.);
#1803=CARTESIAN_POINT('',(-19.077212379,-6.3,6.822836995));
#1804=DIRECTION('',(1.,0.,-0.));
#1805=VECTOR('',#1804,10.);
#1806=LINE('',#1803,#1805);
#1807=EDGE_CURVE('',#1796,#1771,#1806,.T.);
#1808=ORIENTED_EDGE('',*,*,#1807,.T.);
#1809=ORIENTED_EDGE('',*,*,#1776,.F.);
#1810=EDGE_LOOP('',(#1794,#1802,#1808,#1809));
#1811=FACE_BOUND('',#1810,.T.);
#1812=ADVANCED_FACE('',(#1811),#1793,.T.);
#1813=OVER_RIDING_STYLED_ITEM('',(#114),#1812,#26);
#1814=CARTESIAN_POINT('',(-3.15949316,-6.4,3.161418498));
#1815=DIRECTION('',(0.707106781,-0.707106781,0.));
#1816=DIRECTION('',(0.,0.,-1.));
#1817=AXIS2_PLACEMENT_3D('',#1814,#1815,#1816);
#1818=PLANE('',#1817);
#1819=ORIENTED_EDGE('',*,*,#1207,.T.);
#1820=ORIENTED_EDGE('',*,*,#1758,.F.);
#1821=CARTESIAN_POINT('',(-3.05949316,-6.3,29.775603473));
#1822=DIRECTION('',(0.,0.,1.));
#1823=VECTOR('',#1822,10.);
#1824=LINE('',#1821,#1823);
#1825=EDGE_CURVE('',#1747,#1796,#1824,.T.);
#1826=ORIENTED_EDGE('',*,*,#1825,.T.);
#1827=ORIENTED_EDGE('',*,*,#1801,.F.);
#1828=EDGE_LOOP('',(#1819,#1820,#1826,#1827));
#1829=FACE_BOUND('',#1828,.T.);
#1830=ADVANCED_FACE('',(#1829),#1818,.T.);
#1831=OVER_RIDING_STYLED_ITEM('',(#114),#1830,#26);
#1832=CARTESIAN_POINT('',(-3.05949316,-6.5,6.322836995));
#1833=DIRECTION('',(-1.,-0.,0.));
#1834=DIRECTION('',(0.,0.,1.));
#1835=AXIS2_PLACEMENT_3D('',#1832,#1833,#1834);
#1836=PLANE('',#1835);
#1837=ORIENTED_EDGE('',*,*,#1825,.F.);
#1838=CARTESIAN_POINT('',(-3.05949316,-1.5,5.822836995));
#1839=VERTEX_POINT('',#1838);
#1840=CARTESIAN_POINT('',(-3.05949316,-4.5,5.822836995));
#1841=DIRECTION('',(-0.,1.,0.));
#1842=VECTOR('',#1841,48.);
#1843=LINE('',#1840,#1842);
#1844=EDGE_CURVE('',#1747,#1839,#1843,.T.);
#1845=ORIENTED_EDGE('',*,*,#1844,.T.);
#1846=CARTESIAN_POINT('',(-3.05949316,-1.5,6.822836995));
#1847=VERTEX_POINT('',#1846);
#1848=CARTESIAN_POINT('',(-3.05949316,-1.5,6.822836995));
#1849=DIRECTION('',(0.,0.,-1.));
#1850=VECTOR('',#1849,10.);
#1851=LINE('',#1848,#1850);
#1852=EDGE_CURVE('',#1847,#1839,#1851,.T.);
#1853=ORIENTED_EDGE('',*,*,#1852,.F.);
#1854=CARTESIAN_POINT('',(-3.05949316,-4.5,6.822836995));
#1855=DIRECTION('',(-0.,1.,0.));
#1856=VECTOR('',#1855,48.);
#1857=LINE('',#1854,#1856);
#1858=EDGE_CURVE('',#1796,#1847,#1857,.T.);
#1859=ORIENTED_EDGE('',*,*,#1858,.F.);
#1860=EDGE_LOOP('',(#1837,#1845,#1853,#1859));
#1861=FACE_BOUND('',#1860,.T.);
#1862=ADVANCED_FACE('',(#1861),#1836,.F.);
#1863=CARTESIAN_POINT('',(-2.55949316,-6.5,5.822836995));
#1864=DIRECTION('',(0.,0.,-1.));
#1865=DIRECTION('',(-1.,0.,0.));
#1866=AXIS2_PLACEMENT_3D('',#1863,#1864,#1865);
#1867=PLANE('',#1866);
#1868=ORIENTED_EDGE('',*,*,#1752,.F.);
#1869=CARTESIAN_POINT('',(-2.05949316,-1.5,5.822836995));
#1870=VERTEX_POINT('',#1869);
#1871=CARTESIAN_POINT('',(-2.05949316,-4.5,5.822836995));
#1872=DIRECTION('',(-0.,1.,0.));
#1873=VECTOR('',#1872,48.);
#1874=LINE('',#1871,#1873);
#1875=EDGE_CURVE('',#1739,#1870,#1874,.T.);
#1876=ORIENTED_EDGE('',*,*,#1875,.T.);
#1877=CARTESIAN_POINT('',(-3.05949316,-1.5,5.822836995));
#1878=DIRECTION('',(1.,0.,-0.));
#1879=VECTOR('',#1878,10.);
#1880=LINE('',#1877,#1879);
#1881=EDGE_CURVE('',#1839,#1870,#1880,.T.);
#1882=ORIENTED_EDGE('',*,*,#1881,.F.);
#1883=ORIENTED_EDGE('',*,*,#1844,.F.);
#1884=EDGE_LOOP('',(#1868,#1876,#1882,#1883));
#1885=FACE_BOUND('',#1884,.T.);
#1886=ADVANCED_FACE('',(#1885),#1867,.F.);
#1887=CARTESIAN_POINT('',(0.439812303,-6.4,3.510708058));
#1888=DIRECTION('',(0.,-0.707106781,0.707106781));
#1889=DIRECTION('',(1.,0.,0.));
#1890=AXIS2_PLACEMENT_3D('',#1887,#1888,#1889);
#1891=PLANE('',#1890);
#1892=ORIENTED_EDGE('',*,*,#1003,.T.);
#1893=CARTESIAN_POINT('',(1.379624605,-6.3,3.610708058));
#1894=VERTEX_POINT('',#1893);
#1895=CARTESIAN_POINT('',(1.579624605,-6.5,3.410708058));
#1896=DIRECTION('',(-0.577350269,0.577350269,0.577350269));
#1897=VECTOR('',#1896,0.346410162);
#1898=LINE('',#1895,#1897);
#1899=EDGE_CURVE('',#998,#1894,#1898,.T.);
#1900=ORIENTED_EDGE('',*,*,#1899,.T.);
#1901=CARTESIAN_POINT('',(0.379624605,-6.3,3.610708058));
#1902=VERTEX_POINT('',#1901);
#1903=CARTESIAN_POINT('',(9.837935328,-6.3,3.610708058));
#1904=DIRECTION('',(-1.,0.,0.));
#1905=VECTOR('',#1904,10.);
#1906=LINE('',#1903,#1905);
#1907=EDGE_CURVE('',#1894,#1902,#1906,.T.);
#1908=ORIENTED_EDGE('',*,*,#1907,.T.);
#1909=CARTESIAN_POINT('',(0.379624605,-6.3,3.610708058));
#1910=DIRECTION('',(-0.577350269,-0.577350269,-0.577350269));
#1911=VECTOR('',#1910,3.464101615);
#1912=LINE('',#1909,#1911);
#1913=EDGE_CURVE('',#1902,#996,#1912,.T.);
#1914=ORIENTED_EDGE('',*,*,#1913,.T.);
#1915=EDGE_LOOP('',(#1892,#1900,#1908,#1914));
#1916=FACE_BOUND('',#1915,.T.);
#1917=ADVANCED_FACE('',(#1916),#1891,.T.);
#1918=OVER_RIDING_STYLED_ITEM('',(#114),#1917,#26);
#1919=CARTESIAN_POINT('',(1.479624605,-6.4,2.055354029));
#1920=DIRECTION('',(-0.707106781,-0.707106781,0.));
#1921=DIRECTION('',(0.,0.,1.));
#1922=AXIS2_PLACEMENT_3D('',#1919,#1920,#1921);
#1923=PLANE('',#1922);
#1924=ORIENTED_EDGE('',*,*,#1025,.T.);
#1925=CARTESIAN_POINT('',(1.379624605,-6.3,4.610708058));
#1926=VERTEX_POINT('',#1925);
#1927=CARTESIAN_POINT('',(1.579624605,-6.5,4.810708058));
#1928=DIRECTION('',(-0.577350269,0.577350269,-0.577350269));
#1929=VECTOR('',#1928,3.464101615);
#1930=LINE('',#1927,#1929);
#1931=EDGE_CURVE('',#1014,#1926,#1930,.T.);
#1932=ORIENTED_EDGE('',*,*,#1931,.T.);
#1933=CARTESIAN_POINT('',(1.379624605,-6.3,27.608894318));
#1934=DIRECTION('',(0.,0.,-1.));
#1935=VECTOR('',#1934,10.);
#1936=LINE('',#1933,#1935);
#1937=EDGE_CURVE('',#1926,#1894,#1936,.T.);
#1938=ORIENTED_EDGE('',*,*,#1937,.T.);
#1939=ORIENTED_EDGE('',*,*,#1899,.F.);
#1940=EDGE_LOOP('',(#1924,#1932,#1938,#1939));
#1941=FACE_BOUND('',#1940,.T.);
#1942=ADVANCED_FACE('',(#1941),#1923,.T.);
#1943=OVER_RIDING_STYLED_ITEM('',(#114),#1942,#26);
#1944=CARTESIAN_POINT('',(0.279624605,-6.4,2.055354029));
#1945=DIRECTION('',(0.707106781,-0.707106781,0.));
#1946=DIRECTION('',(0.,0.,-1.));
#1947=AXIS2_PLACEMENT_3D('',#1944,#1945,#1946);
#1948=PLANE('',#1947);
#1949=ORIENTED_EDGE('',*,*,#1011,.T.);
#1950=ORIENTED_EDGE('',*,*,#1913,.F.);
#1951=CARTESIAN_POINT('',(0.379624605,-6.3,4.610708058));
#1952=VERTEX_POINT('',#1951);
#1953=CARTESIAN_POINT('',(0.379624605,-6.3,17.608894318));
#1954=DIRECTION('',(0.,0.,1.));
#1955=VECTOR('',#1954,10.);
#1956=LINE('',#1953,#1955);
#1957=EDGE_CURVE('',#1902,#1952,#1956,.T.);
#1958=ORIENTED_EDGE('',*,*,#1957,.T.);
#1959=CARTESIAN_POINT('',(0.179624605,-6.5,4.810708058));
#1960=DIRECTION('',(0.577350269,0.577350269,-0.577350269));
#1961=VECTOR('',#1960,0.346410162);
#1962=LINE('',#1959,#1961);
#1963=EDGE_CURVE('',#1006,#1952,#1962,.T.);
#1964=ORIENTED_EDGE('',*,*,#1963,.F.);
#1965=EDGE_LOOP('',(#1949,#1950,#1958,#1964));
#1966=FACE_BOUND('',#1965,.T.);
#1967=ADVANCED_FACE('',(#1966),#1948,.T.);
#1968=OVER_RIDING_STYLED_ITEM('',(#114),#1967,#26);
#1969=CARTESIAN_POINT('',(0.439812303,-6.4,4.710708058));
#1970=DIRECTION('',(0.,-0.707106781,-0.707106781));
#1971=DIRECTION('',(-1.,0.,0.));
#1972=AXIS2_PLACEMENT_3D('',#1969,#1970,#1971);
#1973=PLANE('',#1972);
#1974=ORIENTED_EDGE('',*,*,#1019,.T.);
#1975=ORIENTED_EDGE('',*,*,#1963,.T.);
#1976=CARTESIAN_POINT('',(-0.162064672,-6.3,4.610708058));
#1977=DIRECTION('',(1.,0.,-0.));
#1978=VECTOR('',#1977,10.);
#1979=LINE('',#1976,#1978);
#1980=EDGE_CURVE('',#1952,#1926,#1979,.T.);
#1981=ORIENTED_EDGE('',*,*,#1980,.T.);
#1982=ORIENTED_EDGE('',*,*,#1931,.F.);
#1983=EDGE_LOOP('',(#1974,#1975,#1981,#1982));
#1984=FACE_BOUND('',#1983,.T.);
#1985=ADVANCED_FACE('',(#1984),#1973,.T.);
#1986=OVER_RIDING_STYLED_ITEM('',(#114),#1985,#26);
#1987=CARTESIAN_POINT('',(0.379624605,-6.5,4.110708058));
#1988=DIRECTION('',(-1.,-0.,0.));
#1989=DIRECTION('',(0.,0.,1.));
#1990=AXIS2_PLACEMENT_3D('',#1987,#1988,#1989);
#1991=PLANE('',#1990);
#1992=ORIENTED_EDGE('',*,*,#1957,.F.);
#1993=CARTESIAN_POINT('',(0.379624605,-1.5,3.610708058));
#1994=VERTEX_POINT('',#1993);
#1995=CARTESIAN_POINT('',(0.379624605,-4.5,3.610708058));
#1996=DIRECTION('',(-0.,1.,0.));
#1997=VECTOR('',#1996,48.);
#1998=LINE('',#1995,#1997);
#1999=EDGE_CURVE('',#1902,#1994,#1998,.T.);
#2000=ORIENTED_EDGE('',*,*,#1999,.T.);
#2001=CARTESIAN_POINT('',(0.379624605,-1.5,4.610708058));
#2002=VERTEX_POINT('',#2001);
#2003=CARTESIAN_POINT('',(0.379624605,-1.5,4.610708058));
#2004=DIRECTION('',(0.,0.,-1.));
#2005=VECTOR('',#2004,10.);
#2006=LINE('',#2003,#2005);
#2007=EDGE_CURVE('',#2002,#1994,#2006,.T.);
#2008=ORIENTED_EDGE('',*,*,#2007,.F.);
#2009=CARTESIAN_POINT('',(0.379624605,-4.5,4.610708058));
#2010=DIRECTION('',(-0.,1.,0.));
#2011=VECTOR('',#2010,48.);
#2012=LINE('',#2009,#2011);
#2013=EDGE_CURVE('',#1952,#2002,#2012,.T.);
#2014=ORIENTED_EDGE('',*,*,#2013,.F.);
#2015=EDGE_LOOP('',(#1992,#2000,#2008,#2014));
#2016=FACE_BOUND('',#2015,.T.);
#2017=ADVANCED_FACE('',(#2016),#1991,.F.);
#2018=CARTESIAN_POINT('',(0.879624605,-6.5,3.610708058));
#2019=DIRECTION('',(0.,0.,-1.));
#2020=DIRECTION('',(-1.,0.,0.));
#2021=AXIS2_PLACEMENT_3D('',#2018,#2019,#2020);
#2022=PLANE('',#2021);
#2023=ORIENTED_EDGE('',*,*,#1907,.F.);
#2024=CARTESIAN_POINT('',(1.379624605,-1.5,3.610708058));
#2025=VERTEX_POINT('',#2024);
#2026=CARTESIAN_POINT('',(1.379624605,-4.5,3.610708058));
#2027=DIRECTION('',(-0.,1.,0.));
#2028=VECTOR('',#2027,48.);
#2029=LINE('',#2026,#2028);
#2030=EDGE_CURVE('',#1894,#2025,#2029,.T.);
#2031=ORIENTED_EDGE('',*,*,#2030,.T.);
#2032=CARTESIAN_POINT('',(0.379624605,-1.5,3.610708058));
#2033=DIRECTION('',(1.,0.,-0.));
#2034=VECTOR('',#2033,10.);
#2035=LINE('',#2032,#2034);
#2036=EDGE_CURVE('',#1994,#2025,#2035,.T.);
#2037=ORIENTED_EDGE('',*,*,#2036,.F.);
#2038=ORIENTED_EDGE('',*,*,#1999,.F.);
#2039=EDGE_LOOP('',(#2023,#2031,#2037,#2038));
#2040=FACE_BOUND('',#2039,.T.);
#2041=ADVANCED_FACE('',(#2040),#2022,.F.);
#2042=CARTESIAN_POINT('',(-0.484054744,-6.4,3.510708058));
#2043=DIRECTION('',(0.,-0.707106781,0.707106781));
#2044=DIRECTION('',(1.,0.,0.));
#2045=AXIS2_PLACEMENT_3D('',#2042,#2043,#2044);
#2046=PLANE('',#2045);
#2047=ORIENTED_EDGE('',*,*,#1165,.T.);
#2048=CARTESIAN_POINT('',(-0.468109488,-6.3,3.610708058));
#2049=VERTEX_POINT('',#2048);
#2050=CARTESIAN_POINT('',(-0.268109488,-6.5,3.410708058));
#2051=DIRECTION('',(-0.577350269,0.577350269,0.577350269));
#2052=VECTOR('',#2051,0.346410162);
#2053=LINE('',#2050,#2052);
#2054=EDGE_CURVE('',#1160,#2049,#2053,.T.);
#2055=ORIENTED_EDGE('',*,*,#2054,.T.);
#2056=CARTESIAN_POINT('',(-1.468109488,-6.3,3.610708058));
#2057=VERTEX_POINT('',#2056);
#2058=CARTESIAN_POINT('',(-0.324602187,-6.3,3.610708058));
#2059=DIRECTION('',(-1.,0.,0.));
#2060=VECTOR('',#2059,10.);
#2061=LINE('',#2058,#2060);
#2062=EDGE_CURVE('',#2049,#2057,#2061,.T.);
#2063=ORIENTED_EDGE('',*,*,#2062,.T.);
#2064=CARTESIAN_POINT('',(-1.468109488,-6.3,3.610708058));
#2065=DIRECTION('',(-0.577350269,-0.577350269,-0.577350269));
#2066=VECTOR('',#2065,0.346410162);
#2067=LINE('',#2064,#2066);
#2068=EDGE_CURVE('',#2057,#1158,#2067,.T.);
#2069=ORIENTED_EDGE('',*,*,#2068,.T.);
#2070=EDGE_LOOP('',(#2047,#2055,#2063,#2069));
#2071=FACE_BOUND('',#2070,.T.);
#2072=ADVANCED_FACE('',(#2071),#2046,.T.);
#2073=OVER_RIDING_STYLED_ITEM('',(#114),#2072,#26);
#2074=CARTESIAN_POINT('',(-0.368109488,-6.4,2.055354029));
#2075=DIRECTION('',(-0.707106781,-0.707106781,0.));
#2076=DIRECTION('',(0.,0.,1.));
#2077=AXIS2_PLACEMENT_3D('',#2074,#2075,#2076);
#2078=PLANE('',#2077);
#2079=ORIENTED_EDGE('',*,*,#1187,.T.);
#2080=CARTESIAN_POINT('',(-0.468109488,-6.3,4.610708058));
#2081=VERTEX_POINT('',#2080);
#2082=CARTESIAN_POINT('',(-0.268109488,-6.5,4.810708058));
#2083=DIRECTION('',(-0.577350269,0.577350269,-0.577350269));
#2084=VECTOR('',#2083,3.464101615);
#2085=LINE('',#2082,#2084);
#2086=EDGE_CURVE('',#1176,#2081,#2085,.T.);
#2087=ORIENTED_EDGE('',*,*,#2086,.T.);
#2088=CARTESIAN_POINT('',(-0.468109488,-6.3,27.608894318));
#2089=DIRECTION('',(0.,0.,-1.));
#2090=VECTOR('',#2089,10.);
#2091=LINE('',#2088,#2090);
#2092=EDGE_CURVE('',#2081,#2049,#2091,.T.);
#2093=ORIENTED_EDGE('',*,*,#2092,.T.);
#2094=ORIENTED_EDGE('',*,*,#2054,.F.);
#2095=EDGE_LOOP('',(#2079,#2087,#2093,#2094));
#2096=FACE_BOUND('',#2095,.T.);
#2097=ADVANCED_FACE('',(#2096),#2078,.T.);
#2098=OVER_RIDING_STYLED_ITEM('',(#114),#2097,#26);
#2099=CARTESIAN_POINT('',(-1.568109488,-6.4,2.055354029));
#2100=DIRECTION('',(0.707106781,-0.707106781,0.));
#2101=DIRECTION('',(0.,0.,-1.));
#2102=AXIS2_PLACEMENT_3D('',#2099,#2100,#2101);
#2103=PLANE('',#2102);
#2104=ORIENTED_EDGE('',*,*,#1173,.T.);
#2105=ORIENTED_EDGE('',*,*,#2068,.F.);
#2106=CARTESIAN_POINT('',(-1.468109488,-6.3,4.610708058));
#2107=VERTEX_POINT('',#2106);
#2108=CARTESIAN_POINT('',(-1.468109488,-6.3,17.608894318));
#2109=DIRECTION('',(0.,0.,1.));
#2110=VECTOR('',#2109,10.);
#2111=LINE('',#2108,#2110);
#2112=EDGE_CURVE('',#2057,#2107,#2111,.T.);
#2113=ORIENTED_EDGE('',*,*,#2112,.T.);
#2114=CARTESIAN_POINT('',(-1.668109488,-6.5,4.810708058));
#2115=DIRECTION('',(0.577350269,0.577350269,-0.577350269));
#2116=VECTOR('',#2115,3.464101615);
#2117=LINE('',#2114,#2116);
#2118=EDGE_CURVE('',#1168,#2107,#2117,.T.);
#2119=ORIENTED_EDGE('',*,*,#2118,.F.);
#2120=EDGE_LOOP('',(#2104,#2105,#2113,#2119));
#2121=FACE_BOUND('',#2120,.T.);
#2122=ADVANCED_FACE('',(#2121),#2103,.T.);
#2123=OVER_RIDING_STYLED_ITEM('',(#114),#2122,#26);
#2124=CARTESIAN_POINT('',(-0.484054744,-6.4,4.710708058));
#2125=DIRECTION('',(0.,-0.707106781,-0.707106781));
#2126=DIRECTION('',(-1.,0.,0.));
#2127=AXIS2_PLACEMENT_3D('',#2124,#2125,#2126);
#2128=PLANE('',#2127);
#2129=ORIENTED_EDGE('',*,*,#1181,.T.);
#2130=ORIENTED_EDGE('',*,*,#2118,.T.);
#2131=CARTESIAN_POINT('',(-10.324602187,-6.3,4.610708058));
#2132=DIRECTION('',(1.,0.,-0.));
#2133=VECTOR('',#2132,10.);
#2134=LINE('',#2131,#2133);
#2135=EDGE_CURVE('',#2107,#2081,#2134,.T.);
#2136=ORIENTED_EDGE('',*,*,#2135,.T.);
#2137=ORIENTED_EDGE('',*,*,#2086,.F.);
#2138=EDGE_LOOP('',(#2129,#2130,#2136,#2137));
#2139=FACE_BOUND('',#2138,.T.);
#2140=ADVANCED_FACE('',(#2139),#2128,.T.);
#2141=OVER_RIDING_STYLED_ITEM('',(#114),#2140,#26);
#2142=CARTESIAN_POINT('',(-1.468109488,-6.5,4.110708058));
#2143=DIRECTION('',(-1.,-0.,0.));
#2144=DIRECTION('',(0.,0.,1.));
#2145=AXIS2_PLACEMENT_3D('',#2142,#2143,#2144);
#2146=PLANE('',#2145);
#2147=ORIENTED_EDGE('',*,*,#2112,.F.);
#2148=CARTESIAN_POINT('',(-1.468109488,-1.5,3.610708058));
#2149=VERTEX_POINT('',#2148);
#2150=CARTESIAN_POINT('',(-1.468109488,-4.5,3.610708058));
#2151=DIRECTION('',(-0.,1.,0.));
#2152=VECTOR('',#2151,48.);
#2153=LINE('',#2150,#2152);
#2154=EDGE_CURVE('',#2057,#2149,#2153,.T.);
#2155=ORIENTED_EDGE('',*,*,#2154,.T.);
#2156=CARTESIAN_POINT('',(-1.468109488,-1.5,4.610708058));
#2157=VERTEX_POINT('',#2156);
#2158=CARTESIAN_POINT('',(-1.468109488,-1.5,4.610708058));
#2159=DIRECTION('',(0.,0.,-1.));
#2160=VECTOR('',#2159,10.);
#2161=LINE('',#2158,#2160);
#2162=EDGE_CURVE('',#2157,#2149,#2161,.T.);
#2163=ORIENTED_EDGE('',*,*,#2162,.F.);
#2164=CARTESIAN_POINT('',(-1.468109488,-4.5,4.610708058));
#2165=DIRECTION('',(-0.,1.,0.));
#2166=VECTOR('',#2165,48.);
#2167=LINE('',#2164,#2166);
#2168=EDGE_CURVE('',#2107,#2157,#2167,.T.);
#2169=ORIENTED_EDGE('',*,*,#2168,.F.);
#2170=EDGE_LOOP('',(#2147,#2155,#2163,#2169));
#2171=FACE_BOUND('',#2170,.T.);
#2172=ADVANCED_FACE('',(#2171),#2146,.F.);
#2173=CARTESIAN_POINT('',(-0.968109488,-6.5,3.610708058));
#2174=DIRECTION('',(0.,0.,-1.));
#2175=DIRECTION('',(-1.,0.,0.));
#2176=AXIS2_PLACEMENT_3D('',#2173,#2174,#2175);
#2177=PLANE('',#2176);
#2178=ORIENTED_EDGE('',*,*,#2062,.F.);
#2179=CARTESIAN_POINT('',(-0.468109488,-1.5,3.610708058));
#2180=VERTEX_POINT('',#2179);
#2181=CARTESIAN_POINT('',(-0.468109488,-4.5,3.610708058));
#2182=DIRECTION('',(-0.,1.,0.));
#2183=VECTOR('',#2182,48.);
#2184=LINE('',#2181,#2183);
#2185=EDGE_CURVE('',#2049,#2180,#2184,.T.);
#2186=ORIENTED_EDGE('',*,*,#2185,.T.);
#2187=CARTESIAN_POINT('',(-1.468109488,-1.5,3.610708058));
#2188=DIRECTION('',(1.,0.,-0.));
#2189=VECTOR('',#2188,10.);
#2190=LINE('',#2187,#2189);
#2191=EDGE_CURVE('',#2149,#2180,#2190,.T.);
#2192=ORIENTED_EDGE('',*,*,#2191,.F.);
#2193=ORIENTED_EDGE('',*,*,#2154,.F.);
#2194=EDGE_LOOP('',(#2178,#2186,#2192,#2193));
#2195=FACE_BOUND('',#2194,.T.);
#2196=ADVANCED_FACE('',(#2195),#2177,.F.);
#2197=CARTESIAN_POINT('',(-1.572004982,-6.5,8.040207148));
#2198=DIRECTION('',(1.,0.,0.));
#2199=DIRECTION('',(0.,0.,-1.));
#2200=AXIS2_PLACEMENT_3D('',#2197,#2198,#2199);
#2201=PLANE('',#2200);
#2202=ORIENTED_EDGE('',*,*,#805,.F.);
#2203=CARTESIAN_POINT('',(-1.572004982,-1.5,8.540207148));
#2204=VERTEX_POINT('',#2203);
#2205=CARTESIAN_POINT('',(-1.572004982,-4.5,8.540207148));
#2206=DIRECTION('',(-0.,1.,0.));
#2207=VECTOR('',#2206,48.);
#2208=LINE('',#2205,#2207);
#2209=EDGE_CURVE('',#794,#2204,#2208,.T.);
#2210=ORIENTED_EDGE('',*,*,#2209,.T.);
#2211=CARTESIAN_POINT('',(-1.572004982,-1.5,7.540207148));
#2212=DIRECTION('',(0.,0.,1.));
#2213=VECTOR('',#2212,10.);
#2214=LINE('',#2211,#2213);
#2215=EDGE_CURVE('',#905,#2204,#2214,.T.);
#2216=ORIENTED_EDGE('',*,*,#2215,.F.);
#2217=ORIENTED_EDGE('',*,*,#910,.F.);
#2218=EDGE_LOOP('',(#2202,#2210,#2216,#2217));
#2219=FACE_BOUND('',#2218,.T.);
#2220=ADVANCED_FACE('',(#2219),#2201,.F.);
#2221=CARTESIAN_POINT('',(-2.072004982,-6.5,8.540207148));
#2222=DIRECTION('',(0.,0.,1.));
#2223=DIRECTION('',(1.,0.,0.));
#2224=AXIS2_PLACEMENT_3D('',#2221,#2222,#2223);
#2225=PLANE('',#2224);
#2226=ORIENTED_EDGE('',*,*,#837,.F.);
#2227=ORIENTED_EDGE('',*,*,#893,.T.);
#2228=CARTESIAN_POINT('',(-1.572004982,-1.5,8.540207148));
#2229=DIRECTION('',(-1.,0.,0.));
#2230=VECTOR('',#2229,10.);
#2231=LINE('',#2228,#2230);
#2232=EDGE_CURVE('',#2204,#882,#2231,.T.);
#2233=ORIENTED_EDGE('',*,*,#2232,.F.);
#2234=ORIENTED_EDGE('',*,*,#2209,.F.);
#2235=EDGE_LOOP('',(#2226,#2227,#2233,#2234));
#2236=FACE_BOUND('',#2235,.T.);
#2237=ADVANCED_FACE('',(#2236),#2225,.F.);
#2238=CARTESIAN_POINT('',(-2.072004982,-1.5,8.040207148));
#2239=DIRECTION('',(-0.,1.,-0.));
#2240=DIRECTION('',(0.,0.,1.));
#2241=AXIS2_PLACEMENT_3D('',#2238,#2239,#2240);
#2242=PLANE('',#2241);
#2243=ORIENTED_EDGE('',*,*,#916,.T.);
#2244=ORIENTED_EDGE('',*,*,#2215,.T.);
#2245=ORIENTED_EDGE('',*,*,#2232,.T.);
#2246=ORIENTED_EDGE('',*,*,#887,.T.);
#2247=EDGE_LOOP('',(#2243,#2244,#2245,#2246));
#2248=FACE_BOUND('',#2247,.T.);
#2249=ADVANCED_FACE('',(#2248),#2242,.F.);
#2250=CARTESIAN_POINT('',(2.709222753,-6.5,8.040207148));
#2251=DIRECTION('',(1.,0.,0.));
#2252=DIRECTION('',(0.,0.,-1.));
#2253=AXIS2_PLACEMENT_3D('',#2250,#2251,#2252);
#2254=PLANE('',#2253);
#2255=ORIENTED_EDGE('',*,*,#1472,.F.);
#2256=CARTESIAN_POINT('',(2.709222753,-1.5,8.540207148));
#2257=VERTEX_POINT('',#2256);
#2258=CARTESIAN_POINT('',(2.709222753,-4.5,8.540207148));
#2259=DIRECTION('',(-0.,1.,0.));
#2260=VECTOR('',#2259,48.);
#2261=LINE('',#2258,#2260);
#2262=EDGE_CURVE('',#1461,#2257,#2261,.T.);
#2263=ORIENTED_EDGE('',*,*,#2262,.T.);
#2264=CARTESIAN_POINT('',(2.709222753,-1.5,7.540207148));
#2265=DIRECTION('',(0.,0.,1.));
#2266=VECTOR('',#2265,10.);
#2267=LINE('',#2264,#2266);
#2268=EDGE_CURVE('',#1560,#2257,#2267,.T.);
#2269=ORIENTED_EDGE('',*,*,#2268,.F.);
#2270=ORIENTED_EDGE('',*,*,#1565,.F.);
#2271=EDGE_LOOP('',(#2255,#2263,#2269,#2270));
#2272=FACE_BOUND('',#2271,.T.);
#2273=ADVANCED_FACE('',(#2272),#2254,.F.);
#2274=CARTESIAN_POINT('',(2.209222753,-6.5,8.540207148));
#2275=DIRECTION('',(0.,0.,1.));
#2276=DIRECTION('',(1.,0.,0.));
#2277=AXIS2_PLACEMENT_3D('',#2274,#2275,#2276);
#2278=PLANE('',#2277);
#2279=ORIENTED_EDGE('',*,*,#1497,.F.);
#2280=ORIENTED_EDGE('',*,*,#1548,.T.);
#2281=CARTESIAN_POINT('',(2.709222753,-1.5,8.540207148));
#2282=DIRECTION('',(-1.,0.,0.));
#2283=VECTOR('',#2282,10.);
#2284=LINE('',#2281,#2283);
#2285=EDGE_CURVE('',#2257,#1537,#2284,.T.);
#2286=ORIENTED_EDGE('',*,*,#2285,.F.);
#2287=ORIENTED_EDGE('',*,*,#2262,.F.);
#2288=EDGE_LOOP('',(#2279,#2280,#2286,#2287));
#2289=FACE_BOUND('',#2288,.T.);
#2290=ADVANCED_FACE('',(#2289),#2278,.F.);
#2291=CARTESIAN_POINT('',(2.209222753,-1.5,8.040207148));
#2292=DIRECTION('',(-0.,1.,-0.));
#2293=DIRECTION('',(0.,0.,1.));
#2294=AXIS2_PLACEMENT_3D('',#2291,#2292,#2293);
#2295=PLANE('',#2294);
#2296=ORIENTED_EDGE('',*,*,#1571,.T.);
#2297=ORIENTED_EDGE('',*,*,#2268,.T.);
#2298=ORIENTED_EDGE('',*,*,#2285,.T.);
#2299=ORIENTED_EDGE('',*,*,#1542,.T.);
#2300=EDGE_LOOP('',(#2296,#2297,#2298,#2299));
#2301=FACE_BOUND('',#2300,.T.);
#2302=ADVANCED_FACE('',(#2301),#2295,.F.);
#2303=CARTESIAN_POINT('',(3.049000556,-6.5,6.322836995));
#2304=DIRECTION('',(1.,0.,0.));
#2305=DIRECTION('',(0.,0.,-1.));
#2306=AXIS2_PLACEMENT_3D('',#2303,#2304,#2305);
#2307=PLANE('',#2306);
#2308=ORIENTED_EDGE('',*,*,#1627,.F.);
#2309=CARTESIAN_POINT('',(3.049000556,-1.5,6.822836995));
#2310=VERTEX_POINT('',#2309);
#2311=CARTESIAN_POINT('',(3.049000556,-4.5,6.822836995));
#2312=DIRECTION('',(-0.,1.,0.));
#2313=VECTOR('',#2312,48.);
#2314=LINE('',#2311,#2313);
#2315=EDGE_CURVE('',#1616,#2310,#2314,.T.);
#2316=ORIENTED_EDGE('',*,*,#2315,.T.);
#2317=CARTESIAN_POINT('',(3.049000556,-1.5,5.822836995));
#2318=DIRECTION('',(0.,0.,1.));
#2319=VECTOR('',#2318,10.);
#2320=LINE('',#2317,#2319);
#2321=EDGE_CURVE('',#1715,#2310,#2320,.T.);
#2322=ORIENTED_EDGE('',*,*,#2321,.F.);
#2323=ORIENTED_EDGE('',*,*,#1720,.F.);
#2324=EDGE_LOOP('',(#2308,#2316,#2322,#2323));
#2325=FACE_BOUND('',#2324,.T.);
#2326=ADVANCED_FACE('',(#2325),#2307,.F.);
#2327=CARTESIAN_POINT('',(2.549000556,-6.5,6.822836995));
#2328=DIRECTION('',(0.,0.,1.));
#2329=DIRECTION('',(1.,0.,0.));
#2330=AXIS2_PLACEMENT_3D('',#2327,#2328,#2329);
#2331=PLANE('',#2330);
#2332=ORIENTED_EDGE('',*,*,#1652,.F.);
#2333=ORIENTED_EDGE('',*,*,#1703,.T.);
#2334=CARTESIAN_POINT('',(3.049000556,-1.5,6.822836995));
#2335=DIRECTION('',(-1.,0.,0.));
#2336=VECTOR('',#2335,10.);
#2337=LINE('',#2334,#2336);
#2338=EDGE_CURVE('',#2310,#1692,#2337,.T.);
#2339=ORIENTED_EDGE('',*,*,#2338,.F.);
#2340=ORIENTED_EDGE('',*,*,#2315,.F.);
#2341=EDGE_LOOP('',(#2332,#2333,#2339,#2340));
#2342=FACE_BOUND('',#2341,.T.);
#2343=ADVANCED_FACE('',(#2342),#2331,.F.);
#2344=CARTESIAN_POINT('',(2.549000556,-1.5,6.322836995));
#2345=DIRECTION('',(0.,1.,0.));
#2346=DIRECTION('',(0.,-0.,1.));
#2347=AXIS2_PLACEMENT_3D('',#2344,#2345,#2346);
#2348=PLANE('',#2347);
#2349=ORIENTED_EDGE('',*,*,#1726,.T.);
#2350=ORIENTED_EDGE('',*,*,#2321,.T.);
#2351=ORIENTED_EDGE('',*,*,#2338,.T.);
#2352=ORIENTED_EDGE('',*,*,#1697,.T.);
#2353=EDGE_LOOP('',(#2349,#2350,#2351,#2352));
#2354=FACE_BOUND('',#2353,.T.);
#2355=ADVANCED_FACE('',(#2354),#2348,.F.);
#2356=CARTESIAN_POINT('',(1.379624605,-6.5,4.110708058));
#2357=DIRECTION('',(1.,0.,0.));
#2358=DIRECTION('',(0.,0.,-1.));
#2359=AXIS2_PLACEMENT_3D('',#2356,#2357,#2358);
#2360=PLANE('',#2359);
#2361=ORIENTED_EDGE('',*,*,#1937,.F.);
#2362=CARTESIAN_POINT('',(1.379624605,-1.5,4.610708058));
#2363=VERTEX_POINT('',#2362);
#2364=CARTESIAN_POINT('',(1.379624605,-4.5,4.610708058));
#2365=DIRECTION('',(-0.,1.,0.));
#2366=VECTOR('',#2365,48.);
#2367=LINE('',#2364,#2366);
#2368=EDGE_CURVE('',#1926,#2363,#2367,.T.);
#2369=ORIENTED_EDGE('',*,*,#2368,.T.);
#2370=CARTESIAN_POINT('',(1.379624605,-1.5,3.610708058));
#2371=DIRECTION('',(0.,0.,1.));
#2372=VECTOR('',#2371,10.);
#2373=LINE('',#2370,#2372);
#2374=EDGE_CURVE('',#2025,#2363,#2373,.T.);
#2375=ORIENTED_EDGE('',*,*,#2374,.F.);
#2376=ORIENTED_EDGE('',*,*,#2030,.F.);
#2377=EDGE_LOOP('',(#2361,#2369,#2375,#2376));
#2378=FACE_BOUND('',#2377,.T.);
#2379=ADVANCED_FACE('',(#2378),#2360,.F.);
#2380=CARTESIAN_POINT('',(0.879624605,-6.5,4.610708058));
#2381=DIRECTION('',(0.,0.,1.));
#2382=DIRECTION('',(1.,0.,0.));
#2383=AXIS2_PLACEMENT_3D('',#2380,#2381,#2382);
#2384=PLANE('',#2383);
#2385=ORIENTED_EDGE('',*,*,#1980,.F.);
#2386=ORIENTED_EDGE('',*,*,#2013,.T.);
#2387=CARTESIAN_POINT('',(1.379624605,-1.5,4.610708058));
#2388=DIRECTION('',(-1.,0.,0.));
#2389=VECTOR('',#2388,10.);
#2390=LINE('',#2387,#2389);
#2391=EDGE_CURVE('',#2363,#2002,#2390,.T.);
#2392=ORIENTED_EDGE('',*,*,#2391,.F.);
#2393=ORIENTED_EDGE('',*,*,#2368,.F.);
#2394=EDGE_LOOP('',(#2385,#2386,#2392,#2393));
#2395=FACE_BOUND('',#2394,.T.);
#2396=ADVANCED_FACE('',(#2395),#2384,.F.);
#2397=CARTESIAN_POINT('',(0.879624605,-1.5,4.110708058));
#2398=DIRECTION('',(0.,1.,0.));
#2399=DIRECTION('',(0.,-0.,1.));
#2400=AXIS2_PLACEMENT_3D('',#2397,#2398,#2399);
#2401=PLANE('',#2400);
#2402=ORIENTED_EDGE('',*,*,#2036,.T.);
#2403=ORIENTED_EDGE('',*,*,#2374,.T.);
#2404=ORIENTED_EDGE('',*,*,#2391,.T.);
#2405=ORIENTED_EDGE('',*,*,#2007,.T.);
#2406=EDGE_LOOP('',(#2402,#2403,#2404,#2405));
#2407=FACE_BOUND('',#2406,.T.);
#2408=ADVANCED_FACE('',(#2407),#2401,.F.);
#2409=CARTESIAN_POINT('',(0.,-6.5,6.068826914));
#2410=DIRECTION('',(0.,0.,-1.));
#2411=DIRECTION('',(-1.,0.,0.));
#2412=AXIS2_PLACEMENT_3D('',#2409,#2410,#2411);
#2413=PLANE('',#2412);
#2414=CARTESIAN_POINT('',(-1.,-1.5,6.068826914));
#2415=VERTEX_POINT('',#2414);
#2416=CARTESIAN_POINT('',(1.,-1.5,6.068826914));
#2417=VERTEX_POINT('',#2416);
#2418=CARTESIAN_POINT('',(-1.,-1.5,6.068826914));
#2419=DIRECTION('',(1.,0.,-0.));
#2420=VECTOR('',#2419,20.);
#2421=LINE('',#2418,#2420);
#2422=EDGE_CURVE('',#2415,#2417,#2421,.T.);
#2423=ORIENTED_EDGE('',*,*,#2422,.F.);
#2424=CARTESIAN_POINT('',(-1.,-6.5,6.068826914));
#2425=DIRECTION('',(-0.,1.,0.));
#2426=VECTOR('',#2425,50.);
#2427=LINE('',#2424,#2426);
#2428=EDGE_CURVE('',#1126,#2415,#2427,.T.);
#2429=ORIENTED_EDGE('',*,*,#2428,.F.);
#2430=ORIENTED_EDGE('',*,*,#1131,.F.);
#2431=CARTESIAN_POINT('',(1.,-6.5,6.068826914));
#2432=DIRECTION('',(-0.,1.,0.));
#2433=VECTOR('',#2432,50.);
#2434=LINE('',#2431,#2433);
#2435=EDGE_CURVE('',#1124,#2417,#2434,.T.);
#2436=ORIENTED_EDGE('',*,*,#2435,.T.);
#2437=EDGE_LOOP('',(#2423,#2429,#2430,#2436));
#2438=FACE_BOUND('',#2437,.T.);
#2439=ADVANCED_FACE('',(#2438),#2413,.F.);
#2440=CARTESIAN_POINT('',(1.,-6.5,6.568826914));
#2441=DIRECTION('',(1.,0.,0.));
#2442=DIRECTION('',(0.,0.,-1.));
#2443=AXIS2_PLACEMENT_3D('',#2440,#2441,#2442);
#2444=PLANE('',#2443);
#2445=CARTESIAN_POINT('',(1.,-1.5,7.068826914));
#2446=VERTEX_POINT('',#2445);
#2447=CARTESIAN_POINT('',(1.,-1.5,6.068826914));
#2448=DIRECTION('',(0.,0.,1.));
#2449=VECTOR('',#2448,10.);
#2450=LINE('',#2447,#2449);
#2451=EDGE_CURVE('',#2417,#2446,#2450,.T.);
#2452=ORIENTED_EDGE('',*,*,#2451,.F.);
#2453=ORIENTED_EDGE('',*,*,#2435,.F.);
#2454=ORIENTED_EDGE('',*,*,#1153,.F.);
#2455=CARTESIAN_POINT('',(1.,-6.5,7.068826914));
#2456=DIRECTION('',(-0.,1.,0.));
#2457=VECTOR('',#2456,50.);
#2458=LINE('',#2455,#2457);
#2459=EDGE_CURVE('',#1142,#2446,#2458,.T.);
#2460=ORIENTED_EDGE('',*,*,#2459,.T.);
#2461=EDGE_LOOP('',(#2452,#2453,#2454,#2460));
#2462=FACE_BOUND('',#2461,.T.);
#2463=ADVANCED_FACE('',(#2462),#2444,.F.);
#2464=CARTESIAN_POINT('',(-0.,-6.5,7.068826914));
#2465=DIRECTION('',(0.,0.,1.));
#2466=DIRECTION('',(1.,0.,0.));
#2467=AXIS2_PLACEMENT_3D('',#2464,#2465,#2466);
#2468=PLANE('',#2467);
#2469=CARTESIAN_POINT('',(-1.,-1.5,7.068826914));
#2470=VERTEX_POINT('',#2469);
#2471=CARTESIAN_POINT('',(1.,-1.5,7.068826914));
#2472=DIRECTION('',(-1.,0.,0.));
#2473=VECTOR('',#2472,20.);
#2474=LINE('',#2471,#2473);
#2475=EDGE_CURVE('',#2446,#2470,#2474,.T.);
#2476=ORIENTED_EDGE('',*,*,#2475,.F.);
#2477=ORIENTED_EDGE('',*,*,#2459,.F.);
#2478=ORIENTED_EDGE('',*,*,#1147,.F.);
#2479=CARTESIAN_POINT('',(-1.,-6.5,7.068826914));
#2480=DIRECTION('',(-0.,1.,0.));
#2481=VECTOR('',#2480,50.);
#2482=LINE('',#2479,#2481);
#2483=EDGE_CURVE('',#1134,#2470,#2482,.T.);
#2484=ORIENTED_EDGE('',*,*,#2483,.T.);
#2485=EDGE_LOOP('',(#2476,#2477,#2478,#2484));
#2486=FACE_BOUND('',#2485,.T.);
#2487=ADVANCED_FACE('',(#2486),#2468,.F.);
#2488=CARTESIAN_POINT('',(-1.,-6.5,6.568826914));
#2489=DIRECTION('',(-1.,-0.,-0.));
#2490=DIRECTION('',(-0.,0.,1.));
#2491=AXIS2_PLACEMENT_3D('',#2488,#2489,#2490);
#2492=PLANE('',#2491);
#2493=CARTESIAN_POINT('',(-1.,-1.5,7.068826914));
#2494=DIRECTION('',(0.,0.,-1.));
#2495=VECTOR('',#2494,10.);
#2496=LINE('',#2493,#2495);
#2497=EDGE_CURVE('',#2470,#2415,#2496,.T.);
#2498=ORIENTED_EDGE('',*,*,#2497,.F.);
#2499=ORIENTED_EDGE('',*,*,#2483,.F.);
#2500=ORIENTED_EDGE('',*,*,#1139,.F.);
#2501=ORIENTED_EDGE('',*,*,#2428,.T.);
#2502=EDGE_LOOP('',(#2498,#2499,#2500,#2501));
#2503=FACE_BOUND('',#2502,.T.);
#2504=ADVANCED_FACE('',(#2503),#2492,.F.);
#2505=CARTESIAN_POINT('',(-0.,-1.5,6.568826914));
#2506=DIRECTION('',(0.,1.,-0.));
#2507=DIRECTION('',(0.,0.,1.));
#2508=AXIS2_PLACEMENT_3D('',#2505,#2506,#2507);
#2509=PLANE('',#2508);
#2510=ORIENTED_EDGE('',*,*,#2422,.T.);
#2511=ORIENTED_EDGE('',*,*,#2451,.T.);
#2512=ORIENTED_EDGE('',*,*,#2475,.T.);
#2513=ORIENTED_EDGE('',*,*,#2497,.T.);
#2514=EDGE_LOOP('',(#2510,#2511,#2512,#2513));
#2515=FACE_BOUND('',#2514,.T.);
#2516=ADVANCED_FACE('',(#2515),#2509,.F.);
#2517=CARTESIAN_POINT('',(-0.468109488,-6.5,4.110708058));
#2518=DIRECTION('',(1.,0.,0.));
#2519=DIRECTION('',(0.,0.,-1.));
#2520=AXIS2_PLACEMENT_3D('',#2517,#2518,#2519);
#2521=PLANE('',#2520);
#2522=ORIENTED_EDGE('',*,*,#2092,.F.);
#2523=CARTESIAN_POINT('',(-0.468109488,-1.5,4.610708058));
#2524=VERTEX_POINT('',#2523);
#2525=CARTESIAN_POINT('',(-0.468109488,-4.5,4.610708058));
#2526=DIRECTION('',(-0.,1.,0.));
#2527=VECTOR('',#2526,48.);
#2528=LINE('',#2525,#2527);
#2529=EDGE_CURVE('',#2081,#2524,#2528,.T.);
#2530=ORIENTED_EDGE('',*,*,#2529,.T.);
#2531=CARTESIAN_POINT('',(-0.468109488,-1.5,3.610708058));
#2532=DIRECTION('',(0.,0.,1.));
#2533=VECTOR('',#2532,10.);
#2534=LINE('',#2531,#2533);
#2535=EDGE_CURVE('',#2180,#2524,#2534,.T.);
#2536=ORIENTED_EDGE('',*,*,#2535,.F.);
#2537=ORIENTED_EDGE('',*,*,#2185,.F.);
#2538=EDGE_LOOP('',(#2522,#2530,#2536,#2537));
#2539=FACE_BOUND('',#2538,.T.);
#2540=ADVANCED_FACE('',(#2539),#2521,.F.);
#2541=CARTESIAN_POINT('',(-0.968109488,-6.5,4.610708058));
#2542=DIRECTION('',(0.,0.,1.));
#2543=DIRECTION('',(1.,0.,0.));
#2544=AXIS2_PLACEMENT_3D('',#2541,#2542,#2543);
#2545=PLANE('',#2544);
#2546=ORIENTED_EDGE('',*,*,#2135,.F.);
#2547=ORIENTED_EDGE('',*,*,#2168,.T.);
#2548=CARTESIAN_POINT('',(-0.468109488,-1.5,4.610708058));
#2549=DIRECTION('',(-1.,0.,0.));
#2550=VECTOR('',#2549,10.);
#2551=LINE('',#2548,#2550);
#2552=EDGE_CURVE('',#2524,#2157,#2551,.T.);
#2553=ORIENTED_EDGE('',*,*,#2552,.F.);
#2554=ORIENTED_EDGE('',*,*,#2529,.F.);
#2555=EDGE_LOOP('',(#2546,#2547,#2553,#2554));
#2556=FACE_BOUND('',#2555,.T.);
#2557=ADVANCED_FACE('',(#2556),#2545,.F.);
#2558=CARTESIAN_POINT('',(-0.968109488,-1.5,4.110708058));
#2559=DIRECTION('',(-0.,1.,0.));
#2560=DIRECTION('',(0.,-0.,1.));
#2561=AXIS2_PLACEMENT_3D('',#2558,#2559,#2560);
#2562=PLANE('',#2561);
#2563=ORIENTED_EDGE('',*,*,#2191,.T.);
#2564=ORIENTED_EDGE('',*,*,#2535,.T.);
#2565=ORIENTED_EDGE('',*,*,#2552,.T.);
#2566=ORIENTED_EDGE('',*,*,#2162,.T.);
#2567=EDGE_LOOP('',(#2563,#2564,#2565,#2566));
#2568=FACE_BOUND('',#2567,.T.);
#2569=ADVANCED_FACE('',(#2568),#2562,.F.);
#2570=CARTESIAN_POINT('',(-2.05949316,-6.5,6.322836995));
#2571=DIRECTION('',(1.,0.,0.));
#2572=DIRECTION('',(0.,0.,-1.));
#2573=AXIS2_PLACEMENT_3D('',#2570,#2571,#2572);
#2574=PLANE('',#2573);
#2575=ORIENTED_EDGE('',*,*,#1782,.F.);
#2576=CARTESIAN_POINT('',(-2.05949316,-1.5,6.822836995));
#2577=VERTEX_POINT('',#2576);
#2578=CARTESIAN_POINT('',(-2.05949316,-4.5,6.822836995));
#2579=DIRECTION('',(-0.,1.,0.));
#2580=VECTOR('',#2579,48.);
#2581=LINE('',#2578,#2580);
#2582=EDGE_CURVE('',#1771,#2577,#2581,.T.);
#2583=ORIENTED_EDGE('',*,*,#2582,.T.);
#2584=CARTESIAN_POINT('',(-2.05949316,-1.5,5.822836995));
#2585=DIRECTION('',(0.,0.,1.));
#2586=VECTOR('',#2585,10.);
#2587=LINE('',#2584,#2586);
#2588=EDGE_CURVE('',#1870,#2577,#2587,.T.);
#2589=ORIENTED_EDGE('',*,*,#2588,.F.);
#2590=ORIENTED_EDGE('',*,*,#1875,.F.);
#2591=EDGE_LOOP('',(#2575,#2583,#2589,#2590));
#2592=FACE_BOUND('',#2591,.T.);
#2593=ADVANCED_FACE('',(#2592),#2574,.F.);
#2594=CARTESIAN_POINT('',(-2.55949316,-6.5,6.822836995));
#2595=DIRECTION('',(0.,0.,1.));
#2596=DIRECTION('',(1.,0.,0.));
#2597=AXIS2_PLACEMENT_3D('',#2594,#2595,#2596);
#2598=PLANE('',#2597);
#2599=ORIENTED_EDGE('',*,*,#1807,.F.);
#2600=ORIENTED_EDGE('',*,*,#1858,.T.);
#2601=CARTESIAN_POINT('',(-2.05949316,-1.5,6.822836995));
#2602=DIRECTION('',(-1.,0.,0.));
#2603=VECTOR('',#2602,10.);
#2604=LINE('',#2601,#2603);
#2605=EDGE_CURVE('',#2577,#1847,#2604,.T.);
#2606=ORIENTED_EDGE('',*,*,#2605,.F.);
#2607=ORIENTED_EDGE('',*,*,#2582,.F.);
#2608=EDGE_LOOP('',(#2599,#2600,#2606,#2607));
#2609=FACE_BOUND('',#2608,.T.);
#2610=ADVANCED_FACE('',(#2609),#2598,.F.);
#2611=CARTESIAN_POINT('',(-2.55949316,-1.5,6.322836995));
#2612=DIRECTION('',(-0.,1.,0.));
#2613=DIRECTION('',(0.,-0.,1.));
#2614=AXIS2_PLACEMENT_3D('',#2611,#2612,#2613);
#2615=PLANE('',#2614);
#2616=ORIENTED_EDGE('',*,*,#1881,.T.);
#2617=ORIENTED_EDGE('',*,*,#2588,.T.);
#2618=ORIENTED_EDGE('',*,*,#2605,.T.);
#2619=ORIENTED_EDGE('',*,*,#1852,.T.);
#2620=EDGE_LOOP('',(#2616,#2617,#2618,#2619));
#2621=FACE_BOUND('',#2620,.T.);
#2622=ADVANCED_FACE('',(#2621),#2615,.F.);
#2623=CARTESIAN_POINT('',(0.523021817,-6.5,8.040207148));
#2624=DIRECTION('',(1.,0.,0.));
#2625=DIRECTION('',(0.,0.,-1.));
#2626=AXIS2_PLACEMENT_3D('',#2623,#2624,#2625);
#2627=PLANE('',#2626);
#2628=ORIENTED_EDGE('',*,*,#1317,.F.);
#2629=CARTESIAN_POINT('',(0.523021817,-1.5,8.540207148));
#2630=VERTEX_POINT('',#2629);
#2631=CARTESIAN_POINT('',(0.523021817,-4.5,8.540207148));
#2632=DIRECTION('',(-0.,1.,0.));
#2633=VECTOR('',#2632,48.);
#2634=LINE('',#2631,#2633);
#2635=EDGE_CURVE('',#1306,#2630,#2634,.T.);
#2636=ORIENTED_EDGE('',*,*,#2635,.T.);
#2637=CARTESIAN_POINT('',(0.523021817,-1.5,7.540207148));
#2638=DIRECTION('',(0.,0.,1.));
#2639=VECTOR('',#2638,10.);
#2640=LINE('',#2637,#2639);
#2641=EDGE_CURVE('',#1405,#2630,#2640,.T.);
#2642=ORIENTED_EDGE('',*,*,#2641,.F.);
#2643=ORIENTED_EDGE('',*,*,#1410,.F.);
#2644=EDGE_LOOP('',(#2628,#2636,#2642,#2643));
#2645=FACE_BOUND('',#2644,.T.);
#2646=ADVANCED_FACE('',(#2645),#2627,.F.);
#2647=CARTESIAN_POINT('',(0.023021817,-6.5,8.540207148));
#2648=DIRECTION('',(0.,0.,1.));
#2649=DIRECTION('',(1.,0.,0.));
#2650=AXIS2_PLACEMENT_3D('',#2647,#2648,#2649);
#2651=PLANE('',#2650);
#2652=ORIENTED_EDGE('',*,*,#1342,.F.);
#2653=ORIENTED_EDGE('',*,*,#1393,.T.);
#2654=CARTESIAN_POINT('',(0.523021817,-1.5,8.540207148));
#2655=DIRECTION('',(-1.,0.,0.));
#2656=VECTOR('',#2655,10.);
#2657=LINE('',#2654,#2656);
#2658=EDGE_CURVE('',#2630,#1382,#2657,.T.);
#2659=ORIENTED_EDGE('',*,*,#2658,.F.);
#2660=ORIENTED_EDGE('',*,*,#2635,.F.);
#2661=EDGE_LOOP('',(#2652,#2653,#2659,#2660));
#2662=FACE_BOUND('',#2661,.T.);
#2663=ADVANCED_FACE('',(#2662),#2651,.F.);
#2664=CARTESIAN_POINT('',(0.023021817,-1.5,8.040207148));
#2665=DIRECTION('',(0.,1.,-0.));
#2666=DIRECTION('',(0.,0.,1.));
#2667=AXIS2_PLACEMENT_3D('',#2664,#2665,#2666);
#2668=PLANE('',#2667);
#2669=ORIENTED_EDGE('',*,*,#1416,.T.);
#2670=ORIENTED_EDGE('',*,*,#2641,.T.);
#2671=ORIENTED_EDGE('',*,*,#2658,.T.);
#2672=ORIENTED_EDGE('',*,*,#1387,.T.);
#2673=EDGE_LOOP('',(#2669,#2670,#2671,#2672));
#2674=FACE_BOUND('',#2673,.T.);
#2675=ADVANCED_FACE('',(#2674),#2668,.F.);
#2676=CARTESIAN_POINT('',(0.,-6.5,6.5));
#2677=DIRECTION('',(-0.,1.,0.));
#2678=DIRECTION('',(1.,0.,0.));
#2679=AXIS2_PLACEMENT_3D('',#2676,#2677,#2678);
#2680=CYLINDRICAL_SURFACE('',#2679,4.5);
#2681=CARTESIAN_POINT('',(-4.5,-1.5,6.5));
#2682=VERTEX_POINT('',#2681);
#2683=CARTESIAN_POINT('',(-4.5,-6.5,6.5));
#2684=VERTEX_POINT('',#2683);
#2685=CARTESIAN_POINT('',(-4.5,-1.5,6.5));
#2686=DIRECTION('',(0.,-1.,-0.));
#2687=VECTOR('',#2686,5.);
#2688=LINE('',#2685,#2687);
#2689=EDGE_CURVE('',#2682,#2684,#2688,.T.);
#2690=ORIENTED_EDGE('',*,*,#2689,.F.);
#2691=CARTESIAN_POINT('',(4.5,-1.5,6.5));
#2692=VERTEX_POINT('',#2691);
#2693=CARTESIAN_POINT('',(0.,-1.5,6.5));
#2694=DIRECTION('',(0.,-1.,0.));
#2695=DIRECTION('',(1.,0.,0.));
#2696=AXIS2_PLACEMENT_3D('',#2693,#2694,#2695);
#2697=CIRCLE('',#2696,4.5);
#2698=EDGE_CURVE('',#2692,#2682,#2697,.T.);
#2699=ORIENTED_EDGE('',*,*,#2698,.F.);
#2700=CARTESIAN_POINT('',(0.,-1.5,6.5));
#2701=DIRECTION('',(0.,-1.,0.));
#2702=DIRECTION('',(1.,0.,0.));
#2703=AXIS2_PLACEMENT_3D('',#2700,#2701,#2702);
#2704=CIRCLE('',#2703,4.5);
#2705=EDGE_CURVE('',#2682,#2692,#2704,.T.);
#2706=ORIENTED_EDGE('',*,*,#2705,.F.);
#2707=ORIENTED_EDGE('',*,*,#2689,.T.);
#2708=CARTESIAN_POINT('',(4.5,-6.5,6.5));
#2709=VERTEX_POINT('',#2708);
#2710=CARTESIAN_POINT('',(0.,-6.5,6.5));
#2711=DIRECTION('',(-0.,1.,0.));
#2712=DIRECTION('',(1.,0.,0.));
#2713=AXIS2_PLACEMENT_3D('',#2710,#2711,#2712);
#2714=CIRCLE('',#2713,4.5);
#2715=EDGE_CURVE('',#2709,#2684,#2714,.T.);
#2716=ORIENTED_EDGE('',*,*,#2715,.F.);
#2717=CARTESIAN_POINT('',(0.,-6.5,6.5));
#2718=DIRECTION('',(-0.,1.,0.));
#2719=DIRECTION('',(1.,0.,0.));
#2720=AXIS2_PLACEMENT_3D('',#2717,#2718,#2719);
#2721=CIRCLE('',#2720,4.5);
#2722=EDGE_CURVE('',#2684,#2709,#2721,.T.);
#2723=ORIENTED_EDGE('',*,*,#2722,.F.);
#2724=EDGE_LOOP('',(#2690,#2699,#2706,#2707,#2716,#2723));
#2725=FACE_BOUND('',#2724,.T.);
#2726=ADVANCED_FACE('',(#2725),#2680,.F.);
#2727=CARTESIAN_POINT('',(0.75,-6.5,9.917957057));
#2728=DIRECTION('',(1.,0.,0.));
#2729=DIRECTION('',(0.,0.,-1.));
#2730=AXIS2_PLACEMENT_3D('',#2727,#2728,#2729);
#2731=PLANE('',#2730);
#2732=CARTESIAN_POINT('',(0.75,-1.5,9.406855703));
#2733=VERTEX_POINT('',#2732);
#2734=CARTESIAN_POINT('',(0.75,-1.5,10.429058411));
#2735=VERTEX_POINT('',#2734);
#2736=CARTESIAN_POINT('',(0.75,-1.5,9.406855703));
#2737=DIRECTION('',(0.,0.,1.));
#2738=VECTOR('',#2737,10.222027086);
#2739=LINE('',#2736,#2738);
#2740=EDGE_CURVE('',#2733,#2735,#2739,.T.);
#2741=ORIENTED_EDGE('',*,*,#2740,.F.);
#2742=CARTESIAN_POINT('',(0.75,-6.5,9.406855703));
#2743=DIRECTION('',(-0.,1.,0.));
#2744=VECTOR('',#2743,50.);
#2745=LINE('',#2742,#2744);
#2746=EDGE_CURVE('',#1032,#2733,#2745,.T.);
#2747=ORIENTED_EDGE('',*,*,#2746,.F.);
#2748=ORIENTED_EDGE('',*,*,#1037,.F.);
#2749=CARTESIAN_POINT('',(0.75,-6.5,10.429058411));
#2750=DIRECTION('',(-0.,1.,0.));
#2751=VECTOR('',#2750,50.);
#2752=LINE('',#2749,#2751);
#2753=EDGE_CURVE('',#1030,#2735,#2752,.T.);
#2754=ORIENTED_EDGE('',*,*,#2753,.T.);
#2755=EDGE_LOOP('',(#2741,#2747,#2748,#2754));
#2756=FACE_BOUND('',#2755,.T.);
#2757=ADVANCED_FACE('',(#2756),#2731,.F.);
#2758=CARTESIAN_POINT('',(0.,-6.5,6.5));
#2759=DIRECTION('',(-0.,1.,0.));
#2760=DIRECTION('',(1.,0.,0.));
#2761=AXIS2_PLACEMENT_3D('',#2758,#2759,#2760);
#2762=CYLINDRICAL_SURFACE('',#2761,4.);
#2763=CARTESIAN_POINT('',(3.422737317,-1.5,4.430007426));
#2764=VERTEX_POINT('',#2763);
#2765=CARTESIAN_POINT('',(0.,-1.5,6.5));
#2766=DIRECTION('',(-0.,1.,0.));
#2767=DIRECTION('',(1.,0.,0.));
#2768=AXIS2_PLACEMENT_3D('',#2765,#2766,#2767);
#2769=CIRCLE('',#2768,4.);
#2770=EDGE_CURVE('',#2735,#2764,#2769,.T.);
#2771=ORIENTED_EDGE('',*,*,#2770,.F.);
#2772=ORIENTED_EDGE('',*,*,#2753,.F.);
#2773=ORIENTED_EDGE('',*,*,#1119,.F.);
#2774=CARTESIAN_POINT('',(3.422737317,-6.5,4.430007426));
#2775=DIRECTION('',(-0.,1.,0.));
#2776=VECTOR('',#2775,50.);
#2777=LINE('',#2774,#2776);
#2778=EDGE_CURVE('',#1107,#2764,#2777,.T.);
#2779=ORIENTED_EDGE('',*,*,#2778,.T.);
#2780=EDGE_LOOP('',(#2771,#2772,#2773,#2779));
#2781=FACE_BOUND('',#2780,.T.);
#2782=ADVANCED_FACE('',(#2781),#2762,.T.);
#2783=CARTESIAN_POINT('',(3.053464802,-6.5,4.430007426));
#2784=DIRECTION('',(0.,0.,1.));
#2785=DIRECTION('',(1.,0.,0.));
#2786=AXIS2_PLACEMENT_3D('',#2783,#2784,#2785);
#2787=PLANE('',#2786);
#2788=CARTESIAN_POINT('',(2.684192287,-1.5,4.430007426));
#2789=VERTEX_POINT('',#2788);
#2790=CARTESIAN_POINT('',(3.422737317,-1.5,4.430007426));
#2791=DIRECTION('',(-1.,0.,0.));
#2792=VECTOR('',#2791,7.38545031);
#2793=LINE('',#2790,#2792);
#2794=EDGE_CURVE('',#2764,#2789,#2793,.T.);
#2795=ORIENTED_EDGE('',*,*,#2794,.F.);
#2796=ORIENTED_EDGE('',*,*,#2778,.F.);
#2797=ORIENTED_EDGE('',*,*,#1112,.F.);
#2798=CARTESIAN_POINT('',(2.684192287,-6.5,4.430007426));
#2799=DIRECTION('',(-0.,1.,0.));
#2800=VECTOR('',#2799,50.);
#2801=LINE('',#2798,#2800);
#2802=EDGE_CURVE('',#1099,#2789,#2801,.T.);
#2803=ORIENTED_EDGE('',*,*,#2802,.T.);
#2804=EDGE_LOOP('',(#2795,#2796,#2797,#2803));
#2805=FACE_BOUND('',#2804,.T.);
#2806=ADVANCED_FACE('',(#2805),#2787,.F.);
#2807=CARTESIAN_POINT('',(2.684192287,-6.5,3.982176029));
#2808=DIRECTION('',(-1.,-0.,0.));
#2809=DIRECTION('',(0.,0.,1.));
#2810=AXIS2_PLACEMENT_3D('',#2807,#2808,#2809);
#2811=PLANE('',#2810);
#2812=CARTESIAN_POINT('',(2.684192287,-1.5,3.534344631));
#2813=VERTEX_POINT('',#2812);
#2814=CARTESIAN_POINT('',(2.684192287,-1.5,4.430007426));
#2815=DIRECTION('',(0.,0.,-1.));
#2816=VECTOR('',#2815,8.956627954);
#2817=LINE('',#2814,#2816);
#2818=EDGE_CURVE('',#2789,#2813,#2817,.T.);
#2819=ORIENTED_EDGE('',*,*,#2818,.F.);
#2820=ORIENTED_EDGE('',*,*,#2802,.F.);
#2821=ORIENTED_EDGE('',*,*,#1104,.F.);
#2822=CARTESIAN_POINT('',(2.684192287,-6.5,3.534344631));
#2823=DIRECTION('',(-0.,1.,0.));
#2824=VECTOR('',#2823,50.);
#2825=LINE('',#2822,#2824);
#2826=EDGE_CURVE('',#1090,#2813,#2825,.T.);
#2827=ORIENTED_EDGE('',*,*,#2826,.T.);
#2828=EDGE_LOOP('',(#2819,#2820,#2821,#2827));
#2829=FACE_BOUND('',#2828,.T.);
#2830=ADVANCED_FACE('',(#2829),#2811,.F.);
#2831=CARTESIAN_POINT('',(0.,-6.5,6.5));
#2832=DIRECTION('',(-0.,1.,0.));
#2833=DIRECTION('',(1.,0.,0.));
#2834=AXIS2_PLACEMENT_3D('',#2831,#2832,#2833);
#2835=CYLINDRICAL_SURFACE('',#2834,4.);
#2836=CARTESIAN_POINT('',(-2.684192287,-1.5,3.534344631));
#2837=VERTEX_POINT('',#2836);
#2838=CARTESIAN_POINT('',(0.,-1.5,6.5));
#2839=DIRECTION('',(-0.,1.,0.));
#2840=DIRECTION('',(1.,0.,0.));
#2841=AXIS2_PLACEMENT_3D('',#2838,#2839,#2840);
#2842=CIRCLE('',#2841,4.);
#2843=EDGE_CURVE('',#2813,#2837,#2842,.T.);
#2844=ORIENTED_EDGE('',*,*,#2843,.F.);
#2845=ORIENTED_EDGE('',*,*,#2826,.F.);
#2846=ORIENTED_EDGE('',*,*,#1096,.F.);
#2847=CARTESIAN_POINT('',(-2.684192287,-6.5,3.534344631));
#2848=DIRECTION('',(-0.,1.,0.));
#2849=VECTOR('',#2848,50.);
#2850=LINE('',#2847,#2849);
#2851=EDGE_CURVE('',#1082,#2837,#2850,.T.);
#2852=ORIENTED_EDGE('',*,*,#2851,.T.);
#2853=EDGE_LOOP('',(#2844,#2845,#2846,#2852));
#2854=FACE_BOUND('',#2853,.T.);
#2855=ADVANCED_FACE('',(#2854),#2835,.T.);
#2856=CARTESIAN_POINT('',(-2.684192287,-6.5,3.982176029));
#2857=DIRECTION('',(1.,0.,0.));
#2858=DIRECTION('',(0.,0.,-1.));
#2859=AXIS2_PLACEMENT_3D('',#2856,#2857,#2858);
#2860=PLANE('',#2859);
#2861=CARTESIAN_POINT('',(-2.684192287,-1.5,4.430007426));
#2862=VERTEX_POINT('',#2861);
#2863=CARTESIAN_POINT('',(-2.684192287,-1.5,3.534344631));
#2864=DIRECTION('',(0.,0.,1.));
#2865=VECTOR('',#2864,8.956627954);
#2866=LINE('',#2863,#2865);
#2867=EDGE_CURVE('',#2837,#2862,#2866,.T.);
#2868=ORIENTED_EDGE('',*,*,#2867,.F.);
#2869=ORIENTED_EDGE('',*,*,#2851,.F.);
#2870=ORIENTED_EDGE('',*,*,#1087,.F.);
#2871=CARTESIAN_POINT('',(-2.684192287,-6.5,4.430007426));
#2872=DIRECTION('',(-0.,1.,0.));
#2873=VECTOR('',#2872,50.);
#2874=LINE('',#2871,#2873);
#2875=EDGE_CURVE('',#1074,#2862,#2874,.T.);
#2876=ORIENTED_EDGE('',*,*,#2875,.T.);
#2877=EDGE_LOOP('',(#2868,#2869,#2870,#2876));
#2878=FACE_BOUND('',#2877,.T.);
#2879=ADVANCED_FACE('',(#2878),#2860,.F.);
#2880=CARTESIAN_POINT('',(-3.053464802,-6.5,4.430007426));
#2881=DIRECTION('',(0.,0.,1.));
#2882=DIRECTION('',(1.,0.,0.));
#2883=AXIS2_PLACEMENT_3D('',#2880,#2881,#2882);
#2884=PLANE('',#2883);
#2885=CARTESIAN_POINT('',(-3.422737317,-1.5,4.430007426));
#2886=VERTEX_POINT('',#2885);
#2887=CARTESIAN_POINT('',(-2.684192287,-1.5,4.430007426));
#2888=DIRECTION('',(-1.,0.,0.));
#2889=VECTOR('',#2888,7.38545031);
#2890=LINE('',#2887,#2889);
#2891=EDGE_CURVE('',#2862,#2886,#2890,.T.);
#2892=ORIENTED_EDGE('',*,*,#2891,.F.);
#2893=ORIENTED_EDGE('',*,*,#2875,.F.);
#2894=ORIENTED_EDGE('',*,*,#1079,.F.);
#2895=CARTESIAN_POINT('',(-3.422737317,-6.5,4.430007426));
#2896=DIRECTION('',(-0.,1.,0.));
#2897=VECTOR('',#2896,50.);
#2898=LINE('',#2895,#2897);
#2899=EDGE_CURVE('',#1065,#2886,#2898,.T.);
#2900=ORIENTED_EDGE('',*,*,#2899,.T.);
#2901=EDGE_LOOP('',(#2892,#2893,#2894,#2900));
#2902=FACE_BOUND('',#2901,.T.);
#2903=ADVANCED_FACE('',(#2902),#2884,.F.);
#2904=CARTESIAN_POINT('',(0.,-6.5,6.5));
#2905=DIRECTION('',(-0.,1.,0.));
#2906=DIRECTION('',(1.,0.,0.));
#2907=AXIS2_PLACEMENT_3D('',#2904,#2905,#2906);
#2908=CYLINDRICAL_SURFACE('',#2907,4.);
#2909=CARTESIAN_POINT('',(-4.,-1.5,6.5));
#2910=VERTEX_POINT('',#2909);
#2911=CARTESIAN_POINT('',(-4.,-1.5,6.5));
#2912=DIRECTION('',(0.,-1.,-0.));
#2913=VECTOR('',#2912,5.);
#2914=LINE('',#2911,#2913);
#2915=EDGE_CURVE('',#2910,#1056,#2914,.T.);
#2916=ORIENTED_EDGE('',*,*,#2915,.T.);
#2917=ORIENTED_EDGE('',*,*,#1062,.F.);
#2918=CARTESIAN_POINT('',(-0.75,-1.5,10.429058411));
#2919=VERTEX_POINT('',#2918);
#2920=CARTESIAN_POINT('',(-0.75,-6.5,10.429058411));
#2921=DIRECTION('',(-0.,1.,0.));
#2922=VECTOR('',#2921,50.);
#2923=LINE('',#2920,#2922);
#2924=EDGE_CURVE('',#1048,#2919,#2923,.T.);
#2925=ORIENTED_EDGE('',*,*,#2924,.T.);
#2926=CARTESIAN_POINT('',(0.,-1.5,6.5));
#2927=DIRECTION('',(-0.,1.,0.));
#2928=DIRECTION('',(1.,0.,0.));
#2929=AXIS2_PLACEMENT_3D('',#2926,#2927,#2928);
#2930=CIRCLE('',#2929,4.);
#2931=EDGE_CURVE('',#2910,#2919,#2930,.T.);
#2932=ORIENTED_EDGE('',*,*,#2931,.F.);
#2933=EDGE_LOOP('',(#2916,#2917,#2925,#2932));
#2934=FACE_BOUND('',#2933,.T.);
#2935=ADVANCED_FACE('',(#2934),#2908,.T.);
#2936=CARTESIAN_POINT('',(-0.75,-6.5,9.917957057));
#2937=DIRECTION('',(-1.,-0.,0.));
#2938=DIRECTION('',(0.,0.,1.));
#2939=AXIS2_PLACEMENT_3D('',#2936,#2937,#2938);
#2940=PLANE('',#2939);
#2941=CARTESIAN_POINT('',(-0.75,-1.5,9.406855703));
#2942=VERTEX_POINT('',#2941);
#2943=CARTESIAN_POINT('',(-0.75,-1.5,10.429058411));
#2944=DIRECTION('',(0.,0.,-1.));
#2945=VECTOR('',#2944,10.222027086);
#2946=LINE('',#2943,#2945);
#2947=EDGE_CURVE('',#2919,#2942,#2946,.T.);
#2948=ORIENTED_EDGE('',*,*,#2947,.F.);
#2949=ORIENTED_EDGE('',*,*,#2924,.F.);
#2950=ORIENTED_EDGE('',*,*,#1053,.F.);
#2951=CARTESIAN_POINT('',(-0.75,-6.5,9.406855703));
#2952=DIRECTION('',(-0.,1.,0.));
#2953=VECTOR('',#2952,50.);
#2954=LINE('',#2951,#2953);
#2955=EDGE_CURVE('',#1040,#2942,#2954,.T.);
#2956=ORIENTED_EDGE('',*,*,#2955,.T.);
#2957=EDGE_LOOP('',(#2948,#2949,#2950,#2956));
#2958=FACE_BOUND('',#2957,.T.);
#2959=ADVANCED_FACE('',(#2958),#2940,.F.);
#2960=CARTESIAN_POINT('',(0.,-6.5,9.406855703));
#2961=DIRECTION('',(0.,0.,-1.));
#2962=DIRECTION('',(-1.,0.,0.));
#2963=AXIS2_PLACEMENT_3D('',#2960,#2961,#2962);
#2964=PLANE('',#2963);
#2965=CARTESIAN_POINT('',(-0.75,-1.5,9.406855703));
#2966=DIRECTION('',(1.,0.,-0.));
#2967=VECTOR('',#2966,15.);
#2968=LINE('',#2965,#2967);
#2969=EDGE_CURVE('',#2942,#2733,#2968,.T.);
#2970=ORIENTED_EDGE('',*,*,#2969,.F.);
#2971=ORIENTED_EDGE('',*,*,#2955,.F.);
#2972=ORIENTED_EDGE('',*,*,#1045,.F.);
#2973=ORIENTED_EDGE('',*,*,#2746,.T.);
#2974=EDGE_LOOP('',(#2970,#2971,#2972,#2973));
#2975=FACE_BOUND('',#2974,.T.);
#2976=ADVANCED_FACE('',(#2975),#2964,.F.);
#2977=CARTESIAN_POINT('',(0.,-1.5,6.5));
#2978=DIRECTION('',(0.,-1.,0.));
#2979=DIRECTION('',(0.,0.,-1.));
#2980=AXIS2_PLACEMENT_3D('',#2977,#2978,#2979);
#2981=PLANE('',#2980);
#2982=ORIENTED_EDGE('',*,*,#2740,.T.);
#2983=ORIENTED_EDGE('',*,*,#2770,.T.);
#2984=ORIENTED_EDGE('',*,*,#2794,.T.);
#2985=ORIENTED_EDGE('',*,*,#2818,.T.);
#2986=ORIENTED_EDGE('',*,*,#2843,.T.);
#2987=ORIENTED_EDGE('',*,*,#2867,.T.);
#2988=ORIENTED_EDGE('',*,*,#2891,.T.);
#2989=CARTESIAN_POINT('',(0.,-1.5,6.5));
#2990=DIRECTION('',(-0.,1.,0.));
#2991=DIRECTION('',(1.,0.,0.));
#2992=AXIS2_PLACEMENT_3D('',#2989,#2990,#2991);
#2993=CIRCLE('',#2992,4.);
#2994=EDGE_CURVE('',#2886,#2910,#2993,.T.);
#2995=ORIENTED_EDGE('',*,*,#2994,.T.);
#2996=ORIENTED_EDGE('',*,*,#2931,.T.);
#2997=ORIENTED_EDGE('',*,*,#2947,.T.);
#2998=ORIENTED_EDGE('',*,*,#2969,.T.);
#2999=EDGE_LOOP('',(#2982,#2983,#2984,#2985,#2986,#2987,#2988,#2995,#2996,#2997,#2998));
#3000=FACE_BOUND('',#2999,.T.);
#3001=ORIENTED_EDGE('',*,*,#2698,.T.);
#3002=ORIENTED_EDGE('',*,*,#2705,.T.);
#3003=EDGE_LOOP('',(#3001,#3002));
#3004=FACE_BOUND('',#3003,.T.);
#3005=ADVANCED_FACE('',(#3000,#3004),#2981,.T.);
#3006=CARTESIAN_POINT('',(0.,-6.5,0.));
#3007=DIRECTION('',(0.,-1.,0.));
#3008=DIRECTION('',(1.,0.,0.));
#3009=AXIS2_PLACEMENT_3D('',#3006,#3007,#3008);
#3010=PLANE('',#3009);
#3011=ORIENTED_EDGE('',*,*,#2715,.T.);
#3012=ORIENTED_EDGE('',*,*,#2722,.T.);
#3013=EDGE_LOOP('',(#3011,#3012));
#3014=FACE_BOUND('',#3013,.T.);
#3015=CARTESIAN_POINT('',(7.,-6.5,12.8));
#3016=VERTEX_POINT('',#3015);
#3017=CARTESIAN_POINT('',(-7.,-6.5,12.8));
#3018=VERTEX_POINT('',#3017);
#3019=CARTESIAN_POINT('',(133.,-6.5,12.8));
#3020=DIRECTION('',(-1.,0.,0.));
#3021=VECTOR('',#3020,140.);
#3022=LINE('',#3019,#3021);
#3023=EDGE_CURVE('',#3016,#3018,#3022,.T.);
#3024=ORIENTED_EDGE('',*,*,#3023,.T.);
#3025=CARTESIAN_POINT('',(-7.,-6.5,0.));
#3026=DIRECTION('',(0.,0.,1.));
#3027=VECTOR('',#3026,128.);
#3028=LINE('',#3025,#3027);
#3029=EDGE_CURVE('',#631,#3018,#3028,.T.);
#3030=ORIENTED_EDGE('',*,*,#3029,.F.);
#3031=ORIENTED_EDGE('',*,*,#638,.T.);
#3032=CARTESIAN_POINT('',(7.,-6.5,0.));
#3033=DIRECTION('',(0.,0.,1.));
#3034=VECTOR('',#3033,128.);
#3035=LINE('',#3032,#3034);
#3036=EDGE_CURVE('',#633,#3016,#3035,.T.);
#3037=ORIENTED_EDGE('',*,*,#3036,.T.);
#3038=EDGE_LOOP('',(#3024,#3030,#3031,#3037));
#3039=FACE_BOUND('',#3038,.T.);
#3040=ADVANCED_FACE('',(#3014,#3039),#3010,.T.);
#3041=OVER_RIDING_STYLED_ITEM('',(#737),#3040,#26);
#3042=CARTESIAN_POINT('',(0.,0.65,12.3));
#3043=DIRECTION('',(0.,-0.,1.));
#3044=DIRECTION('',(1.,0.,-0.));
#3045=AXIS2_PLACEMENT_3D('',#3042,#3043,#3044);
#3046=PLANE('',#3045);
#3047=CARTESIAN_POINT('',(-6.5,-4.7,12.3));
#3048=VERTEX_POINT('',#3047);
#3049=CARTESIAN_POINT('',(6.5,-4.7,12.3));
#3050=VERTEX_POINT('',#3049);
#3051=CARTESIAN_POINT('',(-6.5,-4.7,12.3));
#3052=DIRECTION('',(1.,0.,-0.));
#3053=VECTOR('',#3052,130.);
#3054=LINE('',#3051,#3053);
#3055=EDGE_CURVE('',#3048,#3050,#3054,.T.);
#3056=ORIENTED_EDGE('',*,*,#3055,.T.);
#3057=CARTESIAN_POINT('',(6.5,6.,12.3));
#3058=VERTEX_POINT('',#3057);
#3059=CARTESIAN_POINT('',(6.5,54.15,12.3));
#3060=DIRECTION('',(0.,-1.,-0.));
#3061=VECTOR('',#3060,107.);
#3062=LINE('',#3059,#3061);
#3063=EDGE_CURVE('',#3058,#3050,#3062,.T.);
#3064=ORIENTED_EDGE('',*,*,#3063,.F.);
#3065=CARTESIAN_POINT('',(-6.5,6.,12.3));
#3066=VERTEX_POINT('',#3065);
#3067=CARTESIAN_POINT('',(-65.,6.,12.3));
#3068=DIRECTION('',(1.,0.,-0.));
#3069=VECTOR('',#3068,130.);
#3070=LINE('',#3067,#3069);
#3071=EDGE_CURVE('',#3066,#3058,#3070,.T.);
#3072=ORIENTED_EDGE('',*,*,#3071,.F.);
#3073=CARTESIAN_POINT('',(-6.5,-52.85,12.3));
#3074=DIRECTION('',(0.,1.,0.));
#3075=VECTOR('',#3074,107.);
#3076=LINE('',#3073,#3075);
#3077=EDGE_CURVE('',#3048,#3066,#3076,.T.);
#3078=ORIENTED_EDGE('',*,*,#3077,.F.);
#3079=EDGE_LOOP('',(#3056,#3064,#3072,#3078));
#3080=FACE_BOUND('',#3079,.T.);
#3081=ADVANCED_FACE('',(#3080),#3046,.T.);
#3082=OVER_RIDING_STYLED_ITEM('',(#737),#3081,#26);
#3083=CARTESIAN_POINT('',(0.,-0.451886792,12.8));
#3084=DIRECTION('',(0.,0.,1.));
#3085=DIRECTION('',(1.,0.,0.));
#3086=AXIS2_PLACEMENT_3D('',#3083,#3084,#3085);
#3087=PLANE('',#3086);
#3088=CARTESIAN_POINT('',(-7.,-4.7,12.8));
#3089=VERTEX_POINT('',#3088);
#3090=CARTESIAN_POINT('',(7.,-4.7,12.8));
#3091=VERTEX_POINT('',#3090);
#3092=CARTESIAN_POINT('',(-11.5,-4.7,12.8));
#3093=DIRECTION('',(1.,0.,-0.));
#3094=VECTOR('',#3093,140.);
#3095=LINE('',#3092,#3094);
#3096=EDGE_CURVE('',#3089,#3091,#3095,.T.);
#3097=ORIENTED_EDGE('',*,*,#3096,.F.);
#3098=CARTESIAN_POINT('',(-7.,-22.7,12.8));
#3099=DIRECTION('',(0.,1.,0.));
#3100=VECTOR('',#3099,18.);
#3101=LINE('',#3098,#3100);
#3102=EDGE_CURVE('',#3018,#3089,#3101,.T.);
#3103=ORIENTED_EDGE('',*,*,#3102,.F.);
#3104=ORIENTED_EDGE('',*,*,#3023,.F.);
#3105=CARTESIAN_POINT('',(7.,11.5,12.8));
#3106=DIRECTION('',(0.,-1.,0.));
#3107=VECTOR('',#3106,18.);
#3108=LINE('',#3105,#3107);
#3109=EDGE_CURVE('',#3091,#3016,#3108,.T.);
#3110=ORIENTED_EDGE('',*,*,#3109,.F.);
#3111=EDGE_LOOP('',(#3097,#3103,#3104,#3110));
#3112=FACE_BOUND('',#3111,.T.);
#3113=ADVANCED_FACE('',(#3112),#3087,.T.);
#3114=OVER_RIDING_STYLED_ITEM('',(#737),#3113,#26);
#3115=CARTESIAN_POINT('',(-6.5,0.65,0.));
#3116=DIRECTION('',(-1.,0.,0.));
#3117=DIRECTION('',(0.,-1.,0.));
#3118=AXIS2_PLACEMENT_3D('',#3115,#3116,#3117);
#3119=PLANE('',#3118);
#3120=ORIENTED_EDGE('',*,*,#3077,.T.);
#3121=CARTESIAN_POINT('',(-6.5,6.,0.));
#3122=DIRECTION('',(0.,0.,1.));
#3123=VECTOR('',#3122,123.);
#3124=LINE('',#3121,#3123);
#3125=EDGE_CURVE('',#657,#3066,#3124,.T.);
#3126=ORIENTED_EDGE('',*,*,#3125,.F.);
#3127=ORIENTED_EDGE('',*,*,#662,.T.);
#3128=CARTESIAN_POINT('',(-6.5,-4.7,0.));
#3129=DIRECTION('',(0.,0.,1.));
#3130=VECTOR('',#3129,123.);
#3131=LINE('',#3128,#3130);
#3132=EDGE_CURVE('',#649,#3048,#3131,.T.);
#3133=ORIENTED_EDGE('',*,*,#3132,.T.);
#3134=EDGE_LOOP('',(#3120,#3126,#3127,#3133));
#3135=FACE_BOUND('',#3134,.T.);
#3136=ADVANCED_FACE('',(#3135),#3119,.T.);
#3137=OVER_RIDING_STYLED_ITEM('',(#737),#3136,#26);
#3138=CARTESIAN_POINT('',(-7.,-5.6,0.));
#3139=DIRECTION('',(-1.,0.,0.));
#3140=DIRECTION('',(0.,-1.,0.));
#3141=AXIS2_PLACEMENT_3D('',#3138,#3139,#3140);
#3142=PLANE('',#3141);
#3143=ORIENTED_EDGE('',*,*,#3102,.T.);
#3144=CARTESIAN_POINT('',(-7.,-4.7,0.));
#3145=DIRECTION('',(0.,0.,1.));
#3146=VECTOR('',#3145,128.);
#3147=LINE('',#3144,#3146);
#3148=EDGE_CURVE('',#641,#3089,#3147,.T.);
#3149=ORIENTED_EDGE('',*,*,#3148,.F.);
#3150=ORIENTED_EDGE('',*,*,#646,.T.);
#3151=ORIENTED_EDGE('',*,*,#3029,.T.);
#3152=EDGE_LOOP('',(#3143,#3149,#3150,#3151));
#3153=FACE_BOUND('',#3152,.T.);
#3154=ADVANCED_FACE('',(#3153),#3142,.T.);
#3155=OVER_RIDING_STYLED_ITEM('',(#737),#3154,#26);
#3156=CARTESIAN_POINT('',(0.,6.,0.));
#3157=DIRECTION('',(0.,1.,0.));
#3158=DIRECTION('',(-1.,0.,0.));
#3159=AXIS2_PLACEMENT_3D('',#3156,#3157,#3158);
#3160=PLANE('',#3159);
#3161=ORIENTED_EDGE('',*,*,#3071,.T.);
#3162=CARTESIAN_POINT('',(6.5,6.,0.));
#3163=DIRECTION('',(0.,0.,1.));
#3164=VECTOR('',#3163,123.);
#3165=LINE('',#3162,#3164);
#3166=EDGE_CURVE('',#665,#3058,#3165,.T.);
#3167=ORIENTED_EDGE('',*,*,#3166,.F.);
#3168=ORIENTED_EDGE('',*,*,#670,.T.);
#3169=ORIENTED_EDGE('',*,*,#3125,.T.);
#3170=EDGE_LOOP('',(#3161,#3167,#3168,#3169));
#3171=FACE_BOUND('',#3170,.T.);
#3172=ADVANCED_FACE('',(#3171),#3160,.T.);
#3173=OVER_RIDING_STYLED_ITEM('',(#737),#3172,#26);
#3174=CARTESIAN_POINT('',(6.5,0.65,0.));
#3175=DIRECTION('',(1.,0.,0.));
#3176=DIRECTION('',(0.,1.,0.));
#3177=AXIS2_PLACEMENT_3D('',#3174,#3175,#3176);
#3178=PLANE('',#3177);
#3179=ORIENTED_EDGE('',*,*,#3063,.T.);
#3180=CARTESIAN_POINT('',(6.5,-4.7,0.));
#3181=DIRECTION('',(0.,0.,1.));
#3182=VECTOR('',#3181,123.);
#3183=LINE('',#3180,#3182);
#3184=EDGE_CURVE('',#673,#3050,#3183,.T.);
#3185=ORIENTED_EDGE('',*,*,#3184,.F.);
#3186=ORIENTED_EDGE('',*,*,#678,.T.);
#3187=ORIENTED_EDGE('',*,*,#3166,.T.);
#3188=EDGE_LOOP('',(#3179,#3185,#3186,#3187));
#3189=FACE_BOUND('',#3188,.T.);
#3190=ADVANCED_FACE('',(#3189),#3178,.T.);
#3191=OVER_RIDING_STYLED_ITEM('',(#737),#3190,#26);
#3192=CARTESIAN_POINT('',(6.75,-4.7,0.));
#3193=DIRECTION('',(0.,1.,0.));
#3194=DIRECTION('',(-1.,0.,0.));
#3195=AXIS2_PLACEMENT_3D('',#3192,#3193,#3194);
#3196=PLANE('',#3195);
#3197=ORIENTED_EDGE('',*,*,#3096,.T.);
#3198=CARTESIAN_POINT('',(7.,-4.7,0.));
#3199=DIRECTION('',(0.,0.,1.));
#3200=VECTOR('',#3199,128.);
#3201=LINE('',#3198,#3200);
#3202=EDGE_CURVE('',#681,#3091,#3201,.T.);
#3203=ORIENTED_EDGE('',*,*,#3202,.F.);
#3204=ORIENTED_EDGE('',*,*,#686,.T.);
#3205=ORIENTED_EDGE('',*,*,#3184,.T.);
#3206=ORIENTED_EDGE('',*,*,#3055,.F.);
#3207=ORIENTED_EDGE('',*,*,#3132,.F.);
#3208=ORIENTED_EDGE('',*,*,#654,.T.);
#3209=ORIENTED_EDGE('',*,*,#3148,.T.);
#3210=EDGE_LOOP('',(#3197,#3203,#3204,#3205,#3206,#3207,#3208,#3209));
#3211=FACE_BOUND('',#3210,.T.);
#3212=ADVANCED_FACE('',(#3211),#3196,.T.);
#3213=OVER_RIDING_STYLED_ITEM('',(#737),#3212,#26);
#3214=CARTESIAN_POINT('',(7.,-5.6,0.));
#3215=DIRECTION('',(1.,0.,0.));
#3216=DIRECTION('',(0.,1.,0.));
#3217=AXIS2_PLACEMENT_3D('',#3214,#3215,#3216);
#3218=PLANE('',#3217);
#3219=ORIENTED_EDGE('',*,*,#3109,.T.);
#3220=ORIENTED_EDGE('',*,*,#3036,.F.);
#3221=ORIENTED_EDGE('',*,*,#692,.T.);
#3222=ORIENTED_EDGE('',*,*,#3202,.T.);
#3223=EDGE_LOOP('',(#3219,#3220,#3221,#3222));
#3224=FACE_BOUND('',#3223,.T.);
#3225=ADVANCED_FACE('',(#3224),#3218,.T.);
#3226=OVER_RIDING_STYLED_ITEM('',(#737),#3225,#26);
#3227=CARTESIAN_POINT('',(0.,-6.5,6.5));
#3228=DIRECTION('',(-0.,1.,0.));
#3229=DIRECTION('',(1.,0.,0.));
#3230=AXIS2_PLACEMENT_3D('',#3227,#3228,#3229);
#3231=CYLINDRICAL_SURFACE('',#3230,4.);
#3232=ORIENTED_EDGE('',*,*,#2915,.F.);
#3233=ORIENTED_EDGE('',*,*,#2994,.F.);
#3234=ORIENTED_EDGE('',*,*,#2899,.F.);
#3235=ORIENTED_EDGE('',*,*,#1071,.F.);
#3236=EDGE_LOOP('',(#3232,#3233,#3234,#3235));
#3237=FACE_BOUND('',#3236,.T.);
#3238=ADVANCED_FACE('',(#3237),#3231,.T.);
#3239=CLOSED_SHELL('',(#67,#107,#166,#177,#229,#240,#292,#303,#328,#353,#371,#423,#434,#486,#497,#549,#560,#612,#623,#730,#778,#810,#842,#865,#897,#921,
#1265,#1297,#1322,#1347,#1365,#1397,#1421,#1452,#1477,#1502,#1520,#1552,#1576,#1607,#1632,#1657,#1675,#1707,#1731,#1762,#1787,#1812,#1830,#1862,#1886,
#1917,#1942,#1967,#1985,#2017,#2041,#2072,#2097,#2122,#2140,#2172,#2196,#2220,#2237,#2249,#2273,#2290,#2302,#2326,#2343,#2355,#2379,#2396,#2408,#2439,
#2463,#2487,#2504,#2516,#2540,#2557,#2569,#2593,#2610,#2622,#2646,#2663,#2675,#2726,#2757,#2782,#2806,#2830,#2855,#2879,#2903,#2935,#2959,#2976,#3005,
#3040,#3081,#3113,#3136,#3154,#3172,#3190,#3212,#3225,#3238));
#3240=MANIFOLD_SOLID_BREP('alibrePartClosedBody',#3239);
#3241=COLOUR_RGB('',0.501960814,0.501960814,0.501960814);
#3242=FILL_AREA_STYLE_COLOUR('',#3241);
#3243=FILL_AREA_STYLE('',(#3242));
#3244=SURFACE_STYLE_FILL_AREA(#3243);
#3245=SURFACE_SIDE_STYLE('',(#3244));
#3246=SURFACE_STYLE_USAGE(.BOTH.,#3245);
#3247=PRESENTATION_STYLE_ASSIGNMENT((#3246));
#26=STYLED_ITEM('',(#3247),#3240);
#16=SHAPE_REPRESENTATION('Conn_Mini_DIN_round_7',(#15),#10);
#17=ADVANCED_BREP_SHAPE_REPRESENTATION('Conn_Mini_DIN_round_7',(#3240),#10);
#3255=SHAPE_REPRESENTATION_RELATIONSHIP('','',#16,#17);
#3256=CARTESIAN_POINT('',(0.,0.,0.));
#3257=DIRECTION('',(0.,0.,1.));
#3258=DIRECTION('',(1.,0.,0.));
#3259=AXIS2_PLACEMENT_3D('',#3256,#3257,#3258);
#3261=MAPPED_ITEM('',#3260,#3259);
#3260=REPRESENTATION_MAP(#3259,#16);
#3262=APPLICATION_CONTEXT('Managed model based 3d engineering');
#3263=APPLICATION_PROTOCOL_DEFINITION('international standard','ap242_managed_model_based_3d_engineering',2013,#3262);
#3264=PRODUCT_CONTEXT('',#3262,'mechanical');
#3265=PRODUCT_DEFINITION_CONTEXT('part definition',#3262,'design');
#24=PRODUCT('Conn_Mini_DIN_round_7','Conn_Mini_DIN_round_7','',(#3264));
#3266=PRODUCT_RELATED_PRODUCT_CATEGORY('part','',(#24));
#3267=PRODUCT_DEFINITION_FORMATION_WITH_SPECIFIED_SOURCE('','',#24,.NOT_KNOWN.);
#25=PRODUCT_DEFINITION('design','',#3267,#3265);
#23=PRODUCT_DEFINITION_SHAPE('','',#25);
#3268=SHAPE_DEFINITION_REPRESENTATION(#23,#16);
#11=DRAUGHTING_MODEL('',(#3261),#10);
#1=MECHANICAL_DESIGN_GEOMETRIC_PRESENTATION_REPRESENTATION('',(#75,#115,#167,#178,#230,#241,#293,#304,#329,#354,#372,#424,#435,#487,#498,#550,#561,#613,#624,#738,#779,#811,#843,#866,#1266,#1298,
#1323,#1348,#1366,#1453,#1478,#1503,#1521,#1608,#1633,#1658,#1676,#1763,#1788,#1813,#1831,#1918,#1943,#1968,#1986,#2073,#2098,#2123,#2141,#3041,#3082,
#3114,#3137,#3155,#3173,#3191,#3213,#3226,#26),#10);
ENDSEC;
END-ISO-10303-21;
