ISO-10303-21;
HEADER;

/* File generated by Alibre Version V28 */

FILE_DESCRIPTION(('HOOPS Exchange Step'),'2;1');

FILE_NAME('C:\\Users\\runds\\AppData\\Local\\Temp\\Alibre Design\\28.0.2.28126\\export-3D78F728-70B5-4DE1-A577-57DCFC0B7C6E.stp',
'2025-02-06T17:15:40+01:00',
('runds'),
('Alibre'),
'HOOPS Exchange 2024.5',
'Alibre',
'Unknown authorisation');

FILE_SCHEMA( ('AP242_MANAGED_MODEL_BASED_3D_ENGINEERING_MIM_LF {1 0 10303 442 1 1 4 }') );

ENDSEC;

DATA;
#3=(NAMED_UNIT(*)PLANE_ANGLE_UNIT()SI_UNIT($,.RADIAN.));
#4=PLANE_ANGLE_MEASURE_WITH_UNIT(PLANE_ANGLE_MEASURE(0.0174532925),#3);
#5=(CONVERSION_BASED_UNIT('DEGREE',#4)NAMED_UNIT(#6)PLANE_ANGLE_UNIT());
#6=DIMENSIONAL_EXPONENTS(0.,0.,0.,0.,0.,0.,0.);
#7=(NAMED_UNIT(*)SI_UNIT($,.STERADIAN.)SOLID_ANGLE_UNIT());
#8=(LENGTH_UNIT()NAMED_UNIT(*)SI_UNIT(.MILLI.,.METRE.));
#9=UNCERTAINTY_MEASURE_WITH_UNIT(LENGTH_MEASURE(1.000000E-06),#8,'DISTANCE_ACCURACY_VALUE','Maximum Tolerance applied to model');
#10=(GEOMETRIC_REPRESENTATION_CONTEXT(3)GLOBAL_UNCERTAINTY_ASSIGNED_CONTEXT((#9))GLOBAL_UNIT_ASSIGNED_CONTEXT((#8,#5,#7))REPRESENTATION_CONTEXT('','Conn_Mini_DIN_round_9_canned'));
#12=CARTESIAN_POINT('',(0.,0.,0.));
#13=DIRECTION('',(0.,0.,1.));
#14=DIRECTION('',(1.,0.,0.));
#15=AXIS2_PLACEMENT_3D('',#12,#13,#14);
#27=CARTESIAN_POINT('',(0.,-1.568851024,0.));
#28=DIRECTION('',(0.,1.,0.));
#29=DIRECTION('',(1.,0.,0.));
#30=AXIS2_PLACEMENT_3D('',#27,#28,#29);
#31=PLANE('',#30);
#32=CARTESIAN_POINT('',(-1.,-1.568851024,-2.5));
#33=VERTEX_POINT('',#32);
#34=CARTESIAN_POINT('',(1.,-1.568851024,-2.5));
#35=VERTEX_POINT('',#34);
#36=CARTESIAN_POINT('',(0.,-1.568851024,-2.5));
#37=DIRECTION('',(0.,-1.,-0.));
#38=DIRECTION('',(-0.707106781,0.,-0.707106781));
#39=AXIS2_PLACEMENT_3D('',#36,#37,#38);
#40=CIRCLE('',#39,1.);
#41=EDGE_CURVE('',#33,#35,#40,.T.);
#42=ORIENTED_EDGE('',*,*,#41,.F.);
#43=CARTESIAN_POINT('',(-1.,-1.568851024,0.));
#44=VERTEX_POINT('',#43);
#45=CARTESIAN_POINT('',(-1.,-1.568851024,0.));
#46=DIRECTION('',(0.,0.,-1.));
#47=VECTOR('',#46,25.);
#48=LINE('',#45,#47);
#49=EDGE_CURVE('',#44,#33,#48,.T.);
#50=ORIENTED_EDGE('',*,*,#49,.F.);
#51=CARTESIAN_POINT('',(1.,-1.568851024,0.));
#52=VERTEX_POINT('',#51);
#53=CARTESIAN_POINT('',(10.,-1.568851024,0.));
#54=DIRECTION('',(-1.,0.,0.));
#55=VECTOR('',#54,20.);
#56=LINE('',#53,#55);
#57=EDGE_CURVE('',#52,#44,#56,.T.);
#58=ORIENTED_EDGE('',*,*,#57,.F.);
#59=CARTESIAN_POINT('',(1.,-1.568851024,0.));
#60=DIRECTION('',(0.,0.,-1.));
#61=VECTOR('',#60,25.);
#62=LINE('',#59,#61);
#63=EDGE_CURVE('',#52,#35,#62,.T.);
#64=ORIENTED_EDGE('',*,*,#63,.T.);
#65=EDGE_LOOP('',(#42,#50,#58,#64));
#66=FACE_BOUND('',#65,.T.);
#67=ADVANCED_FACE('',(#66),#31,.T.);
#68=COLOUR_RGB('',0.752941191,0.752941191,0.752941191);
#69=FILL_AREA_STYLE_COLOUR('',#68);
#70=FILL_AREA_STYLE('',(#69));
#71=SURFACE_STYLE_FILL_AREA(#70);
#72=SURFACE_SIDE_STYLE('',(#71));
#73=SURFACE_STYLE_USAGE(.BOTH.,#72);
#74=PRESENTATION_STYLE_ASSIGNMENT((#73));
#75=OVER_RIDING_STYLED_ITEM('',(#74),#67,#26);
#76=CARTESIAN_POINT('',(0.,-1.818851024,-2.5));
#77=DIRECTION('',(0.,-1.,-0.));
#78=DIRECTION('',(-0.707106781,0.,-0.707106781));
#79=AXIS2_PLACEMENT_3D('',#76,#77,#78);
#80=CYLINDRICAL_SURFACE('',#79,1.);
#81=CARTESIAN_POINT('',(1.,-2.068851024,-2.5));
#82=VERTEX_POINT('',#81);
#83=CARTESIAN_POINT('',(-1.,-2.068851024,-2.5));
#84=VERTEX_POINT('',#83);
#85=CARTESIAN_POINT('',(0.,-2.068851024,-2.5));
#86=DIRECTION('',(0.,1.,0.));
#87=DIRECTION('',(0.707106781,0.,-0.707106781));
#88=AXIS2_PLACEMENT_3D('',#85,#86,#87);
#89=CIRCLE('',#88,1.);
#90=EDGE_CURVE('',#82,#84,#89,.T.);
#91=ORIENTED_EDGE('',*,*,#90,.T.);
#92=CARTESIAN_POINT('',(-1.,-4.318851024,-2.5));
#93=DIRECTION('',(0.,1.,0.));
#94=VECTOR('',#93,5.);
#95=LINE('',#92,#94);
#96=EDGE_CURVE('',#84,#33,#95,.T.);
#97=ORIENTED_EDGE('',*,*,#96,.T.);
#98=ORIENTED_EDGE('',*,*,#41,.T.);
#99=CARTESIAN_POINT('',(1.,0.681148976,-2.5));
#100=DIRECTION('',(0.,-1.,0.));
#101=VECTOR('',#100,5.);
#102=LINE('',#99,#101);
#103=EDGE_CURVE('',#35,#82,#102,.T.);
#104=ORIENTED_EDGE('',*,*,#103,.T.);
#105=EDGE_LOOP('',(#91,#97,#98,#104));
#106=FACE_BOUND('',#105,.T.);
#107=ADVANCED_FACE('',(#106),#80,.T.);
#108=CARTESIAN_POINT('',(2.,2.,0.));
#109=DIRECTION('',(0.,0.,-1.));
#110=DIRECTION('',(-1.,0.,0.));
#111=AXIS2_PLACEMENT_3D('',#108,#109,#110);
#112=CYLINDRICAL_SURFACE('',#111,0.35);
#113=CARTESIAN_POINT('',(2.35,2.,-3.5));
#114=VERTEX_POINT('',#113);
#115=CARTESIAN_POINT('',(2.35,2.,0.));
#116=VERTEX_POINT('',#115);
#117=CARTESIAN_POINT('',(2.35,2.,-3.5));
#118=DIRECTION('',(-0.,-0.,1.));
#119=VECTOR('',#118,3.5);
#120=LINE('',#117,#119);
#121=EDGE_CURVE('',#114,#116,#120,.T.);
#122=ORIENTED_EDGE('',*,*,#121,.T.);
#123=CARTESIAN_POINT('',(1.65,2.,0.));
#124=VERTEX_POINT('',#123);
#125=CARTESIAN_POINT('',(2.,2.,0.));
#126=DIRECTION('',(0.,0.,1.));
#127=DIRECTION('',(-1.,0.,0.));
#128=AXIS2_PLACEMENT_3D('',#125,#126,#127);
#129=CIRCLE('',#128,0.35);
#130=EDGE_CURVE('',#124,#116,#129,.T.);
#131=ORIENTED_EDGE('',*,*,#130,.F.);
#132=CARTESIAN_POINT('',(2.,2.,0.));
#133=DIRECTION('',(0.,0.,1.));
#134=DIRECTION('',(-1.,0.,0.));
#135=AXIS2_PLACEMENT_3D('',#132,#133,#134);
#136=CIRCLE('',#135,0.35);
#137=EDGE_CURVE('',#116,#124,#136,.T.);
#138=ORIENTED_EDGE('',*,*,#137,.F.);
#139=ORIENTED_EDGE('',*,*,#121,.F.);
#140=CARTESIAN_POINT('',(1.65,2.,-3.5));
#141=VERTEX_POINT('',#140);
#142=CARTESIAN_POINT('',(2.,2.,-3.5));
#143=DIRECTION('',(0.,0.,1.));
#144=DIRECTION('',(-1.,0.,0.));
#145=AXIS2_PLACEMENT_3D('',#142,#143,#144);
#146=CIRCLE('',#145,0.35);
#147=EDGE_CURVE('',#114,#141,#146,.T.);
#148=ORIENTED_EDGE('',*,*,#147,.T.);
#149=CARTESIAN_POINT('',(2.,2.,-3.5));
#150=DIRECTION('',(0.,0.,1.));
#151=DIRECTION('',(-1.,0.,0.));
#152=AXIS2_PLACEMENT_3D('',#149,#150,#151);
#153=CIRCLE('',#152,0.35);
#154=EDGE_CURVE('',#141,#114,#153,.T.);
#155=ORIENTED_EDGE('',*,*,#154,.T.);
#156=EDGE_LOOP('',(#122,#131,#138,#139,#148,#155));
#157=FACE_BOUND('',#156,.T.);
#158=ADVANCED_FACE('',(#157),#112,.T.);
#159=OVER_RIDING_STYLED_ITEM('',(#74),#158,#26);
#160=CARTESIAN_POINT('',(2.,2.,-3.5));
#161=DIRECTION('',(0.,0.,-1.));
#162=DIRECTION('',(-1.,0.,0.));
#163=AXIS2_PLACEMENT_3D('',#160,#161,#162);
#164=PLANE('',#163);
#165=ORIENTED_EDGE('',*,*,#147,.F.);
#166=ORIENTED_EDGE('',*,*,#154,.F.);
#167=EDGE_LOOP('',(#165,#166));
#168=FACE_BOUND('',#167,.T.);
#169=ADVANCED_FACE('',(#168),#164,.T.);
#170=OVER_RIDING_STYLED_ITEM('',(#74),#169,#26);
#171=CARTESIAN_POINT('',(4.,4.5,0.));
#172=DIRECTION('',(0.,0.,-1.));
#173=DIRECTION('',(-1.,0.,0.));
#174=AXIS2_PLACEMENT_3D('',#171,#172,#173);
#175=CYLINDRICAL_SURFACE('',#174,0.35);
#176=CARTESIAN_POINT('',(4.35,4.5,-3.5));
#177=VERTEX_POINT('',#176);
#178=CARTESIAN_POINT('',(4.35,4.5,0.));
#179=VERTEX_POINT('',#178);
#180=CARTESIAN_POINT('',(4.35,4.5,-3.5));
#181=DIRECTION('',(-0.,-0.,1.));
#182=VECTOR('',#181,3.5);
#183=LINE('',#180,#182);
#184=EDGE_CURVE('',#177,#179,#183,.T.);
#185=ORIENTED_EDGE('',*,*,#184,.T.);
#186=CARTESIAN_POINT('',(3.65,4.5,0.));
#187=VERTEX_POINT('',#186);
#188=CARTESIAN_POINT('',(4.,4.5,0.));
#189=DIRECTION('',(0.,0.,1.));
#190=DIRECTION('',(-1.,0.,0.));
#191=AXIS2_PLACEMENT_3D('',#188,#189,#190);
#192=CIRCLE('',#191,0.35);
#193=EDGE_CURVE('',#187,#179,#192,.T.);
#194=ORIENTED_EDGE('',*,*,#193,.F.);
#195=CARTESIAN_POINT('',(4.,4.5,0.));
#196=DIRECTION('',(0.,0.,1.));
#197=DIRECTION('',(-1.,0.,0.));
#198=AXIS2_PLACEMENT_3D('',#195,#196,#197);
#199=CIRCLE('',#198,0.35);
#200=EDGE_CURVE('',#179,#187,#199,.T.);
#201=ORIENTED_EDGE('',*,*,#200,.F.);
#202=ORIENTED_EDGE('',*,*,#184,.F.);
#203=CARTESIAN_POINT('',(3.65,4.5,-3.5));
#204=VERTEX_POINT('',#203);
#205=CARTESIAN_POINT('',(4.,4.5,-3.5));
#206=DIRECTION('',(0.,0.,1.));
#207=DIRECTION('',(-1.,0.,0.));
#208=AXIS2_PLACEMENT_3D('',#205,#206,#207);
#209=CIRCLE('',#208,0.35);
#210=EDGE_CURVE('',#177,#204,#209,.T.);
#211=ORIENTED_EDGE('',*,*,#210,.T.);
#212=CARTESIAN_POINT('',(4.,4.5,-3.5));
#213=DIRECTION('',(0.,0.,1.));
#214=DIRECTION('',(-1.,0.,0.));
#215=AXIS2_PLACEMENT_3D('',#212,#213,#214);
#216=CIRCLE('',#215,0.35);
#217=EDGE_CURVE('',#204,#177,#216,.T.);
#218=ORIENTED_EDGE('',*,*,#217,.T.);
#219=EDGE_LOOP('',(#185,#194,#201,#202,#211,#218));
#220=FACE_BOUND('',#219,.T.);
#221=ADVANCED_FACE('',(#220),#175,.T.);
#222=OVER_RIDING_STYLED_ITEM('',(#74),#221,#26);
#223=CARTESIAN_POINT('',(4.,4.5,-3.5));
#224=DIRECTION('',(0.,0.,-1.));
#225=DIRECTION('',(-1.,0.,0.));
#226=AXIS2_PLACEMENT_3D('',#223,#224,#225);
#227=PLANE('',#226);
#228=ORIENTED_EDGE('',*,*,#210,.F.);
#229=ORIENTED_EDGE('',*,*,#217,.F.);
#230=EDGE_LOOP('',(#228,#229));
#231=FACE_BOUND('',#230,.T.);
#232=ADVANCED_FACE('',(#231),#227,.T.);
#233=OVER_RIDING_STYLED_ITEM('',(#74),#232,#26);
#234=CARTESIAN_POINT('',(-0.7,4.5,0.));
#235=DIRECTION('',(0.,0.,-1.));
#236=DIRECTION('',(-1.,0.,0.));
#237=AXIS2_PLACEMENT_3D('',#234,#235,#236);
#238=CYLINDRICAL_SURFACE('',#237,0.35);
#239=CARTESIAN_POINT('',(-0.35,4.5,-3.5));
#240=VERTEX_POINT('',#239);
#241=CARTESIAN_POINT('',(-0.35,4.5,0.));
#242=VERTEX_POINT('',#241);
#243=CARTESIAN_POINT('',(-0.35,4.5,-3.5));
#244=DIRECTION('',(-0.,-0.,1.));
#245=VECTOR('',#244,3.5);
#246=LINE('',#243,#245);
#247=EDGE_CURVE('',#240,#242,#246,.T.);
#248=ORIENTED_EDGE('',*,*,#247,.T.);
#249=CARTESIAN_POINT('',(-1.05,4.5,0.));
#250=VERTEX_POINT('',#249);
#251=CARTESIAN_POINT('',(-0.7,4.5,0.));
#252=DIRECTION('',(0.,0.,1.));
#253=DIRECTION('',(-1.,0.,0.));
#254=AXIS2_PLACEMENT_3D('',#251,#252,#253);
#255=CIRCLE('',#254,0.35);
#256=EDGE_CURVE('',#250,#242,#255,.T.);
#257=ORIENTED_EDGE('',*,*,#256,.F.);
#258=CARTESIAN_POINT('',(-0.7,4.5,0.));
#259=DIRECTION('',(0.,0.,1.));
#260=DIRECTION('',(-1.,0.,0.));
#261=AXIS2_PLACEMENT_3D('',#258,#259,#260);
#262=CIRCLE('',#261,0.35);
#263=EDGE_CURVE('',#242,#250,#262,.T.);
#264=ORIENTED_EDGE('',*,*,#263,.F.);
#265=ORIENTED_EDGE('',*,*,#247,.F.);
#266=CARTESIAN_POINT('',(-1.05,4.5,-3.5));
#267=VERTEX_POINT('',#266);
#268=CARTESIAN_POINT('',(-0.7,4.5,-3.5));
#269=DIRECTION('',(0.,0.,1.));
#270=DIRECTION('',(-1.,0.,0.));
#271=AXIS2_PLACEMENT_3D('',#268,#269,#270);
#272=CIRCLE('',#271,0.35);
#273=EDGE_CURVE('',#240,#267,#272,.T.);
#274=ORIENTED_EDGE('',*,*,#273,.T.);
#275=CARTESIAN_POINT('',(-0.7,4.5,-3.5));
#276=DIRECTION('',(0.,0.,1.));
#277=DIRECTION('',(-1.,0.,0.));
#278=AXIS2_PLACEMENT_3D('',#275,#276,#277);
#279=CIRCLE('',#278,0.35);
#280=EDGE_CURVE('',#267,#240,#279,.T.);
#281=ORIENTED_EDGE('',*,*,#280,.T.);
#282=EDGE_LOOP('',(#248,#257,#264,#265,#274,#281));
#283=FACE_BOUND('',#282,.T.);
#284=ADVANCED_FACE('',(#283),#238,.T.);
#285=OVER_RIDING_STYLED_ITEM('',(#74),#284,#26);
#286=CARTESIAN_POINT('',(-0.7,4.5,-3.5));
#287=DIRECTION('',(0.,0.,-1.));
#288=DIRECTION('',(-1.,0.,0.));
#289=AXIS2_PLACEMENT_3D('',#286,#287,#288);
#290=PLANE('',#289);
#291=ORIENTED_EDGE('',*,*,#273,.F.);
#292=ORIENTED_EDGE('',*,*,#280,.F.);
#293=EDGE_LOOP('',(#291,#292));
#294=FACE_BOUND('',#293,.T.);
#295=ADVANCED_FACE('',(#294),#290,.T.);
#296=OVER_RIDING_STYLED_ITEM('',(#74),#295,#26);
#297=CARTESIAN_POINT('',(-2.,2.,0.));
#298=DIRECTION('',(0.,0.,-1.));
#299=DIRECTION('',(-1.,0.,0.));
#300=AXIS2_PLACEMENT_3D('',#297,#298,#299);
#301=CYLINDRICAL_SURFACE('',#300,0.35);
#302=CARTESIAN_POINT('',(-1.65,2.,-3.5));
#303=VERTEX_POINT('',#302);
#304=CARTESIAN_POINT('',(-1.65,2.,0.));
#305=VERTEX_POINT('',#304);
#306=CARTESIAN_POINT('',(-1.65,2.,-3.5));
#307=DIRECTION('',(-0.,-0.,1.));
#308=VECTOR('',#307,3.5);
#309=LINE('',#306,#308);
#310=EDGE_CURVE('',#303,#305,#309,.T.);
#311=ORIENTED_EDGE('',*,*,#310,.T.);
#312=CARTESIAN_POINT('',(-2.35,2.,0.));
#313=VERTEX_POINT('',#312);
#314=CARTESIAN_POINT('',(-2.,2.,0.));
#315=DIRECTION('',(0.,0.,1.));
#316=DIRECTION('',(-1.,0.,0.));
#317=AXIS2_PLACEMENT_3D('',#314,#315,#316);
#318=CIRCLE('',#317,0.35);
#319=EDGE_CURVE('',#313,#305,#318,.T.);
#320=ORIENTED_EDGE('',*,*,#319,.F.);
#321=CARTESIAN_POINT('',(-2.,2.,0.));
#322=DIRECTION('',(0.,0.,1.));
#323=DIRECTION('',(-1.,0.,0.));
#324=AXIS2_PLACEMENT_3D('',#321,#322,#323);
#325=CIRCLE('',#324,0.35);
#326=EDGE_CURVE('',#305,#313,#325,.T.);
#327=ORIENTED_EDGE('',*,*,#326,.F.);
#328=ORIENTED_EDGE('',*,*,#310,.F.);
#329=CARTESIAN_POINT('',(-2.35,2.,-3.5));
#330=VERTEX_POINT('',#329);
#331=CARTESIAN_POINT('',(-2.,2.,-3.5));
#332=DIRECTION('',(0.,0.,1.));
#333=DIRECTION('',(-1.,0.,0.));
#334=AXIS2_PLACEMENT_3D('',#331,#332,#333);
#335=CIRCLE('',#334,0.35);
#336=EDGE_CURVE('',#303,#330,#335,.T.);
#337=ORIENTED_EDGE('',*,*,#336,.T.);
#338=CARTESIAN_POINT('',(-2.,2.,-3.5));
#339=DIRECTION('',(0.,0.,1.));
#340=DIRECTION('',(-1.,0.,0.));
#341=AXIS2_PLACEMENT_3D('',#338,#339,#340);
#342=CIRCLE('',#341,0.35);
#343=EDGE_CURVE('',#330,#303,#342,.T.);
#344=ORIENTED_EDGE('',*,*,#343,.T.);
#345=EDGE_LOOP('',(#311,#320,#327,#328,#337,#344));
#346=FACE_BOUND('',#345,.T.);
#347=ADVANCED_FACE('',(#346),#301,.T.);
#348=OVER_RIDING_STYLED_ITEM('',(#74),#347,#26);
#349=CARTESIAN_POINT('',(-2.,2.,-3.5));
#350=DIRECTION('',(0.,0.,-1.));
#351=DIRECTION('',(-1.,0.,0.));
#352=AXIS2_PLACEMENT_3D('',#349,#350,#351);
#353=PLANE('',#352);
#354=ORIENTED_EDGE('',*,*,#336,.F.);
#355=ORIENTED_EDGE('',*,*,#343,.F.);
#356=EDGE_LOOP('',(#354,#355));
#357=FACE_BOUND('',#356,.T.);
#358=ADVANCED_FACE('',(#357),#353,.T.);
#359=OVER_RIDING_STYLED_ITEM('',(#74),#358,#26);
#360=CARTESIAN_POINT('',(-1.,-1.818851024,0.));
#361=DIRECTION('',(-1.,0.,0.));
#362=DIRECTION('',(0.,1.,0.));
#363=AXIS2_PLACEMENT_3D('',#360,#361,#362);
#364=PLANE('',#363);
#365=ORIENTED_EDGE('',*,*,#96,.F.);
#366=CARTESIAN_POINT('',(-1.,-2.068851024,0.));
#367=VERTEX_POINT('',#366);
#368=CARTESIAN_POINT('',(-1.,-2.068851024,0.));
#369=DIRECTION('',(0.,0.,-1.));
#370=VECTOR('',#369,25.);
#371=LINE('',#368,#370);
#372=EDGE_CURVE('',#367,#84,#371,.T.);
#373=ORIENTED_EDGE('',*,*,#372,.F.);
#374=CARTESIAN_POINT('',(-1.,-5.470190065,0.));
#375=DIRECTION('',(0.,-1.,0.));
#376=VECTOR('',#375,5.);
#377=LINE('',#374,#376);
#378=EDGE_CURVE('',#44,#367,#377,.T.);
#379=ORIENTED_EDGE('',*,*,#378,.F.);
#380=ORIENTED_EDGE('',*,*,#49,.T.);
#381=EDGE_LOOP('',(#365,#373,#379,#380));
#382=FACE_BOUND('',#381,.T.);
#383=ADVANCED_FACE('',(#382),#364,.T.);
#384=OVER_RIDING_STYLED_ITEM('',(#74),#383,#26);
#385=CARTESIAN_POINT('',(0.,-2.068851024,0.));
#386=DIRECTION('',(0.,-1.,0.));
#387=DIRECTION('',(-1.,0.,0.));
#388=AXIS2_PLACEMENT_3D('',#385,#386,#387);
#389=PLANE('',#388);
#390=ORIENTED_EDGE('',*,*,#90,.F.);
#391=CARTESIAN_POINT('',(1.,-2.068851024,0.));
#392=VERTEX_POINT('',#391);
#393=CARTESIAN_POINT('',(1.,-2.068851024,0.));
#394=DIRECTION('',(0.,0.,-1.));
#395=VECTOR('',#394,25.);
#396=LINE('',#393,#395);
#397=EDGE_CURVE('',#392,#82,#396,.T.);
#398=ORIENTED_EDGE('',*,*,#397,.F.);
#399=CARTESIAN_POINT('',(-10.,-2.068851024,0.));
#400=DIRECTION('',(1.,0.,-0.));
#401=VECTOR('',#400,20.);
#402=LINE('',#399,#401);
#403=EDGE_CURVE('',#367,#392,#402,.T.);
#404=ORIENTED_EDGE('',*,*,#403,.F.);
#405=ORIENTED_EDGE('',*,*,#372,.T.);
#406=EDGE_LOOP('',(#390,#398,#404,#405));
#407=FACE_BOUND('',#406,.T.);
#408=ADVANCED_FACE('',(#407),#389,.T.);
#409=OVER_RIDING_STYLED_ITEM('',(#74),#408,#26);
#410=CARTESIAN_POINT('',(1.,-1.818851024,0.));
#411=DIRECTION('',(1.,0.,0.));
#412=DIRECTION('',(0.,-1.,0.));
#413=AXIS2_PLACEMENT_3D('',#410,#411,#412);
#414=PLANE('',#413);
#415=ORIENTED_EDGE('',*,*,#103,.F.);
#416=ORIENTED_EDGE('',*,*,#63,.F.);
#417=CARTESIAN_POINT('',(1.,-10.470190065,0.));
#418=DIRECTION('',(0.,1.,0.));
#419=VECTOR('',#418,5.);
#420=LINE('',#417,#419);
#421=EDGE_CURVE('',#392,#52,#420,.T.);
#422=ORIENTED_EDGE('',*,*,#421,.F.);
#423=ORIENTED_EDGE('',*,*,#397,.T.);
#424=EDGE_LOOP('',(#415,#416,#422,#423));
#425=FACE_BOUND('',#424,.T.);
#426=ADVANCED_FACE('',(#425),#414,.T.);
#427=OVER_RIDING_STYLED_ITEM('',(#74),#426,#26);
#428=CARTESIAN_POINT('',(0.,2.,0.));
#429=DIRECTION('',(0.,0.,-1.));
#430=DIRECTION('',(-1.,0.,0.));
#431=AXIS2_PLACEMENT_3D('',#428,#429,#430);
#432=CYLINDRICAL_SURFACE('',#431,0.35);
#433=CARTESIAN_POINT('',(0.35,2.,-3.5));
#434=VERTEX_POINT('',#433);
#435=CARTESIAN_POINT('',(0.35,2.,0.));
#436=VERTEX_POINT('',#435);
#437=CARTESIAN_POINT('',(0.35,2.,-3.5));
#438=DIRECTION('',(-0.,-0.,1.));
#439=VECTOR('',#438,3.5);
#440=LINE('',#437,#439);
#441=EDGE_CURVE('',#434,#436,#440,.T.);
#442=ORIENTED_EDGE('',*,*,#441,.T.);
#443=CARTESIAN_POINT('',(-0.35,2.,0.));
#444=VERTEX_POINT('',#443);
#445=CARTESIAN_POINT('',(0.,2.,0.));
#446=DIRECTION('',(0.,0.,1.));
#447=DIRECTION('',(-1.,0.,0.));
#448=AXIS2_PLACEMENT_3D('',#445,#446,#447);
#449=CIRCLE('',#448,0.35);
#450=EDGE_CURVE('',#444,#436,#449,.T.);
#451=ORIENTED_EDGE('',*,*,#450,.F.);
#452=CARTESIAN_POINT('',(0.,2.,0.));
#453=DIRECTION('',(0.,0.,1.));
#454=DIRECTION('',(-1.,0.,0.));
#455=AXIS2_PLACEMENT_3D('',#452,#453,#454);
#456=CIRCLE('',#455,0.35);
#457=EDGE_CURVE('',#436,#444,#456,.T.);
#458=ORIENTED_EDGE('',*,*,#457,.F.);
#459=ORIENTED_EDGE('',*,*,#441,.F.);
#460=CARTESIAN_POINT('',(-0.35,2.,-3.5));
#461=VERTEX_POINT('',#460);
#462=CARTESIAN_POINT('',(0.,2.,-3.5));
#463=DIRECTION('',(0.,0.,1.));
#464=DIRECTION('',(-1.,0.,0.));
#465=AXIS2_PLACEMENT_3D('',#462,#463,#464);
#466=CIRCLE('',#465,0.35);
#467=EDGE_CURVE('',#434,#461,#466,.T.);
#468=ORIENTED_EDGE('',*,*,#467,.T.);
#469=CARTESIAN_POINT('',(0.,2.,-3.5));
#470=DIRECTION('',(0.,0.,1.));
#471=DIRECTION('',(-1.,0.,0.));
#472=AXIS2_PLACEMENT_3D('',#469,#470,#471);
#473=CIRCLE('',#472,0.35);
#474=EDGE_CURVE('',#461,#434,#473,.T.);
#475=ORIENTED_EDGE('',*,*,#474,.T.);
#476=EDGE_LOOP('',(#442,#451,#458,#459,#468,#475));
#477=FACE_BOUND('',#476,.T.);
#478=ADVANCED_FACE('',(#477),#432,.T.);
#479=OVER_RIDING_STYLED_ITEM('',(#74),#478,#26);
#480=CARTESIAN_POINT('',(0.,2.,-3.5));
#481=DIRECTION('',(0.,0.,-1.));
#482=DIRECTION('',(-1.,0.,0.));
#483=AXIS2_PLACEMENT_3D('',#480,#481,#482);
#484=PLANE('',#483);
#485=ORIENTED_EDGE('',*,*,#467,.F.);
#486=ORIENTED_EDGE('',*,*,#474,.F.);
#487=EDGE_LOOP('',(#485,#486));
#488=FACE_BOUND('',#487,.T.);
#489=ADVANCED_FACE('',(#488),#484,.T.);
#490=OVER_RIDING_STYLED_ITEM('',(#74),#489,#26);
#491=CARTESIAN_POINT('',(-4.,4.5,0.));
#492=DIRECTION('',(0.,0.,-1.));
#493=DIRECTION('',(-1.,0.,0.));
#494=AXIS2_PLACEMENT_3D('',#491,#492,#493);
#495=CYLINDRICAL_SURFACE('',#494,0.35);
#496=CARTESIAN_POINT('',(-3.65,4.5,-3.5));
#497=VERTEX_POINT('',#496);
#498=CARTESIAN_POINT('',(-3.65,4.5,0.));
#499=VERTEX_POINT('',#498);
#500=CARTESIAN_POINT('',(-3.65,4.5,-3.5));
#501=DIRECTION('',(-0.,-0.,1.));
#502=VECTOR('',#501,3.5);
#503=LINE('',#500,#502);
#504=EDGE_CURVE('',#497,#499,#503,.T.);
#505=ORIENTED_EDGE('',*,*,#504,.T.);
#506=CARTESIAN_POINT('',(-4.35,4.5,0.));
#507=VERTEX_POINT('',#506);
#508=CARTESIAN_POINT('',(-4.,4.5,0.));
#509=DIRECTION('',(0.,0.,1.));
#510=DIRECTION('',(-1.,0.,0.));
#511=AXIS2_PLACEMENT_3D('',#508,#509,#510);
#512=CIRCLE('',#511,0.35);
#513=EDGE_CURVE('',#507,#499,#512,.T.);
#514=ORIENTED_EDGE('',*,*,#513,.F.);
#515=CARTESIAN_POINT('',(-4.,4.5,0.));
#516=DIRECTION('',(0.,0.,1.));
#517=DIRECTION('',(-1.,0.,0.));
#518=AXIS2_PLACEMENT_3D('',#515,#516,#517);
#519=CIRCLE('',#518,0.35);
#520=EDGE_CURVE('',#499,#507,#519,.T.);
#521=ORIENTED_EDGE('',*,*,#520,.F.);
#522=ORIENTED_EDGE('',*,*,#504,.F.);
#523=CARTESIAN_POINT('',(-4.35,4.5,-3.5));
#524=VERTEX_POINT('',#523);
#525=CARTESIAN_POINT('',(-4.,4.5,-3.5));
#526=DIRECTION('',(0.,0.,1.));
#527=DIRECTION('',(-1.,0.,0.));
#528=AXIS2_PLACEMENT_3D('',#525,#526,#527);
#529=CIRCLE('',#528,0.35);
#530=EDGE_CURVE('',#497,#524,#529,.T.);
#531=ORIENTED_EDGE('',*,*,#530,.T.);
#532=CARTESIAN_POINT('',(-4.,4.5,-3.5));
#533=DIRECTION('',(0.,0.,1.));
#534=DIRECTION('',(-1.,0.,0.));
#535=AXIS2_PLACEMENT_3D('',#532,#533,#534);
#536=CIRCLE('',#535,0.35);
#537=EDGE_CURVE('',#524,#497,#536,.T.);
#538=ORIENTED_EDGE('',*,*,#537,.T.);
#539=EDGE_LOOP('',(#505,#514,#521,#522,#531,#538));
#540=FACE_BOUND('',#539,.T.);
#541=ADVANCED_FACE('',(#540),#495,.T.);
#542=OVER_RIDING_STYLED_ITEM('',(#74),#541,#26);
#543=CARTESIAN_POINT('',(-4.,4.5,-3.5));
#544=DIRECTION('',(0.,0.,-1.));
#545=DIRECTION('',(-1.,0.,0.));
#546=AXIS2_PLACEMENT_3D('',#543,#544,#545);
#547=PLANE('',#546);
#548=ORIENTED_EDGE('',*,*,#530,.F.);
#549=ORIENTED_EDGE('',*,*,#537,.F.);
#550=EDGE_LOOP('',(#548,#549));
#551=FACE_BOUND('',#550,.T.);
#552=ADVANCED_FACE('',(#551),#547,.T.);
#553=OVER_RIDING_STYLED_ITEM('',(#74),#552,#26);
#554=CARTESIAN_POINT('',(1.3,4.5,0.));
#555=DIRECTION('',(0.,0.,-1.));
#556=DIRECTION('',(-1.,0.,0.));
#557=AXIS2_PLACEMENT_3D('',#554,#555,#556);
#558=CYLINDRICAL_SURFACE('',#557,0.35);
#559=CARTESIAN_POINT('',(1.65,4.5,-3.5));
#560=VERTEX_POINT('',#559);
#561=CARTESIAN_POINT('',(1.65,4.5,0.));
#562=VERTEX_POINT('',#561);
#563=CARTESIAN_POINT('',(1.65,4.5,-3.5));
#564=DIRECTION('',(-0.,-0.,1.));
#565=VECTOR('',#564,3.5);
#566=LINE('',#563,#565);
#567=EDGE_CURVE('',#560,#562,#566,.T.);
#568=ORIENTED_EDGE('',*,*,#567,.T.);
#569=CARTESIAN_POINT('',(0.95,4.5,0.));
#570=VERTEX_POINT('',#569);
#571=CARTESIAN_POINT('',(1.3,4.5,0.));
#572=DIRECTION('',(0.,0.,1.));
#573=DIRECTION('',(-1.,0.,0.));
#574=AXIS2_PLACEMENT_3D('',#571,#572,#573);
#575=CIRCLE('',#574,0.35);
#576=EDGE_CURVE('',#570,#562,#575,.T.);
#577=ORIENTED_EDGE('',*,*,#576,.F.);
#578=CARTESIAN_POINT('',(1.3,4.5,0.));
#579=DIRECTION('',(0.,0.,1.));
#580=DIRECTION('',(-1.,0.,0.));
#581=AXIS2_PLACEMENT_3D('',#578,#579,#580);
#582=CIRCLE('',#581,0.35);
#583=EDGE_CURVE('',#562,#570,#582,.T.);
#584=ORIENTED_EDGE('',*,*,#583,.F.);
#585=ORIENTED_EDGE('',*,*,#567,.F.);
#586=CARTESIAN_POINT('',(0.95,4.5,-3.5));
#587=VERTEX_POINT('',#586);
#588=CARTESIAN_POINT('',(1.3,4.5,-3.5));
#589=DIRECTION('',(0.,0.,1.));
#590=DIRECTION('',(-1.,0.,0.));
#591=AXIS2_PLACEMENT_3D('',#588,#589,#590);
#592=CIRCLE('',#591,0.35);
#593=EDGE_CURVE('',#560,#587,#592,.T.);
#594=ORIENTED_EDGE('',*,*,#593,.T.);
#595=CARTESIAN_POINT('',(1.3,4.5,-3.5));
#596=DIRECTION('',(0.,0.,1.));
#597=DIRECTION('',(-1.,0.,0.));
#598=AXIS2_PLACEMENT_3D('',#595,#596,#597);
#599=CIRCLE('',#598,0.35);
#600=EDGE_CURVE('',#587,#560,#599,.T.);
#601=ORIENTED_EDGE('',*,*,#600,.T.);
#602=EDGE_LOOP('',(#568,#577,#584,#585,#594,#601));
#603=FACE_BOUND('',#602,.T.);
#604=ADVANCED_FACE('',(#603),#558,.T.);
#605=OVER_RIDING_STYLED_ITEM('',(#74),#604,#26);
#606=CARTESIAN_POINT('',(1.3,4.5,-3.5));
#607=DIRECTION('',(0.,0.,-1.));
#608=DIRECTION('',(-1.,0.,0.));
#609=AXIS2_PLACEMENT_3D('',#606,#607,#608);
#610=PLANE('',#609);
#611=ORIENTED_EDGE('',*,*,#593,.F.);
#612=ORIENTED_EDGE('',*,*,#600,.F.);
#613=EDGE_LOOP('',(#611,#612));
#614=FACE_BOUND('',#613,.T.);
#615=ADVANCED_FACE('',(#614),#610,.T.);
#616=OVER_RIDING_STYLED_ITEM('',(#74),#615,#26);
#617=CARTESIAN_POINT('',(-4.,2.,0.));
#618=DIRECTION('',(0.,0.,-1.));
#619=DIRECTION('',(-1.,0.,0.));
#620=AXIS2_PLACEMENT_3D('',#617,#618,#619);
#621=CYLINDRICAL_SURFACE('',#620,0.35);
#622=CARTESIAN_POINT('',(-3.65,2.,-3.5));
#623=VERTEX_POINT('',#622);
#624=CARTESIAN_POINT('',(-3.65,2.,0.));
#625=VERTEX_POINT('',#624);
#626=CARTESIAN_POINT('',(-3.65,2.,-3.5));
#627=DIRECTION('',(-0.,-0.,1.));
#628=VECTOR('',#627,3.5);
#629=LINE('',#626,#628);
#630=EDGE_CURVE('',#623,#625,#629,.T.);
#631=ORIENTED_EDGE('',*,*,#630,.T.);
#632=CARTESIAN_POINT('',(-4.35,2.,0.));
#633=VERTEX_POINT('',#632);
#634=CARTESIAN_POINT('',(-4.,2.,0.));
#635=DIRECTION('',(0.,0.,1.));
#636=DIRECTION('',(-1.,0.,0.));
#637=AXIS2_PLACEMENT_3D('',#634,#635,#636);
#638=CIRCLE('',#637,0.35);
#639=EDGE_CURVE('',#633,#625,#638,.T.);
#640=ORIENTED_EDGE('',*,*,#639,.F.);
#641=CARTESIAN_POINT('',(-4.,2.,0.));
#642=DIRECTION('',(0.,0.,1.));
#643=DIRECTION('',(-1.,0.,0.));
#644=AXIS2_PLACEMENT_3D('',#641,#642,#643);
#645=CIRCLE('',#644,0.35);
#646=EDGE_CURVE('',#625,#633,#645,.T.);
#647=ORIENTED_EDGE('',*,*,#646,.F.);
#648=ORIENTED_EDGE('',*,*,#630,.F.);
#649=CARTESIAN_POINT('',(-4.35,2.,-3.5));
#650=VERTEX_POINT('',#649);
#651=CARTESIAN_POINT('',(-4.,2.,-3.5));
#652=DIRECTION('',(0.,0.,1.));
#653=DIRECTION('',(-1.,0.,0.));
#654=AXIS2_PLACEMENT_3D('',#651,#652,#653);
#655=CIRCLE('',#654,0.35);
#656=EDGE_CURVE('',#623,#650,#655,.T.);
#657=ORIENTED_EDGE('',*,*,#656,.T.);
#658=CARTESIAN_POINT('',(-4.,2.,-3.5));
#659=DIRECTION('',(0.,0.,1.));
#660=DIRECTION('',(-1.,0.,0.));
#661=AXIS2_PLACEMENT_3D('',#658,#659,#660);
#662=CIRCLE('',#661,0.35);
#663=EDGE_CURVE('',#650,#623,#662,.T.);
#664=ORIENTED_EDGE('',*,*,#663,.T.);
#665=EDGE_LOOP('',(#631,#640,#647,#648,#657,#664));
#666=FACE_BOUND('',#665,.T.);
#667=ADVANCED_FACE('',(#666),#621,.T.);
#668=OVER_RIDING_STYLED_ITEM('',(#74),#667,#26);
#669=CARTESIAN_POINT('',(-4.,2.,-3.5));
#670=DIRECTION('',(0.,0.,-1.));
#671=DIRECTION('',(-1.,0.,0.));
#672=AXIS2_PLACEMENT_3D('',#669,#670,#671);
#673=PLANE('',#672);
#674=ORIENTED_EDGE('',*,*,#656,.F.);
#675=ORIENTED_EDGE('',*,*,#663,.F.);
#676=EDGE_LOOP('',(#674,#675));
#677=FACE_BOUND('',#676,.T.);
#678=ADVANCED_FACE('',(#677),#673,.T.);
#679=OVER_RIDING_STYLED_ITEM('',(#74),#678,#26);
#680=CARTESIAN_POINT('',(4.,2.,0.));
#681=DIRECTION('',(0.,0.,-1.));
#682=DIRECTION('',(-1.,0.,0.));
#683=AXIS2_PLACEMENT_3D('',#680,#681,#682);
#684=CYLINDRICAL_SURFACE('',#683,0.35);
#685=CARTESIAN_POINT('',(4.35,2.,-3.5));
#686=VERTEX_POINT('',#685);
#687=CARTESIAN_POINT('',(4.35,2.,0.));
#688=VERTEX_POINT('',#687);
#689=CARTESIAN_POINT('',(4.35,2.,-3.5));
#690=DIRECTION('',(-0.,-0.,1.));
#691=VECTOR('',#690,3.5);
#692=LINE('',#689,#691);
#693=EDGE_CURVE('',#686,#688,#692,.T.);
#694=ORIENTED_EDGE('',*,*,#693,.T.);
#695=CARTESIAN_POINT('',(3.65,2.,0.));
#696=VERTEX_POINT('',#695);
#697=CARTESIAN_POINT('',(4.,2.,0.));
#698=DIRECTION('',(0.,0.,1.));
#699=DIRECTION('',(-1.,0.,0.));
#700=AXIS2_PLACEMENT_3D('',#697,#698,#699);
#701=CIRCLE('',#700,0.35);
#702=EDGE_CURVE('',#696,#688,#701,.T.);
#703=ORIENTED_EDGE('',*,*,#702,.F.);
#704=CARTESIAN_POINT('',(4.,2.,0.));
#705=DIRECTION('',(0.,0.,1.));
#706=DIRECTION('',(-1.,0.,0.));
#707=AXIS2_PLACEMENT_3D('',#704,#705,#706);
#708=CIRCLE('',#707,0.35);
#709=EDGE_CURVE('',#688,#696,#708,.T.);
#710=ORIENTED_EDGE('',*,*,#709,.F.);
#711=ORIENTED_EDGE('',*,*,#693,.F.);
#712=CARTESIAN_POINT('',(3.65,2.,-3.5));
#713=VERTEX_POINT('',#712);
#714=CARTESIAN_POINT('',(4.,2.,-3.5));
#715=DIRECTION('',(0.,0.,1.));
#716=DIRECTION('',(-1.,0.,0.));
#717=AXIS2_PLACEMENT_3D('',#714,#715,#716);
#718=CIRCLE('',#717,0.35);
#719=EDGE_CURVE('',#686,#713,#718,.T.);
#720=ORIENTED_EDGE('',*,*,#719,.T.);
#721=CARTESIAN_POINT('',(4.,2.,-3.5));
#722=DIRECTION('',(0.,0.,1.));
#723=DIRECTION('',(-1.,0.,0.));
#724=AXIS2_PLACEMENT_3D('',#721,#722,#723);
#725=CIRCLE('',#724,0.35);
#726=EDGE_CURVE('',#713,#686,#725,.T.);
#727=ORIENTED_EDGE('',*,*,#726,.T.);
#728=EDGE_LOOP('',(#694,#703,#710,#711,#720,#727));
#729=FACE_BOUND('',#728,.T.);
#730=ADVANCED_FACE('',(#729),#684,.T.);
#731=OVER_RIDING_STYLED_ITEM('',(#74),#730,#26);
#732=CARTESIAN_POINT('',(4.,2.,-3.5));
#733=DIRECTION('',(0.,0.,-1.));
#734=DIRECTION('',(-1.,0.,0.));
#735=AXIS2_PLACEMENT_3D('',#732,#733,#734);
#736=PLANE('',#735);
#737=ORIENTED_EDGE('',*,*,#719,.F.);
#738=ORIENTED_EDGE('',*,*,#726,.F.);
#739=EDGE_LOOP('',(#737,#738));
#740=FACE_BOUND('',#739,.T.);
#741=ADVANCED_FACE('',(#740),#736,.T.);
#742=OVER_RIDING_STYLED_ITEM('',(#74),#741,#26);
#743=CARTESIAN_POINT('',(0.,-0.451886792,0.));
#744=DIRECTION('',(0.,0.,1.));
#745=DIRECTION('',(1.,0.,0.));
#746=AXIS2_PLACEMENT_3D('',#743,#744,#745);
#747=PLANE('',#746);
#748=CARTESIAN_POINT('',(-7.,-6.5,0.));
#749=VERTEX_POINT('',#748);
#750=CARTESIAN_POINT('',(7.,-6.5,0.));
#751=VERTEX_POINT('',#750);
#752=CARTESIAN_POINT('',(-7.,-6.5,0.));
#753=DIRECTION('',(1.,0.,-0.));
#754=VECTOR('',#753,140.);
#755=LINE('',#752,#754);
#756=EDGE_CURVE('',#749,#751,#755,.T.);
#757=ORIENTED_EDGE('',*,*,#756,.F.);
#758=CARTESIAN_POINT('',(-7.,-4.7,0.));
#759=VERTEX_POINT('',#758);
#760=CARTESIAN_POINT('',(-7.,-4.7,0.));
#761=DIRECTION('',(0.,-1.,0.));
#762=VECTOR('',#761,18.);
#763=LINE('',#760,#762);
#764=EDGE_CURVE('',#759,#749,#763,.T.);
#765=ORIENTED_EDGE('',*,*,#764,.F.);
#766=CARTESIAN_POINT('',(-6.5,-4.7,0.));
#767=VERTEX_POINT('',#766);
#768=CARTESIAN_POINT('',(-6.5,-4.7,0.));
#769=DIRECTION('',(-1.,0.,0.));
#770=VECTOR('',#769,5.);
#771=LINE('',#768,#770);
#772=EDGE_CURVE('',#767,#759,#771,.T.);
#773=ORIENTED_EDGE('',*,*,#772,.F.);
#774=CARTESIAN_POINT('',(-6.5,6.,0.));
#775=VERTEX_POINT('',#774);
#776=CARTESIAN_POINT('',(-6.5,6.,0.));
#777=DIRECTION('',(0.,-1.,0.));
#778=VECTOR('',#777,107.);
#779=LINE('',#776,#778);
#780=EDGE_CURVE('',#775,#767,#779,.T.);
#781=ORIENTED_EDGE('',*,*,#780,.F.);
#782=CARTESIAN_POINT('',(6.5,6.,0.));
#783=VERTEX_POINT('',#782);
#784=CARTESIAN_POINT('',(6.5,6.,0.));
#785=DIRECTION('',(-1.,0.,0.));
#786=VECTOR('',#785,130.);
#787=LINE('',#784,#786);
#788=EDGE_CURVE('',#783,#775,#787,.T.);
#789=ORIENTED_EDGE('',*,*,#788,.F.);
#790=CARTESIAN_POINT('',(6.5,-4.7,0.));
#791=VERTEX_POINT('',#790);
#792=CARTESIAN_POINT('',(6.5,-4.7,0.));
#793=DIRECTION('',(0.,1.,0.));
#794=VECTOR('',#793,107.);
#795=LINE('',#792,#794);
#796=EDGE_CURVE('',#791,#783,#795,.T.);
#797=ORIENTED_EDGE('',*,*,#796,.F.);
#798=CARTESIAN_POINT('',(7.,-4.7,0.));
#799=VERTEX_POINT('',#798);
#800=CARTESIAN_POINT('',(7.,-4.7,0.));
#801=DIRECTION('',(-1.,0.,0.));
#802=VECTOR('',#801,5.);
#803=LINE('',#800,#802);
#804=EDGE_CURVE('',#799,#791,#803,.T.);
#805=ORIENTED_EDGE('',*,*,#804,.F.);
#806=CARTESIAN_POINT('',(7.,-6.5,0.));
#807=DIRECTION('',(0.,1.,0.));
#808=VECTOR('',#807,18.);
#809=LINE('',#806,#808);
#810=EDGE_CURVE('',#751,#799,#809,.T.);
#811=ORIENTED_EDGE('',*,*,#810,.F.);
#812=EDGE_LOOP('',(#757,#765,#773,#781,#789,#797,#805,#811));
#813=FACE_BOUND('',#812,.T.);
#814=ORIENTED_EDGE('',*,*,#702,.T.);
#815=ORIENTED_EDGE('',*,*,#709,.T.);
#816=EDGE_LOOP('',(#814,#815));
#817=FACE_BOUND('',#816,.T.);
#818=ORIENTED_EDGE('',*,*,#639,.T.);
#819=ORIENTED_EDGE('',*,*,#646,.T.);
#820=EDGE_LOOP('',(#818,#819));
#821=FACE_BOUND('',#820,.T.);
#822=ORIENTED_EDGE('',*,*,#576,.T.);
#823=ORIENTED_EDGE('',*,*,#583,.T.);
#824=EDGE_LOOP('',(#822,#823));
#825=FACE_BOUND('',#824,.T.);
#826=ORIENTED_EDGE('',*,*,#513,.T.);
#827=ORIENTED_EDGE('',*,*,#520,.T.);
#828=EDGE_LOOP('',(#826,#827));
#829=FACE_BOUND('',#828,.T.);
#830=ORIENTED_EDGE('',*,*,#450,.T.);
#831=ORIENTED_EDGE('',*,*,#457,.T.);
#832=EDGE_LOOP('',(#830,#831));
#833=FACE_BOUND('',#832,.T.);
#834=ORIENTED_EDGE('',*,*,#57,.T.);
#835=ORIENTED_EDGE('',*,*,#378,.T.);
#836=ORIENTED_EDGE('',*,*,#403,.T.);
#837=ORIENTED_EDGE('',*,*,#421,.T.);
#838=EDGE_LOOP('',(#834,#835,#836,#837));
#839=FACE_BOUND('',#838,.T.);
#840=ORIENTED_EDGE('',*,*,#319,.T.);
#841=ORIENTED_EDGE('',*,*,#326,.T.);
#842=EDGE_LOOP('',(#840,#841));
#843=FACE_BOUND('',#842,.T.);
#844=ORIENTED_EDGE('',*,*,#256,.T.);
#845=ORIENTED_EDGE('',*,*,#263,.T.);
#846=EDGE_LOOP('',(#844,#845));
#847=FACE_BOUND('',#846,.T.);
#848=ORIENTED_EDGE('',*,*,#193,.T.);
#849=ORIENTED_EDGE('',*,*,#200,.T.);
#850=EDGE_LOOP('',(#848,#849));
#851=FACE_BOUND('',#850,.T.);
#852=ORIENTED_EDGE('',*,*,#130,.T.);
#853=ORIENTED_EDGE('',*,*,#137,.T.);
#854=EDGE_LOOP('',(#852,#853));
#855=FACE_BOUND('',#854,.T.);
#856=ADVANCED_FACE('',(#813,#817,#821,#825,#829,#833,#839,#843,#847,#851,#855),#747,.F.);
#857=DRAUGHTING_PRE_DEFINED_COLOUR('black');
#858=FILL_AREA_STYLE_COLOUR('',#857);
#859=FILL_AREA_STYLE('',(#858));
#860=SURFACE_STYLE_FILL_AREA(#859);
#861=SURFACE_SIDE_STYLE('',(#860));
#862=SURFACE_STYLE_USAGE(.BOTH.,#861);
#863=PRESENTATION_STYLE_ASSIGNMENT((#862));
#864=OVER_RIDING_STYLED_ITEM('',(#863),#856,#26);
#865=CARTESIAN_POINT('',(-6.5,0.747619048,12.31));
#866=DIRECTION('',(-0.,1.,-0.));
#867=DIRECTION('',(-0.707106781,0.,0.707106781));
#868=AXIS2_PLACEMENT_3D('',#865,#866,#867);
#869=CYLINDRICAL_SURFACE('',#868,0.5);
#870=CARTESIAN_POINT('',(-6.5,5.8,12.81));
#871=VERTEX_POINT('',#870);
#872=CARTESIAN_POINT('',(-7.,5.8,12.31));
#873=VERTEX_POINT('',#872);
#874=CARTESIAN_POINT('',(-6.5,5.8,12.31));
#875=DIRECTION('',(0.,-1.,0.));
#876=DIRECTION('',(-0.707106781,0.,0.707106781));
#877=AXIS2_PLACEMENT_3D('',#874,#875,#876);
#878=CIRCLE('',#877,0.5);
#879=EDGE_CURVE('',#871,#873,#878,.T.);
#880=ORIENTED_EDGE('',*,*,#879,.T.);
#881=CARTESIAN_POINT('',(-7.,-4.65,12.31));
#882=VERTEX_POINT('',#881);
#883=CARTESIAN_POINT('',(-7.,51.271428571,12.31));
#884=DIRECTION('',(0.,-1.,0.));
#885=VECTOR('',#884,104.5);
#886=LINE('',#883,#885);
#887=EDGE_CURVE('',#873,#882,#886,.T.);
#888=ORIENTED_EDGE('',*,*,#887,.T.);
#889=CARTESIAN_POINT('',(-6.5,-4.65,12.81));
#890=VERTEX_POINT('',#889);
#891=CARTESIAN_POINT('',(-6.5,-4.65,12.31));
#892=DIRECTION('',(0.,1.,0.));
#893=DIRECTION('',(-0.707106781,0.,0.707106781));
#894=AXIS2_PLACEMENT_3D('',#891,#892,#893);
#895=CIRCLE('',#894,0.5);
#896=EDGE_CURVE('',#882,#890,#895,.T.);
#897=ORIENTED_EDGE('',*,*,#896,.T.);
#898=CARTESIAN_POINT('',(-6.5,-53.228571429,12.81));
#899=DIRECTION('',(0.,1.,-0.));
#900=VECTOR('',#899,104.5);
#901=LINE('',#898,#900);
#902=EDGE_CURVE('',#890,#871,#901,.T.);
#903=ORIENTED_EDGE('',*,*,#902,.T.);
#904=EDGE_LOOP('',(#880,#888,#897,#903));
#905=FACE_BOUND('',#904,.T.);
#906=ADVANCED_FACE('',(#905),#869,.T.);
#907=CARTESIAN_POINT('',(0.,-4.65,12.3));
#908=DIRECTION('',(0.,-1.,0.));
#909=DIRECTION('',(1.,0.,0.));
#910=AXIS2_PLACEMENT_3D('',#907,#908,#909);
#911=PLANE('',#910);
#912=ORIENTED_EDGE('',*,*,#896,.F.);
#913=CARTESIAN_POINT('',(-7.,-4.65,0.474337997));
#914=VERTEX_POINT('',#913);
#915=CARTESIAN_POINT('',(-7.,-4.65,-105.956620031));
#916=DIRECTION('',(0.,0.,1.));
#917=VECTOR('',#916,118.356620031);
#918=LINE('',#915,#917);
#919=EDGE_CURVE('',#914,#882,#918,.T.);
#920=ORIENTED_EDGE('',*,*,#919,.F.);
#921=CARTESIAN_POINT('',(-6.5,-4.65,0.474337997));
#922=VERTEX_POINT('',#921);
#923=CARTESIAN_POINT('',(-38.5,-4.65,0.474337997));
#924=DIRECTION('',(1.,0.,-0.));
#925=VECTOR('',#924,5.);
#926=LINE('',#923,#925);
#927=EDGE_CURVE('',#914,#922,#926,.T.);
#928=ORIENTED_EDGE('',*,*,#927,.T.);
#929=CARTESIAN_POINT('',(-6.5,-4.65,12.3));
#930=VERTEX_POINT('',#929);
#931=CARTESIAN_POINT('',(-6.5,-4.65,67.65));
#932=DIRECTION('',(0.,0.,-1.));
#933=VECTOR('',#932,118.256620031);
#934=LINE('',#931,#933);
#935=EDGE_CURVE('',#930,#922,#934,.T.);
#936=ORIENTED_EDGE('',*,*,#935,.F.);
#937=CARTESIAN_POINT('',(6.5,-4.65,12.3));
#938=VERTEX_POINT('',#937);
#939=CARTESIAN_POINT('',(65.,-4.65,12.3));
#940=DIRECTION('',(-1.,0.,0.));
#941=VECTOR('',#940,130.);
#942=LINE('',#939,#941);
#943=EDGE_CURVE('',#938,#930,#942,.T.);
#944=ORIENTED_EDGE('',*,*,#943,.F.);
#945=CARTESIAN_POINT('',(6.5,-4.65,0.474337997));
#946=VERTEX_POINT('',#945);
#947=CARTESIAN_POINT('',(6.5,-4.65,-50.606620031));
#948=DIRECTION('',(0.,0.,1.));
#949=VECTOR('',#948,118.256620031);
#950=LINE('',#947,#949);
#951=EDGE_CURVE('',#946,#938,#950,.T.);
#952=ORIENTED_EDGE('',*,*,#951,.F.);
#953=CARTESIAN_POINT('',(7.,-4.65,0.474337997));
#954=VERTEX_POINT('',#953);
#955=CARTESIAN_POINT('',(33.5,-4.65,0.474337997));
#956=DIRECTION('',(1.,0.,-0.));
#957=VECTOR('',#956,5.);
#958=LINE('',#955,#957);
#959=EDGE_CURVE('',#946,#954,#958,.T.);
#960=ORIENTED_EDGE('',*,*,#959,.T.);
#961=CARTESIAN_POINT('',(7.,-4.65,12.31));
#962=VERTEX_POINT('',#961);
#963=CARTESIAN_POINT('',(7.,-4.65,12.4));
#964=DIRECTION('',(0.,0.,-1.));
#965=VECTOR('',#964,118.356620031);
#966=LINE('',#963,#965);
#967=EDGE_CURVE('',#962,#954,#966,.T.);
#968=ORIENTED_EDGE('',*,*,#967,.F.);
#969=CARTESIAN_POINT('',(6.5,-4.65,12.81));
#970=VERTEX_POINT('',#969);
#971=CARTESIAN_POINT('',(6.5,-4.65,12.31));
#972=DIRECTION('',(-0.,1.,0.));
#973=DIRECTION('',(0.707106781,0.,0.707106781));
#974=AXIS2_PLACEMENT_3D('',#971,#972,#973);
#975=CIRCLE('',#974,0.5);
#976=EDGE_CURVE('',#970,#962,#975,.T.);
#977=ORIENTED_EDGE('',*,*,#976,.F.);
#978=CARTESIAN_POINT('',(128.,-4.65,12.81));
#979=DIRECTION('',(-1.,0.,0.));
#980=VECTOR('',#979,130.);
#981=LINE('',#978,#980);
#982=EDGE_CURVE('',#970,#890,#981,.T.);
#983=ORIENTED_EDGE('',*,*,#982,.T.);
#984=EDGE_LOOP('',(#912,#920,#928,#936,#944,#952,#960,#968,#977,#983));
#985=FACE_BOUND('',#984,.T.);
#986=ADVANCED_FACE('',(#985),#911,.T.);
#987=OVER_RIDING_STYLED_ITEM('',(#74),#986,#26);
#988=CARTESIAN_POINT('',(-7.,0.575,12.3));
#989=DIRECTION('',(-1.,0.,0.));
#990=DIRECTION('',(0.,-1.,0.));
#991=AXIS2_PLACEMENT_3D('',#988,#989,#990);
#992=PLANE('',#991);
#993=ORIENTED_EDGE('',*,*,#887,.F.);
#994=CARTESIAN_POINT('',(-7.,5.8,0.474337997));
#995=VERTEX_POINT('',#994);
#996=CARTESIAN_POINT('',(-7.,5.8,12.4));
#997=DIRECTION('',(0.,0.,-1.));
#998=VECTOR('',#997,118.356620031);
#999=LINE('',#996,#998);
#1000=EDGE_CURVE('',#873,#995,#999,.T.);
#1001=ORIENTED_EDGE('',*,*,#1000,.T.);
#1002=CARTESIAN_POINT('',(-7.,0.05,0.474337997));
#1003=VERTEX_POINT('',#1002);
#1004=CARTESIAN_POINT('',(-7.,42.25,0.474337997));
#1005=DIRECTION('',(0.,-1.,0.));
#1006=VECTOR('',#1005,57.5);
#1007=LINE('',#1004,#1006);
#1008=EDGE_CURVE('',#995,#1003,#1007,.T.);
#1009=ORIENTED_EDGE('',*,*,#1008,.T.);
#1010=CARTESIAN_POINT('',(-7.,-1.95,0.474337997));
#1011=VERTEX_POINT('',#1010);
#1012=CARTESIAN_POINT('',(-7.,2.1875,0.474337997));
#1013=DIRECTION('',(0.,-1.,0.));
#1014=VECTOR('',#1013,20.);
#1015=LINE('',#1012,#1014);
#1016=EDGE_CURVE('',#1003,#1011,#1015,.T.);
#1017=ORIENTED_EDGE('',*,*,#1016,.T.);
#1018=CARTESIAN_POINT('',(-7.,-7.2375,0.474337997));
#1019=DIRECTION('',(0.,-1.,0.));
#1020=VECTOR('',#1019,27.);
#1021=LINE('',#1018,#1020);
#1022=EDGE_CURVE('',#1011,#914,#1021,.T.);
#1023=ORIENTED_EDGE('',*,*,#1022,.T.);
#1024=ORIENTED_EDGE('',*,*,#919,.T.);
#1025=EDGE_LOOP('',(#993,#1001,#1009,#1017,#1023,#1024));
#1026=FACE_BOUND('',#1025,.T.);
#1027=ADVANCED_FACE('',(#1026),#992,.T.);
#1028=OVER_RIDING_STYLED_ITEM('',(#74),#1027,#26);
#1029=CARTESIAN_POINT('',(0.,6.05,12.31));
#1030=DIRECTION('',(1.,0.,-0.));
#1031=DIRECTION('',(0.,0.707106781,0.707106781));
#1032=AXIS2_PLACEMENT_3D('',#1029,#1030,#1031);
#1033=CYLINDRICAL_SURFACE('',#1032,0.5);
#1034=CARTESIAN_POINT('',(6.,6.05,12.81));
#1035=VERTEX_POINT('',#1034);
#1036=CARTESIAN_POINT('',(6.,6.55,12.31));
#1037=VERTEX_POINT('',#1036);
#1038=CARTESIAN_POINT('',(6.,6.05,12.31));
#1039=DIRECTION('',(-1.,0.,0.));
#1040=DIRECTION('',(0.,0.707106781,0.707106781));
#1041=AXIS2_PLACEMENT_3D('',#1038,#1039,#1040);
#1042=CIRCLE('',#1041,0.5);
#1043=EDGE_CURVE('',#1035,#1037,#1042,.T.);
#1044=ORIENTED_EDGE('',*,*,#1043,.T.);
#1045=CARTESIAN_POINT('',(-6.,6.55,12.31));
#1046=VERTEX_POINT('',#1045);
#1047=CARTESIAN_POINT('',(60.,6.55,12.31));
#1048=DIRECTION('',(-1.,0.,0.));
#1049=VECTOR('',#1048,120.);
#1050=LINE('',#1047,#1049);
#1051=EDGE_CURVE('',#1037,#1046,#1050,.T.);
#1052=ORIENTED_EDGE('',*,*,#1051,.T.);
#1053=CARTESIAN_POINT('',(-6.,6.05,12.81));
#1054=VERTEX_POINT('',#1053);
#1055=CARTESIAN_POINT('',(-6.,6.05,12.31));
#1056=DIRECTION('',(1.,0.,-0.));
#1057=DIRECTION('',(0.,0.707106781,0.707106781));
#1058=AXIS2_PLACEMENT_3D('',#1055,#1056,#1057);
#1059=CIRCLE('',#1058,0.5);
#1060=EDGE_CURVE('',#1046,#1054,#1059,.T.);
#1061=ORIENTED_EDGE('',*,*,#1060,.T.);
#1062=CARTESIAN_POINT('',(-60.,6.05,12.81));
#1063=DIRECTION('',(1.,0.,-0.));
#1064=VECTOR('',#1063,120.);
#1065=LINE('',#1062,#1064);
#1066=EDGE_CURVE('',#1054,#1035,#1065,.T.);
#1067=ORIENTED_EDGE('',*,*,#1066,.T.);
#1068=EDGE_LOOP('',(#1044,#1052,#1061,#1067));
#1069=FACE_BOUND('',#1068,.T.);
#1070=ADVANCED_FACE('',(#1069),#1033,.T.);
#1071=CARTESIAN_POINT('',(-6.,6.175,12.3));
#1072=DIRECTION('',(-1.,0.,0.));
#1073=DIRECTION('',(0.,-1.,0.));
#1074=AXIS2_PLACEMENT_3D('',#1071,#1072,#1073);
#1075=PLANE('',#1074);
#1076=ORIENTED_EDGE('',*,*,#1060,.F.);
#1077=CARTESIAN_POINT('',(-6.,6.55,4.936563253));
#1078=VERTEX_POINT('',#1077);
#1079=CARTESIAN_POINT('',(-6.,6.55,12.4));
#1080=DIRECTION('',(0.,0.,-1.));
#1081=VECTOR('',#1080,73.734367471);
#1082=LINE('',#1079,#1081);
#1083=EDGE_CURVE('',#1046,#1078,#1082,.T.);
#1084=ORIENTED_EDGE('',*,*,#1083,.T.);
#1085=CARTESIAN_POINT('',(-6.,6.05,4.936563253));
#1086=VERTEX_POINT('',#1085);
#1087=CARTESIAN_POINT('',(-6.,7.9675,4.936563253));
#1088=DIRECTION('',(0.,-1.,0.));
#1089=VECTOR('',#1088,5.);
#1090=LINE('',#1087,#1089);
#1091=EDGE_CURVE('',#1078,#1086,#1090,.T.);
#1092=ORIENTED_EDGE('',*,*,#1091,.T.);
#1093=CARTESIAN_POINT('',(-6.,6.05,12.3));
#1094=VERTEX_POINT('',#1093);
#1095=CARTESIAN_POINT('',(-6.,6.05,12.3));
#1096=DIRECTION('',(0.,0.,-1.));
#1097=VECTOR('',#1096,73.634367471);
#1098=LINE('',#1095,#1097);
#1099=EDGE_CURVE('',#1094,#1086,#1098,.T.);
#1100=ORIENTED_EDGE('',*,*,#1099,.F.);
#1101=CARTESIAN_POINT('',(-6.,6.,12.3));
#1102=VERTEX_POINT('',#1101);
#1103=CARTESIAN_POINT('',(-6.,1.55,12.3));
#1104=DIRECTION('',(0.,-1.,0.));
#1105=VECTOR('',#1104,0.5);
#1106=LINE('',#1103,#1105);
#1107=EDGE_CURVE('',#1094,#1102,#1106,.T.);
#1108=ORIENTED_EDGE('',*,*,#1107,.T.);
#1109=CARTESIAN_POINT('',(-6.,5.8,12.3));
#1110=VERTEX_POINT('',#1109);
#1111=CARTESIAN_POINT('',(-6.,27.2875,12.3));
#1112=DIRECTION('',(0.,1.,0.));
#1113=VECTOR('',#1112,2.);
#1114=LINE('',#1111,#1113);
#1115=EDGE_CURVE('',#1110,#1102,#1114,.T.);
#1116=ORIENTED_EDGE('',*,*,#1115,.F.);
#1117=CARTESIAN_POINT('',(-6.,5.8,12.81));
#1118=VERTEX_POINT('',#1117);
#1119=CARTESIAN_POINT('',(-6.,5.8,12.3));
#1120=DIRECTION('',(0.,0.,1.));
#1121=VECTOR('',#1120,5.1);
#1122=LINE('',#1119,#1121);
#1123=EDGE_CURVE('',#1110,#1118,#1122,.T.);
#1124=ORIENTED_EDGE('',*,*,#1123,.T.);
#1125=CARTESIAN_POINT('',(-6.,-0.95,12.81));
#1126=DIRECTION('',(0.,1.,0.));
#1127=VECTOR('',#1126,2.5);
#1128=LINE('',#1125,#1127);
#1129=EDGE_CURVE('',#1118,#1054,#1128,.T.);
#1130=ORIENTED_EDGE('',*,*,#1129,.T.);
#1131=EDGE_LOOP('',(#1076,#1084,#1092,#1100,#1108,#1116,#1124,#1130));
#1132=FACE_BOUND('',#1131,.T.);
#1133=ADVANCED_FACE('',(#1132),#1075,.T.);
#1134=OVER_RIDING_STYLED_ITEM('',(#74),#1133,#26);
#1135=CARTESIAN_POINT('',(0.,6.55,12.3));
#1136=DIRECTION('',(0.,1.,0.));
#1137=DIRECTION('',(-1.,0.,0.));
#1138=AXIS2_PLACEMENT_3D('',#1135,#1136,#1137);
#1139=PLANE('',#1138);
#1140=ORIENTED_EDGE('',*,*,#1051,.F.);
#1141=CARTESIAN_POINT('',(6.,6.55,4.936563253));
#1142=VERTEX_POINT('',#1141);
#1143=CARTESIAN_POINT('',(6.,6.55,12.4));
#1144=DIRECTION('',(0.,0.,-1.));
#1145=VECTOR('',#1144,73.734367471);
#1146=LINE('',#1143,#1145);
#1147=EDGE_CURVE('',#1037,#1142,#1146,.T.);
#1148=ORIENTED_EDGE('',*,*,#1147,.T.);
#1149=CARTESIAN_POINT('',(4.,6.55,4.936563253));
#1150=VERTEX_POINT('',#1149);
#1151=CARTESIAN_POINT('',(37.0275,6.55,4.936563253));
#1152=DIRECTION('',(-1.,0.,0.));
#1153=VECTOR('',#1152,20.);
#1154=LINE('',#1151,#1153);
#1155=EDGE_CURVE('',#1142,#1150,#1154,.T.);
#1156=ORIENTED_EDGE('',*,*,#1155,.T.);
#1157=CARTESIAN_POINT('',(3.5,6.55,4.436563253));
#1158=VERTEX_POINT('',#1157);
#1159=CARTESIAN_POINT('',(4.,6.55,4.436563253));
#1160=DIRECTION('',(0.,-1.,0.));
#1161=DIRECTION('',(1.,0.,0.));
#1162=AXIS2_PLACEMENT_3D('',#1159,#1160,#1161);
#1163=CIRCLE('',#1162,0.5);
#1164=EDGE_CURVE('',#1150,#1158,#1163,.T.);
#1165=ORIENTED_EDGE('',*,*,#1164,.T.);
#1166=CARTESIAN_POINT('',(3.5,6.55,1.5));
#1167=VERTEX_POINT('',#1166);
#1168=CARTESIAN_POINT('',(3.5,6.55,-24.34163479));
#1169=DIRECTION('',(0.,0.,-1.));
#1170=VECTOR('',#1169,29.365632529);
#1171=LINE('',#1168,#1170);
#1172=EDGE_CURVE('',#1158,#1167,#1171,.T.);
#1173=ORIENTED_EDGE('',*,*,#1172,.T.);
#1174=CARTESIAN_POINT('',(2.5,6.55,0.5));
#1175=VERTEX_POINT('',#1174);
#1176=CARTESIAN_POINT('',(2.5,6.55,1.5));
#1177=DIRECTION('',(-0.,1.,0.));
#1178=DIRECTION('',(1.,0.,0.));
#1179=AXIS2_PLACEMENT_3D('',#1176,#1177,#1178);
#1180=CIRCLE('',#1179,1.);
#1181=EDGE_CURVE('',#1167,#1175,#1180,.T.);
#1182=ORIENTED_EDGE('',*,*,#1181,.T.);
#1183=CARTESIAN_POINT('',(-2.5,6.55,0.5));
#1184=VERTEX_POINT('',#1183);
#1185=CARTESIAN_POINT('',(25.,6.55,0.5));
#1186=DIRECTION('',(-1.,0.,-0.));
#1187=VECTOR('',#1186,50.);
#1188=LINE('',#1185,#1187);
#1189=EDGE_CURVE('',#1175,#1184,#1188,.T.);
#1190=ORIENTED_EDGE('',*,*,#1189,.T.);
#1191=CARTESIAN_POINT('',(-3.5,6.55,1.5));
#1192=VERTEX_POINT('',#1191);
#1193=CARTESIAN_POINT('',(-2.5,6.55,1.5));
#1194=DIRECTION('',(-0.,1.,0.));
#1195=DIRECTION('',(1.,0.,0.));
#1196=AXIS2_PLACEMENT_3D('',#1193,#1194,#1195);
#1197=CIRCLE('',#1196,1.);
#1198=EDGE_CURVE('',#1184,#1192,#1197,.T.);
#1199=ORIENTED_EDGE('',*,*,#1198,.T.);
#1200=CARTESIAN_POINT('',(-3.5,6.55,4.436563253));
#1201=VERTEX_POINT('',#1200);
#1202=CARTESIAN_POINT('',(-3.5,6.55,-53.707267319));
#1203=DIRECTION('',(0.,0.,1.));
#1204=VECTOR('',#1203,29.365632529);
#1205=LINE('',#1202,#1204);
#1206=EDGE_CURVE('',#1192,#1201,#1205,.T.);
#1207=ORIENTED_EDGE('',*,*,#1206,.T.);
#1208=CARTESIAN_POINT('',(-4.,6.55,4.936563253));
#1209=VERTEX_POINT('',#1208);
#1210=CARTESIAN_POINT('',(-4.,6.55,4.436563253));
#1211=DIRECTION('',(0.,-1.,0.));
#1212=DIRECTION('',(1.,0.,0.));
#1213=AXIS2_PLACEMENT_3D('',#1210,#1211,#1212);
#1214=CIRCLE('',#1213,0.5);
#1215=EDGE_CURVE('',#1201,#1209,#1214,.T.);
#1216=ORIENTED_EDGE('',*,*,#1215,.T.);
#1217=CARTESIAN_POINT('',(-17.0275,6.55,4.936563253));
#1218=DIRECTION('',(-1.,0.,0.));
#1219=VECTOR('',#1218,20.);
#1220=LINE('',#1217,#1219);
#1221=EDGE_CURVE('',#1209,#1078,#1220,.T.);
#1222=ORIENTED_EDGE('',*,*,#1221,.T.);
#1223=ORIENTED_EDGE('',*,*,#1083,.F.);
#1224=EDGE_LOOP('',(#1140,#1148,#1156,#1165,#1173,#1182,#1190,#1199,#1207,#1216,#1222,#1223));
#1225=FACE_BOUND('',#1224,.T.);
#1226=ADVANCED_FACE('',(#1225),#1139,.T.);
#1227=OVER_RIDING_STYLED_ITEM('',(#74),#1226,#26);
#1228=CARTESIAN_POINT('',(6.5,0.747619048,12.31));
#1229=DIRECTION('',(-0.,-1.,0.));
#1230=DIRECTION('',(0.707106781,0.,0.707106781));
#1231=AXIS2_PLACEMENT_3D('',#1228,#1229,#1230);
#1232=CYLINDRICAL_SURFACE('',#1231,0.5);
#1233=ORIENTED_EDGE('',*,*,#976,.T.);
#1234=CARTESIAN_POINT('',(7.,5.8,12.31));
#1235=VERTEX_POINT('',#1234);
#1236=CARTESIAN_POINT('',(7.,-53.228571429,12.31));
#1237=DIRECTION('',(0.,1.,-0.));
#1238=VECTOR('',#1237,104.5);
#1239=LINE('',#1236,#1238);
#1240=EDGE_CURVE('',#962,#1235,#1239,.T.);
#1241=ORIENTED_EDGE('',*,*,#1240,.T.);
#1242=CARTESIAN_POINT('',(6.5,5.8,12.81));
#1243=VERTEX_POINT('',#1242);
#1244=CARTESIAN_POINT('',(6.5,5.8,12.31));
#1245=DIRECTION('',(0.,-1.,0.));
#1246=DIRECTION('',(0.707106781,0.,0.707106781));
#1247=AXIS2_PLACEMENT_3D('',#1244,#1245,#1246);
#1248=CIRCLE('',#1247,0.5);
#1249=EDGE_CURVE('',#1235,#1243,#1248,.T.);
#1250=ORIENTED_EDGE('',*,*,#1249,.T.);
#1251=CARTESIAN_POINT('',(6.5,51.271428571,12.81));
#1252=DIRECTION('',(0.,-1.,0.));
#1253=VECTOR('',#1252,104.5);
#1254=LINE('',#1251,#1253);
#1255=EDGE_CURVE('',#1243,#970,#1254,.T.);
#1256=ORIENTED_EDGE('',*,*,#1255,.T.);
#1257=EDGE_LOOP('',(#1233,#1241,#1250,#1256));
#1258=FACE_BOUND('',#1257,.T.);
#1259=ADVANCED_FACE('',(#1258),#1232,.T.);
#1260=CARTESIAN_POINT('',(6.5,5.8,12.3));
#1261=DIRECTION('',(0.,1.,0.));
#1262=DIRECTION('',(-1.,0.,0.));
#1263=AXIS2_PLACEMENT_3D('',#1260,#1261,#1262);
#1264=PLANE('',#1263);
#1265=ORIENTED_EDGE('',*,*,#1249,.F.);
#1266=CARTESIAN_POINT('',(7.,5.8,0.474337997));
#1267=VERTEX_POINT('',#1266);
#1268=CARTESIAN_POINT('',(7.,5.8,12.4));
#1269=DIRECTION('',(0.,0.,-1.));
#1270=VECTOR('',#1269,118.356620031);
#1271=LINE('',#1268,#1270);
#1272=EDGE_CURVE('',#1235,#1267,#1271,.T.);
#1273=ORIENTED_EDGE('',*,*,#1272,.T.);
#1274=CARTESIAN_POINT('',(6.5,5.8,0.474337997));
#1275=VERTEX_POINT('',#1274);
#1276=CARTESIAN_POINT('',(9.25,5.8,0.474337997));
#1277=DIRECTION('',(-1.,0.,0.));
#1278=VECTOR('',#1277,5.);
#1279=LINE('',#1276,#1278);
#1280=EDGE_CURVE('',#1267,#1275,#1279,.T.);
#1281=ORIENTED_EDGE('',*,*,#1280,.T.);
#1282=CARTESIAN_POINT('',(6.5,5.8,12.3));
#1283=VERTEX_POINT('',#1282);
#1284=CARTESIAN_POINT('',(6.5,5.8,67.65));
#1285=DIRECTION('',(0.,0.,-1.));
#1286=VECTOR('',#1285,118.256620031);
#1287=LINE('',#1284,#1286);
#1288=EDGE_CURVE('',#1283,#1275,#1287,.T.);
#1289=ORIENTED_EDGE('',*,*,#1288,.F.);
#1290=CARTESIAN_POINT('',(6.,5.8,12.3));
#1291=VERTEX_POINT('',#1290);
#1292=CARTESIAN_POINT('',(30.75,5.8,12.3));
#1293=DIRECTION('',(1.,0.,-0.));
#1294=VECTOR('',#1293,5.);
#1295=LINE('',#1292,#1294);
#1296=EDGE_CURVE('',#1291,#1283,#1295,.T.);
#1297=ORIENTED_EDGE('',*,*,#1296,.F.);
#1298=CARTESIAN_POINT('',(6.,5.8,12.81));
#1299=VERTEX_POINT('',#1298);
#1300=CARTESIAN_POINT('',(6.,5.8,12.3));
#1301=DIRECTION('',(0.,0.,1.));
#1302=VECTOR('',#1301,5.1);
#1303=LINE('',#1300,#1302);
#1304=EDGE_CURVE('',#1291,#1299,#1303,.T.);
#1305=ORIENTED_EDGE('',*,*,#1304,.T.);
#1306=CARTESIAN_POINT('',(-3.,5.8,12.81));
#1307=DIRECTION('',(1.,0.,-0.));
#1308=VECTOR('',#1307,5.);
#1309=LINE('',#1306,#1308);
#1310=EDGE_CURVE('',#1299,#1243,#1309,.T.);
#1311=ORIENTED_EDGE('',*,*,#1310,.T.);
#1312=EDGE_LOOP('',(#1265,#1273,#1281,#1289,#1297,#1305,#1311));
#1313=FACE_BOUND('',#1312,.T.);
#1314=ADVANCED_FACE('',(#1313),#1264,.T.);
#1315=OVER_RIDING_STYLED_ITEM('',(#74),#1314,#26);
#1316=CARTESIAN_POINT('',(7.,0.575,12.3));
#1317=DIRECTION('',(1.,0.,0.));
#1318=DIRECTION('',(0.,1.,0.));
#1319=AXIS2_PLACEMENT_3D('',#1316,#1317,#1318);
#1320=PLANE('',#1319);
#1321=ORIENTED_EDGE('',*,*,#1240,.F.);
#1322=ORIENTED_EDGE('',*,*,#967,.T.);
#1323=CARTESIAN_POINT('',(7.,-1.95,0.474337997));
#1324=VERTEX_POINT('',#1323);
#1325=CARTESIAN_POINT('',(7.,-34.2375,0.474337997));
#1326=DIRECTION('',(0.,1.,0.));
#1327=VECTOR('',#1326,27.);
#1328=LINE('',#1325,#1327);
#1329=EDGE_CURVE('',#954,#1324,#1328,.T.);
#1330=ORIENTED_EDGE('',*,*,#1329,.T.);
#1331=CARTESIAN_POINT('',(7.,0.05,0.474337997));
#1332=VERTEX_POINT('',#1331);
#1333=CARTESIAN_POINT('',(7.,-17.8125,0.474337997));
#1334=DIRECTION('',(0.,1.,0.));
#1335=VECTOR('',#1334,20.);
#1336=LINE('',#1333,#1335);
#1337=EDGE_CURVE('',#1324,#1332,#1336,.T.);
#1338=ORIENTED_EDGE('',*,*,#1337,.T.);
#1339=CARTESIAN_POINT('',(7.,-15.25,0.474337997));
#1340=DIRECTION('',(0.,1.,0.));
#1341=VECTOR('',#1340,57.5);
#1342=LINE('',#1339,#1341);
#1343=EDGE_CURVE('',#1332,#1267,#1342,.T.);
#1344=ORIENTED_EDGE('',*,*,#1343,.T.);
#1345=ORIENTED_EDGE('',*,*,#1272,.F.);
#1346=EDGE_LOOP('',(#1321,#1322,#1330,#1338,#1344,#1345));
#1347=FACE_BOUND('',#1346,.T.);
#1348=ADVANCED_FACE('',(#1347),#1320,.T.);
#1349=OVER_RIDING_STYLED_ITEM('',(#74),#1348,#26);
#1350=CARTESIAN_POINT('',(-7.,-0.95,-0.232768784));
#1351=DIRECTION('',(0.,-1.,0.));
#1352=DIRECTION('',(-0.923879533,0.,0.382683432));
#1353=AXIS2_PLACEMENT_3D('',#1350,#1351,#1352);
#1354=CYLINDRICAL_SURFACE('',#1353,0.5);
#1355=CARTESIAN_POINT('',(-7.5,-1.95,-0.232768784));
#1356=VERTEX_POINT('',#1355);
#1357=CARTESIAN_POINT('',(-7.353553391,-1.95,0.120784606));
#1358=VERTEX_POINT('',#1357);
#1359=CARTESIAN_POINT('',(-7.,-1.95,-0.232768784));
#1360=DIRECTION('',(0.,1.,0.));
#1361=DIRECTION('',(-0.923879533,0.,0.382683432));
#1362=AXIS2_PLACEMENT_3D('',#1359,#1360,#1361);
#1363=CIRCLE('',#1362,0.5);
#1364=EDGE_CURVE('',#1356,#1358,#1363,.T.);
#1365=ORIENTED_EDGE('',*,*,#1364,.T.);
#1366=CARTESIAN_POINT('',(-7.353553391,0.05,0.120784606));
#1367=VERTEX_POINT('',#1366);
#1368=CARTESIAN_POINT('',(-7.353553391,-10.95,0.120784606));
#1369=DIRECTION('',(-0.,1.,-0.));
#1370=VECTOR('',#1369,20.);
#1371=LINE('',#1368,#1370);
#1372=EDGE_CURVE('',#1358,#1367,#1371,.T.);
#1373=ORIENTED_EDGE('',*,*,#1372,.T.);
#1374=CARTESIAN_POINT('',(-7.5,0.05,-0.232768784));
#1375=VERTEX_POINT('',#1374);
#1376=CARTESIAN_POINT('',(-7.,0.05,-0.232768784));
#1377=DIRECTION('',(-0.,-1.,-0.));
#1378=DIRECTION('',(-0.923879533,0.,0.382683432));
#1379=AXIS2_PLACEMENT_3D('',#1376,#1377,#1378);
#1380=CIRCLE('',#1379,0.5);
#1381=EDGE_CURVE('',#1367,#1375,#1380,.T.);
#1382=ORIENTED_EDGE('',*,*,#1381,.T.);
#1383=CARTESIAN_POINT('',(-7.5,9.05,-0.232768784));
#1384=DIRECTION('',(0.,-1.,0.));
#1385=VECTOR('',#1384,20.);
#1386=LINE('',#1383,#1385);
#1387=EDGE_CURVE('',#1375,#1356,#1386,.T.);
#1388=ORIENTED_EDGE('',*,*,#1387,.T.);
#1389=EDGE_LOOP('',(#1365,#1373,#1382,#1388));
#1390=FACE_BOUND('',#1389,.T.);
#1391=ADVANCED_FACE('',(#1390),#1354,.T.);
#1392=CARTESIAN_POINT('',(-7.5,-0.95,-1.337477446));
#1393=DIRECTION('',(1.,0.,-0.));
#1394=DIRECTION('',(-0.,0.,-1.));
#1395=AXIS2_PLACEMENT_3D('',#1392,#1393,#1394);
#1396=PLANE('',#1395);
#1397=ORIENTED_EDGE('',*,*,#1387,.F.);
#1398=CARTESIAN_POINT('',(-7.5,0.05,-2.49));
#1399=VERTEX_POINT('',#1398);
#1400=CARTESIAN_POINT('',(-7.5,0.05,-2.49));
#1401=DIRECTION('',(0.,-0.,1.));
#1402=VECTOR('',#1401,22.572312157);
#1403=LINE('',#1400,#1402);
#1404=EDGE_CURVE('',#1399,#1375,#1403,.T.);
#1405=ORIENTED_EDGE('',*,*,#1404,.F.);
#1406=CARTESIAN_POINT('',(-7.5,-1.95,-2.49));
#1407=VERTEX_POINT('',#1406);
#1408=CARTESIAN_POINT('',(-7.5,-0.95,-2.49));
#1409=DIRECTION('',(1.,0.,0.));
#1410=DIRECTION('',(0.,0.,-1.));
#1411=AXIS2_PLACEMENT_3D('',#1408,#1409,#1410);
#1412=CIRCLE('',#1411,1.);
#1413=EDGE_CURVE('',#1407,#1399,#1412,.T.);
#1414=ORIENTED_EDGE('',*,*,#1413,.F.);
#1415=CARTESIAN_POINT('',(-7.5,-1.95,-6.596729815));
#1416=DIRECTION('',(0.,0.,-1.));
#1417=VECTOR('',#1416,22.572312157);
#1418=LINE('',#1415,#1417);
#1419=EDGE_CURVE('',#1356,#1407,#1418,.T.);
#1420=ORIENTED_EDGE('',*,*,#1419,.F.);
#1421=EDGE_LOOP('',(#1397,#1405,#1414,#1420));
#1422=FACE_BOUND('',#1421,.T.);
#1423=ADVANCED_FACE('',(#1422),#1396,.F.);
#1424=CARTESIAN_POINT('',(-7.,0.05,-1.007831002));
#1425=DIRECTION('',(0.,-1.,-0.));
#1426=DIRECTION('',(0.,0.,-1.));
#1427=AXIS2_PLACEMENT_3D('',#1424,#1425,#1426);
#1428=PLANE('',#1427);
#1429=ORIENTED_EDGE('',*,*,#1381,.F.);
#1430=CARTESIAN_POINT('',(-2.540119754,0.05,4.934218243));
#1431=DIRECTION('',(-0.707106781,0.,-0.707106781));
#1432=VECTOR('',#1431,5.);
#1433=LINE('',#1430,#1432);
#1434=EDGE_CURVE('',#1003,#1367,#1433,.T.);
#1435=ORIENTED_EDGE('',*,*,#1434,.F.);
#1436=CARTESIAN_POINT('',(-6.5,0.05,0.474337997));
#1437=VERTEX_POINT('',#1436);
#1438=CARTESIAN_POINT('',(-7.,0.05,0.474337997));
#1439=DIRECTION('',(1.,0.,-0.));
#1440=VECTOR('',#1439,5.);
#1441=LINE('',#1438,#1440);
#1442=EDGE_CURVE('',#1003,#1437,#1441,.T.);
#1443=ORIENTED_EDGE('',*,*,#1442,.T.);
#1444=CARTESIAN_POINT('',(-6.5,0.05,0.24645308));
#1445=VERTEX_POINT('',#1444);
#1446=CARTESIAN_POINT('',(-6.5,0.05,6.999770304));
#1447=DIRECTION('',(0.,-0.,1.));
#1448=VECTOR('',#1447,2.278849172);
#1449=LINE('',#1446,#1448);
#1450=EDGE_CURVE('',#1445,#1437,#1449,.T.);
#1451=ORIENTED_EDGE('',*,*,#1450,.F.);
#1452=CARTESIAN_POINT('',(-7.,0.05,-0.25354692));
#1453=VERTEX_POINT('',#1452);
#1454=CARTESIAN_POINT('',(-6.427860817,0.05,0.318592262));
#1455=DIRECTION('',(0.707106781,-0.,0.707106781));
#1456=VECTOR('',#1455,7.071067812);
#1457=LINE('',#1454,#1456);
#1458=EDGE_CURVE('',#1453,#1445,#1457,.T.);
#1459=ORIENTED_EDGE('',*,*,#1458,.F.);
#1460=CARTESIAN_POINT('',(-7.,0.05,-2.49));
#1461=VERTEX_POINT('',#1460);
#1462=CARTESIAN_POINT('',(-7.,0.05,8.474405386));
#1463=DIRECTION('',(0.,0.,-1.));
#1464=VECTOR('',#1463,22.364530797);
#1465=LINE('',#1462,#1464);
#1466=EDGE_CURVE('',#1453,#1461,#1465,.T.);
#1467=ORIENTED_EDGE('',*,*,#1466,.T.);
#1468=CARTESIAN_POINT('',(-7.,0.05,-2.49));
#1469=DIRECTION('',(-1.,0.,0.));
#1470=VECTOR('',#1469,5.);
#1471=LINE('',#1468,#1470);
#1472=EDGE_CURVE('',#1461,#1399,#1471,.T.);
#1473=ORIENTED_EDGE('',*,*,#1472,.T.);
#1474=ORIENTED_EDGE('',*,*,#1404,.T.);
#1475=EDGE_LOOP('',(#1429,#1435,#1443,#1451,#1459,#1467,#1473,#1474));
#1476=FACE_BOUND('',#1475,.T.);
#1477=ADVANCED_FACE('',(#1476),#1428,.F.);
#1478=CARTESIAN_POINT('',(-6.75,-0.95,-0.00354692));
#1479=DIRECTION('',(0.707106781,-0.,-0.707106781));
#1480=DIRECTION('',(-0.707106781,0.,-0.707106781));
#1481=AXIS2_PLACEMENT_3D('',#1478,#1479,#1480);
#1482=PLANE('',#1481);
#1483=ORIENTED_EDGE('',*,*,#1458,.T.);
#1484=CARTESIAN_POINT('',(-6.5,-1.95,0.24645308));
#1485=VERTEX_POINT('',#1484);
#1486=CARTESIAN_POINT('',(-6.5,0.05,0.24645308));
#1487=DIRECTION('',(0.,-1.,0.));
#1488=VECTOR('',#1487,20.);
#1489=LINE('',#1486,#1488);
#1490=EDGE_CURVE('',#1445,#1485,#1489,.T.);
#1491=ORIENTED_EDGE('',*,*,#1490,.T.);
#1492=CARTESIAN_POINT('',(-7.,-1.95,-0.25354692));
#1493=VERTEX_POINT('',#1492);
#1494=CARTESIAN_POINT('',(-1.427860817,-1.95,5.318592262));
#1495=DIRECTION('',(-0.707106781,0.,-0.707106781));
#1496=VECTOR('',#1495,7.071067812);
#1497=LINE('',#1494,#1496);
#1498=EDGE_CURVE('',#1485,#1493,#1497,.T.);
#1499=ORIENTED_EDGE('',*,*,#1498,.T.);
#1500=CARTESIAN_POINT('',(-7.,-10.95,-0.25354692));
#1501=DIRECTION('',(0.,1.,-0.));
#1502=VECTOR('',#1501,20.);
#1503=LINE('',#1500,#1502);
#1504=EDGE_CURVE('',#1493,#1453,#1503,.T.);
#1505=ORIENTED_EDGE('',*,*,#1504,.T.);
#1506=EDGE_LOOP('',(#1483,#1491,#1499,#1505));
#1507=FACE_BOUND('',#1506,.T.);
#1508=ADVANCED_FACE('',(#1507),#1482,.T.);
#1509=CARTESIAN_POINT('',(-7.,-0.95,-1.438807796));
#1510=DIRECTION('',(1.,-0.,0.));
#1511=DIRECTION('',(0.,0.,-1.));
#1512=AXIS2_PLACEMENT_3D('',#1509,#1510,#1511);
#1513=PLANE('',#1512);
#1514=ORIENTED_EDGE('',*,*,#1504,.F.);
#1515=CARTESIAN_POINT('',(-7.,-1.95,-2.49));
#1516=VERTEX_POINT('',#1515);
#1517=CARTESIAN_POINT('',(-7.,-1.95,-13.890125411));
#1518=DIRECTION('',(-0.,0.,1.));
#1519=VECTOR('',#1518,22.364530797);
#1520=LINE('',#1517,#1519);
#1521=EDGE_CURVE('',#1516,#1493,#1520,.T.);
#1522=ORIENTED_EDGE('',*,*,#1521,.F.);
#1523=CARTESIAN_POINT('',(-7.,-0.95,-2.49));
#1524=DIRECTION('',(-1.,0.,0.));
#1525=DIRECTION('',(0.,0.,-1.));
#1526=AXIS2_PLACEMENT_3D('',#1523,#1524,#1525);
#1527=CIRCLE('',#1526,1.);
#1528=EDGE_CURVE('',#1461,#1516,#1527,.T.);
#1529=ORIENTED_EDGE('',*,*,#1528,.F.);
#1530=ORIENTED_EDGE('',*,*,#1466,.F.);
#1531=EDGE_LOOP('',(#1514,#1522,#1529,#1530));
#1532=FACE_BOUND('',#1531,.T.);
#1533=ADVANCED_FACE('',(#1532),#1513,.T.);
#1534=CARTESIAN_POINT('',(-7.25,-0.95,0.224337997));
#1535=DIRECTION('',(-0.707106781,-0.,0.707106781));
#1536=DIRECTION('',(0.707106781,0.,0.707106781));
#1537=AXIS2_PLACEMENT_3D('',#1534,#1535,#1536);
#1538=PLANE('',#1537);
#1539=ORIENTED_EDGE('',*,*,#1372,.F.);
#1540=CARTESIAN_POINT('',(-6.075653659,-1.95,1.398684337));
#1541=DIRECTION('',(0.707106781,0.,0.707106781));
#1542=VECTOR('',#1541,5.);
#1543=LINE('',#1540,#1542);
#1544=EDGE_CURVE('',#1358,#1011,#1543,.T.);
#1545=ORIENTED_EDGE('',*,*,#1544,.T.);
#1546=ORIENTED_EDGE('',*,*,#1016,.F.);
#1547=ORIENTED_EDGE('',*,*,#1434,.T.);
#1548=EDGE_LOOP('',(#1539,#1545,#1546,#1547));
#1549=FACE_BOUND('',#1548,.T.);
#1550=ADVANCED_FACE('',(#1549),#1538,.T.);
#1551=CARTESIAN_POINT('',(-7.,-1.95,-1.007831002));
#1552=DIRECTION('',(0.,1.,0.));
#1553=DIRECTION('',(0.,0.,1.));
#1554=AXIS2_PLACEMENT_3D('',#1551,#1552,#1553);
#1555=PLANE('',#1554);
#1556=ORIENTED_EDGE('',*,*,#1364,.F.);
#1557=ORIENTED_EDGE('',*,*,#1419,.T.);
#1558=CARTESIAN_POINT('',(-7.,-1.95,-2.49));
#1559=DIRECTION('',(-1.,0.,0.));
#1560=VECTOR('',#1559,5.);
#1561=LINE('',#1558,#1560);
#1562=EDGE_CURVE('',#1516,#1407,#1561,.T.);
#1563=ORIENTED_EDGE('',*,*,#1562,.F.);
#1564=ORIENTED_EDGE('',*,*,#1521,.T.);
#1565=ORIENTED_EDGE('',*,*,#1498,.F.);
#1566=CARTESIAN_POINT('',(-6.5,-1.95,0.474337997));
#1567=VERTEX_POINT('',#1566);
#1568=CARTESIAN_POINT('',(-6.5,-1.95,9.278619476));
#1569=DIRECTION('',(0.,0.,-1.));
#1570=VECTOR('',#1569,2.278849172);
#1571=LINE('',#1568,#1570);
#1572=EDGE_CURVE('',#1567,#1485,#1571,.T.);
#1573=ORIENTED_EDGE('',*,*,#1572,.F.);
#1574=CARTESIAN_POINT('',(-7.,-1.95,0.474337997));
#1575=DIRECTION('',(1.,0.,-0.));
#1576=VECTOR('',#1575,5.);
#1577=LINE('',#1574,#1576);
#1578=EDGE_CURVE('',#1011,#1567,#1577,.T.);
#1579=ORIENTED_EDGE('',*,*,#1578,.F.);
#1580=ORIENTED_EDGE('',*,*,#1544,.F.);
#1581=EDGE_LOOP('',(#1556,#1557,#1563,#1564,#1565,#1573,#1579,#1580));
#1582=FACE_BOUND('',#1581,.T.);
#1583=ADVANCED_FACE('',(#1582),#1555,.F.);
#1584=CARTESIAN_POINT('',(-7.,-0.95,-2.49));
#1585=DIRECTION('',(1.,0.,0.));
#1586=DIRECTION('',(0.,0.,-1.));
#1587=AXIS2_PLACEMENT_3D('',#1584,#1585,#1586);
#1588=CYLINDRICAL_SURFACE('',#1587,1.);
#1589=ORIENTED_EDGE('',*,*,#1528,.T.);
#1590=ORIENTED_EDGE('',*,*,#1562,.T.);
#1591=ORIENTED_EDGE('',*,*,#1413,.T.);
#1592=ORIENTED_EDGE('',*,*,#1472,.F.);
#1593=EDGE_LOOP('',(#1589,#1590,#1591,#1592));
#1594=FACE_BOUND('',#1593,.T.);
#1595=ADVANCED_FACE('',(#1594),#1588,.T.);
#1596=CARTESIAN_POINT('',(-7.,2.925,0.474337997));
#1597=DIRECTION('',(0.,0.,1.));
#1598=DIRECTION('',(0.,-1.,0.));
#1599=AXIS2_PLACEMENT_3D('',#1596,#1597,#1598);
#1600=PLANE('',#1599);
#1601=CARTESIAN_POINT('',(-6.5,5.8,0.474337997));
#1602=VERTEX_POINT('',#1601);
#1603=CARTESIAN_POINT('',(-6.5,-12.6625,0.474337997));
#1604=DIRECTION('',(0.,1.,0.));
#1605=VECTOR('',#1604,57.5);
#1606=LINE('',#1603,#1605);
#1607=EDGE_CURVE('',#1437,#1602,#1606,.T.);
#1608=ORIENTED_EDGE('',*,*,#1607,.F.);
#1609=ORIENTED_EDGE('',*,*,#1442,.F.);
#1610=ORIENTED_EDGE('',*,*,#1008,.F.);
#1611=CARTESIAN_POINT('',(-4.25,5.8,0.474337997));
#1612=DIRECTION('',(-1.,0.,0.));
#1613=VECTOR('',#1612,5.);
#1614=LINE('',#1611,#1613);
#1615=EDGE_CURVE('',#1602,#995,#1614,.T.);
#1616=ORIENTED_EDGE('',*,*,#1615,.F.);
#1617=EDGE_LOOP('',(#1608,#1609,#1610,#1616));
#1618=FACE_BOUND('',#1617,.T.);
#1619=ADVANCED_FACE('',(#1618),#1600,.F.);
#1620=CARTESIAN_POINT('',(-7.,-3.3,0.474337997));
#1621=DIRECTION('',(0.,0.,1.));
#1622=DIRECTION('',(0.,-1.,0.));
#1623=AXIS2_PLACEMENT_3D('',#1620,#1621,#1622);
#1624=PLANE('',#1623);
#1625=CARTESIAN_POINT('',(-6.5,-31.65,0.474337997));
#1626=DIRECTION('',(0.,1.,0.));
#1627=VECTOR('',#1626,27.);
#1628=LINE('',#1625,#1627);
#1629=EDGE_CURVE('',#922,#1567,#1628,.T.);
#1630=ORIENTED_EDGE('',*,*,#1629,.F.);
#1631=ORIENTED_EDGE('',*,*,#927,.F.);
#1632=ORIENTED_EDGE('',*,*,#1022,.F.);
#1633=ORIENTED_EDGE('',*,*,#1578,.T.);
#1634=EDGE_LOOP('',(#1630,#1631,#1632,#1633));
#1635=FACE_BOUND('',#1634,.T.);
#1636=ADVANCED_FACE('',(#1635),#1624,.F.);
#1637=CARTESIAN_POINT('',(7.,-0.95,-0.232768784));
#1638=DIRECTION('',(0.,1.,-0.));
#1639=DIRECTION('',(0.923879533,0.,0.382683432));
#1640=AXIS2_PLACEMENT_3D('',#1637,#1638,#1639);
#1641=CYLINDRICAL_SURFACE('',#1640,0.5);
#1642=CARTESIAN_POINT('',(7.5,0.05,-0.232768784));
#1643=VERTEX_POINT('',#1642);
#1644=CARTESIAN_POINT('',(7.353553391,0.05,0.120784606));
#1645=VERTEX_POINT('',#1644);
#1646=CARTESIAN_POINT('',(7.,0.05,-0.232768784));
#1647=DIRECTION('',(0.,-1.,-0.));
#1648=DIRECTION('',(0.923879533,0.,0.382683432));
#1649=AXIS2_PLACEMENT_3D('',#1646,#1647,#1648);
#1650=CIRCLE('',#1649,0.5);
#1651=EDGE_CURVE('',#1643,#1645,#1650,.T.);
#1652=ORIENTED_EDGE('',*,*,#1651,.T.);
#1653=CARTESIAN_POINT('',(7.353553391,-1.95,0.120784606));
#1654=VERTEX_POINT('',#1653);
#1655=CARTESIAN_POINT('',(7.353553391,9.05,0.120784606));
#1656=DIRECTION('',(-0.,-1.,0.));
#1657=VECTOR('',#1656,20.);
#1658=LINE('',#1655,#1657);
#1659=EDGE_CURVE('',#1645,#1654,#1658,.T.);
#1660=ORIENTED_EDGE('',*,*,#1659,.T.);
#1661=CARTESIAN_POINT('',(7.5,-1.95,-0.232768784));
#1662=VERTEX_POINT('',#1661);
#1663=CARTESIAN_POINT('',(7.,-1.95,-0.232768784));
#1664=DIRECTION('',(-0.,1.,0.));
#1665=DIRECTION('',(0.923879533,0.,0.382683432));
#1666=AXIS2_PLACEMENT_3D('',#1663,#1664,#1665);
#1667=CIRCLE('',#1666,0.5);
#1668=EDGE_CURVE('',#1654,#1662,#1667,.T.);
#1669=ORIENTED_EDGE('',*,*,#1668,.T.);
#1670=CARTESIAN_POINT('',(7.5,-10.95,-0.232768784));
#1671=DIRECTION('',(0.,1.,-0.));
#1672=VECTOR('',#1671,20.);
#1673=LINE('',#1670,#1672);
#1674=EDGE_CURVE('',#1662,#1643,#1673,.T.);
#1675=ORIENTED_EDGE('',*,*,#1674,.T.);
#1676=EDGE_LOOP('',(#1652,#1660,#1669,#1675));
#1677=FACE_BOUND('',#1676,.T.);
#1678=ADVANCED_FACE('',(#1677),#1641,.T.);
#1679=CARTESIAN_POINT('',(7.5,-0.95,-1.337477446));
#1680=DIRECTION('',(1.,-0.,0.));
#1681=DIRECTION('',(0.,0.,-1.));
#1682=AXIS2_PLACEMENT_3D('',#1679,#1680,#1681);
#1683=PLANE('',#1682);
#1684=ORIENTED_EDGE('',*,*,#1674,.F.);
#1685=CARTESIAN_POINT('',(7.5,-1.95,-2.49));
#1686=VERTEX_POINT('',#1685);
#1687=CARTESIAN_POINT('',(7.5,-1.95,-29.169041972));
#1688=DIRECTION('',(0.,0.,1.));
#1689=VECTOR('',#1688,22.572312157);
#1690=LINE('',#1687,#1689);
#1691=EDGE_CURVE('',#1686,#1662,#1690,.T.);
#1692=ORIENTED_EDGE('',*,*,#1691,.F.);
#1693=CARTESIAN_POINT('',(7.5,0.05,-2.49));
#1694=VERTEX_POINT('',#1693);
#1695=CARTESIAN_POINT('',(7.5,-0.95,-2.49));
#1696=DIRECTION('',(-1.,0.,0.));
#1697=DIRECTION('',(0.,0.,-1.));
#1698=AXIS2_PLACEMENT_3D('',#1695,#1696,#1697);
#1699=CIRCLE('',#1698,1.);
#1700=EDGE_CURVE('',#1694,#1686,#1699,.T.);
#1701=ORIENTED_EDGE('',*,*,#1700,.F.);
#1702=CARTESIAN_POINT('',(7.5,0.05,20.082312157));
#1703=DIRECTION('',(0.,0.,-1.));
#1704=VECTOR('',#1703,22.572312157);
#1705=LINE('',#1702,#1704);
#1706=EDGE_CURVE('',#1643,#1694,#1705,.T.);
#1707=ORIENTED_EDGE('',*,*,#1706,.F.);
#1708=EDGE_LOOP('',(#1684,#1692,#1701,#1707));
#1709=FACE_BOUND('',#1708,.T.);
#1710=ADVANCED_FACE('',(#1709),#1683,.T.);
#1711=CARTESIAN_POINT('',(7.,-1.95,-1.007831002));
#1712=DIRECTION('',(0.,1.,0.));
#1713=DIRECTION('',(0.,0.,-1.));
#1714=AXIS2_PLACEMENT_3D('',#1711,#1712,#1713);
#1715=PLANE('',#1714);
#1716=ORIENTED_EDGE('',*,*,#1668,.F.);
#1717=CARTESIAN_POINT('',(2.540119754,-1.95,4.934218243));
#1718=DIRECTION('',(0.707106781,0.,-0.707106781));
#1719=VECTOR('',#1718,5.);
#1720=LINE('',#1717,#1719);
#1721=EDGE_CURVE('',#1324,#1654,#1720,.T.);
#1722=ORIENTED_EDGE('',*,*,#1721,.F.);
#1723=CARTESIAN_POINT('',(6.5,-1.95,0.474337997));
#1724=VERTEX_POINT('',#1723);
#1725=CARTESIAN_POINT('',(7.,-1.95,0.474337997));
#1726=DIRECTION('',(-1.,0.,0.));
#1727=VECTOR('',#1726,5.);
#1728=LINE('',#1725,#1727);
#1729=EDGE_CURVE('',#1324,#1724,#1728,.T.);
#1730=ORIENTED_EDGE('',*,*,#1729,.T.);
#1731=CARTESIAN_POINT('',(6.5,-1.95,0.24645308));
#1732=VERTEX_POINT('',#1731);
#1733=CARTESIAN_POINT('',(6.5,-1.95,-48.350229696));
#1734=DIRECTION('',(0.,0.,1.));
#1735=VECTOR('',#1734,2.278849172);
#1736=LINE('',#1733,#1735);
#1737=EDGE_CURVE('',#1732,#1724,#1736,.T.);
#1738=ORIENTED_EDGE('',*,*,#1737,.F.);
#1739=CARTESIAN_POINT('',(7.,-1.95,-0.25354692));
#1740=VERTEX_POINT('',#1739);
#1741=CARTESIAN_POINT('',(6.427860817,-1.95,0.318592262));
#1742=DIRECTION('',(-0.707106781,0.,0.707106781));
#1743=VECTOR('',#1742,7.071067812);
#1744=LINE('',#1741,#1743);
#1745=EDGE_CURVE('',#1740,#1732,#1744,.T.);
#1746=ORIENTED_EDGE('',*,*,#1745,.F.);
#1747=CARTESIAN_POINT('',(7.,-1.95,-2.49));
#1748=VERTEX_POINT('',#1747);
#1749=CARTESIAN_POINT('',(7.,-1.95,8.474405386));
#1750=DIRECTION('',(-0.,0.,-1.));
#1751=VECTOR('',#1750,22.364530797);
#1752=LINE('',#1749,#1751);
#1753=EDGE_CURVE('',#1740,#1748,#1752,.T.);
#1754=ORIENTED_EDGE('',*,*,#1753,.T.);
#1755=CARTESIAN_POINT('',(7.,-1.95,-2.49));
#1756=DIRECTION('',(1.,0.,-0.));
#1757=VECTOR('',#1756,5.);
#1758=LINE('',#1755,#1757);
#1759=EDGE_CURVE('',#1748,#1686,#1758,.T.);
#1760=ORIENTED_EDGE('',*,*,#1759,.T.);
#1761=ORIENTED_EDGE('',*,*,#1691,.T.);
#1762=EDGE_LOOP('',(#1716,#1722,#1730,#1738,#1746,#1754,#1760,#1761));
#1763=FACE_BOUND('',#1762,.T.);
#1764=ADVANCED_FACE('',(#1763),#1715,.F.);
#1765=CARTESIAN_POINT('',(6.75,-0.95,-0.00354692));
#1766=DIRECTION('',(-0.707106781,-0.,-0.707106781));
#1767=DIRECTION('',(-0.707106781,0.,0.707106781));
#1768=AXIS2_PLACEMENT_3D('',#1765,#1766,#1767);
#1769=PLANE('',#1768);
#1770=ORIENTED_EDGE('',*,*,#1745,.T.);
#1771=CARTESIAN_POINT('',(6.5,0.05,0.24645308));
#1772=VERTEX_POINT('',#1771);
#1773=CARTESIAN_POINT('',(6.5,0.05,0.24645308));
#1774=DIRECTION('',(0.,-1.,0.));
#1775=VECTOR('',#1774,20.);
#1776=LINE('',#1773,#1775);
#1777=EDGE_CURVE('',#1772,#1732,#1776,.T.);
#1778=ORIENTED_EDGE('',*,*,#1777,.F.);
#1779=CARTESIAN_POINT('',(7.,0.05,-0.25354692));
#1780=VERTEX_POINT('',#1779);
#1781=CARTESIAN_POINT('',(1.427860817,0.05,5.318592262));
#1782=DIRECTION('',(0.707106781,0.,-0.707106781));
#1783=VECTOR('',#1782,7.071067812);
#1784=LINE('',#1781,#1783);
#1785=EDGE_CURVE('',#1772,#1780,#1784,.T.);
#1786=ORIENTED_EDGE('',*,*,#1785,.T.);
#1787=CARTESIAN_POINT('',(7.,9.05,-0.25354692));
#1788=DIRECTION('',(0.,-1.,0.));
#1789=VECTOR('',#1788,20.);
#1790=LINE('',#1787,#1789);
#1791=EDGE_CURVE('',#1780,#1740,#1790,.T.);
#1792=ORIENTED_EDGE('',*,*,#1791,.T.);
#1793=EDGE_LOOP('',(#1770,#1778,#1786,#1792));
#1794=FACE_BOUND('',#1793,.T.);
#1795=ADVANCED_FACE('',(#1794),#1769,.T.);
#1796=CARTESIAN_POINT('',(7.,-0.95,-1.438807796));
#1797=DIRECTION('',(1.,0.,-0.));
#1798=DIRECTION('',(-0.,0.,-1.));
#1799=AXIS2_PLACEMENT_3D('',#1796,#1797,#1798);
#1800=PLANE('',#1799);
#1801=ORIENTED_EDGE('',*,*,#1791,.F.);
#1802=CARTESIAN_POINT('',(7.,0.05,-2.49));
#1803=VERTEX_POINT('',#1802);
#1804=CARTESIAN_POINT('',(7.,0.05,-13.890125411));
#1805=DIRECTION('',(0.,-0.,1.));
#1806=VECTOR('',#1805,22.364530797);
#1807=LINE('',#1804,#1806);
#1808=EDGE_CURVE('',#1803,#1780,#1807,.T.);
#1809=ORIENTED_EDGE('',*,*,#1808,.F.);
#1810=CARTESIAN_POINT('',(7.,-0.95,-2.49));
#1811=DIRECTION('',(1.,0.,0.));
#1812=DIRECTION('',(0.,0.,-1.));
#1813=AXIS2_PLACEMENT_3D('',#1810,#1811,#1812);
#1814=CIRCLE('',#1813,1.);
#1815=EDGE_CURVE('',#1748,#1803,#1814,.T.);
#1816=ORIENTED_EDGE('',*,*,#1815,.F.);
#1817=ORIENTED_EDGE('',*,*,#1753,.F.);
#1818=EDGE_LOOP('',(#1801,#1809,#1816,#1817));
#1819=FACE_BOUND('',#1818,.T.);
#1820=ADVANCED_FACE('',(#1819),#1800,.F.);
#1821=CARTESIAN_POINT('',(7.25,-0.95,0.224337997));
#1822=DIRECTION('',(0.707106781,-0.,0.707106781));
#1823=DIRECTION('',(0.707106781,-0.,-0.707106781));
#1824=AXIS2_PLACEMENT_3D('',#1821,#1822,#1823);
#1825=PLANE('',#1824);
#1826=ORIENTED_EDGE('',*,*,#1659,.F.);
#1827=CARTESIAN_POINT('',(6.075653659,0.05,1.398684337));
#1828=DIRECTION('',(-0.707106781,-0.,0.707106781));
#1829=VECTOR('',#1828,5.);
#1830=LINE('',#1827,#1829);
#1831=EDGE_CURVE('',#1645,#1332,#1830,.T.);
#1832=ORIENTED_EDGE('',*,*,#1831,.T.);
#1833=ORIENTED_EDGE('',*,*,#1337,.F.);
#1834=ORIENTED_EDGE('',*,*,#1721,.T.);
#1835=EDGE_LOOP('',(#1826,#1832,#1833,#1834));
#1836=FACE_BOUND('',#1835,.T.);
#1837=ADVANCED_FACE('',(#1836),#1825,.T.);
#1838=CARTESIAN_POINT('',(7.,0.05,-1.007831002));
#1839=DIRECTION('',(0.,-1.,-0.));
#1840=DIRECTION('',(0.,-0.,1.));
#1841=AXIS2_PLACEMENT_3D('',#1838,#1839,#1840);
#1842=PLANE('',#1841);
#1843=ORIENTED_EDGE('',*,*,#1651,.F.);
#1844=ORIENTED_EDGE('',*,*,#1706,.T.);
#1845=CARTESIAN_POINT('',(7.,0.05,-2.49));
#1846=DIRECTION('',(1.,0.,-0.));
#1847=VECTOR('',#1846,5.);
#1848=LINE('',#1845,#1847);
#1849=EDGE_CURVE('',#1803,#1694,#1848,.T.);
#1850=ORIENTED_EDGE('',*,*,#1849,.F.);
#1851=ORIENTED_EDGE('',*,*,#1808,.T.);
#1852=ORIENTED_EDGE('',*,*,#1785,.F.);
#1853=CARTESIAN_POINT('',(6.5,0.05,0.474337997));
#1854=VERTEX_POINT('',#1853);
#1855=CARTESIAN_POINT('',(6.5,0.05,-46.071380524));
#1856=DIRECTION('',(0.,0.,-1.));
#1857=VECTOR('',#1856,2.278849172);
#1858=LINE('',#1855,#1857);
#1859=EDGE_CURVE('',#1854,#1772,#1858,.T.);
#1860=ORIENTED_EDGE('',*,*,#1859,.F.);
#1861=CARTESIAN_POINT('',(7.,0.05,0.474337997));
#1862=DIRECTION('',(-1.,0.,0.));
#1863=VECTOR('',#1862,5.);
#1864=LINE('',#1861,#1863);
#1865=EDGE_CURVE('',#1332,#1854,#1864,.T.);
#1866=ORIENTED_EDGE('',*,*,#1865,.F.);
#1867=ORIENTED_EDGE('',*,*,#1831,.F.);
#1868=EDGE_LOOP('',(#1843,#1844,#1850,#1851,#1852,#1860,#1866,#1867));
#1869=FACE_BOUND('',#1868,.T.);
#1870=ADVANCED_FACE('',(#1869),#1842,.F.);
#1871=CARTESIAN_POINT('',(7.,2.925,0.474337997));
#1872=DIRECTION('',(0.,0.,1.));
#1873=DIRECTION('',(0.,1.,0.));
#1874=AXIS2_PLACEMENT_3D('',#1871,#1872,#1873);
#1875=PLANE('',#1874);
#1876=CARTESIAN_POINT('',(6.5,42.25,0.474337997));
#1877=DIRECTION('',(0.,-1.,0.));
#1878=VECTOR('',#1877,57.5);
#1879=LINE('',#1876,#1878);
#1880=EDGE_CURVE('',#1275,#1854,#1879,.T.);
#1881=ORIENTED_EDGE('',*,*,#1880,.F.);
#1882=ORIENTED_EDGE('',*,*,#1280,.F.);
#1883=ORIENTED_EDGE('',*,*,#1343,.F.);
#1884=ORIENTED_EDGE('',*,*,#1865,.T.);
#1885=EDGE_LOOP('',(#1881,#1882,#1883,#1884));
#1886=FACE_BOUND('',#1885,.T.);
#1887=ADVANCED_FACE('',(#1886),#1875,.F.);
#1888=CARTESIAN_POINT('',(7.,-0.95,-2.49));
#1889=DIRECTION('',(-1.,0.,0.));
#1890=DIRECTION('',(0.,0.,-1.));
#1891=AXIS2_PLACEMENT_3D('',#1888,#1889,#1890);
#1892=CYLINDRICAL_SURFACE('',#1891,1.);
#1893=ORIENTED_EDGE('',*,*,#1815,.T.);
#1894=ORIENTED_EDGE('',*,*,#1849,.T.);
#1895=ORIENTED_EDGE('',*,*,#1700,.T.);
#1896=ORIENTED_EDGE('',*,*,#1759,.F.);
#1897=EDGE_LOOP('',(#1893,#1894,#1895,#1896));
#1898=FACE_BOUND('',#1897,.T.);
#1899=ADVANCED_FACE('',(#1898),#1892,.T.);
#1900=CARTESIAN_POINT('',(7.,-3.3,0.474337997));
#1901=DIRECTION('',(0.,0.,1.));
#1902=DIRECTION('',(0.,1.,0.));
#1903=AXIS2_PLACEMENT_3D('',#1900,#1901,#1902);
#1904=PLANE('',#1903);
#1905=CARTESIAN_POINT('',(6.5,-7.2375,0.474337997));
#1906=DIRECTION('',(0.,-1.,0.));
#1907=VECTOR('',#1906,27.);
#1908=LINE('',#1905,#1907);
#1909=EDGE_CURVE('',#1724,#946,#1908,.T.);
#1910=ORIENTED_EDGE('',*,*,#1909,.F.);
#1911=ORIENTED_EDGE('',*,*,#1729,.F.);
#1912=ORIENTED_EDGE('',*,*,#1329,.F.);
#1913=ORIENTED_EDGE('',*,*,#959,.F.);
#1914=EDGE_LOOP('',(#1910,#1911,#1912,#1913));
#1915=FACE_BOUND('',#1914,.T.);
#1916=ADVANCED_FACE('',(#1915),#1904,.F.);
#1917=CARTESIAN_POINT('',(4.,6.61,4.436563253));
#1918=DIRECTION('',(0.,-1.,0.));
#1919=DIRECTION('',(1.,0.,0.));
#1920=AXIS2_PLACEMENT_3D('',#1917,#1918,#1919);
#1921=CYLINDRICAL_SURFACE('',#1920,0.5);
#1922=ORIENTED_EDGE('',*,*,#1164,.F.);
#1923=CARTESIAN_POINT('',(4.,6.05,4.936563253));
#1924=VERTEX_POINT('',#1923);
#1925=CARTESIAN_POINT('',(4.,6.01,4.936563253));
#1926=DIRECTION('',(0.,-1.,0.));
#1927=VECTOR('',#1926,5.);
#1928=LINE('',#1925,#1927);
#1929=EDGE_CURVE('',#1150,#1924,#1928,.T.);
#1930=ORIENTED_EDGE('',*,*,#1929,.T.);
#1931=CARTESIAN_POINT('',(3.5,6.05,4.436563253));
#1932=VERTEX_POINT('',#1931);
#1933=CARTESIAN_POINT('',(4.,6.05,4.436563253));
#1934=DIRECTION('',(-0.,1.,0.));
#1935=DIRECTION('',(1.,0.,0.));
#1936=AXIS2_PLACEMENT_3D('',#1933,#1934,#1935);
#1937=CIRCLE('',#1936,0.5);
#1938=EDGE_CURVE('',#1932,#1924,#1937,.T.);
#1939=ORIENTED_EDGE('',*,*,#1938,.F.);
#1940=CARTESIAN_POINT('',(3.5,6.01,4.436563253));
#1941=DIRECTION('',(0.,-1.,0.));
#1942=VECTOR('',#1941,5.);
#1943=LINE('',#1940,#1942);
#1944=EDGE_CURVE('',#1158,#1932,#1943,.T.);
#1945=ORIENTED_EDGE('',*,*,#1944,.F.);
#1946=EDGE_LOOP('',(#1922,#1930,#1939,#1945));
#1947=FACE_BOUND('',#1946,.T.);
#1948=ADVANCED_FACE('',(#1947),#1921,.F.);
#1949=CARTESIAN_POINT('',(3.5,6.61,2.968281626));
#1950=DIRECTION('',(-1.,0.,0.));
#1951=DIRECTION('',(0.,0.,-1.));
#1952=AXIS2_PLACEMENT_3D('',#1949,#1950,#1951);
#1953=PLANE('',#1952);
#1954=ORIENTED_EDGE('',*,*,#1172,.F.);
#1955=ORIENTED_EDGE('',*,*,#1944,.T.);
#1956=CARTESIAN_POINT('',(3.5,6.05,1.5));
#1957=VERTEX_POINT('',#1956);
#1958=CARTESIAN_POINT('',(3.5,6.05,-53.707267319));
#1959=DIRECTION('',(0.,0.,1.));
#1960=VECTOR('',#1959,29.365632529);
#1961=LINE('',#1958,#1960);
#1962=EDGE_CURVE('',#1957,#1932,#1961,.T.);
#1963=ORIENTED_EDGE('',*,*,#1962,.F.);
#1964=CARTESIAN_POINT('',(3.5,6.01,1.5));
#1965=DIRECTION('',(0.,-1.,0.));
#1966=VECTOR('',#1965,5.);
#1967=LINE('',#1964,#1966);
#1968=EDGE_CURVE('',#1167,#1957,#1967,.T.);
#1969=ORIENTED_EDGE('',*,*,#1968,.F.);
#1970=EDGE_LOOP('',(#1954,#1955,#1963,#1969));
#1971=FACE_BOUND('',#1970,.T.);
#1972=ADVANCED_FACE('',(#1971),#1953,.F.);
#1973=CARTESIAN_POINT('',(2.5,6.61,1.5));
#1974=DIRECTION('',(0.,-1.,0.));
#1975=DIRECTION('',(1.,0.,0.));
#1976=AXIS2_PLACEMENT_3D('',#1973,#1974,#1975);
#1977=CYLINDRICAL_SURFACE('',#1976,1.);
#1978=ORIENTED_EDGE('',*,*,#1181,.F.);
#1979=ORIENTED_EDGE('',*,*,#1968,.T.);
#1980=CARTESIAN_POINT('',(2.5,6.05,0.5));
#1981=VERTEX_POINT('',#1980);
#1982=CARTESIAN_POINT('',(2.5,6.05,1.5));
#1983=DIRECTION('',(0.,-1.,0.));
#1984=DIRECTION('',(1.,0.,0.));
#1985=AXIS2_PLACEMENT_3D('',#1982,#1983,#1984);
#1986=CIRCLE('',#1985,1.);
#1987=EDGE_CURVE('',#1981,#1957,#1986,.T.);
#1988=ORIENTED_EDGE('',*,*,#1987,.F.);
#1989=CARTESIAN_POINT('',(2.5,6.01,0.5));
#1990=DIRECTION('',(0.,-1.,0.));
#1991=VECTOR('',#1990,5.);
#1992=LINE('',#1989,#1991);
#1993=EDGE_CURVE('',#1175,#1981,#1992,.T.);
#1994=ORIENTED_EDGE('',*,*,#1993,.F.);
#1995=EDGE_LOOP('',(#1978,#1979,#1988,#1994));
#1996=FACE_BOUND('',#1995,.T.);
#1997=ADVANCED_FACE('',(#1996),#1977,.T.);
#1998=CARTESIAN_POINT('',(0.,6.61,0.5));
#1999=DIRECTION('',(-0.,0.,1.));
#2000=DIRECTION('',(-1.,0.,-0.));
#2001=AXIS2_PLACEMENT_3D('',#1998,#1999,#2000);
#2002=PLANE('',#2001);
#2003=ORIENTED_EDGE('',*,*,#1189,.F.);
#2004=ORIENTED_EDGE('',*,*,#1993,.T.);
#2005=CARTESIAN_POINT('',(-2.5,6.05,0.5));
#2006=VERTEX_POINT('',#2005);
#2007=CARTESIAN_POINT('',(-25.,6.05,0.5));
#2008=DIRECTION('',(1.,0.,0.));
#2009=VECTOR('',#2008,50.);
#2010=LINE('',#2007,#2009);
#2011=EDGE_CURVE('',#2006,#1981,#2010,.T.);
#2012=ORIENTED_EDGE('',*,*,#2011,.F.);
#2013=CARTESIAN_POINT('',(-2.5,6.01,0.5));
#2014=DIRECTION('',(0.,-1.,0.));
#2015=VECTOR('',#2014,5.);
#2016=LINE('',#2013,#2015);
#2017=EDGE_CURVE('',#1184,#2006,#2016,.T.);
#2018=ORIENTED_EDGE('',*,*,#2017,.F.);
#2019=EDGE_LOOP('',(#2003,#2004,#2012,#2018));
#2020=FACE_BOUND('',#2019,.T.);
#2021=ADVANCED_FACE('',(#2020),#2002,.F.);
#2022=CARTESIAN_POINT('',(-2.5,6.61,1.5));
#2023=DIRECTION('',(0.,-1.,0.));
#2024=DIRECTION('',(1.,0.,0.));
#2025=AXIS2_PLACEMENT_3D('',#2022,#2023,#2024);
#2026=CYLINDRICAL_SURFACE('',#2025,1.);
#2027=ORIENTED_EDGE('',*,*,#1198,.F.);
#2028=ORIENTED_EDGE('',*,*,#2017,.T.);
#2029=CARTESIAN_POINT('',(-3.5,6.05,1.5));
#2030=VERTEX_POINT('',#2029);
#2031=CARTESIAN_POINT('',(-2.5,6.05,1.5));
#2032=DIRECTION('',(0.,-1.,0.));
#2033=DIRECTION('',(1.,0.,0.));
#2034=AXIS2_PLACEMENT_3D('',#2031,#2032,#2033);
#2035=CIRCLE('',#2034,1.);
#2036=EDGE_CURVE('',#2030,#2006,#2035,.T.);
#2037=ORIENTED_EDGE('',*,*,#2036,.F.);
#2038=CARTESIAN_POINT('',(-3.5,6.01,1.5));
#2039=DIRECTION('',(0.,-1.,0.));
#2040=VECTOR('',#2039,5.);
#2041=LINE('',#2038,#2040);
#2042=EDGE_CURVE('',#1192,#2030,#2041,.T.);
#2043=ORIENTED_EDGE('',*,*,#2042,.F.);
#2044=EDGE_LOOP('',(#2027,#2028,#2037,#2043));
#2045=FACE_BOUND('',#2044,.T.);
#2046=ADVANCED_FACE('',(#2045),#2026,.T.);
#2047=CARTESIAN_POINT('',(-3.5,6.61,2.968281626));
#2048=DIRECTION('',(1.,0.,0.));
#2049=DIRECTION('',(0.,0.,1.));
#2050=AXIS2_PLACEMENT_3D('',#2047,#2048,#2049);
#2051=PLANE('',#2050);
#2052=ORIENTED_EDGE('',*,*,#1206,.F.);
#2053=ORIENTED_EDGE('',*,*,#2042,.T.);
#2054=CARTESIAN_POINT('',(-3.5,6.05,4.436563253));
#2055=VERTEX_POINT('',#2054);
#2056=CARTESIAN_POINT('',(-3.5,6.05,-24.34163479));
#2057=DIRECTION('',(0.,0.,-1.));
#2058=VECTOR('',#2057,29.365632529);
#2059=LINE('',#2056,#2058);
#2060=EDGE_CURVE('',#2055,#2030,#2059,.T.);
#2061=ORIENTED_EDGE('',*,*,#2060,.F.);
#2062=CARTESIAN_POINT('',(-3.5,6.01,4.436563253));
#2063=DIRECTION('',(0.,-1.,0.));
#2064=VECTOR('',#2063,5.);
#2065=LINE('',#2062,#2064);
#2066=EDGE_CURVE('',#1201,#2055,#2065,.T.);
#2067=ORIENTED_EDGE('',*,*,#2066,.F.);
#2068=EDGE_LOOP('',(#2052,#2053,#2061,#2067));
#2069=FACE_BOUND('',#2068,.T.);
#2070=ADVANCED_FACE('',(#2069),#2051,.F.);
#2071=CARTESIAN_POINT('',(-5.105,6.61,4.936563253));
#2072=DIRECTION('',(0.,0.,1.));
#2073=DIRECTION('',(-1.,0.,0.));
#2074=AXIS2_PLACEMENT_3D('',#2071,#2072,#2073);
#2075=PLANE('',#2074);
#2076=ORIENTED_EDGE('',*,*,#1221,.F.);
#2077=CARTESIAN_POINT('',(-4.,6.05,4.936563253));
#2078=VERTEX_POINT('',#2077);
#2079=CARTESIAN_POINT('',(-4.,6.01,4.936563253));
#2080=DIRECTION('',(0.,-1.,0.));
#2081=VECTOR('',#2080,5.);
#2082=LINE('',#2079,#2081);
#2083=EDGE_CURVE('',#1209,#2078,#2082,.T.);
#2084=ORIENTED_EDGE('',*,*,#2083,.T.);
#2085=CARTESIAN_POINT('',(-37.0275,6.05,4.936563253));
#2086=DIRECTION('',(1.,0.,-0.));
#2087=VECTOR('',#2086,20.);
#2088=LINE('',#2085,#2087);
#2089=EDGE_CURVE('',#1086,#2078,#2088,.T.);
#2090=ORIENTED_EDGE('',*,*,#2089,.F.);
#2091=ORIENTED_EDGE('',*,*,#1091,.F.);
#2092=EDGE_LOOP('',(#2076,#2084,#2090,#2091));
#2093=FACE_BOUND('',#2092,.T.);
#2094=ADVANCED_FACE('',(#2093),#2075,.F.);
#2095=CARTESIAN_POINT('',(-4.,6.61,4.436563253));
#2096=DIRECTION('',(0.,-1.,0.));
#2097=DIRECTION('',(1.,0.,0.));
#2098=AXIS2_PLACEMENT_3D('',#2095,#2096,#2097);
#2099=CYLINDRICAL_SURFACE('',#2098,0.5);
#2100=ORIENTED_EDGE('',*,*,#1215,.F.);
#2101=ORIENTED_EDGE('',*,*,#2066,.T.);
#2102=CARTESIAN_POINT('',(-4.,6.05,4.436563253));
#2103=DIRECTION('',(-0.,1.,0.));
#2104=DIRECTION('',(1.,0.,0.));
#2105=AXIS2_PLACEMENT_3D('',#2102,#2103,#2104);
#2106=CIRCLE('',#2105,0.5);
#2107=EDGE_CURVE('',#2078,#2055,#2106,.T.);
#2108=ORIENTED_EDGE('',*,*,#2107,.F.);
#2109=ORIENTED_EDGE('',*,*,#2083,.F.);
#2110=EDGE_LOOP('',(#2100,#2101,#2108,#2109));
#2111=FACE_BOUND('',#2110,.T.);
#2112=ADVANCED_FACE('',(#2111),#2099,.F.);
#2113=CARTESIAN_POINT('',(5.105,6.61,4.936563253));
#2114=DIRECTION('',(0.,0.,1.));
#2115=DIRECTION('',(-1.,0.,0.));
#2116=AXIS2_PLACEMENT_3D('',#2113,#2114,#2115);
#2117=PLANE('',#2116);
#2118=ORIENTED_EDGE('',*,*,#1155,.F.);
#2119=CARTESIAN_POINT('',(6.,6.05,4.936563253));
#2120=VERTEX_POINT('',#2119);
#2121=CARTESIAN_POINT('',(6.,2.9675,4.936563253));
#2122=DIRECTION('',(0.,1.,0.));
#2123=VECTOR('',#2122,5.);
#2124=LINE('',#2121,#2123);
#2125=EDGE_CURVE('',#2120,#1142,#2124,.T.);
#2126=ORIENTED_EDGE('',*,*,#2125,.F.);
#2127=CARTESIAN_POINT('',(17.0275,6.05,4.936563253));
#2128=DIRECTION('',(1.,0.,-0.));
#2129=VECTOR('',#2128,20.);
#2130=LINE('',#2127,#2129);
#2131=EDGE_CURVE('',#1924,#2120,#2130,.T.);
#2132=ORIENTED_EDGE('',*,*,#2131,.F.);
#2133=ORIENTED_EDGE('',*,*,#1929,.F.);
#2134=EDGE_LOOP('',(#2118,#2126,#2132,#2133));
#2135=FACE_BOUND('',#2134,.T.);
#2136=ADVANCED_FACE('',(#2135),#2117,.F.);
#2137=CARTESIAN_POINT('',(0.,6.05,12.3));
#2138=DIRECTION('',(0.,-1.,0.));
#2139=DIRECTION('',(-1.,0.,0.));
#2140=AXIS2_PLACEMENT_3D('',#2137,#2138,#2139);
#2141=PLANE('',#2140);
#2142=ORIENTED_EDGE('',*,*,#2131,.T.);
#2143=CARTESIAN_POINT('',(6.,6.05,12.3));
#2144=VERTEX_POINT('',#2143);
#2145=CARTESIAN_POINT('',(6.,6.05,12.3));
#2146=DIRECTION('',(0.,0.,-1.));
#2147=VECTOR('',#2146,73.634367471);
#2148=LINE('',#2145,#2147);
#2149=EDGE_CURVE('',#2144,#2120,#2148,.T.);
#2150=ORIENTED_EDGE('',*,*,#2149,.F.);
#2151=CARTESIAN_POINT('',(-60.,6.05,12.3));
#2152=DIRECTION('',(1.,0.,-0.));
#2153=VECTOR('',#2152,120.);
#2154=LINE('',#2151,#2153);
#2155=EDGE_CURVE('',#1094,#2144,#2154,.T.);
#2156=ORIENTED_EDGE('',*,*,#2155,.F.);
#2157=ORIENTED_EDGE('',*,*,#1099,.T.);
#2158=ORIENTED_EDGE('',*,*,#2089,.T.);
#2159=ORIENTED_EDGE('',*,*,#2107,.T.);
#2160=ORIENTED_EDGE('',*,*,#2060,.T.);
#2161=ORIENTED_EDGE('',*,*,#2036,.T.);
#2162=ORIENTED_EDGE('',*,*,#2011,.T.);
#2163=ORIENTED_EDGE('',*,*,#1987,.T.);
#2164=ORIENTED_EDGE('',*,*,#1962,.T.);
#2165=ORIENTED_EDGE('',*,*,#1938,.T.);
#2166=EDGE_LOOP('',(#2142,#2150,#2156,#2157,#2158,#2159,#2160,#2161,#2162,#2163,#2164,#2165));
#2167=FACE_BOUND('',#2166,.T.);
#2168=ADVANCED_FACE('',(#2167),#2141,.T.);
#2169=CARTESIAN_POINT('',(-6.5,0.65,0.));
#2170=DIRECTION('',(-1.,0.,0.));
#2171=DIRECTION('',(0.,-1.,0.));
#2172=AXIS2_PLACEMENT_3D('',#2169,#2170,#2171);
#2173=PLANE('',#2172);
#2174=ORIENTED_EDGE('',*,*,#935,.T.);
#2175=ORIENTED_EDGE('',*,*,#1629,.T.);
#2176=ORIENTED_EDGE('',*,*,#1572,.T.);
#2177=ORIENTED_EDGE('',*,*,#1490,.F.);
#2178=ORIENTED_EDGE('',*,*,#1450,.T.);
#2179=ORIENTED_EDGE('',*,*,#1607,.T.);
#2180=CARTESIAN_POINT('',(-6.5,5.8,12.3));
#2181=VERTEX_POINT('',#2180);
#2182=CARTESIAN_POINT('',(-6.5,5.8,-50.606620031));
#2183=DIRECTION('',(0.,0.,1.));
#2184=VECTOR('',#2183,118.256620031);
#2185=LINE('',#2182,#2184);
#2186=EDGE_CURVE('',#1602,#2181,#2185,.T.);
#2187=ORIENTED_EDGE('',*,*,#2186,.T.);
#2188=CARTESIAN_POINT('',(-6.5,6.,12.3));
#2189=VERTEX_POINT('',#2188);
#2190=CARTESIAN_POINT('',(-6.5,52.15,12.3));
#2191=DIRECTION('',(0.,1.,0.));
#2192=VECTOR('',#2191,2.);
#2193=LINE('',#2190,#2192);
#2194=EDGE_CURVE('',#2181,#2189,#2193,.T.);
#2195=ORIENTED_EDGE('',*,*,#2194,.T.);
#2196=CARTESIAN_POINT('',(-6.5,6.,0.));
#2197=DIRECTION('',(0.,0.,1.));
#2198=VECTOR('',#2197,123.);
#2199=LINE('',#2196,#2198);
#2200=EDGE_CURVE('',#775,#2189,#2199,.T.);
#2201=ORIENTED_EDGE('',*,*,#2200,.F.);
#2202=ORIENTED_EDGE('',*,*,#780,.T.);
#2203=CARTESIAN_POINT('',(-6.5,-4.7,12.3));
#2204=VERTEX_POINT('',#2203);
#2205=CARTESIAN_POINT('',(-6.5,-4.7,0.));
#2206=DIRECTION('',(0.,0.,1.));
#2207=VECTOR('',#2206,123.);
#2208=LINE('',#2205,#2207);
#2209=EDGE_CURVE('',#767,#2204,#2208,.T.);
#2210=ORIENTED_EDGE('',*,*,#2209,.T.);
#2211=CARTESIAN_POINT('',(-6.5,-52.85,12.3));
#2212=DIRECTION('',(0.,1.,0.));
#2213=VECTOR('',#2212,0.5);
#2214=LINE('',#2211,#2213);
#2215=EDGE_CURVE('',#2204,#930,#2214,.T.);
#2216=ORIENTED_EDGE('',*,*,#2215,.T.);
#2217=EDGE_LOOP('',(#2174,#2175,#2176,#2177,#2178,#2179,#2187,#2195,#2201,#2202,#2210,#2216));
#2218=FACE_BOUND('',#2217,.T.);
#2219=ADVANCED_FACE('',(#2218),#2173,.T.);
#2220=OVER_RIDING_STYLED_ITEM('',(#863),#2219,#26);
#2221=CARTESIAN_POINT('',(6.5,0.65,0.));
#2222=DIRECTION('',(1.,0.,0.));
#2223=DIRECTION('',(0.,1.,0.));
#2224=AXIS2_PLACEMENT_3D('',#2221,#2222,#2223);
#2225=PLANE('',#2224);
#2226=ORIENTED_EDGE('',*,*,#1288,.T.);
#2227=ORIENTED_EDGE('',*,*,#1880,.T.);
#2228=ORIENTED_EDGE('',*,*,#1859,.T.);
#2229=ORIENTED_EDGE('',*,*,#1777,.T.);
#2230=ORIENTED_EDGE('',*,*,#1737,.T.);
#2231=ORIENTED_EDGE('',*,*,#1909,.T.);
#2232=ORIENTED_EDGE('',*,*,#951,.T.);
#2233=CARTESIAN_POINT('',(6.5,-4.7,12.3));
#2234=VERTEX_POINT('',#2233);
#2235=CARTESIAN_POINT('',(6.5,-52.35,12.3));
#2236=DIRECTION('',(0.,-1.,-0.));
#2237=VECTOR('',#2236,0.5);
#2238=LINE('',#2235,#2237);
#2239=EDGE_CURVE('',#938,#2234,#2238,.T.);
#2240=ORIENTED_EDGE('',*,*,#2239,.T.);
#2241=CARTESIAN_POINT('',(6.5,-4.7,0.));
#2242=DIRECTION('',(0.,0.,1.));
#2243=VECTOR('',#2242,123.);
#2244=LINE('',#2241,#2243);
#2245=EDGE_CURVE('',#791,#2234,#2244,.T.);
#2246=ORIENTED_EDGE('',*,*,#2245,.F.);
#2247=ORIENTED_EDGE('',*,*,#796,.T.);
#2248=CARTESIAN_POINT('',(6.5,6.,12.3));
#2249=VERTEX_POINT('',#2248);
#2250=CARTESIAN_POINT('',(6.5,6.,0.));
#2251=DIRECTION('',(0.,0.,1.));
#2252=VECTOR('',#2251,123.);
#2253=LINE('',#2250,#2252);
#2254=EDGE_CURVE('',#783,#2249,#2253,.T.);
#2255=ORIENTED_EDGE('',*,*,#2254,.T.);
#2256=CARTESIAN_POINT('',(6.5,54.15,12.3));
#2257=DIRECTION('',(0.,-1.,-0.));
#2258=VECTOR('',#2257,2.);
#2259=LINE('',#2256,#2258);
#2260=EDGE_CURVE('',#2249,#1283,#2259,.T.);
#2261=ORIENTED_EDGE('',*,*,#2260,.T.);
#2262=EDGE_LOOP('',(#2226,#2227,#2228,#2229,#2230,#2231,#2232,#2240,#2246,#2247,#2255,#2261));
#2263=FACE_BOUND('',#2262,.T.);
#2264=ADVANCED_FACE('',(#2263),#2225,.T.);
#2265=OVER_RIDING_STYLED_ITEM('',(#863),#2264,#26);
#2266=CARTESIAN_POINT('',(0.,0.920238095,12.3));
#2267=DIRECTION('',(0.,0.,1.));
#2268=DIRECTION('',(1.,0.,-0.));
#2269=AXIS2_PLACEMENT_3D('',#2266,#2267,#2268);
#2270=PLANE('',#2269);
#2271=ORIENTED_EDGE('',*,*,#2155,.T.);
#2272=CARTESIAN_POINT('',(6.,6.,12.3));
#2273=VERTEX_POINT('',#2272);
#2274=CARTESIAN_POINT('',(6.,7.8,12.3));
#2275=DIRECTION('',(0.,1.,0.));
#2276=VECTOR('',#2275,0.5);
#2277=LINE('',#2274,#2276);
#2278=EDGE_CURVE('',#2273,#2144,#2277,.T.);
#2279=ORIENTED_EDGE('',*,*,#2278,.F.);
#2280=CARTESIAN_POINT('',(-60.,6.,12.3));
#2281=DIRECTION('',(1.,0.,-0.));
#2282=VECTOR('',#2281,120.);
#2283=LINE('',#2280,#2282);
#2284=EDGE_CURVE('',#1102,#2273,#2283,.T.);
#2285=ORIENTED_EDGE('',*,*,#2284,.F.);
#2286=ORIENTED_EDGE('',*,*,#1107,.F.);
#2287=EDGE_LOOP('',(#2271,#2279,#2285,#2286));
#2288=FACE_BOUND('',#2287,.T.);
#2289=ADVANCED_FACE('',(#2288),#2270,.F.);
#2290=OVER_RIDING_STYLED_ITEM('',(#74),#2289,#26);
#2291=CARTESIAN_POINT('',(-6.5,5.8,12.3));
#2292=DIRECTION('',(0.,1.,0.));
#2293=DIRECTION('',(-1.,0.,0.));
#2294=AXIS2_PLACEMENT_3D('',#2291,#2292,#2293);
#2295=PLANE('',#2294);
#2296=ORIENTED_EDGE('',*,*,#879,.F.);
#2297=CARTESIAN_POINT('',(-11.,5.8,12.81));
#2298=DIRECTION('',(1.,0.,-0.));
#2299=VECTOR('',#2298,5.);
#2300=LINE('',#2297,#2299);
#2301=EDGE_CURVE('',#871,#1118,#2300,.T.);
#2302=ORIENTED_EDGE('',*,*,#2301,.T.);
#2303=ORIENTED_EDGE('',*,*,#1123,.F.);
#2304=CARTESIAN_POINT('',(-35.75,5.8,12.3));
#2305=DIRECTION('',(1.,0.,-0.));
#2306=VECTOR('',#2305,5.);
#2307=LINE('',#2304,#2306);
#2308=EDGE_CURVE('',#2181,#1110,#2307,.T.);
#2309=ORIENTED_EDGE('',*,*,#2308,.F.);
#2310=ORIENTED_EDGE('',*,*,#2186,.F.);
#2311=ORIENTED_EDGE('',*,*,#1615,.T.);
#2312=ORIENTED_EDGE('',*,*,#1000,.F.);
#2313=EDGE_LOOP('',(#2296,#2302,#2303,#2309,#2310,#2311,#2312));
#2314=FACE_BOUND('',#2313,.T.);
#2315=ADVANCED_FACE('',(#2314),#2295,.T.);
#2316=OVER_RIDING_STYLED_ITEM('',(#74),#2315,#26);
#2317=CARTESIAN_POINT('',(6.,6.175,12.3));
#2318=DIRECTION('',(1.,0.,0.));
#2319=DIRECTION('',(0.,1.,0.));
#2320=AXIS2_PLACEMENT_3D('',#2317,#2318,#2319);
#2321=PLANE('',#2320);
#2322=ORIENTED_EDGE('',*,*,#1043,.F.);
#2323=CARTESIAN_POINT('',(6.,8.3,12.81));
#2324=DIRECTION('',(0.,-1.,0.));
#2325=VECTOR('',#2324,2.5);
#2326=LINE('',#2323,#2325);
#2327=EDGE_CURVE('',#1035,#1299,#2326,.T.);
#2328=ORIENTED_EDGE('',*,*,#2327,.T.);
#2329=ORIENTED_EDGE('',*,*,#1304,.F.);
#2330=CARTESIAN_POINT('',(6.,29.2875,12.3));
#2331=DIRECTION('',(0.,-1.,-0.));
#2332=VECTOR('',#2331,2.);
#2333=LINE('',#2330,#2332);
#2334=EDGE_CURVE('',#2273,#1291,#2333,.T.);
#2335=ORIENTED_EDGE('',*,*,#2334,.F.);
#2336=ORIENTED_EDGE('',*,*,#2278,.T.);
#2337=ORIENTED_EDGE('',*,*,#2149,.T.);
#2338=ORIENTED_EDGE('',*,*,#2125,.T.);
#2339=ORIENTED_EDGE('',*,*,#1147,.F.);
#2340=EDGE_LOOP('',(#2322,#2328,#2329,#2335,#2336,#2337,#2338,#2339));
#2341=FACE_BOUND('',#2340,.T.);
#2342=ADVANCED_FACE('',(#2341),#2321,.T.);
#2343=OVER_RIDING_STYLED_ITEM('',(#74),#2342,#26);
#2344=CARTESIAN_POINT('',(0.,0.920238095,12.81));
#2345=DIRECTION('',(0.,0.,1.));
#2346=DIRECTION('',(1.,0.,-0.));
#2347=AXIS2_PLACEMENT_3D('',#2344,#2345,#2346);
#2348=PLANE('',#2347);
#2349=ORIENTED_EDGE('',*,*,#902,.F.);
#2350=ORIENTED_EDGE('',*,*,#982,.F.);
#2351=ORIENTED_EDGE('',*,*,#1255,.F.);
#2352=ORIENTED_EDGE('',*,*,#1310,.F.);
#2353=ORIENTED_EDGE('',*,*,#2327,.F.);
#2354=ORIENTED_EDGE('',*,*,#1066,.F.);
#2355=ORIENTED_EDGE('',*,*,#1129,.F.);
#2356=ORIENTED_EDGE('',*,*,#2301,.F.);
#2357=EDGE_LOOP('',(#2349,#2350,#2351,#2352,#2353,#2354,#2355,#2356));
#2358=FACE_BOUND('',#2357,.T.);
#2359=ADVANCED_FACE('',(#2358),#2348,.T.);
#2360=OVER_RIDING_STYLED_ITEM('',(#74),#2359,#26);
#2361=CARTESIAN_POINT('',(0.,0.65,12.3));
#2362=DIRECTION('',(0.,-0.,1.));
#2363=DIRECTION('',(1.,0.,-0.));
#2364=AXIS2_PLACEMENT_3D('',#2361,#2362,#2363);
#2365=PLANE('',#2364);
#2366=ORIENTED_EDGE('',*,*,#2334,.T.);
#2367=ORIENTED_EDGE('',*,*,#1296,.T.);
#2368=ORIENTED_EDGE('',*,*,#2260,.F.);
#2369=CARTESIAN_POINT('',(60.,6.,12.3));
#2370=DIRECTION('',(1.,0.,-0.));
#2371=VECTOR('',#2370,5.);
#2372=LINE('',#2369,#2371);
#2373=EDGE_CURVE('',#2273,#2249,#2372,.T.);
#2374=ORIENTED_EDGE('',*,*,#2373,.F.);
#2375=EDGE_LOOP('',(#2366,#2367,#2368,#2374));
#2376=FACE_BOUND('',#2375,.T.);
#2377=ADVANCED_FACE('',(#2376),#2365,.T.);
#2378=OVER_RIDING_STYLED_ITEM('',(#863),#2377,#26);
#2379=CARTESIAN_POINT('',(0.,0.65,12.3));
#2380=DIRECTION('',(0.,-0.,1.));
#2381=DIRECTION('',(1.,0.,-0.));
#2382=AXIS2_PLACEMENT_3D('',#2379,#2380,#2381);
#2383=PLANE('',#2382);
#2384=ORIENTED_EDGE('',*,*,#943,.T.);
#2385=ORIENTED_EDGE('',*,*,#2215,.F.);
#2386=CARTESIAN_POINT('',(-6.5,-4.7,12.3));
#2387=DIRECTION('',(1.,0.,-0.));
#2388=VECTOR('',#2387,130.);
#2389=LINE('',#2386,#2388);
#2390=EDGE_CURVE('',#2204,#2234,#2389,.T.);
#2391=ORIENTED_EDGE('',*,*,#2390,.T.);
#2392=ORIENTED_EDGE('',*,*,#2239,.F.);
#2393=EDGE_LOOP('',(#2384,#2385,#2391,#2392));
#2394=FACE_BOUND('',#2393,.T.);
#2395=ADVANCED_FACE('',(#2394),#2383,.T.);
#2396=OVER_RIDING_STYLED_ITEM('',(#863),#2395,#26);
#2397=CARTESIAN_POINT('',(-1.136002491,-6.4,7.568794957));
#2398=DIRECTION('',(0.,-0.707106781,0.707106781));
#2399=DIRECTION('',(1.,0.,0.));
#2400=AXIS2_PLACEMENT_3D('',#2397,#2398,#2399);
#2401=PLANE('',#2400);
#2402=CARTESIAN_POINT('',(-2.772004982,-6.5,7.468794957));
#2403=VERTEX_POINT('',#2402);
#2404=CARTESIAN_POINT('',(-1.772004982,-6.5,7.468794957));
#2405=VERTEX_POINT('',#2404);
#2406=CARTESIAN_POINT('',(-17.496027404,-6.5,7.468794957));
#2407=DIRECTION('',(1.,0.,-0.));
#2408=VECTOR('',#2407,10.);
#2409=LINE('',#2406,#2408);
#2410=EDGE_CURVE('',#2403,#2405,#2409,.T.);
#2411=ORIENTED_EDGE('',*,*,#2410,.T.);
#2412=CARTESIAN_POINT('',(-1.972004982,-6.3,7.668794957));
#2413=VERTEX_POINT('',#2412);
#2414=CARTESIAN_POINT('',(-1.772004982,-6.5,7.468794957));
#2415=DIRECTION('',(-0.577350269,0.577350269,0.577350269));
#2416=VECTOR('',#2415,0.346410162);
#2417=LINE('',#2414,#2416);
#2418=EDGE_CURVE('',#2405,#2413,#2417,.T.);
#2419=ORIENTED_EDGE('',*,*,#2418,.T.);
#2420=CARTESIAN_POINT('',(-2.572004982,-6.3,7.668794957));
#2421=VERTEX_POINT('',#2420);
#2422=CARTESIAN_POINT('',(-9.496027404,-6.3,7.668794957));
#2423=DIRECTION('',(-1.,0.,0.));
#2424=VECTOR('',#2423,6.);
#2425=LINE('',#2422,#2424);
#2426=EDGE_CURVE('',#2413,#2421,#2425,.T.);
#2427=ORIENTED_EDGE('',*,*,#2426,.T.);
#2428=CARTESIAN_POINT('',(-2.572004982,-6.3,7.668794957));
#2429=DIRECTION('',(-0.577350269,-0.577350269,-0.577350269));
#2430=VECTOR('',#2429,3.464101615);
#2431=LINE('',#2428,#2430);
#2432=EDGE_CURVE('',#2421,#2403,#2431,.T.);
#2433=ORIENTED_EDGE('',*,*,#2432,.T.);
#2434=EDGE_LOOP('',(#2411,#2419,#2427,#2433));
#2435=FACE_BOUND('',#2434,.T.);
#2436=ADVANCED_FACE('',(#2435),#2401,.T.);
#2437=CARTESIAN_POINT('',(-1.872004982,-6.4,3.984397479));
#2438=DIRECTION('',(-0.707106781,-0.707106781,0.));
#2439=DIRECTION('',(0.,0.,1.));
#2440=AXIS2_PLACEMENT_3D('',#2437,#2438,#2439);
#2441=PLANE('',#2440);
#2442=CARTESIAN_POINT('',(-1.772004982,-6.5,8.468794957));
#2443=VERTEX_POINT('',#2442);
#2444=CARTESIAN_POINT('',(-1.772004982,-6.5,38.828372265));
#2445=DIRECTION('',(0.,0.,1.));
#2446=VECTOR('',#2445,10.);
#2447=LINE('',#2444,#2446);
#2448=EDGE_CURVE('',#2405,#2443,#2447,.T.);
#2449=ORIENTED_EDGE('',*,*,#2448,.T.);
#2450=CARTESIAN_POINT('',(-1.972004982,-6.3,8.268794957));
#2451=VERTEX_POINT('',#2450);
#2452=CARTESIAN_POINT('',(-1.772004982,-6.5,8.468794957));
#2453=DIRECTION('',(-0.577350269,0.577350269,-0.577350269));
#2454=VECTOR('',#2453,0.346410162);
#2455=LINE('',#2452,#2454);
#2456=EDGE_CURVE('',#2443,#2451,#2455,.T.);
#2457=ORIENTED_EDGE('',*,*,#2456,.T.);
#2458=CARTESIAN_POINT('',(-1.972004982,-6.3,46.828372265));
#2459=DIRECTION('',(0.,0.,-1.));
#2460=VECTOR('',#2459,6.);
#2461=LINE('',#2458,#2460);
#2462=EDGE_CURVE('',#2451,#2413,#2461,.T.);
#2463=ORIENTED_EDGE('',*,*,#2462,.T.);
#2464=ORIENTED_EDGE('',*,*,#2418,.F.);
#2465=EDGE_LOOP('',(#2449,#2457,#2463,#2464));
#2466=FACE_BOUND('',#2465,.T.);
#2467=ADVANCED_FACE('',(#2466),#2441,.T.);
#2468=CARTESIAN_POINT('',(-1.136002491,-6.4,8.368794957));
#2469=DIRECTION('',(0.,-0.707106781,-0.707106781));
#2470=DIRECTION('',(-1.,0.,0.));
#2471=AXIS2_PLACEMENT_3D('',#2468,#2469,#2470);
#2472=PLANE('',#2471);
#2473=CARTESIAN_POINT('',(-2.772004982,-6.5,8.468794957));
#2474=VERTEX_POINT('',#2473);
#2475=CARTESIAN_POINT('',(-7.496027404,-6.5,8.468794957));
#2476=DIRECTION('',(-1.,0.,0.));
#2477=VECTOR('',#2476,10.);
#2478=LINE('',#2475,#2477);
#2479=EDGE_CURVE('',#2443,#2474,#2478,.T.);
#2480=ORIENTED_EDGE('',*,*,#2479,.T.);
#2481=CARTESIAN_POINT('',(-2.572004982,-6.3,8.268794957));
#2482=VERTEX_POINT('',#2481);
#2483=CARTESIAN_POINT('',(-2.772004982,-6.5,8.468794957));
#2484=DIRECTION('',(0.577350269,0.577350269,-0.577350269));
#2485=VECTOR('',#2484,3.464101615);
#2486=LINE('',#2483,#2485);
#2487=EDGE_CURVE('',#2474,#2482,#2486,.T.);
#2488=ORIENTED_EDGE('',*,*,#2487,.T.);
#2489=CARTESIAN_POINT('',(-15.496027404,-6.3,8.268794957));
#2490=DIRECTION('',(1.,0.,-0.));
#2491=VECTOR('',#2490,6.);
#2492=LINE('',#2489,#2491);
#2493=EDGE_CURVE('',#2482,#2451,#2492,.T.);
#2494=ORIENTED_EDGE('',*,*,#2493,.T.);
#2495=ORIENTED_EDGE('',*,*,#2456,.F.);
#2496=EDGE_LOOP('',(#2480,#2488,#2494,#2495));
#2497=FACE_BOUND('',#2496,.T.);
#2498=ADVANCED_FACE('',(#2497),#2472,.T.);
#2499=CARTESIAN_POINT('',(-2.672004982,-6.4,3.984397479));
#2500=DIRECTION('',(0.707106781,-0.707106781,0.));
#2501=DIRECTION('',(0.,0.,-1.));
#2502=AXIS2_PLACEMENT_3D('',#2499,#2500,#2501);
#2503=PLANE('',#2502);
#2504=CARTESIAN_POINT('',(-2.772004982,-6.5,48.828372265));
#2505=DIRECTION('',(0.,0.,-1.));
#2506=VECTOR('',#2505,10.);
#2507=LINE('',#2504,#2506);
#2508=EDGE_CURVE('',#2474,#2403,#2507,.T.);
#2509=ORIENTED_EDGE('',*,*,#2508,.T.);
#2510=ORIENTED_EDGE('',*,*,#2432,.F.);
#2511=CARTESIAN_POINT('',(-2.572004982,-6.3,40.828372265));
#2512=DIRECTION('',(0.,0.,1.));
#2513=VECTOR('',#2512,6.);
#2514=LINE('',#2511,#2513);
#2515=EDGE_CURVE('',#2421,#2482,#2514,.T.);
#2516=ORIENTED_EDGE('',*,*,#2515,.T.);
#2517=ORIENTED_EDGE('',*,*,#2487,.F.);
#2518=EDGE_LOOP('',(#2509,#2510,#2516,#2517));
#2519=FACE_BOUND('',#2518,.T.);
#2520=ADVANCED_FACE('',(#2519),#2503,.T.);
#2521=CARTESIAN_POINT('',(-2.572004982,-6.5,7.968794957));
#2522=DIRECTION('',(-1.,-0.,0.));
#2523=DIRECTION('',(0.,0.,1.));
#2524=AXIS2_PLACEMENT_3D('',#2521,#2522,#2523);
#2525=PLANE('',#2524);
#2526=ORIENTED_EDGE('',*,*,#2515,.F.);
#2527=CARTESIAN_POINT('',(-2.572004982,-1.5,7.668794957));
#2528=VERTEX_POINT('',#2527);
#2529=CARTESIAN_POINT('',(-2.572004982,-4.5,7.668794957));
#2530=DIRECTION('',(-0.,1.,0.));
#2531=VECTOR('',#2530,48.);
#2532=LINE('',#2529,#2531);
#2533=EDGE_CURVE('',#2421,#2528,#2532,.T.);
#2534=ORIENTED_EDGE('',*,*,#2533,.T.);
#2535=CARTESIAN_POINT('',(-2.572004982,-1.5,8.268794957));
#2536=VERTEX_POINT('',#2535);
#2537=CARTESIAN_POINT('',(-2.572004982,-1.5,8.268794957));
#2538=DIRECTION('',(0.,0.,-1.));
#2539=VECTOR('',#2538,6.);
#2540=LINE('',#2537,#2539);
#2541=EDGE_CURVE('',#2536,#2528,#2540,.T.);
#2542=ORIENTED_EDGE('',*,*,#2541,.F.);
#2543=CARTESIAN_POINT('',(-2.572004982,-4.5,8.268794957));
#2544=DIRECTION('',(-0.,1.,0.));
#2545=VECTOR('',#2544,48.);
#2546=LINE('',#2543,#2545);
#2547=EDGE_CURVE('',#2482,#2536,#2546,.T.);
#2548=ORIENTED_EDGE('',*,*,#2547,.F.);
#2549=EDGE_LOOP('',(#2526,#2534,#2542,#2548));
#2550=FACE_BOUND('',#2549,.T.);
#2551=ADVANCED_FACE('',(#2550),#2525,.F.);
#2552=COLOUR_RGB('',0.501960814,0.501960814,0.501960814);
#2553=FILL_AREA_STYLE_COLOUR('',#2552);
#2554=FILL_AREA_STYLE('',(#2553));
#2555=SURFACE_STYLE_FILL_AREA(#2554);
#2556=SURFACE_SIDE_STYLE('',(#2555));
#2557=SURFACE_STYLE_USAGE(.BOTH.,#2556);
#2558=PRESENTATION_STYLE_ASSIGNMENT((#2557));
#2559=OVER_RIDING_STYLED_ITEM('',(#2558),#2551,#26);
#2560=CARTESIAN_POINT('',(-2.272004982,-6.5,7.668794957));
#2561=DIRECTION('',(0.,0.,-1.));
#2562=DIRECTION('',(-1.,0.,0.));
#2563=AXIS2_PLACEMENT_3D('',#2560,#2561,#2562);
#2564=PLANE('',#2563);
#2565=ORIENTED_EDGE('',*,*,#2426,.F.);
#2566=CARTESIAN_POINT('',(-1.972004982,-1.5,7.668794957));
#2567=VERTEX_POINT('',#2566);
#2568=CARTESIAN_POINT('',(-1.972004982,-4.5,7.668794957));
#2569=DIRECTION('',(-0.,1.,0.));
#2570=VECTOR('',#2569,48.);
#2571=LINE('',#2568,#2570);
#2572=EDGE_CURVE('',#2413,#2567,#2571,.T.);
#2573=ORIENTED_EDGE('',*,*,#2572,.T.);
#2574=CARTESIAN_POINT('',(-2.572004982,-1.5,7.668794957));
#2575=DIRECTION('',(1.,0.,-0.));
#2576=VECTOR('',#2575,6.);
#2577=LINE('',#2574,#2576);
#2578=EDGE_CURVE('',#2528,#2567,#2577,.T.);
#2579=ORIENTED_EDGE('',*,*,#2578,.F.);
#2580=ORIENTED_EDGE('',*,*,#2533,.F.);
#2581=EDGE_LOOP('',(#2565,#2573,#2579,#2580));
#2582=FACE_BOUND('',#2581,.T.);
#2583=ADVANCED_FACE('',(#2582),#2564,.F.);
#2584=OVER_RIDING_STYLED_ITEM('',(#2558),#2583,#26);
#2585=CARTESIAN_POINT('',(0.,-6.5,0.));
#2586=DIRECTION('',(0.,-1.,0.));
#2587=DIRECTION('',(1.,0.,0.));
#2588=AXIS2_PLACEMENT_3D('',#2585,#2586,#2587);
#2589=PLANE('',#2588);
#2590=CARTESIAN_POINT('',(-1.197166634,-6.5,7.468794957));
#2591=VERTEX_POINT('',#2590);
#2592=CARTESIAN_POINT('',(-0.197166634,-6.5,7.468794957));
#2593=VERTEX_POINT('',#2592);
#2594=CARTESIAN_POINT('',(-8.834416485,-6.5,7.468794957));
#2595=DIRECTION('',(1.,0.,-0.));
#2596=VECTOR('',#2595,10.);
#2597=LINE('',#2594,#2596);
#2598=EDGE_CURVE('',#2591,#2593,#2597,.T.);
#2599=ORIENTED_EDGE('',*,*,#2598,.F.);
#2600=CARTESIAN_POINT('',(-1.197166634,-6.5,8.468794957));
#2601=VERTEX_POINT('',#2600);
#2602=CARTESIAN_POINT('',(-1.197166634,-6.5,48.828372265));
#2603=DIRECTION('',(0.,0.,-1.));
#2604=VECTOR('',#2603,10.);
#2605=LINE('',#2602,#2604);
#2606=EDGE_CURVE('',#2601,#2591,#2605,.T.);
#2607=ORIENTED_EDGE('',*,*,#2606,.F.);
#2608=CARTESIAN_POINT('',(-0.197166634,-6.5,8.468794957));
#2609=VERTEX_POINT('',#2608);
#2610=CARTESIAN_POINT('',(1.165583515,-6.5,8.468794957));
#2611=DIRECTION('',(-1.,0.,0.));
#2612=VECTOR('',#2611,10.);
#2613=LINE('',#2610,#2612);
#2614=EDGE_CURVE('',#2609,#2601,#2613,.T.);
#2615=ORIENTED_EDGE('',*,*,#2614,.F.);
#2616=CARTESIAN_POINT('',(-0.197166634,-6.5,38.828372265));
#2617=DIRECTION('',(0.,0.,1.));
#2618=VECTOR('',#2617,10.);
#2619=LINE('',#2616,#2618);
#2620=EDGE_CURVE('',#2593,#2609,#2619,.T.);
#2621=ORIENTED_EDGE('',*,*,#2620,.F.);
#2622=EDGE_LOOP('',(#2599,#2607,#2615,#2621));
#2623=FACE_BOUND('',#2622,.T.);
#2624=CARTESIAN_POINT('',(2.249000556,-6.5,5.843720379));
#2625=VERTEX_POINT('',#2624);
#2626=CARTESIAN_POINT('',(3.249000556,-6.5,5.843720379));
#2627=VERTEX_POINT('',#2626);
#2628=CARTESIAN_POINT('',(10.11950306,-6.5,5.843720379));
#2629=DIRECTION('',(1.,0.,-0.));
#2630=VECTOR('',#2629,10.);
#2631=LINE('',#2628,#2630);
#2632=EDGE_CURVE('',#2625,#2627,#2631,.T.);
#2633=ORIENTED_EDGE('',*,*,#2632,.F.);
#2634=CARTESIAN_POINT('',(2.249000556,-6.5,6.843720379));
#2635=VERTEX_POINT('',#2634);
#2636=CARTESIAN_POINT('',(2.249000556,-6.5,39.890462086));
#2637=DIRECTION('',(0.,0.,-1.));
#2638=VECTOR('',#2637,10.);
#2639=LINE('',#2636,#2638);
#2640=EDGE_CURVE('',#2635,#2625,#2639,.T.);
#2641=ORIENTED_EDGE('',*,*,#2640,.F.);
#2642=CARTESIAN_POINT('',(3.249000556,-6.5,6.843720379));
#2643=VERTEX_POINT('',#2642);
#2644=CARTESIAN_POINT('',(20.11950306,-6.5,6.843720379));
#2645=DIRECTION('',(-1.,0.,0.));
#2646=VECTOR('',#2645,10.);
#2647=LINE('',#2644,#2646);
#2648=EDGE_CURVE('',#2643,#2635,#2647,.T.);
#2649=ORIENTED_EDGE('',*,*,#2648,.F.);
#2650=CARTESIAN_POINT('',(3.249000556,-6.5,29.890462086));
#2651=DIRECTION('',(0.,0.,1.));
#2652=VECTOR('',#2651,10.);
#2653=LINE('',#2650,#2652);
#2654=EDGE_CURVE('',#2627,#2643,#2653,.T.);
#2655=ORIENTED_EDGE('',*,*,#2654,.F.);
#2656=EDGE_LOOP('',(#2633,#2641,#2649,#2655));
#2657=FACE_BOUND('',#2656,.T.);
#2658=CARTESIAN_POINT('',(-2.186063818,-6.5,5.843720379));
#2659=VERTEX_POINT('',#2658);
#2660=CARTESIAN_POINT('',(-1.186063818,-6.5,5.843720379));
#2661=VERTEX_POINT('',#2660);
#2662=CARTESIAN_POINT('',(-14.273350999,-6.5,5.843720379));
#2663=DIRECTION('',(1.,0.,-0.));
#2664=VECTOR('',#2663,10.);
#2665=LINE('',#2662,#2664);
#2666=EDGE_CURVE('',#2659,#2661,#2665,.T.);
#2667=ORIENTED_EDGE('',*,*,#2666,.F.);
#2668=CARTESIAN_POINT('',(-2.186063818,-6.5,6.843720379));
#2669=VERTEX_POINT('',#2668);
#2670=CARTESIAN_POINT('',(-2.186063818,-6.5,39.890462086));
#2671=DIRECTION('',(0.,0.,-1.));
#2672=VECTOR('',#2671,10.);
#2673=LINE('',#2670,#2672);
#2674=EDGE_CURVE('',#2669,#2659,#2673,.T.);
#2675=ORIENTED_EDGE('',*,*,#2674,.F.);
#2676=CARTESIAN_POINT('',(-1.186063818,-6.5,6.843720379));
#2677=VERTEX_POINT('',#2676);
#2678=CARTESIAN_POINT('',(-4.273350999,-6.5,6.843720379));
#2679=DIRECTION('',(-1.,0.,0.));
#2680=VECTOR('',#2679,10.);
#2681=LINE('',#2678,#2680);
#2682=EDGE_CURVE('',#2677,#2669,#2681,.T.);
#2683=ORIENTED_EDGE('',*,*,#2682,.F.);
#2684=CARTESIAN_POINT('',(-1.186063818,-6.5,29.890462086));
#2685=DIRECTION('',(0.,0.,1.));
#2686=VECTOR('',#2685,10.);
#2687=LINE('',#2684,#2686);
#2688=EDGE_CURVE('',#2661,#2677,#2687,.T.);
#2689=ORIENTED_EDGE('',*,*,#2688,.F.);
#2690=EDGE_LOOP('',(#2667,#2675,#2683,#2689));
#2691=FACE_BOUND('',#2690,.T.);
#2692=CARTESIAN_POINT('',(-1.347342986,-6.5,3.805550209));
#2693=VERTEX_POINT('',#2692);
#2694=CARTESIAN_POINT('',(-0.347342986,-6.5,3.805550209));
#2695=VERTEX_POINT('',#2694);
#2696=CARTESIAN_POINT('',(-9.660386421,-6.5,3.805550209));
#2697=DIRECTION('',(1.,0.,-0.));
#2698=VECTOR('',#2697,10.);
#2699=LINE('',#2696,#2698);
#2700=EDGE_CURVE('',#2693,#2695,#2699,.T.);
#2701=ORIENTED_EDGE('',*,*,#2700,.F.);
#2702=CARTESIAN_POINT('',(-1.347342986,-6.5,4.805550209));
#2703=VERTEX_POINT('',#2702);
#2704=CARTESIAN_POINT('',(-1.347342986,-6.5,28.680526152));
#2705=DIRECTION('',(0.,0.,-1.));
#2706=VECTOR('',#2705,10.);
#2707=LINE('',#2704,#2706);
#2708=EDGE_CURVE('',#2703,#2693,#2707,.T.);
#2709=ORIENTED_EDGE('',*,*,#2708,.F.);
#2710=CARTESIAN_POINT('',(-0.347342986,-6.5,4.805550209));
#2711=VERTEX_POINT('',#2710);
#2712=CARTESIAN_POINT('',(0.339613579,-6.5,4.805550209));
#2713=DIRECTION('',(-1.,0.,0.));
#2714=VECTOR('',#2713,10.);
#2715=LINE('',#2712,#2714);
#2716=EDGE_CURVE('',#2711,#2703,#2715,.T.);
#2717=ORIENTED_EDGE('',*,*,#2716,.F.);
#2718=CARTESIAN_POINT('',(-0.347342986,-6.5,18.680526152));
#2719=DIRECTION('',(0.,0.,1.));
#2720=VECTOR('',#2719,10.);
#2721=LINE('',#2718,#2720);
#2722=EDGE_CURVE('',#2695,#2711,#2721,.T.);
#2723=ORIENTED_EDGE('',*,*,#2722,.F.);
#2724=EDGE_LOOP('',(#2701,#2709,#2717,#2723));
#2725=FACE_BOUND('',#2724,.T.);
#2726=CARTESIAN_POINT('',(-3.422737317,-6.5,4.430007426));
#2727=VERTEX_POINT('',#2726);
#2728=CARTESIAN_POINT('',(-2.684192287,-6.5,4.430007426));
#2729=VERTEX_POINT('',#2728);
#2730=CARTESIAN_POINT('',(-20.486781566,-6.5,4.430007426));
#2731=DIRECTION('',(1.,0.,-0.));
#2732=VECTOR('',#2731,7.38545031);
#2733=LINE('',#2730,#2732);
#2734=EDGE_CURVE('',#2727,#2729,#2733,.T.);
#2735=ORIENTED_EDGE('',*,*,#2734,.T.);
#2736=CARTESIAN_POINT('',(-2.684192287,-6.5,3.534344631));
#2737=VERTEX_POINT('',#2736);
#2738=CARTESIAN_POINT('',(-2.684192287,-6.5,26.380282134));
#2739=DIRECTION('',(0.,0.,-1.));
#2740=VECTOR('',#2739,8.956627954);
#2741=LINE('',#2738,#2740);
#2742=EDGE_CURVE('',#2729,#2737,#2741,.T.);
#2743=ORIENTED_EDGE('',*,*,#2742,.T.);
#2744=CARTESIAN_POINT('',(2.684192287,-6.5,3.534344631));
#2745=VERTEX_POINT('',#2744);
#2746=CARTESIAN_POINT('',(0.,-6.5,6.5));
#2747=DIRECTION('',(0.,-1.,0.));
#2748=DIRECTION('',(1.,0.,0.));
#2749=AXIS2_PLACEMENT_3D('',#2746,#2747,#2748);
#2750=CIRCLE('',#2749,4.);
#2751=EDGE_CURVE('',#2737,#2745,#2750,.T.);
#2752=ORIENTED_EDGE('',*,*,#2751,.T.);
#2753=CARTESIAN_POINT('',(2.684192287,-6.5,4.430007426));
#2754=VERTEX_POINT('',#2753);
#2755=CARTESIAN_POINT('',(2.684192287,-6.5,17.42365418));
#2756=DIRECTION('',(0.,0.,1.));
#2757=VECTOR('',#2756,8.956627954);
#2758=LINE('',#2755,#2757);
#2759=EDGE_CURVE('',#2745,#2754,#2758,.T.);
#2760=ORIENTED_EDGE('',*,*,#2759,.T.);
#2761=CARTESIAN_POINT('',(3.422737317,-6.5,4.430007426));
#2762=VERTEX_POINT('',#2761);
#2763=CARTESIAN_POINT('',(13.101331256,-6.5,4.430007426));
#2764=DIRECTION('',(1.,0.,-0.));
#2765=VECTOR('',#2764,7.38545031);
#2766=LINE('',#2763,#2765);
#2767=EDGE_CURVE('',#2754,#2762,#2766,.T.);
#2768=ORIENTED_EDGE('',*,*,#2767,.T.);
#2769=CARTESIAN_POINT('',(2.766734404,-6.5,9.388802648));
#2770=VERTEX_POINT('',#2769);
#2771=CARTESIAN_POINT('',(0.,-6.5,6.5));
#2772=DIRECTION('',(0.,-1.,0.));
#2773=DIRECTION('',(1.,0.,0.));
#2774=AXIS2_PLACEMENT_3D('',#2771,#2772,#2773);
#2775=CIRCLE('',#2774,4.);
#2776=EDGE_CURVE('',#2762,#2770,#2775,.T.);
#2777=ORIENTED_EDGE('',*,*,#2776,.T.);
#2778=CARTESIAN_POINT('',(-2.766734404,-6.5,9.388802648));
#2779=VERTEX_POINT('',#2778);
#2780=CARTESIAN_POINT('',(27.667344042,-6.5,9.388802648));
#2781=DIRECTION('',(-1.,0.,0.));
#2782=VECTOR('',#2781,55.334688084);
#2783=LINE('',#2780,#2782);
#2784=EDGE_CURVE('',#2770,#2779,#2783,.T.);
#2785=ORIENTED_EDGE('',*,*,#2784,.T.);
#2786=CARTESIAN_POINT('',(-4.,-6.5,6.5));
#2787=VERTEX_POINT('',#2786);
#2788=CARTESIAN_POINT('',(0.,-6.5,6.5));
#2789=DIRECTION('',(0.,-1.,0.));
#2790=DIRECTION('',(1.,0.,0.));
#2791=AXIS2_PLACEMENT_3D('',#2788,#2789,#2790);
#2792=CIRCLE('',#2791,4.);
#2793=EDGE_CURVE('',#2779,#2787,#2792,.T.);
#2794=ORIENTED_EDGE('',*,*,#2793,.T.);
#2795=CARTESIAN_POINT('',(0.,-6.5,6.5));
#2796=DIRECTION('',(0.,-1.,0.));
#2797=DIRECTION('',(1.,0.,0.));
#2798=AXIS2_PLACEMENT_3D('',#2795,#2796,#2797);
#2799=CIRCLE('',#2798,4.);
#2800=EDGE_CURVE('',#2787,#2727,#2799,.T.);
#2801=ORIENTED_EDGE('',*,*,#2800,.T.);
#2802=EDGE_LOOP('',(#2735,#2743,#2752,#2760,#2768,#2777,#2785,#2794,#2801));
#2803=FACE_BOUND('',#2802,.T.);
#2804=CARTESIAN_POINT('',(0.155727339,-6.5,3.805550209));
#2805=VERTEX_POINT('',#2804);
#2806=CARTESIAN_POINT('',(1.155727339,-6.5,3.805550209));
#2807=VERTEX_POINT('',#2806);
#2808=CARTESIAN_POINT('',(-1.393499635,-6.5,3.805550209));
#2809=DIRECTION('',(1.,0.,-0.));
#2810=VECTOR('',#2809,10.);
#2811=LINE('',#2808,#2810);
#2812=EDGE_CURVE('',#2805,#2807,#2811,.T.);
#2813=ORIENTED_EDGE('',*,*,#2812,.F.);
#2814=CARTESIAN_POINT('',(0.155727339,-6.5,4.805550209));
#2815=VERTEX_POINT('',#2814);
#2816=CARTESIAN_POINT('',(0.155727339,-6.5,28.680526152));
#2817=DIRECTION('',(0.,0.,-1.));
#2818=VECTOR('',#2817,10.);
#2819=LINE('',#2816,#2818);
#2820=EDGE_CURVE('',#2815,#2805,#2819,.T.);
#2821=ORIENTED_EDGE('',*,*,#2820,.F.);
#2822=CARTESIAN_POINT('',(1.155727339,-6.5,4.805550209));
#2823=VERTEX_POINT('',#2822);
#2824=CARTESIAN_POINT('',(8.606500365,-6.5,4.805550209));
#2825=DIRECTION('',(-1.,0.,0.));
#2826=VECTOR('',#2825,10.);
#2827=LINE('',#2824,#2826);
#2828=EDGE_CURVE('',#2823,#2815,#2827,.T.);
#2829=ORIENTED_EDGE('',*,*,#2828,.F.);
#2830=CARTESIAN_POINT('',(1.155727339,-6.5,18.680526152));
#2831=DIRECTION('',(0.,0.,1.));
#2832=VECTOR('',#2831,10.);
#2833=LINE('',#2830,#2832);
#2834=EDGE_CURVE('',#2807,#2823,#2833,.T.);
#2835=ORIENTED_EDGE('',*,*,#2834,.F.);
#2836=EDGE_LOOP('',(#2813,#2821,#2829,#2835));
#2837=FACE_BOUND('',#2836,.T.);
#2838=CARTESIAN_POINT('',(-3.25949316,-6.5,5.843720379));
#2839=VERTEX_POINT('',#2838);
#2840=CARTESIAN_POINT('',(-2.25949316,-6.5,5.843720379));
#2841=VERTEX_POINT('',#2840);
#2842=CARTESIAN_POINT('',(-20.177212379,-6.5,5.843720379));
#2843=DIRECTION('',(1.,0.,-0.));
#2844=VECTOR('',#2843,10.);
#2845=LINE('',#2842,#2844);
#2846=EDGE_CURVE('',#2839,#2841,#2845,.T.);
#2847=ORIENTED_EDGE('',*,*,#2846,.F.);
#2848=CARTESIAN_POINT('',(-3.25949316,-6.5,6.843720379));
#2849=VERTEX_POINT('',#2848);
#2850=CARTESIAN_POINT('',(-3.25949316,-6.5,39.890462086));
#2851=DIRECTION('',(0.,0.,-1.));
#2852=VECTOR('',#2851,10.);
#2853=LINE('',#2850,#2852);
#2854=EDGE_CURVE('',#2849,#2839,#2853,.T.);
#2855=ORIENTED_EDGE('',*,*,#2854,.F.);
#2856=CARTESIAN_POINT('',(-2.25949316,-6.5,6.843720379));
#2857=VERTEX_POINT('',#2856);
#2858=CARTESIAN_POINT('',(-10.177212379,-6.5,6.843720379));
#2859=DIRECTION('',(-1.,0.,0.));
#2860=VECTOR('',#2859,10.);
#2861=LINE('',#2858,#2860);
#2862=EDGE_CURVE('',#2857,#2849,#2861,.T.);
#2863=ORIENTED_EDGE('',*,*,#2862,.F.);
#2864=CARTESIAN_POINT('',(-2.25949316,-6.5,29.890462086));
#2865=DIRECTION('',(0.,0.,1.));
#2866=VECTOR('',#2865,10.);
#2867=LINE('',#2864,#2866);
#2868=EDGE_CURVE('',#2841,#2857,#2867,.T.);
#2869=ORIENTED_EDGE('',*,*,#2868,.F.);
#2870=EDGE_LOOP('',(#2847,#2855,#2863,#2869));
#2871=FACE_BOUND('',#2870,.T.);
#2872=CARTESIAN_POINT('',(0.222804086,-6.5,5.843720379));
#2873=VERTEX_POINT('',#2872);
#2874=CARTESIAN_POINT('',(1.222804086,-6.5,5.843720379));
#2875=VERTEX_POINT('',#2874);
#2876=CARTESIAN_POINT('',(-1.024577529,-6.5,5.843720379));
#2877=DIRECTION('',(1.,0.,-0.));
#2878=VECTOR('',#2877,10.);
#2879=LINE('',#2876,#2878);
#2880=EDGE_CURVE('',#2873,#2875,#2879,.T.);
#2881=ORIENTED_EDGE('',*,*,#2880,.F.);
#2882=CARTESIAN_POINT('',(0.222804086,-6.5,6.843720379));
#2883=VERTEX_POINT('',#2882);
#2884=CARTESIAN_POINT('',(0.222804086,-6.5,39.890462086));
#2885=DIRECTION('',(0.,0.,-1.));
#2886=VECTOR('',#2885,10.);
#2887=LINE('',#2884,#2886);
#2888=EDGE_CURVE('',#2883,#2873,#2887,.T.);
#2889=ORIENTED_EDGE('',*,*,#2888,.F.);
#2890=CARTESIAN_POINT('',(1.222804086,-6.5,6.843720379));
#2891=VERTEX_POINT('',#2890);
#2892=CARTESIAN_POINT('',(8.975422471,-6.5,6.843720379));
#2893=DIRECTION('',(-1.,0.,0.));
#2894=VECTOR('',#2893,10.);
#2895=LINE('',#2892,#2894);
#2896=EDGE_CURVE('',#2891,#2883,#2895,.T.);
#2897=ORIENTED_EDGE('',*,*,#2896,.F.);
#2898=CARTESIAN_POINT('',(1.222804086,-6.5,29.890462086));
#2899=DIRECTION('',(0.,0.,1.));
#2900=VECTOR('',#2899,10.);
#2901=LINE('',#2898,#2900);
#2902=EDGE_CURVE('',#2875,#2891,#2901,.T.);
#2903=ORIENTED_EDGE('',*,*,#2902,.F.);
#2904=EDGE_LOOP('',(#2881,#2889,#2897,#2903));
#2905=FACE_BOUND('',#2904,.T.);
#2906=CARTESIAN_POINT('',(1.909222753,-6.5,7.468794957));
#2907=VERTEX_POINT('',#2906);
#2908=CARTESIAN_POINT('',(2.909222753,-6.5,7.468794957));
#2909=VERTEX_POINT('',#2908);
#2910=CARTESIAN_POINT('',(8.250725141,-6.5,7.468794957));
#2911=DIRECTION('',(1.,0.,-0.));
#2912=VECTOR('',#2911,10.);
#2913=LINE('',#2910,#2912);
#2914=EDGE_CURVE('',#2907,#2909,#2913,.T.);
#2915=ORIENTED_EDGE('',*,*,#2914,.F.);
#2916=CARTESIAN_POINT('',(1.909222753,-6.5,8.468794957));
#2917=VERTEX_POINT('',#2916);
#2918=CARTESIAN_POINT('',(1.909222753,-6.5,48.828372265));
#2919=DIRECTION('',(0.,0.,-1.));
#2920=VECTOR('',#2919,10.);
#2921=LINE('',#2918,#2920);
#2922=EDGE_CURVE('',#2917,#2907,#2921,.T.);
#2923=ORIENTED_EDGE('',*,*,#2922,.F.);
#2924=CARTESIAN_POINT('',(2.909222753,-6.5,8.468794957));
#2925=VERTEX_POINT('',#2924);
#2926=CARTESIAN_POINT('',(18.250725141,-6.5,8.468794957));
#2927=DIRECTION('',(-1.,0.,0.));
#2928=VECTOR('',#2927,10.);
#2929=LINE('',#2926,#2928);
#2930=EDGE_CURVE('',#2925,#2917,#2929,.T.);
#2931=ORIENTED_EDGE('',*,*,#2930,.F.);
#2932=CARTESIAN_POINT('',(2.909222753,-6.5,38.828372265));
#2933=DIRECTION('',(0.,0.,1.));
#2934=VECTOR('',#2933,10.);
#2935=LINE('',#2932,#2934);
#2936=EDGE_CURVE('',#2909,#2925,#2935,.T.);
#2937=ORIENTED_EDGE('',*,*,#2936,.F.);
#2938=EDGE_LOOP('',(#2915,#2923,#2931,#2937));
#2939=FACE_BOUND('',#2938,.T.);
#2940=ORIENTED_EDGE('',*,*,#2410,.F.);
#2941=ORIENTED_EDGE('',*,*,#2508,.F.);
#2942=ORIENTED_EDGE('',*,*,#2479,.F.);
#2943=ORIENTED_EDGE('',*,*,#2448,.F.);
#2944=EDGE_LOOP('',(#2940,#2941,#2942,#2943));
#2945=FACE_BOUND('',#2944,.T.);
#2946=ADVANCED_FACE('',(#2623,#2657,#2691,#2725,#2803,#2837,#2871,#2905,#2939,#2945),#2589,.T.);
#2947=OVER_RIDING_STYLED_ITEM('',(#863),#2946,#26);
#2948=CARTESIAN_POINT('',(-0.348583317,-6.4,8.368794957));
#2949=DIRECTION('',(0.,-0.707106781,-0.707106781));
#2950=DIRECTION('',(-1.,0.,0.));
#2951=AXIS2_PLACEMENT_3D('',#2948,#2949,#2950);
#2952=PLANE('',#2951);
#2953=ORIENTED_EDGE('',*,*,#2614,.T.);
#2954=CARTESIAN_POINT('',(-0.997166634,-6.3,8.268794957));
#2955=VERTEX_POINT('',#2954);
#2956=CARTESIAN_POINT('',(-1.197166634,-6.5,8.468794957));
#2957=DIRECTION('',(0.577350269,0.577350269,-0.577350269));
#2958=VECTOR('',#2957,3.464101615);
#2959=LINE('',#2956,#2958);
#2960=EDGE_CURVE('',#2601,#2955,#2959,.T.);
#2961=ORIENTED_EDGE('',*,*,#2960,.T.);
#2962=CARTESIAN_POINT('',(-0.397166634,-6.3,8.268794957));
#2963=VERTEX_POINT('',#2962);
#2964=CARTESIAN_POINT('',(-6.834416485,-6.3,8.268794957));
#2965=DIRECTION('',(1.,0.,-0.));
#2966=VECTOR('',#2965,6.);
#2967=LINE('',#2964,#2966);
#2968=EDGE_CURVE('',#2955,#2963,#2967,.T.);
#2969=ORIENTED_EDGE('',*,*,#2968,.T.);
#2970=CARTESIAN_POINT('',(-0.197166634,-6.5,8.468794957));
#2971=DIRECTION('',(-0.577350269,0.577350269,-0.577350269));
#2972=VECTOR('',#2971,3.464101615);
#2973=LINE('',#2970,#2972);
#2974=EDGE_CURVE('',#2609,#2963,#2973,.T.);
#2975=ORIENTED_EDGE('',*,*,#2974,.F.);
#2976=EDGE_LOOP('',(#2953,#2961,#2969,#2975));
#2977=FACE_BOUND('',#2976,.T.);
#2978=ADVANCED_FACE('',(#2977),#2952,.T.);
#2979=CARTESIAN_POINT('',(-0.348583317,-6.4,7.568794957));
#2980=DIRECTION('',(0.,-0.707106781,0.707106781));
#2981=DIRECTION('',(1.,0.,0.));
#2982=AXIS2_PLACEMENT_3D('',#2979,#2980,#2981);
#2983=PLANE('',#2982);
#2984=ORIENTED_EDGE('',*,*,#2598,.T.);
#2985=CARTESIAN_POINT('',(-0.397166634,-6.3,7.668794957));
#2986=VERTEX_POINT('',#2985);
#2987=CARTESIAN_POINT('',(-0.197166634,-6.5,7.468794957));
#2988=DIRECTION('',(-0.577350269,0.577350269,0.577350269));
#2989=VECTOR('',#2988,3.464101615);
#2990=LINE('',#2987,#2989);
#2991=EDGE_CURVE('',#2593,#2986,#2990,.T.);
#2992=ORIENTED_EDGE('',*,*,#2991,.T.);
#2993=CARTESIAN_POINT('',(-0.997166634,-6.3,7.668794957));
#2994=VERTEX_POINT('',#2993);
#2995=CARTESIAN_POINT('',(-0.834416485,-6.3,7.668794957));
#2996=DIRECTION('',(-1.,0.,0.));
#2997=VECTOR('',#2996,6.);
#2998=LINE('',#2995,#2997);
#2999=EDGE_CURVE('',#2986,#2994,#2998,.T.);
#3000=ORIENTED_EDGE('',*,*,#2999,.T.);
#3001=CARTESIAN_POINT('',(-0.997166634,-6.3,7.668794957));
#3002=DIRECTION('',(-0.577350269,-0.577350269,-0.577350269));
#3003=VECTOR('',#3002,3.464101615);
#3004=LINE('',#3001,#3003);
#3005=EDGE_CURVE('',#2994,#2591,#3004,.T.);
#3006=ORIENTED_EDGE('',*,*,#3005,.T.);
#3007=EDGE_LOOP('',(#2984,#2992,#3000,#3006));
#3008=FACE_BOUND('',#3007,.T.);
#3009=ADVANCED_FACE('',(#3008),#2983,.T.);
#3010=CARTESIAN_POINT('',(-1.097166634,-6.4,3.984397479));
#3011=DIRECTION('',(0.707106781,-0.707106781,0.));
#3012=DIRECTION('',(0.,0.,-1.));
#3013=AXIS2_PLACEMENT_3D('',#3010,#3011,#3012);
#3014=PLANE('',#3013);
#3015=ORIENTED_EDGE('',*,*,#2606,.T.);
#3016=ORIENTED_EDGE('',*,*,#3005,.F.);
#3017=CARTESIAN_POINT('',(-0.997166634,-6.3,40.828372265));
#3018=DIRECTION('',(0.,0.,1.));
#3019=VECTOR('',#3018,6.);
#3020=LINE('',#3017,#3019);
#3021=EDGE_CURVE('',#2994,#2955,#3020,.T.);
#3022=ORIENTED_EDGE('',*,*,#3021,.T.);
#3023=ORIENTED_EDGE('',*,*,#2960,.F.);
#3024=EDGE_LOOP('',(#3015,#3016,#3022,#3023));
#3025=FACE_BOUND('',#3024,.T.);
#3026=ADVANCED_FACE('',(#3025),#3014,.T.);
#3027=CARTESIAN_POINT('',(-0.297166634,-6.4,3.984397479));
#3028=DIRECTION('',(-0.707106781,-0.707106781,0.));
#3029=DIRECTION('',(0.,0.,1.));
#3030=AXIS2_PLACEMENT_3D('',#3027,#3028,#3029);
#3031=PLANE('',#3030);
#3032=ORIENTED_EDGE('',*,*,#2620,.T.);
#3033=ORIENTED_EDGE('',*,*,#2974,.T.);
#3034=CARTESIAN_POINT('',(-0.397166634,-6.3,46.828372265));
#3035=DIRECTION('',(0.,0.,-1.));
#3036=VECTOR('',#3035,6.);
#3037=LINE('',#3034,#3036);
#3038=EDGE_CURVE('',#2963,#2986,#3037,.T.);
#3039=ORIENTED_EDGE('',*,*,#3038,.T.);
#3040=ORIENTED_EDGE('',*,*,#2991,.F.);
#3041=EDGE_LOOP('',(#3032,#3033,#3039,#3040));
#3042=FACE_BOUND('',#3041,.T.);
#3043=ADVANCED_FACE('',(#3042),#3031,.T.);
#3044=CARTESIAN_POINT('',(-0.997166634,-6.5,7.968794957));
#3045=DIRECTION('',(-1.,-0.,0.));
#3046=DIRECTION('',(0.,0.,1.));
#3047=AXIS2_PLACEMENT_3D('',#3044,#3045,#3046);
#3048=PLANE('',#3047);
#3049=ORIENTED_EDGE('',*,*,#3021,.F.);
#3050=CARTESIAN_POINT('',(-0.997166634,-1.5,7.668794957));
#3051=VERTEX_POINT('',#3050);
#3052=CARTESIAN_POINT('',(-0.997166634,-4.5,7.668794957));
#3053=DIRECTION('',(-0.,1.,0.));
#3054=VECTOR('',#3053,48.);
#3055=LINE('',#3052,#3054);
#3056=EDGE_CURVE('',#2994,#3051,#3055,.T.);
#3057=ORIENTED_EDGE('',*,*,#3056,.T.);
#3058=CARTESIAN_POINT('',(-0.997166634,-1.5,8.268794957));
#3059=VERTEX_POINT('',#3058);
#3060=CARTESIAN_POINT('',(-0.997166634,-1.5,8.268794957));
#3061=DIRECTION('',(0.,0.,-1.));
#3062=VECTOR('',#3061,6.);
#3063=LINE('',#3060,#3062);
#3064=EDGE_CURVE('',#3059,#3051,#3063,.T.);
#3065=ORIENTED_EDGE('',*,*,#3064,.F.);
#3066=CARTESIAN_POINT('',(-0.997166634,-4.5,8.268794957));
#3067=DIRECTION('',(-0.,1.,0.));
#3068=VECTOR('',#3067,48.);
#3069=LINE('',#3066,#3068);
#3070=EDGE_CURVE('',#2955,#3059,#3069,.T.);
#3071=ORIENTED_EDGE('',*,*,#3070,.F.);
#3072=EDGE_LOOP('',(#3049,#3057,#3065,#3071));
#3073=FACE_BOUND('',#3072,.T.);
#3074=ADVANCED_FACE('',(#3073),#3048,.F.);
#3075=OVER_RIDING_STYLED_ITEM('',(#2558),#3074,#26);
#3076=CARTESIAN_POINT('',(-0.697166634,-6.5,7.668794957));
#3077=DIRECTION('',(0.,0.,-1.));
#3078=DIRECTION('',(-1.,0.,0.));
#3079=AXIS2_PLACEMENT_3D('',#3076,#3077,#3078);
#3080=PLANE('',#3079);
#3081=ORIENTED_EDGE('',*,*,#2999,.F.);
#3082=CARTESIAN_POINT('',(-0.397166634,-1.5,7.668794957));
#3083=VERTEX_POINT('',#3082);
#3084=CARTESIAN_POINT('',(-0.397166634,-4.5,7.668794957));
#3085=DIRECTION('',(-0.,1.,0.));
#3086=VECTOR('',#3085,48.);
#3087=LINE('',#3084,#3086);
#3088=EDGE_CURVE('',#2986,#3083,#3087,.T.);
#3089=ORIENTED_EDGE('',*,*,#3088,.T.);
#3090=CARTESIAN_POINT('',(-0.997166634,-1.5,7.668794957));
#3091=DIRECTION('',(1.,0.,-0.));
#3092=VECTOR('',#3091,6.);
#3093=LINE('',#3090,#3092);
#3094=EDGE_CURVE('',#3051,#3083,#3093,.T.);
#3095=ORIENTED_EDGE('',*,*,#3094,.F.);
#3096=ORIENTED_EDGE('',*,*,#3056,.F.);
#3097=EDGE_LOOP('',(#3081,#3089,#3095,#3096));
#3098=FACE_BOUND('',#3097,.T.);
#3099=ADVANCED_FACE('',(#3098),#3080,.F.);
#3100=OVER_RIDING_STYLED_ITEM('',(#2558),#3099,#26);
#3101=CARTESIAN_POINT('',(1.204611376,-6.4,7.568794957));
#3102=DIRECTION('',(0.,-0.707106781,0.707106781));
#3103=DIRECTION('',(1.,0.,0.));
#3104=AXIS2_PLACEMENT_3D('',#3101,#3102,#3103);
#3105=PLANE('',#3104);
#3106=ORIENTED_EDGE('',*,*,#2914,.T.);
#3107=CARTESIAN_POINT('',(2.709222753,-6.3,7.668794957));
#3108=VERTEX_POINT('',#3107);
#3109=CARTESIAN_POINT('',(2.909222753,-6.5,7.468794957));
#3110=DIRECTION('',(-0.577350269,0.577350269,0.577350269));
#3111=VECTOR('',#3110,3.464101615);
#3112=LINE('',#3109,#3111);
#3113=EDGE_CURVE('',#2909,#3108,#3112,.T.);
#3114=ORIENTED_EDGE('',*,*,#3113,.T.);
#3115=CARTESIAN_POINT('',(2.109222753,-6.3,7.668794957));
#3116=VERTEX_POINT('',#3115);
#3117=CARTESIAN_POINT('',(16.250725141,-6.3,7.668794957));
#3118=DIRECTION('',(-1.,0.,0.));
#3119=VECTOR('',#3118,6.);
#3120=LINE('',#3117,#3119);
#3121=EDGE_CURVE('',#3108,#3116,#3120,.T.);
#3122=ORIENTED_EDGE('',*,*,#3121,.T.);
#3123=CARTESIAN_POINT('',(2.109222753,-6.3,7.668794957));
#3124=DIRECTION('',(-0.577350269,-0.577350269,-0.577350269));
#3125=VECTOR('',#3124,0.346410162);
#3126=LINE('',#3123,#3125);
#3127=EDGE_CURVE('',#3116,#2907,#3126,.T.);
#3128=ORIENTED_EDGE('',*,*,#3127,.T.);
#3129=EDGE_LOOP('',(#3106,#3114,#3122,#3128));
#3130=FACE_BOUND('',#3129,.T.);
#3131=ADVANCED_FACE('',(#3130),#3105,.T.);
#3132=CARTESIAN_POINT('',(2.809222753,-6.4,3.984397479));
#3133=DIRECTION('',(-0.707106781,-0.707106781,0.));
#3134=DIRECTION('',(0.,0.,1.));
#3135=AXIS2_PLACEMENT_3D('',#3132,#3133,#3134);
#3136=PLANE('',#3135);
#3137=ORIENTED_EDGE('',*,*,#2936,.T.);
#3138=CARTESIAN_POINT('',(2.709222753,-6.3,8.268794957));
#3139=VERTEX_POINT('',#3138);
#3140=CARTESIAN_POINT('',(2.909222753,-6.5,8.468794957));
#3141=DIRECTION('',(-0.577350269,0.577350269,-0.577350269));
#3142=VECTOR('',#3141,0.346410162);
#3143=LINE('',#3140,#3142);
#3144=EDGE_CURVE('',#2925,#3139,#3143,.T.);
#3145=ORIENTED_EDGE('',*,*,#3144,.T.);
#3146=CARTESIAN_POINT('',(2.709222753,-6.3,46.828372265));
#3147=DIRECTION('',(0.,0.,-1.));
#3148=VECTOR('',#3147,6.);
#3149=LINE('',#3146,#3148);
#3150=EDGE_CURVE('',#3139,#3108,#3149,.T.);
#3151=ORIENTED_EDGE('',*,*,#3150,.T.);
#3152=ORIENTED_EDGE('',*,*,#3113,.F.);
#3153=EDGE_LOOP('',(#3137,#3145,#3151,#3152));
#3154=FACE_BOUND('',#3153,.T.);
#3155=ADVANCED_FACE('',(#3154),#3136,.T.);
#3156=CARTESIAN_POINT('',(1.204611376,-6.4,8.368794957));
#3157=DIRECTION('',(0.,-0.707106781,-0.707106781));
#3158=DIRECTION('',(-1.,0.,0.));
#3159=AXIS2_PLACEMENT_3D('',#3156,#3157,#3158);
#3160=PLANE('',#3159);
#3161=ORIENTED_EDGE('',*,*,#2930,.T.);
#3162=CARTESIAN_POINT('',(2.109222753,-6.3,8.268794957));
#3163=VERTEX_POINT('',#3162);
#3164=CARTESIAN_POINT('',(1.909222753,-6.5,8.468794957));
#3165=DIRECTION('',(0.577350269,0.577350269,-0.577350269));
#3166=VECTOR('',#3165,3.464101615);
#3167=LINE('',#3164,#3166);
#3168=EDGE_CURVE('',#2917,#3163,#3167,.T.);
#3169=ORIENTED_EDGE('',*,*,#3168,.T.);
#3170=CARTESIAN_POINT('',(10.250725141,-6.3,8.268794957));
#3171=DIRECTION('',(1.,0.,-0.));
#3172=VECTOR('',#3171,6.);
#3173=LINE('',#3170,#3172);
#3174=EDGE_CURVE('',#3163,#3139,#3173,.T.);
#3175=ORIENTED_EDGE('',*,*,#3174,.T.);
#3176=ORIENTED_EDGE('',*,*,#3144,.F.);
#3177=EDGE_LOOP('',(#3161,#3169,#3175,#3176));
#3178=FACE_BOUND('',#3177,.T.);
#3179=ADVANCED_FACE('',(#3178),#3160,.T.);
#3180=CARTESIAN_POINT('',(2.009222753,-6.4,3.984397479));
#3181=DIRECTION('',(0.707106781,-0.707106781,0.));
#3182=DIRECTION('',(0.,0.,-1.));
#3183=AXIS2_PLACEMENT_3D('',#3180,#3181,#3182);
#3184=PLANE('',#3183);
#3185=ORIENTED_EDGE('',*,*,#2922,.T.);
#3186=ORIENTED_EDGE('',*,*,#3127,.F.);
#3187=CARTESIAN_POINT('',(2.109222753,-6.3,40.828372265));
#3188=DIRECTION('',(0.,0.,1.));
#3189=VECTOR('',#3188,6.);
#3190=LINE('',#3187,#3189);
#3191=EDGE_CURVE('',#3116,#3163,#3190,.T.);
#3192=ORIENTED_EDGE('',*,*,#3191,.T.);
#3193=ORIENTED_EDGE('',*,*,#3168,.F.);
#3194=EDGE_LOOP('',(#3185,#3186,#3192,#3193));
#3195=FACE_BOUND('',#3194,.T.);
#3196=ADVANCED_FACE('',(#3195),#3184,.T.);
#3197=CARTESIAN_POINT('',(2.109222753,-6.5,7.968794957));
#3198=DIRECTION('',(-1.,-0.,0.));
#3199=DIRECTION('',(0.,0.,1.));
#3200=AXIS2_PLACEMENT_3D('',#3197,#3198,#3199);
#3201=PLANE('',#3200);
#3202=ORIENTED_EDGE('',*,*,#3191,.F.);
#3203=CARTESIAN_POINT('',(2.109222753,-1.5,7.668794957));
#3204=VERTEX_POINT('',#3203);
#3205=CARTESIAN_POINT('',(2.109222753,-4.5,7.668794957));
#3206=DIRECTION('',(-0.,1.,0.));
#3207=VECTOR('',#3206,48.);
#3208=LINE('',#3205,#3207);
#3209=EDGE_CURVE('',#3116,#3204,#3208,.T.);
#3210=ORIENTED_EDGE('',*,*,#3209,.T.);
#3211=CARTESIAN_POINT('',(2.109222753,-1.5,8.268794957));
#3212=VERTEX_POINT('',#3211);
#3213=CARTESIAN_POINT('',(2.109222753,-1.5,8.268794957));
#3214=DIRECTION('',(0.,0.,-1.));
#3215=VECTOR('',#3214,6.);
#3216=LINE('',#3213,#3215);
#3217=EDGE_CURVE('',#3212,#3204,#3216,.T.);
#3218=ORIENTED_EDGE('',*,*,#3217,.F.);
#3219=CARTESIAN_POINT('',(2.109222753,-4.5,8.268794957));
#3220=DIRECTION('',(-0.,1.,0.));
#3221=VECTOR('',#3220,48.);
#3222=LINE('',#3219,#3221);
#3223=EDGE_CURVE('',#3163,#3212,#3222,.T.);
#3224=ORIENTED_EDGE('',*,*,#3223,.F.);
#3225=EDGE_LOOP('',(#3202,#3210,#3218,#3224));
#3226=FACE_BOUND('',#3225,.T.);
#3227=ADVANCED_FACE('',(#3226),#3201,.F.);
#3228=OVER_RIDING_STYLED_ITEM('',(#2558),#3227,#26);
#3229=CARTESIAN_POINT('',(2.409222753,-6.5,7.668794957));
#3230=DIRECTION('',(0.,0.,-1.));
#3231=DIRECTION('',(-1.,0.,0.));
#3232=AXIS2_PLACEMENT_3D('',#3229,#3230,#3231);
#3233=PLANE('',#3232);
#3234=ORIENTED_EDGE('',*,*,#3121,.F.);
#3235=CARTESIAN_POINT('',(2.709222753,-1.5,7.668794957));
#3236=VERTEX_POINT('',#3235);
#3237=CARTESIAN_POINT('',(2.709222753,-4.5,7.668794957));
#3238=DIRECTION('',(-0.,1.,0.));
#3239=VECTOR('',#3238,48.);
#3240=LINE('',#3237,#3239);
#3241=EDGE_CURVE('',#3108,#3236,#3240,.T.);
#3242=ORIENTED_EDGE('',*,*,#3241,.T.);
#3243=CARTESIAN_POINT('',(2.109222753,-1.5,7.668794957));
#3244=DIRECTION('',(1.,0.,-0.));
#3245=VECTOR('',#3244,6.);
#3246=LINE('',#3243,#3245);
#3247=EDGE_CURVE('',#3204,#3236,#3246,.T.);
#3248=ORIENTED_EDGE('',*,*,#3247,.F.);
#3249=ORIENTED_EDGE('',*,*,#3209,.F.);
#3250=EDGE_LOOP('',(#3234,#3242,#3248,#3249));
#3251=FACE_BOUND('',#3250,.T.);
#3252=ADVANCED_FACE('',(#3251),#3233,.F.);
#3253=OVER_RIDING_STYLED_ITEM('',(#2558),#3252,#26);
#3254=CARTESIAN_POINT('',(1.374500278,-6.4,5.943720379));
#3255=DIRECTION('',(0.,-0.707106781,0.707106781));
#3256=DIRECTION('',(1.,0.,0.));
#3257=AXIS2_PLACEMENT_3D('',#3254,#3255,#3256);
#3258=PLANE('',#3257);
#3259=ORIENTED_EDGE('',*,*,#2632,.T.);
#3260=CARTESIAN_POINT('',(3.049000556,-6.3,6.043720379));
#3261=VERTEX_POINT('',#3260);
#3262=CARTESIAN_POINT('',(3.249000556,-6.5,5.843720379));
#3263=DIRECTION('',(-0.577350269,0.577350269,0.577350269));
#3264=VECTOR('',#3263,3.464101615);
#3265=LINE('',#3262,#3264);
#3266=EDGE_CURVE('',#2627,#3261,#3265,.T.);
#3267=ORIENTED_EDGE('',*,*,#3266,.T.);
#3268=CARTESIAN_POINT('',(2.449000556,-6.3,6.043720379));
#3269=VERTEX_POINT('',#3268);
#3270=CARTESIAN_POINT('',(18.11950306,-6.3,6.043720379));
#3271=DIRECTION('',(-1.,0.,0.));
#3272=VECTOR('',#3271,6.);
#3273=LINE('',#3270,#3272);
#3274=EDGE_CURVE('',#3261,#3269,#3273,.T.);
#3275=ORIENTED_EDGE('',*,*,#3274,.T.);
#3276=CARTESIAN_POINT('',(2.449000556,-6.3,6.043720379));
#3277=DIRECTION('',(-0.577350269,-0.577350269,-0.577350269));
#3278=VECTOR('',#3277,0.346410162);
#3279=LINE('',#3276,#3278);
#3280=EDGE_CURVE('',#3269,#2625,#3279,.T.);
#3281=ORIENTED_EDGE('',*,*,#3280,.T.);
#3282=EDGE_LOOP('',(#3259,#3267,#3275,#3281));
#3283=FACE_BOUND('',#3282,.T.);
#3284=ADVANCED_FACE('',(#3283),#3258,.T.);
#3285=CARTESIAN_POINT('',(3.149000556,-6.4,3.17186019));
#3286=DIRECTION('',(-0.707106781,-0.707106781,0.));
#3287=DIRECTION('',(0.,0.,1.));
#3288=AXIS2_PLACEMENT_3D('',#3285,#3286,#3287);
#3289=PLANE('',#3288);
#3290=ORIENTED_EDGE('',*,*,#2654,.T.);
#3291=CARTESIAN_POINT('',(3.049000556,-6.3,6.643720379));
#3292=VERTEX_POINT('',#3291);
#3293=CARTESIAN_POINT('',(3.249000556,-6.5,6.843720379));
#3294=DIRECTION('',(-0.577350269,0.577350269,-0.577350269));
#3295=VECTOR('',#3294,3.464101615);
#3296=LINE('',#3293,#3295);
#3297=EDGE_CURVE('',#2643,#3292,#3296,.T.);
#3298=ORIENTED_EDGE('',*,*,#3297,.T.);
#3299=CARTESIAN_POINT('',(3.049000556,-6.3,37.890462086));
#3300=DIRECTION('',(0.,0.,-1.));
#3301=VECTOR('',#3300,6.);
#3302=LINE('',#3299,#3301);
#3303=EDGE_CURVE('',#3292,#3261,#3302,.T.);
#3304=ORIENTED_EDGE('',*,*,#3303,.T.);
#3305=ORIENTED_EDGE('',*,*,#3266,.F.);
#3306=EDGE_LOOP('',(#3290,#3298,#3304,#3305));
#3307=FACE_BOUND('',#3306,.T.);
#3308=ADVANCED_FACE('',(#3307),#3289,.T.);
#3309=CARTESIAN_POINT('',(2.349000556,-6.4,3.17186019));
#3310=DIRECTION('',(0.707106781,-0.707106781,0.));
#3311=DIRECTION('',(0.,0.,-1.));
#3312=AXIS2_PLACEMENT_3D('',#3309,#3310,#3311);
#3313=PLANE('',#3312);
#3314=ORIENTED_EDGE('',*,*,#2640,.T.);
#3315=ORIENTED_EDGE('',*,*,#3280,.F.);
#3316=CARTESIAN_POINT('',(2.449000556,-6.3,6.643720379));
#3317=VERTEX_POINT('',#3316);
#3318=CARTESIAN_POINT('',(2.449000556,-6.3,31.890462086));
#3319=DIRECTION('',(0.,0.,1.));
#3320=VECTOR('',#3319,6.);
#3321=LINE('',#3318,#3320);
#3322=EDGE_CURVE('',#3269,#3317,#3321,.T.);
#3323=ORIENTED_EDGE('',*,*,#3322,.T.);
#3324=CARTESIAN_POINT('',(2.249000556,-6.5,6.843720379));
#3325=DIRECTION('',(0.577350269,0.577350269,-0.577350269));
#3326=VECTOR('',#3325,3.464101615);
#3327=LINE('',#3324,#3326);
#3328=EDGE_CURVE('',#2635,#3317,#3327,.T.);
#3329=ORIENTED_EDGE('',*,*,#3328,.F.);
#3330=EDGE_LOOP('',(#3314,#3315,#3323,#3329));
#3331=FACE_BOUND('',#3330,.T.);
#3332=ADVANCED_FACE('',(#3331),#3313,.T.);
#3333=CARTESIAN_POINT('',(1.374500278,-6.4,6.743720379));
#3334=DIRECTION('',(0.,-0.707106781,-0.707106781));
#3335=DIRECTION('',(-1.,0.,0.));
#3336=AXIS2_PLACEMENT_3D('',#3333,#3334,#3335);
#3337=PLANE('',#3336);
#3338=ORIENTED_EDGE('',*,*,#2648,.T.);
#3339=ORIENTED_EDGE('',*,*,#3328,.T.);
#3340=CARTESIAN_POINT('',(12.11950306,-6.3,6.643720379));
#3341=DIRECTION('',(1.,0.,-0.));
#3342=VECTOR('',#3341,6.);
#3343=LINE('',#3340,#3342);
#3344=EDGE_CURVE('',#3317,#3292,#3343,.T.);
#3345=ORIENTED_EDGE('',*,*,#3344,.T.);
#3346=ORIENTED_EDGE('',*,*,#3297,.F.);
#3347=EDGE_LOOP('',(#3338,#3339,#3345,#3346));
#3348=FACE_BOUND('',#3347,.T.);
#3349=ADVANCED_FACE('',(#3348),#3337,.T.);
#3350=CARTESIAN_POINT('',(2.449000556,-6.5,6.343720379));
#3351=DIRECTION('',(-1.,-0.,0.));
#3352=DIRECTION('',(0.,0.,1.));
#3353=AXIS2_PLACEMENT_3D('',#3350,#3351,#3352);
#3354=PLANE('',#3353);
#3355=ORIENTED_EDGE('',*,*,#3322,.F.);
#3356=CARTESIAN_POINT('',(2.449000556,-1.5,6.043720379));
#3357=VERTEX_POINT('',#3356);
#3358=CARTESIAN_POINT('',(2.449000556,-4.5,6.043720379));
#3359=DIRECTION('',(-0.,1.,0.));
#3360=VECTOR('',#3359,48.);
#3361=LINE('',#3358,#3360);
#3362=EDGE_CURVE('',#3269,#3357,#3361,.T.);
#3363=ORIENTED_EDGE('',*,*,#3362,.T.);
#3364=CARTESIAN_POINT('',(2.449000556,-1.5,6.643720379));
#3365=VERTEX_POINT('',#3364);
#3366=CARTESIAN_POINT('',(2.449000556,-1.5,6.643720379));
#3367=DIRECTION('',(0.,0.,-1.));
#3368=VECTOR('',#3367,6.);
#3369=LINE('',#3366,#3368);
#3370=EDGE_CURVE('',#3365,#3357,#3369,.T.);
#3371=ORIENTED_EDGE('',*,*,#3370,.F.);
#3372=CARTESIAN_POINT('',(2.449000556,-4.5,6.643720379));
#3373=DIRECTION('',(-0.,1.,0.));
#3374=VECTOR('',#3373,48.);
#3375=LINE('',#3372,#3374);
#3376=EDGE_CURVE('',#3317,#3365,#3375,.T.);
#3377=ORIENTED_EDGE('',*,*,#3376,.F.);
#3378=EDGE_LOOP('',(#3355,#3363,#3371,#3377));
#3379=FACE_BOUND('',#3378,.T.);
#3380=ADVANCED_FACE('',(#3379),#3354,.F.);
#3381=OVER_RIDING_STYLED_ITEM('',(#2558),#3380,#26);
#3382=CARTESIAN_POINT('',(2.749000556,-6.5,6.043720379));
#3383=DIRECTION('',(0.,0.,-1.));
#3384=DIRECTION('',(-1.,0.,0.));
#3385=AXIS2_PLACEMENT_3D('',#3382,#3383,#3384);
#3386=PLANE('',#3385);
#3387=ORIENTED_EDGE('',*,*,#3274,.F.);
#3388=CARTESIAN_POINT('',(3.049000556,-1.5,6.043720379));
#3389=VERTEX_POINT('',#3388);
#3390=CARTESIAN_POINT('',(3.049000556,-4.5,6.043720379));
#3391=DIRECTION('',(-0.,1.,0.));
#3392=VECTOR('',#3391,48.);
#3393=LINE('',#3390,#3392);
#3394=EDGE_CURVE('',#3261,#3389,#3393,.T.);
#3395=ORIENTED_EDGE('',*,*,#3394,.T.);
#3396=CARTESIAN_POINT('',(2.449000556,-1.5,6.043720379));
#3397=DIRECTION('',(1.,0.,-0.));
#3398=VECTOR('',#3397,6.);
#3399=LINE('',#3396,#3398);
#3400=EDGE_CURVE('',#3357,#3389,#3399,.T.);
#3401=ORIENTED_EDGE('',*,*,#3400,.F.);
#3402=ORIENTED_EDGE('',*,*,#3362,.F.);
#3403=EDGE_LOOP('',(#3387,#3395,#3401,#3402));
#3404=FACE_BOUND('',#3403,.T.);
#3405=ADVANCED_FACE('',(#3404),#3386,.F.);
#3406=OVER_RIDING_STYLED_ITEM('',(#2558),#3405,#26);
#3407=CARTESIAN_POINT('',(0.361402043,-6.4,5.943720379));
#3408=DIRECTION('',(0.,-0.707106781,0.707106781));
#3409=DIRECTION('',(1.,0.,0.));
#3410=AXIS2_PLACEMENT_3D('',#3407,#3408,#3409);
#3411=PLANE('',#3410);
#3412=ORIENTED_EDGE('',*,*,#2880,.T.);
#3413=CARTESIAN_POINT('',(1.022804086,-6.3,6.043720379));
#3414=VERTEX_POINT('',#3413);
#3415=CARTESIAN_POINT('',(1.222804086,-6.5,5.843720379));
#3416=DIRECTION('',(-0.577350269,0.577350269,0.577350269));
#3417=VECTOR('',#3416,3.464101615);
#3418=LINE('',#3415,#3417);
#3419=EDGE_CURVE('',#2875,#3414,#3418,.T.);
#3420=ORIENTED_EDGE('',*,*,#3419,.T.);
#3421=CARTESIAN_POINT('',(0.422804086,-6.3,6.043720379));
#3422=VERTEX_POINT('',#3421);
#3423=CARTESIAN_POINT('',(6.975422471,-6.3,6.043720379));
#3424=DIRECTION('',(-1.,0.,0.));
#3425=VECTOR('',#3424,6.);
#3426=LINE('',#3423,#3425);
#3427=EDGE_CURVE('',#3414,#3422,#3426,.T.);
#3428=ORIENTED_EDGE('',*,*,#3427,.T.);
#3429=CARTESIAN_POINT('',(0.422804086,-6.3,6.043720379));
#3430=DIRECTION('',(-0.577350269,-0.577350269,-0.577350269));
#3431=VECTOR('',#3430,3.464101615);
#3432=LINE('',#3429,#3431);
#3433=EDGE_CURVE('',#3422,#2873,#3432,.T.);
#3434=ORIENTED_EDGE('',*,*,#3433,.T.);
#3435=EDGE_LOOP('',(#3412,#3420,#3428,#3434));
#3436=FACE_BOUND('',#3435,.T.);
#3437=ADVANCED_FACE('',(#3436),#3411,.T.);
#3438=CARTESIAN_POINT('',(1.122804086,-6.4,3.17186019));
#3439=DIRECTION('',(-0.707106781,-0.707106781,0.));
#3440=DIRECTION('',(0.,0.,1.));
#3441=AXIS2_PLACEMENT_3D('',#3438,#3439,#3440);
#3442=PLANE('',#3441);
#3443=ORIENTED_EDGE('',*,*,#2902,.T.);
#3444=CARTESIAN_POINT('',(1.022804086,-6.3,6.643720379));
#3445=VERTEX_POINT('',#3444);
#3446=CARTESIAN_POINT('',(1.222804086,-6.5,6.843720379));
#3447=DIRECTION('',(-0.577350269,0.577350269,-0.577350269));
#3448=VECTOR('',#3447,3.464101615);
#3449=LINE('',#3446,#3448);
#3450=EDGE_CURVE('',#2891,#3445,#3449,.T.);
#3451=ORIENTED_EDGE('',*,*,#3450,.T.);
#3452=CARTESIAN_POINT('',(1.022804086,-6.3,37.890462086));
#3453=DIRECTION('',(0.,0.,-1.));
#3454=VECTOR('',#3453,6.);
#3455=LINE('',#3452,#3454);
#3456=EDGE_CURVE('',#3445,#3414,#3455,.T.);
#3457=ORIENTED_EDGE('',*,*,#3456,.T.);
#3458=ORIENTED_EDGE('',*,*,#3419,.F.);
#3459=EDGE_LOOP('',(#3443,#3451,#3457,#3458));
#3460=FACE_BOUND('',#3459,.T.);
#3461=ADVANCED_FACE('',(#3460),#3442,.T.);
#3462=CARTESIAN_POINT('',(0.361402043,-6.4,6.743720379));
#3463=DIRECTION('',(0.,-0.707106781,-0.707106781));
#3464=DIRECTION('',(-1.,0.,0.));
#3465=AXIS2_PLACEMENT_3D('',#3462,#3463,#3464);
#3466=PLANE('',#3465);
#3467=ORIENTED_EDGE('',*,*,#2896,.T.);
#3468=CARTESIAN_POINT('',(0.422804086,-6.3,6.643720379));
#3469=VERTEX_POINT('',#3468);
#3470=CARTESIAN_POINT('',(0.222804086,-6.5,6.843720379));
#3471=DIRECTION('',(0.577350269,0.577350269,-0.577350269));
#3472=VECTOR('',#3471,3.464101615);
#3473=LINE('',#3470,#3472);
#3474=EDGE_CURVE('',#2883,#3469,#3473,.T.);
#3475=ORIENTED_EDGE('',*,*,#3474,.T.);
#3476=CARTESIAN_POINT('',(0.975422471,-6.3,6.643720379));
#3477=DIRECTION('',(1.,0.,-0.));
#3478=VECTOR('',#3477,6.);
#3479=LINE('',#3476,#3478);
#3480=EDGE_CURVE('',#3469,#3445,#3479,.T.);
#3481=ORIENTED_EDGE('',*,*,#3480,.T.);
#3482=ORIENTED_EDGE('',*,*,#3450,.F.);
#3483=EDGE_LOOP('',(#3467,#3475,#3481,#3482));
#3484=FACE_BOUND('',#3483,.T.);
#3485=ADVANCED_FACE('',(#3484),#3466,.T.);
#3486=CARTESIAN_POINT('',(0.322804086,-6.4,3.17186019));
#3487=DIRECTION('',(0.707106781,-0.707106781,0.));
#3488=DIRECTION('',(0.,0.,-1.));
#3489=AXIS2_PLACEMENT_3D('',#3486,#3487,#3488);
#3490=PLANE('',#3489);
#3491=ORIENTED_EDGE('',*,*,#2888,.T.);
#3492=ORIENTED_EDGE('',*,*,#3433,.F.);
#3493=CARTESIAN_POINT('',(0.422804086,-6.3,31.890462086));
#3494=DIRECTION('',(0.,0.,1.));
#3495=VECTOR('',#3494,6.);
#3496=LINE('',#3493,#3495);
#3497=EDGE_CURVE('',#3422,#3469,#3496,.T.);
#3498=ORIENTED_EDGE('',*,*,#3497,.T.);
#3499=ORIENTED_EDGE('',*,*,#3474,.F.);
#3500=EDGE_LOOP('',(#3491,#3492,#3498,#3499));
#3501=FACE_BOUND('',#3500,.T.);
#3502=ADVANCED_FACE('',(#3501),#3490,.T.);
#3503=CARTESIAN_POINT('',(0.422804086,-6.5,6.343720379));
#3504=DIRECTION('',(-1.,-0.,0.));
#3505=DIRECTION('',(0.,0.,1.));
#3506=AXIS2_PLACEMENT_3D('',#3503,#3504,#3505);
#3507=PLANE('',#3506);
#3508=ORIENTED_EDGE('',*,*,#3497,.F.);
#3509=CARTESIAN_POINT('',(0.422804086,-1.5,6.043720379));
#3510=VERTEX_POINT('',#3509);
#3511=CARTESIAN_POINT('',(0.422804086,-4.5,6.043720379));
#3512=DIRECTION('',(-0.,1.,0.));
#3513=VECTOR('',#3512,48.);
#3514=LINE('',#3511,#3513);
#3515=EDGE_CURVE('',#3422,#3510,#3514,.T.);
#3516=ORIENTED_EDGE('',*,*,#3515,.T.);
#3517=CARTESIAN_POINT('',(0.422804086,-1.5,6.643720379));
#3518=VERTEX_POINT('',#3517);
#3519=CARTESIAN_POINT('',(0.422804086,-1.5,6.643720379));
#3520=DIRECTION('',(0.,0.,-1.));
#3521=VECTOR('',#3520,6.);
#3522=LINE('',#3519,#3521);
#3523=EDGE_CURVE('',#3518,#3510,#3522,.T.);
#3524=ORIENTED_EDGE('',*,*,#3523,.F.);
#3525=CARTESIAN_POINT('',(0.422804086,-4.5,6.643720379));
#3526=DIRECTION('',(-0.,1.,0.));
#3527=VECTOR('',#3526,48.);
#3528=LINE('',#3525,#3527);
#3529=EDGE_CURVE('',#3469,#3518,#3528,.T.);
#3530=ORIENTED_EDGE('',*,*,#3529,.F.);
#3531=EDGE_LOOP('',(#3508,#3516,#3524,#3530));
#3532=FACE_BOUND('',#3531,.T.);
#3533=ADVANCED_FACE('',(#3532),#3507,.F.);
#3534=OVER_RIDING_STYLED_ITEM('',(#2558),#3533,#26);
#3535=CARTESIAN_POINT('',(0.722804086,-6.5,6.043720379));
#3536=DIRECTION('',(0.,0.,-1.));
#3537=DIRECTION('',(-1.,0.,0.));
#3538=AXIS2_PLACEMENT_3D('',#3535,#3536,#3537);
#3539=PLANE('',#3538);
#3540=ORIENTED_EDGE('',*,*,#3427,.F.);
#3541=CARTESIAN_POINT('',(1.022804086,-1.5,6.043720379));
#3542=VERTEX_POINT('',#3541);
#3543=CARTESIAN_POINT('',(1.022804086,-4.5,6.043720379));
#3544=DIRECTION('',(-0.,1.,0.));
#3545=VECTOR('',#3544,48.);
#3546=LINE('',#3543,#3545);
#3547=EDGE_CURVE('',#3414,#3542,#3546,.T.);
#3548=ORIENTED_EDGE('',*,*,#3547,.T.);
#3549=CARTESIAN_POINT('',(0.422804086,-1.5,6.043720379));
#3550=DIRECTION('',(1.,0.,-0.));
#3551=VECTOR('',#3550,6.);
#3552=LINE('',#3549,#3551);
#3553=EDGE_CURVE('',#3510,#3542,#3552,.T.);
#3554=ORIENTED_EDGE('',*,*,#3553,.F.);
#3555=ORIENTED_EDGE('',*,*,#3515,.F.);
#3556=EDGE_LOOP('',(#3540,#3548,#3554,#3555));
#3557=FACE_BOUND('',#3556,.T.);
#3558=ADVANCED_FACE('',(#3557),#3539,.F.);
#3559=OVER_RIDING_STYLED_ITEM('',(#2558),#3558,#26);
#3560=CARTESIAN_POINT('',(-0.843031909,-6.4,5.943720379));
#3561=DIRECTION('',(0.,-0.707106781,0.707106781));
#3562=DIRECTION('',(1.,0.,0.));
#3563=AXIS2_PLACEMENT_3D('',#3560,#3561,#3562);
#3564=PLANE('',#3563);
#3565=ORIENTED_EDGE('',*,*,#2666,.T.);
#3566=CARTESIAN_POINT('',(-1.386063818,-6.3,6.043720379));
#3567=VERTEX_POINT('',#3566);
#3568=CARTESIAN_POINT('',(-1.186063818,-6.5,5.843720379));
#3569=DIRECTION('',(-0.577350269,0.577350269,0.577350269));
#3570=VECTOR('',#3569,3.464101615);
#3571=LINE('',#3568,#3570);
#3572=EDGE_CURVE('',#2661,#3567,#3571,.T.);
#3573=ORIENTED_EDGE('',*,*,#3572,.T.);
#3574=CARTESIAN_POINT('',(-1.986063818,-6.3,6.043720379));
#3575=VERTEX_POINT('',#3574);
#3576=CARTESIAN_POINT('',(-6.273350999,-6.3,6.043720379));
#3577=DIRECTION('',(-1.,0.,0.));
#3578=VECTOR('',#3577,6.);
#3579=LINE('',#3576,#3578);
#3580=EDGE_CURVE('',#3567,#3575,#3579,.T.);
#3581=ORIENTED_EDGE('',*,*,#3580,.T.);
#3582=CARTESIAN_POINT('',(-1.986063818,-6.3,6.043720379));
#3583=DIRECTION('',(-0.577350269,-0.577350269,-0.577350269));
#3584=VECTOR('',#3583,3.464101615);
#3585=LINE('',#3582,#3584);
#3586=EDGE_CURVE('',#3575,#2659,#3585,.T.);
#3587=ORIENTED_EDGE('',*,*,#3586,.T.);
#3588=EDGE_LOOP('',(#3565,#3573,#3581,#3587));
#3589=FACE_BOUND('',#3588,.T.);
#3590=ADVANCED_FACE('',(#3589),#3564,.T.);
#3591=CARTESIAN_POINT('',(-1.286063818,-6.4,3.17186019));
#3592=DIRECTION('',(-0.707106781,-0.707106781,0.));
#3593=DIRECTION('',(0.,0.,1.));
#3594=AXIS2_PLACEMENT_3D('',#3591,#3592,#3593);
#3595=PLANE('',#3594);
#3596=ORIENTED_EDGE('',*,*,#2688,.T.);
#3597=CARTESIAN_POINT('',(-1.386063818,-6.3,6.643720379));
#3598=VERTEX_POINT('',#3597);
#3599=CARTESIAN_POINT('',(-1.186063818,-6.5,6.843720379));
#3600=DIRECTION('',(-0.577350269,0.577350269,-0.577350269));
#3601=VECTOR('',#3600,3.464101615);
#3602=LINE('',#3599,#3601);
#3603=EDGE_CURVE('',#2677,#3598,#3602,.T.);
#3604=ORIENTED_EDGE('',*,*,#3603,.T.);
#3605=CARTESIAN_POINT('',(-1.386063818,-6.3,37.890462086));
#3606=DIRECTION('',(0.,0.,-1.));
#3607=VECTOR('',#3606,6.);
#3608=LINE('',#3605,#3607);
#3609=EDGE_CURVE('',#3598,#3567,#3608,.T.);
#3610=ORIENTED_EDGE('',*,*,#3609,.T.);
#3611=ORIENTED_EDGE('',*,*,#3572,.F.);
#3612=EDGE_LOOP('',(#3596,#3604,#3610,#3611));
#3613=FACE_BOUND('',#3612,.T.);
#3614=ADVANCED_FACE('',(#3613),#3595,.T.);
#3615=CARTESIAN_POINT('',(-0.843031909,-6.4,6.743720379));
#3616=DIRECTION('',(0.,-0.707106781,-0.707106781));
#3617=DIRECTION('',(-1.,0.,0.));
#3618=AXIS2_PLACEMENT_3D('',#3615,#3616,#3617);
#3619=PLANE('',#3618);
#3620=ORIENTED_EDGE('',*,*,#2682,.T.);
#3621=CARTESIAN_POINT('',(-1.986063818,-6.3,6.643720379));
#3622=VERTEX_POINT('',#3621);
#3623=CARTESIAN_POINT('',(-2.186063818,-6.5,6.843720379));
#3624=DIRECTION('',(0.577350269,0.577350269,-0.577350269));
#3625=VECTOR('',#3624,3.464101615);
#3626=LINE('',#3623,#3625);
#3627=EDGE_CURVE('',#2669,#3622,#3626,.T.);
#3628=ORIENTED_EDGE('',*,*,#3627,.T.);
#3629=CARTESIAN_POINT('',(-12.273350999,-6.3,6.643720379));
#3630=DIRECTION('',(1.,0.,-0.));
#3631=VECTOR('',#3630,6.);
#3632=LINE('',#3629,#3631);
#3633=EDGE_CURVE('',#3622,#3598,#3632,.T.);
#3634=ORIENTED_EDGE('',*,*,#3633,.T.);
#3635=ORIENTED_EDGE('',*,*,#3603,.F.);
#3636=EDGE_LOOP('',(#3620,#3628,#3634,#3635));
#3637=FACE_BOUND('',#3636,.T.);
#3638=ADVANCED_FACE('',(#3637),#3619,.T.);
#3639=CARTESIAN_POINT('',(-2.086063818,-6.4,3.17186019));
#3640=DIRECTION('',(0.707106781,-0.707106781,0.));
#3641=DIRECTION('',(0.,0.,-1.));
#3642=AXIS2_PLACEMENT_3D('',#3639,#3640,#3641);
#3643=PLANE('',#3642);
#3644=ORIENTED_EDGE('',*,*,#2674,.T.);
#3645=ORIENTED_EDGE('',*,*,#3586,.F.);
#3646=CARTESIAN_POINT('',(-1.986063818,-6.3,31.890462086));
#3647=DIRECTION('',(0.,0.,1.));
#3648=VECTOR('',#3647,6.);
#3649=LINE('',#3646,#3648);
#3650=EDGE_CURVE('',#3575,#3622,#3649,.T.);
#3651=ORIENTED_EDGE('',*,*,#3650,.T.);
#3652=ORIENTED_EDGE('',*,*,#3627,.F.);
#3653=EDGE_LOOP('',(#3644,#3645,#3651,#3652));
#3654=FACE_BOUND('',#3653,.T.);
#3655=ADVANCED_FACE('',(#3654),#3643,.T.);
#3656=CARTESIAN_POINT('',(-1.986063818,-6.5,6.343720379));
#3657=DIRECTION('',(-1.,-0.,0.));
#3658=DIRECTION('',(0.,0.,1.));
#3659=AXIS2_PLACEMENT_3D('',#3656,#3657,#3658);
#3660=PLANE('',#3659);
#3661=ORIENTED_EDGE('',*,*,#3650,.F.);
#3662=CARTESIAN_POINT('',(-1.986063818,-1.5,6.043720379));
#3663=VERTEX_POINT('',#3662);
#3664=CARTESIAN_POINT('',(-1.986063818,-4.5,6.043720379));
#3665=DIRECTION('',(-0.,1.,0.));
#3666=VECTOR('',#3665,48.);
#3667=LINE('',#3664,#3666);
#3668=EDGE_CURVE('',#3575,#3663,#3667,.T.);
#3669=ORIENTED_EDGE('',*,*,#3668,.T.);
#3670=CARTESIAN_POINT('',(-1.986063818,-1.5,6.643720379));
#3671=VERTEX_POINT('',#3670);
#3672=CARTESIAN_POINT('',(-1.986063818,-1.5,6.643720379));
#3673=DIRECTION('',(0.,0.,-1.));
#3674=VECTOR('',#3673,6.);
#3675=LINE('',#3672,#3674);
#3676=EDGE_CURVE('',#3671,#3663,#3675,.T.);
#3677=ORIENTED_EDGE('',*,*,#3676,.F.);
#3678=CARTESIAN_POINT('',(-1.986063818,-4.5,6.643720379));
#3679=DIRECTION('',(-0.,1.,0.));
#3680=VECTOR('',#3679,48.);
#3681=LINE('',#3678,#3680);
#3682=EDGE_CURVE('',#3622,#3671,#3681,.T.);
#3683=ORIENTED_EDGE('',*,*,#3682,.F.);
#3684=EDGE_LOOP('',(#3661,#3669,#3677,#3683));
#3685=FACE_BOUND('',#3684,.T.);
#3686=ADVANCED_FACE('',(#3685),#3660,.F.);
#3687=OVER_RIDING_STYLED_ITEM('',(#2558),#3686,#26);
#3688=CARTESIAN_POINT('',(-1.686063818,-6.5,6.043720379));
#3689=DIRECTION('',(0.,0.,-1.));
#3690=DIRECTION('',(-1.,0.,0.));
#3691=AXIS2_PLACEMENT_3D('',#3688,#3689,#3690);
#3692=PLANE('',#3691);
#3693=ORIENTED_EDGE('',*,*,#3580,.F.);
#3694=CARTESIAN_POINT('',(-1.386063818,-1.5,6.043720379));
#3695=VERTEX_POINT('',#3694);
#3696=CARTESIAN_POINT('',(-1.386063818,-4.5,6.043720379));
#3697=DIRECTION('',(-0.,1.,0.));
#3698=VECTOR('',#3697,48.);
#3699=LINE('',#3696,#3698);
#3700=EDGE_CURVE('',#3567,#3695,#3699,.T.);
#3701=ORIENTED_EDGE('',*,*,#3700,.T.);
#3702=CARTESIAN_POINT('',(-1.986063818,-1.5,6.043720379));
#3703=DIRECTION('',(1.,0.,-0.));
#3704=VECTOR('',#3703,6.);
#3705=LINE('',#3702,#3704);
#3706=EDGE_CURVE('',#3663,#3695,#3705,.T.);
#3707=ORIENTED_EDGE('',*,*,#3706,.F.);
#3708=ORIENTED_EDGE('',*,*,#3668,.F.);
#3709=EDGE_LOOP('',(#3693,#3701,#3707,#3708));
#3710=FACE_BOUND('',#3709,.T.);
#3711=ADVANCED_FACE('',(#3710),#3692,.F.);
#3712=OVER_RIDING_STYLED_ITEM('',(#2558),#3711,#26);
#3713=CARTESIAN_POINT('',(-1.37974658,-6.4,5.943720379));
#3714=DIRECTION('',(0.,-0.707106781,0.707106781));
#3715=DIRECTION('',(1.,0.,0.));
#3716=AXIS2_PLACEMENT_3D('',#3713,#3714,#3715);
#3717=PLANE('',#3716);
#3718=ORIENTED_EDGE('',*,*,#2846,.T.);
#3719=CARTESIAN_POINT('',(-2.45949316,-6.3,6.043720379));
#3720=VERTEX_POINT('',#3719);
#3721=CARTESIAN_POINT('',(-2.25949316,-6.5,5.843720379));
#3722=DIRECTION('',(-0.577350269,0.577350269,0.577350269));
#3723=VECTOR('',#3722,0.346410162);
#3724=LINE('',#3721,#3723);
#3725=EDGE_CURVE('',#2841,#3720,#3724,.T.);
#3726=ORIENTED_EDGE('',*,*,#3725,.T.);
#3727=CARTESIAN_POINT('',(-3.05949316,-6.3,6.043720379));
#3728=VERTEX_POINT('',#3727);
#3729=CARTESIAN_POINT('',(-12.177212379,-6.3,6.043720379));
#3730=DIRECTION('',(-1.,0.,0.));
#3731=VECTOR('',#3730,6.);
#3732=LINE('',#3729,#3731);
#3733=EDGE_CURVE('',#3720,#3728,#3732,.T.);
#3734=ORIENTED_EDGE('',*,*,#3733,.T.);
#3735=CARTESIAN_POINT('',(-3.05949316,-6.3,6.043720379));
#3736=DIRECTION('',(-0.577350269,-0.577350269,-0.577350269));
#3737=VECTOR('',#3736,3.464101615);
#3738=LINE('',#3735,#3737);
#3739=EDGE_CURVE('',#3728,#2839,#3738,.T.);
#3740=ORIENTED_EDGE('',*,*,#3739,.T.);
#3741=EDGE_LOOP('',(#3718,#3726,#3734,#3740));
#3742=FACE_BOUND('',#3741,.T.);
#3743=ADVANCED_FACE('',(#3742),#3717,.T.);
#3744=CARTESIAN_POINT('',(-2.35949316,-6.4,3.17186019));
#3745=DIRECTION('',(-0.707106781,-0.707106781,0.));
#3746=DIRECTION('',(0.,0.,1.));
#3747=AXIS2_PLACEMENT_3D('',#3744,#3745,#3746);
#3748=PLANE('',#3747);
#3749=ORIENTED_EDGE('',*,*,#2868,.T.);
#3750=CARTESIAN_POINT('',(-2.45949316,-6.3,6.643720379));
#3751=VERTEX_POINT('',#3750);
#3752=CARTESIAN_POINT('',(-2.25949316,-6.5,6.843720379));
#3753=DIRECTION('',(-0.577350269,0.577350269,-0.577350269));
#3754=VECTOR('',#3753,3.464101615);
#3755=LINE('',#3752,#3754);
#3756=EDGE_CURVE('',#2857,#3751,#3755,.T.);
#3757=ORIENTED_EDGE('',*,*,#3756,.T.);
#3758=CARTESIAN_POINT('',(-2.45949316,-6.3,37.890462086));
#3759=DIRECTION('',(0.,0.,-1.));
#3760=VECTOR('',#3759,6.);
#3761=LINE('',#3758,#3760);
#3762=EDGE_CURVE('',#3751,#3720,#3761,.T.);
#3763=ORIENTED_EDGE('',*,*,#3762,.T.);
#3764=ORIENTED_EDGE('',*,*,#3725,.F.);
#3765=EDGE_LOOP('',(#3749,#3757,#3763,#3764));
#3766=FACE_BOUND('',#3765,.T.);
#3767=ADVANCED_FACE('',(#3766),#3748,.T.);
#3768=CARTESIAN_POINT('',(-1.37974658,-6.4,6.743720379));
#3769=DIRECTION('',(0.,-0.707106781,-0.707106781));
#3770=DIRECTION('',(-1.,0.,0.));
#3771=AXIS2_PLACEMENT_3D('',#3768,#3769,#3770);
#3772=PLANE('',#3771);
#3773=ORIENTED_EDGE('',*,*,#2862,.T.);
#3774=CARTESIAN_POINT('',(-3.05949316,-6.3,6.643720379));
#3775=VERTEX_POINT('',#3774);
#3776=CARTESIAN_POINT('',(-3.25949316,-6.5,6.843720379));
#3777=DIRECTION('',(0.577350269,0.577350269,-0.577350269));
#3778=VECTOR('',#3777,3.464101615);
#3779=LINE('',#3776,#3778);
#3780=EDGE_CURVE('',#2849,#3775,#3779,.T.);
#3781=ORIENTED_EDGE('',*,*,#3780,.T.);
#3782=CARTESIAN_POINT('',(-18.177212379,-6.3,6.643720379));
#3783=DIRECTION('',(1.,0.,-0.));
#3784=VECTOR('',#3783,6.);
#3785=LINE('',#3782,#3784);
#3786=EDGE_CURVE('',#3775,#3751,#3785,.T.);
#3787=ORIENTED_EDGE('',*,*,#3786,.T.);
#3788=ORIENTED_EDGE('',*,*,#3756,.F.);
#3789=EDGE_LOOP('',(#3773,#3781,#3787,#3788));
#3790=FACE_BOUND('',#3789,.T.);
#3791=ADVANCED_FACE('',(#3790),#3772,.T.);
#3792=CARTESIAN_POINT('',(-3.15949316,-6.4,3.17186019));
#3793=DIRECTION('',(0.707106781,-0.707106781,0.));
#3794=DIRECTION('',(0.,0.,-1.));
#3795=AXIS2_PLACEMENT_3D('',#3792,#3793,#3794);
#3796=PLANE('',#3795);
#3797=ORIENTED_EDGE('',*,*,#2854,.T.);
#3798=ORIENTED_EDGE('',*,*,#3739,.F.);
#3799=CARTESIAN_POINT('',(-3.05949316,-6.3,31.890462086));
#3800=DIRECTION('',(0.,0.,1.));
#3801=VECTOR('',#3800,6.);
#3802=LINE('',#3799,#3801);
#3803=EDGE_CURVE('',#3728,#3775,#3802,.T.);
#3804=ORIENTED_EDGE('',*,*,#3803,.T.);
#3805=ORIENTED_EDGE('',*,*,#3780,.F.);
#3806=EDGE_LOOP('',(#3797,#3798,#3804,#3805));
#3807=FACE_BOUND('',#3806,.T.);
#3808=ADVANCED_FACE('',(#3807),#3796,.T.);
#3809=CARTESIAN_POINT('',(-3.05949316,-6.5,6.343720379));
#3810=DIRECTION('',(-1.,-0.,0.));
#3811=DIRECTION('',(0.,0.,1.));
#3812=AXIS2_PLACEMENT_3D('',#3809,#3810,#3811);
#3813=PLANE('',#3812);
#3814=ORIENTED_EDGE('',*,*,#3803,.F.);
#3815=CARTESIAN_POINT('',(-3.05949316,-1.5,6.043720379));
#3816=VERTEX_POINT('',#3815);
#3817=CARTESIAN_POINT('',(-3.05949316,-4.5,6.043720379));
#3818=DIRECTION('',(-0.,1.,0.));
#3819=VECTOR('',#3818,48.);
#3820=LINE('',#3817,#3819);
#3821=EDGE_CURVE('',#3728,#3816,#3820,.T.);
#3822=ORIENTED_EDGE('',*,*,#3821,.T.);
#3823=CARTESIAN_POINT('',(-3.05949316,-1.5,6.643720379));
#3824=VERTEX_POINT('',#3823);
#3825=CARTESIAN_POINT('',(-3.05949316,-1.5,6.643720379));
#3826=DIRECTION('',(0.,0.,-1.));
#3827=VECTOR('',#3826,6.);
#3828=LINE('',#3825,#3827);
#3829=EDGE_CURVE('',#3824,#3816,#3828,.T.);
#3830=ORIENTED_EDGE('',*,*,#3829,.F.);
#3831=CARTESIAN_POINT('',(-3.05949316,-4.5,6.643720379));
#3832=DIRECTION('',(-0.,1.,0.));
#3833=VECTOR('',#3832,48.);
#3834=LINE('',#3831,#3833);
#3835=EDGE_CURVE('',#3775,#3824,#3834,.T.);
#3836=ORIENTED_EDGE('',*,*,#3835,.F.);
#3837=EDGE_LOOP('',(#3814,#3822,#3830,#3836));
#3838=FACE_BOUND('',#3837,.T.);
#3839=ADVANCED_FACE('',(#3838),#3813,.F.);
#3840=OVER_RIDING_STYLED_ITEM('',(#2558),#3839,#26);
#3841=CARTESIAN_POINT('',(-2.75949316,-6.5,6.043720379));
#3842=DIRECTION('',(0.,0.,-1.));
#3843=DIRECTION('',(-1.,0.,0.));
#3844=AXIS2_PLACEMENT_3D('',#3841,#3842,#3843);
#3845=PLANE('',#3844);
#3846=ORIENTED_EDGE('',*,*,#3733,.F.);
#3847=CARTESIAN_POINT('',(-2.45949316,-1.5,6.043720379));
#3848=VERTEX_POINT('',#3847);
#3849=CARTESIAN_POINT('',(-2.45949316,-4.5,6.043720379));
#3850=DIRECTION('',(-0.,1.,0.));
#3851=VECTOR('',#3850,48.);
#3852=LINE('',#3849,#3851);
#3853=EDGE_CURVE('',#3720,#3848,#3852,.T.);
#3854=ORIENTED_EDGE('',*,*,#3853,.T.);
#3855=CARTESIAN_POINT('',(-3.05949316,-1.5,6.043720379));
#3856=DIRECTION('',(1.,0.,-0.));
#3857=VECTOR('',#3856,6.);
#3858=LINE('',#3855,#3857);
#3859=EDGE_CURVE('',#3816,#3848,#3858,.T.);
#3860=ORIENTED_EDGE('',*,*,#3859,.F.);
#3861=ORIENTED_EDGE('',*,*,#3821,.F.);
#3862=EDGE_LOOP('',(#3846,#3854,#3860,#3861));
#3863=FACE_BOUND('',#3862,.T.);
#3864=ADVANCED_FACE('',(#3863),#3845,.F.);
#3865=OVER_RIDING_STYLED_ITEM('',(#2558),#3864,#26);
#3866=CARTESIAN_POINT('',(-0.423671493,-6.4,4.705550209));
#3867=DIRECTION('',(0.,-0.707106781,-0.707106781));
#3868=DIRECTION('',(-1.,0.,0.));
#3869=AXIS2_PLACEMENT_3D('',#3866,#3867,#3868);
#3870=PLANE('',#3869);
#3871=ORIENTED_EDGE('',*,*,#2716,.T.);
#3872=CARTESIAN_POINT('',(-1.147342986,-6.3,4.605550209));
#3873=VERTEX_POINT('',#3872);
#3874=CARTESIAN_POINT('',(-1.347342986,-6.5,4.805550209));
#3875=DIRECTION('',(0.577350269,0.577350269,-0.577350269));
#3876=VECTOR('',#3875,3.464101615);
#3877=LINE('',#3874,#3876);
#3878=EDGE_CURVE('',#2703,#3873,#3877,.T.);
#3879=ORIENTED_EDGE('',*,*,#3878,.T.);
#3880=CARTESIAN_POINT('',(-0.547342986,-6.3,4.605550209));
#3881=VERTEX_POINT('',#3880);
#3882=CARTESIAN_POINT('',(-7.660386421,-6.3,4.605550209));
#3883=DIRECTION('',(1.,0.,-0.));
#3884=VECTOR('',#3883,6.);
#3885=LINE('',#3882,#3884);
#3886=EDGE_CURVE('',#3873,#3881,#3885,.T.);
#3887=ORIENTED_EDGE('',*,*,#3886,.T.);
#3888=CARTESIAN_POINT('',(-0.347342986,-6.5,4.805550209));
#3889=DIRECTION('',(-0.577350269,0.577350269,-0.577350269));
#3890=VECTOR('',#3889,3.464101615);
#3891=LINE('',#3888,#3890);
#3892=EDGE_CURVE('',#2711,#3881,#3891,.T.);
#3893=ORIENTED_EDGE('',*,*,#3892,.F.);
#3894=EDGE_LOOP('',(#3871,#3879,#3887,#3893));
#3895=FACE_BOUND('',#3894,.T.);
#3896=ADVANCED_FACE('',(#3895),#3870,.T.);
#3897=CARTESIAN_POINT('',(-0.423671493,-6.4,3.905550209));
#3898=DIRECTION('',(0.,-0.707106781,0.707106781));
#3899=DIRECTION('',(1.,0.,0.));
#3900=AXIS2_PLACEMENT_3D('',#3897,#3898,#3899);
#3901=PLANE('',#3900);
#3902=ORIENTED_EDGE('',*,*,#2700,.T.);
#3903=CARTESIAN_POINT('',(-0.547342986,-6.3,4.005550209));
#3904=VERTEX_POINT('',#3903);
#3905=CARTESIAN_POINT('',(-0.347342986,-6.5,3.805550209));
#3906=DIRECTION('',(-0.577350269,0.577350269,0.577350269));
#3907=VECTOR('',#3906,3.464101615);
#3908=LINE('',#3905,#3907);
#3909=EDGE_CURVE('',#2695,#3904,#3908,.T.);
#3910=ORIENTED_EDGE('',*,*,#3909,.T.);
#3911=CARTESIAN_POINT('',(-1.147342986,-6.3,4.005550209));
#3912=VERTEX_POINT('',#3911);
#3913=CARTESIAN_POINT('',(-1.660386421,-6.3,4.005550209));
#3914=DIRECTION('',(-1.,0.,0.));
#3915=VECTOR('',#3914,6.);
#3916=LINE('',#3913,#3915);
#3917=EDGE_CURVE('',#3904,#3912,#3916,.T.);
#3918=ORIENTED_EDGE('',*,*,#3917,.T.);
#3919=CARTESIAN_POINT('',(-1.147342986,-6.3,4.005550209));
#3920=DIRECTION('',(-0.577350269,-0.577350269,-0.577350269));
#3921=VECTOR('',#3920,3.464101615);
#3922=LINE('',#3919,#3921);
#3923=EDGE_CURVE('',#3912,#2693,#3922,.T.);
#3924=ORIENTED_EDGE('',*,*,#3923,.T.);
#3925=EDGE_LOOP('',(#3902,#3910,#3918,#3924));
#3926=FACE_BOUND('',#3925,.T.);
#3927=ADVANCED_FACE('',(#3926),#3901,.T.);
#3928=CARTESIAN_POINT('',(-1.247342986,-6.4,2.152775105));
#3929=DIRECTION('',(0.707106781,-0.707106781,0.));
#3930=DIRECTION('',(0.,0.,-1.));
#3931=AXIS2_PLACEMENT_3D('',#3928,#3929,#3930);
#3932=PLANE('',#3931);
#3933=ORIENTED_EDGE('',*,*,#2708,.T.);
#3934=ORIENTED_EDGE('',*,*,#3923,.F.);
#3935=CARTESIAN_POINT('',(-1.147342986,-6.3,20.680526152));
#3936=DIRECTION('',(0.,0.,1.));
#3937=VECTOR('',#3936,6.);
#3938=LINE('',#3935,#3937);
#3939=EDGE_CURVE('',#3912,#3873,#3938,.T.);
#3940=ORIENTED_EDGE('',*,*,#3939,.T.);
#3941=ORIENTED_EDGE('',*,*,#3878,.F.);
#3942=EDGE_LOOP('',(#3933,#3934,#3940,#3941));
#3943=FACE_BOUND('',#3942,.T.);
#3944=ADVANCED_FACE('',(#3943),#3932,.T.);
#3945=CARTESIAN_POINT('',(-0.447342986,-6.4,2.152775105));
#3946=DIRECTION('',(-0.707106781,-0.707106781,0.));
#3947=DIRECTION('',(0.,0.,1.));
#3948=AXIS2_PLACEMENT_3D('',#3945,#3946,#3947);
#3949=PLANE('',#3948);
#3950=ORIENTED_EDGE('',*,*,#2722,.T.);
#3951=ORIENTED_EDGE('',*,*,#3892,.T.);
#3952=CARTESIAN_POINT('',(-0.547342986,-6.3,26.680526152));
#3953=DIRECTION('',(0.,0.,-1.));
#3954=VECTOR('',#3953,6.);
#3955=LINE('',#3952,#3954);
#3956=EDGE_CURVE('',#3881,#3904,#3955,.T.);
#3957=ORIENTED_EDGE('',*,*,#3956,.T.);
#3958=ORIENTED_EDGE('',*,*,#3909,.F.);
#3959=EDGE_LOOP('',(#3950,#3951,#3957,#3958));
#3960=FACE_BOUND('',#3959,.T.);
#3961=ADVANCED_FACE('',(#3960),#3949,.T.);
#3962=CARTESIAN_POINT('',(-1.147342986,-6.5,4.305550209));
#3963=DIRECTION('',(-1.,-0.,0.));
#3964=DIRECTION('',(0.,0.,1.));
#3965=AXIS2_PLACEMENT_3D('',#3962,#3963,#3964);
#3966=PLANE('',#3965);
#3967=ORIENTED_EDGE('',*,*,#3939,.F.);
#3968=CARTESIAN_POINT('',(-1.147342986,-1.5,4.005550209));
#3969=VERTEX_POINT('',#3968);
#3970=CARTESIAN_POINT('',(-1.147342986,-4.5,4.005550209));
#3971=DIRECTION('',(-0.,1.,0.));
#3972=VECTOR('',#3971,48.);
#3973=LINE('',#3970,#3972);
#3974=EDGE_CURVE('',#3912,#3969,#3973,.T.);
#3975=ORIENTED_EDGE('',*,*,#3974,.T.);
#3976=CARTESIAN_POINT('',(-1.147342986,-1.5,4.605550209));
#3977=VERTEX_POINT('',#3976);
#3978=CARTESIAN_POINT('',(-1.147342986,-1.5,4.605550209));
#3979=DIRECTION('',(0.,0.,-1.));
#3980=VECTOR('',#3979,6.);
#3981=LINE('',#3978,#3980);
#3982=EDGE_CURVE('',#3977,#3969,#3981,.T.);
#3983=ORIENTED_EDGE('',*,*,#3982,.F.);
#3984=CARTESIAN_POINT('',(-1.147342986,-4.5,4.605550209));
#3985=DIRECTION('',(-0.,1.,0.));
#3986=VECTOR('',#3985,48.);
#3987=LINE('',#3984,#3986);
#3988=EDGE_CURVE('',#3873,#3977,#3987,.T.);
#3989=ORIENTED_EDGE('',*,*,#3988,.F.);
#3990=EDGE_LOOP('',(#3967,#3975,#3983,#3989));
#3991=FACE_BOUND('',#3990,.T.);
#3992=ADVANCED_FACE('',(#3991),#3966,.F.);
#3993=OVER_RIDING_STYLED_ITEM('',(#2558),#3992,#26);
#3994=CARTESIAN_POINT('',(-0.847342986,-6.5,4.005550209));
#3995=DIRECTION('',(0.,0.,-1.));
#3996=DIRECTION('',(-1.,0.,0.));
#3997=AXIS2_PLACEMENT_3D('',#3994,#3995,#3996);
#3998=PLANE('',#3997);
#3999=ORIENTED_EDGE('',*,*,#3917,.F.);
#4000=CARTESIAN_POINT('',(-0.547342986,-1.5,4.005550209));
#4001=VERTEX_POINT('',#4000);
#4002=CARTESIAN_POINT('',(-0.547342986,-4.5,4.005550209));
#4003=DIRECTION('',(-0.,1.,0.));
#4004=VECTOR('',#4003,48.);
#4005=LINE('',#4002,#4004);
#4006=EDGE_CURVE('',#3904,#4001,#4005,.T.);
#4007=ORIENTED_EDGE('',*,*,#4006,.T.);
#4008=CARTESIAN_POINT('',(-1.147342986,-1.5,4.005550209));
#4009=DIRECTION('',(1.,0.,-0.));
#4010=VECTOR('',#4009,6.);
#4011=LINE('',#4008,#4010);
#4012=EDGE_CURVE('',#3969,#4001,#4011,.T.);
#4013=ORIENTED_EDGE('',*,*,#4012,.F.);
#4014=ORIENTED_EDGE('',*,*,#3974,.F.);
#4015=EDGE_LOOP('',(#3999,#4007,#4013,#4014));
#4016=FACE_BOUND('',#4015,.T.);
#4017=ADVANCED_FACE('',(#4016),#3998,.F.);
#4018=OVER_RIDING_STYLED_ITEM('',(#2558),#4017,#26);
#4019=CARTESIAN_POINT('',(0.32786367,-6.4,3.905550209));
#4020=DIRECTION('',(0.,-0.707106781,0.707106781));
#4021=DIRECTION('',(1.,0.,0.));
#4022=AXIS2_PLACEMENT_3D('',#4019,#4020,#4021);
#4023=PLANE('',#4022);
#4024=ORIENTED_EDGE('',*,*,#2812,.T.);
#4025=CARTESIAN_POINT('',(0.955727339,-6.3,4.005550209));
#4026=VERTEX_POINT('',#4025);
#4027=CARTESIAN_POINT('',(1.155727339,-6.5,3.805550209));
#4028=DIRECTION('',(-0.577350269,0.577350269,0.577350269));
#4029=VECTOR('',#4028,3.464101615);
#4030=LINE('',#4027,#4029);
#4031=EDGE_CURVE('',#2807,#4026,#4030,.T.);
#4032=ORIENTED_EDGE('',*,*,#4031,.T.);
#4033=CARTESIAN_POINT('',(0.355727339,-6.3,4.005550209));
#4034=VERTEX_POINT('',#4033);
#4035=CARTESIAN_POINT('',(6.606500365,-6.3,4.005550209));
#4036=DIRECTION('',(-1.,0.,0.));
#4037=VECTOR('',#4036,6.);
#4038=LINE('',#4035,#4037);
#4039=EDGE_CURVE('',#4026,#4034,#4038,.T.);
#4040=ORIENTED_EDGE('',*,*,#4039,.T.);
#4041=CARTESIAN_POINT('',(0.355727339,-6.3,4.005550209));
#4042=DIRECTION('',(-0.577350269,-0.577350269,-0.577350269));
#4043=VECTOR('',#4042,3.464101615);
#4044=LINE('',#4041,#4043);
#4045=EDGE_CURVE('',#4034,#2805,#4044,.T.);
#4046=ORIENTED_EDGE('',*,*,#4045,.T.);
#4047=EDGE_LOOP('',(#4024,#4032,#4040,#4046));
#4048=FACE_BOUND('',#4047,.T.);
#4049=ADVANCED_FACE('',(#4048),#4023,.T.);
#4050=CARTESIAN_POINT('',(1.055727339,-6.4,2.152775105));
#4051=DIRECTION('',(-0.707106781,-0.707106781,0.));
#4052=DIRECTION('',(0.,0.,1.));
#4053=AXIS2_PLACEMENT_3D('',#4050,#4051,#4052);
#4054=PLANE('',#4053);
#4055=ORIENTED_EDGE('',*,*,#2834,.T.);
#4056=CARTESIAN_POINT('',(0.955727339,-6.3,4.605550209));
#4057=VERTEX_POINT('',#4056);
#4058=CARTESIAN_POINT('',(1.155727339,-6.5,4.805550209));
#4059=DIRECTION('',(-0.577350269,0.577350269,-0.577350269));
#4060=VECTOR('',#4059,3.464101615);
#4061=LINE('',#4058,#4060);
#4062=EDGE_CURVE('',#2823,#4057,#4061,.T.);
#4063=ORIENTED_EDGE('',*,*,#4062,.T.);
#4064=CARTESIAN_POINT('',(0.955727339,-6.3,26.680526152));
#4065=DIRECTION('',(0.,0.,-1.));
#4066=VECTOR('',#4065,6.);
#4067=LINE('',#4064,#4066);
#4068=EDGE_CURVE('',#4057,#4026,#4067,.T.);
#4069=ORIENTED_EDGE('',*,*,#4068,.T.);
#4070=ORIENTED_EDGE('',*,*,#4031,.F.);
#4071=EDGE_LOOP('',(#4055,#4063,#4069,#4070));
#4072=FACE_BOUND('',#4071,.T.);
#4073=ADVANCED_FACE('',(#4072),#4054,.T.);
#4074=CARTESIAN_POINT('',(0.255727339,-6.4,2.152775105));
#4075=DIRECTION('',(0.707106781,-0.707106781,0.));
#4076=DIRECTION('',(0.,0.,-1.));
#4077=AXIS2_PLACEMENT_3D('',#4074,#4075,#4076);
#4078=PLANE('',#4077);
#4079=ORIENTED_EDGE('',*,*,#2820,.T.);
#4080=ORIENTED_EDGE('',*,*,#4045,.F.);
#4081=CARTESIAN_POINT('',(0.355727339,-6.3,4.605550209));
#4082=VERTEX_POINT('',#4081);
#4083=CARTESIAN_POINT('',(0.355727339,-6.3,20.680526152));
#4084=DIRECTION('',(0.,0.,1.));
#4085=VECTOR('',#4084,6.);
#4086=LINE('',#4083,#4085);
#4087=EDGE_CURVE('',#4034,#4082,#4086,.T.);
#4088=ORIENTED_EDGE('',*,*,#4087,.T.);
#4089=CARTESIAN_POINT('',(0.155727339,-6.5,4.805550209));
#4090=DIRECTION('',(0.577350269,0.577350269,-0.577350269));
#4091=VECTOR('',#4090,3.464101615);
#4092=LINE('',#4089,#4091);
#4093=EDGE_CURVE('',#2815,#4082,#4092,.T.);
#4094=ORIENTED_EDGE('',*,*,#4093,.F.);
#4095=EDGE_LOOP('',(#4079,#4080,#4088,#4094));
#4096=FACE_BOUND('',#4095,.T.);
#4097=ADVANCED_FACE('',(#4096),#4078,.T.);
#4098=CARTESIAN_POINT('',(0.32786367,-6.4,4.705550209));
#4099=DIRECTION('',(0.,-0.707106781,-0.707106781));
#4100=DIRECTION('',(-1.,0.,0.));
#4101=AXIS2_PLACEMENT_3D('',#4098,#4099,#4100);
#4102=PLANE('',#4101);
#4103=ORIENTED_EDGE('',*,*,#2828,.T.);
#4104=ORIENTED_EDGE('',*,*,#4093,.T.);
#4105=CARTESIAN_POINT('',(0.606500365,-6.3,4.605550209));
#4106=DIRECTION('',(1.,0.,-0.));
#4107=VECTOR('',#4106,6.);
#4108=LINE('',#4105,#4107);
#4109=EDGE_CURVE('',#4082,#4057,#4108,.T.);
#4110=ORIENTED_EDGE('',*,*,#4109,.T.);
#4111=ORIENTED_EDGE('',*,*,#4062,.F.);
#4112=EDGE_LOOP('',(#4103,#4104,#4110,#4111));
#4113=FACE_BOUND('',#4112,.T.);
#4114=ADVANCED_FACE('',(#4113),#4102,.T.);
#4115=CARTESIAN_POINT('',(0.355727339,-6.5,4.305550209));
#4116=DIRECTION('',(-1.,-0.,0.));
#4117=DIRECTION('',(0.,0.,1.));
#4118=AXIS2_PLACEMENT_3D('',#4115,#4116,#4117);
#4119=PLANE('',#4118);
#4120=ORIENTED_EDGE('',*,*,#4087,.F.);
#4121=CARTESIAN_POINT('',(0.355727339,-1.5,4.005550209));
#4122=VERTEX_POINT('',#4121);
#4123=CARTESIAN_POINT('',(0.355727339,-4.5,4.005550209));
#4124=DIRECTION('',(-0.,1.,0.));
#4125=VECTOR('',#4124,48.);
#4126=LINE('',#4123,#4125);
#4127=EDGE_CURVE('',#4034,#4122,#4126,.T.);
#4128=ORIENTED_EDGE('',*,*,#4127,.T.);
#4129=CARTESIAN_POINT('',(0.355727339,-1.5,4.605550209));
#4130=VERTEX_POINT('',#4129);
#4131=CARTESIAN_POINT('',(0.355727339,-1.5,4.605550209));
#4132=DIRECTION('',(0.,0.,-1.));
#4133=VECTOR('',#4132,6.);
#4134=LINE('',#4131,#4133);
#4135=EDGE_CURVE('',#4130,#4122,#4134,.T.);
#4136=ORIENTED_EDGE('',*,*,#4135,.F.);
#4137=CARTESIAN_POINT('',(0.355727339,-4.5,4.605550209));
#4138=DIRECTION('',(-0.,1.,0.));
#4139=VECTOR('',#4138,48.);
#4140=LINE('',#4137,#4139);
#4141=EDGE_CURVE('',#4082,#4130,#4140,.T.);
#4142=ORIENTED_EDGE('',*,*,#4141,.F.);
#4143=EDGE_LOOP('',(#4120,#4128,#4136,#4142));
#4144=FACE_BOUND('',#4143,.T.);
#4145=ADVANCED_FACE('',(#4144),#4119,.F.);
#4146=OVER_RIDING_STYLED_ITEM('',(#2558),#4145,#26);
#4147=CARTESIAN_POINT('',(0.655727339,-6.5,4.005550209));
#4148=DIRECTION('',(0.,0.,-1.));
#4149=DIRECTION('',(-1.,0.,0.));
#4150=AXIS2_PLACEMENT_3D('',#4147,#4148,#4149);
#4151=PLANE('',#4150);
#4152=ORIENTED_EDGE('',*,*,#4039,.F.);
#4153=CARTESIAN_POINT('',(0.955727339,-1.5,4.005550209));
#4154=VERTEX_POINT('',#4153);
#4155=CARTESIAN_POINT('',(0.955727339,-4.5,4.005550209));
#4156=DIRECTION('',(-0.,1.,0.));
#4157=VECTOR('',#4156,48.);
#4158=LINE('',#4155,#4157);
#4159=EDGE_CURVE('',#4026,#4154,#4158,.T.);
#4160=ORIENTED_EDGE('',*,*,#4159,.T.);
#4161=CARTESIAN_POINT('',(0.355727339,-1.5,4.005550209));
#4162=DIRECTION('',(1.,0.,-0.));
#4163=VECTOR('',#4162,6.);
#4164=LINE('',#4161,#4163);
#4165=EDGE_CURVE('',#4122,#4154,#4164,.T.);
#4166=ORIENTED_EDGE('',*,*,#4165,.F.);
#4167=ORIENTED_EDGE('',*,*,#4127,.F.);
#4168=EDGE_LOOP('',(#4152,#4160,#4166,#4167));
#4169=FACE_BOUND('',#4168,.T.);
#4170=ADVANCED_FACE('',(#4169),#4151,.F.);
#4171=OVER_RIDING_STYLED_ITEM('',(#2558),#4170,#26);
#4172=CARTESIAN_POINT('',(-1.972004982,-6.5,7.968794957));
#4173=DIRECTION('',(1.,0.,0.));
#4174=DIRECTION('',(0.,0.,-1.));
#4175=AXIS2_PLACEMENT_3D('',#4172,#4173,#4174);
#4176=PLANE('',#4175);
#4177=ORIENTED_EDGE('',*,*,#2462,.F.);
#4178=CARTESIAN_POINT('',(-1.972004982,-1.5,8.268794957));
#4179=VERTEX_POINT('',#4178);
#4180=CARTESIAN_POINT('',(-1.972004982,-4.5,8.268794957));
#4181=DIRECTION('',(-0.,1.,0.));
#4182=VECTOR('',#4181,48.);
#4183=LINE('',#4180,#4182);
#4184=EDGE_CURVE('',#2451,#4179,#4183,.T.);
#4185=ORIENTED_EDGE('',*,*,#4184,.T.);
#4186=CARTESIAN_POINT('',(-1.972004982,-1.5,7.668794957));
#4187=DIRECTION('',(0.,0.,1.));
#4188=VECTOR('',#4187,6.);
#4189=LINE('',#4186,#4188);
#4190=EDGE_CURVE('',#2567,#4179,#4189,.T.);
#4191=ORIENTED_EDGE('',*,*,#4190,.F.);
#4192=ORIENTED_EDGE('',*,*,#2572,.F.);
#4193=EDGE_LOOP('',(#4177,#4185,#4191,#4192));
#4194=FACE_BOUND('',#4193,.T.);
#4195=ADVANCED_FACE('',(#4194),#4176,.F.);
#4196=OVER_RIDING_STYLED_ITEM('',(#2558),#4195,#26);
#4197=CARTESIAN_POINT('',(-2.272004982,-6.5,8.268794957));
#4198=DIRECTION('',(0.,0.,1.));
#4199=DIRECTION('',(1.,0.,0.));
#4200=AXIS2_PLACEMENT_3D('',#4197,#4198,#4199);
#4201=PLANE('',#4200);
#4202=ORIENTED_EDGE('',*,*,#2493,.F.);
#4203=ORIENTED_EDGE('',*,*,#2547,.T.);
#4204=CARTESIAN_POINT('',(-1.972004982,-1.5,8.268794957));
#4205=DIRECTION('',(-1.,0.,0.));
#4206=VECTOR('',#4205,6.);
#4207=LINE('',#4204,#4206);
#4208=EDGE_CURVE('',#4179,#2536,#4207,.T.);
#4209=ORIENTED_EDGE('',*,*,#4208,.F.);
#4210=ORIENTED_EDGE('',*,*,#4184,.F.);
#4211=EDGE_LOOP('',(#4202,#4203,#4209,#4210));
#4212=FACE_BOUND('',#4211,.T.);
#4213=ADVANCED_FACE('',(#4212),#4201,.F.);
#4214=OVER_RIDING_STYLED_ITEM('',(#2558),#4213,#26);
#4215=CARTESIAN_POINT('',(-2.272004982,-1.5,7.968794957));
#4216=DIRECTION('',(-0.,1.,0.));
#4217=DIRECTION('',(0.,-0.,1.));
#4218=AXIS2_PLACEMENT_3D('',#4215,#4216,#4217);
#4219=PLANE('',#4218);
#4220=ORIENTED_EDGE('',*,*,#2578,.T.);
#4221=ORIENTED_EDGE('',*,*,#4190,.T.);
#4222=ORIENTED_EDGE('',*,*,#4208,.T.);
#4223=ORIENTED_EDGE('',*,*,#2541,.T.);
#4224=EDGE_LOOP('',(#4220,#4221,#4222,#4223));
#4225=FACE_BOUND('',#4224,.T.);
#4226=ADVANCED_FACE('',(#4225),#4219,.F.);
#4227=OVER_RIDING_STYLED_ITEM('',(#2558),#4226,#26);
#4228=CARTESIAN_POINT('',(2.709222753,-6.5,7.968794957));
#4229=DIRECTION('',(1.,0.,0.));
#4230=DIRECTION('',(0.,0.,-1.));
#4231=AXIS2_PLACEMENT_3D('',#4228,#4229,#4230);
#4232=PLANE('',#4231);
#4233=ORIENTED_EDGE('',*,*,#3150,.F.);
#4234=CARTESIAN_POINT('',(2.709222753,-1.5,8.268794957));
#4235=VERTEX_POINT('',#4234);
#4236=CARTESIAN_POINT('',(2.709222753,-4.5,8.268794957));
#4237=DIRECTION('',(-0.,1.,0.));
#4238=VECTOR('',#4237,48.);
#4239=LINE('',#4236,#4238);
#4240=EDGE_CURVE('',#3139,#4235,#4239,.T.);
#4241=ORIENTED_EDGE('',*,*,#4240,.T.);
#4242=CARTESIAN_POINT('',(2.709222753,-1.5,7.668794957));
#4243=DIRECTION('',(0.,0.,1.));
#4244=VECTOR('',#4243,6.);
#4245=LINE('',#4242,#4244);
#4246=EDGE_CURVE('',#3236,#4235,#4245,.T.);
#4247=ORIENTED_EDGE('',*,*,#4246,.F.);
#4248=ORIENTED_EDGE('',*,*,#3241,.F.);
#4249=EDGE_LOOP('',(#4233,#4241,#4247,#4248));
#4250=FACE_BOUND('',#4249,.T.);
#4251=ADVANCED_FACE('',(#4250),#4232,.F.);
#4252=OVER_RIDING_STYLED_ITEM('',(#2558),#4251,#26);
#4253=CARTESIAN_POINT('',(2.409222753,-6.5,8.268794957));
#4254=DIRECTION('',(0.,0.,1.));
#4255=DIRECTION('',(1.,0.,0.));
#4256=AXIS2_PLACEMENT_3D('',#4253,#4254,#4255);
#4257=PLANE('',#4256);
#4258=ORIENTED_EDGE('',*,*,#3174,.F.);
#4259=ORIENTED_EDGE('',*,*,#3223,.T.);
#4260=CARTESIAN_POINT('',(2.709222753,-1.5,8.268794957));
#4261=DIRECTION('',(-1.,0.,0.));
#4262=VECTOR('',#4261,6.);
#4263=LINE('',#4260,#4262);
#4264=EDGE_CURVE('',#4235,#3212,#4263,.T.);
#4265=ORIENTED_EDGE('',*,*,#4264,.F.);
#4266=ORIENTED_EDGE('',*,*,#4240,.F.);
#4267=EDGE_LOOP('',(#4258,#4259,#4265,#4266));
#4268=FACE_BOUND('',#4267,.T.);
#4269=ADVANCED_FACE('',(#4268),#4257,.F.);
#4270=OVER_RIDING_STYLED_ITEM('',(#2558),#4269,#26);
#4271=CARTESIAN_POINT('',(2.409222753,-1.5,7.968794957));
#4272=DIRECTION('',(-0.,1.,0.));
#4273=DIRECTION('',(0.,-0.,1.));
#4274=AXIS2_PLACEMENT_3D('',#4271,#4272,#4273);
#4275=PLANE('',#4274);
#4276=ORIENTED_EDGE('',*,*,#3247,.T.);
#4277=ORIENTED_EDGE('',*,*,#4246,.T.);
#4278=ORIENTED_EDGE('',*,*,#4264,.T.);
#4279=ORIENTED_EDGE('',*,*,#3217,.T.);
#4280=EDGE_LOOP('',(#4276,#4277,#4278,#4279));
#4281=FACE_BOUND('',#4280,.T.);
#4282=ADVANCED_FACE('',(#4281),#4275,.F.);
#4283=OVER_RIDING_STYLED_ITEM('',(#2558),#4282,#26);
#4284=CARTESIAN_POINT('',(-1.386063818,-6.5,6.343720379));
#4285=DIRECTION('',(1.,0.,0.));
#4286=DIRECTION('',(0.,0.,-1.));
#4287=AXIS2_PLACEMENT_3D('',#4284,#4285,#4286);
#4288=PLANE('',#4287);
#4289=ORIENTED_EDGE('',*,*,#3609,.F.);
#4290=CARTESIAN_POINT('',(-1.386063818,-1.5,6.643720379));
#4291=VERTEX_POINT('',#4290);
#4292=CARTESIAN_POINT('',(-1.386063818,-4.5,6.643720379));
#4293=DIRECTION('',(-0.,1.,0.));
#4294=VECTOR('',#4293,48.);
#4295=LINE('',#4292,#4294);
#4296=EDGE_CURVE('',#3598,#4291,#4295,.T.);
#4297=ORIENTED_EDGE('',*,*,#4296,.T.);
#4298=CARTESIAN_POINT('',(-1.386063818,-1.5,6.043720379));
#4299=DIRECTION('',(0.,0.,1.));
#4300=VECTOR('',#4299,6.);
#4301=LINE('',#4298,#4300);
#4302=EDGE_CURVE('',#3695,#4291,#4301,.T.);
#4303=ORIENTED_EDGE('',*,*,#4302,.F.);
#4304=ORIENTED_EDGE('',*,*,#3700,.F.);
#4305=EDGE_LOOP('',(#4289,#4297,#4303,#4304));
#4306=FACE_BOUND('',#4305,.T.);
#4307=ADVANCED_FACE('',(#4306),#4288,.F.);
#4308=OVER_RIDING_STYLED_ITEM('',(#2558),#4307,#26);
#4309=CARTESIAN_POINT('',(-1.686063818,-6.5,6.643720379));
#4310=DIRECTION('',(0.,0.,1.));
#4311=DIRECTION('',(1.,0.,0.));
#4312=AXIS2_PLACEMENT_3D('',#4309,#4310,#4311);
#4313=PLANE('',#4312);
#4314=ORIENTED_EDGE('',*,*,#3633,.F.);
#4315=ORIENTED_EDGE('',*,*,#3682,.T.);
#4316=CARTESIAN_POINT('',(-1.386063818,-1.5,6.643720379));
#4317=DIRECTION('',(-1.,0.,0.));
#4318=VECTOR('',#4317,6.);
#4319=LINE('',#4316,#4318);
#4320=EDGE_CURVE('',#4291,#3671,#4319,.T.);
#4321=ORIENTED_EDGE('',*,*,#4320,.F.);
#4322=ORIENTED_EDGE('',*,*,#4296,.F.);
#4323=EDGE_LOOP('',(#4314,#4315,#4321,#4322));
#4324=FACE_BOUND('',#4323,.T.);
#4325=ADVANCED_FACE('',(#4324),#4313,.F.);
#4326=OVER_RIDING_STYLED_ITEM('',(#2558),#4325,#26);
#4327=CARTESIAN_POINT('',(-1.686063818,-1.5,6.343720379));
#4328=DIRECTION('',(0.,1.,0.));
#4329=DIRECTION('',(0.,-0.,1.));
#4330=AXIS2_PLACEMENT_3D('',#4327,#4328,#4329);
#4331=PLANE('',#4330);
#4332=ORIENTED_EDGE('',*,*,#3706,.T.);
#4333=ORIENTED_EDGE('',*,*,#4302,.T.);
#4334=ORIENTED_EDGE('',*,*,#4320,.T.);
#4335=ORIENTED_EDGE('',*,*,#3676,.T.);
#4336=EDGE_LOOP('',(#4332,#4333,#4334,#4335));
#4337=FACE_BOUND('',#4336,.T.);
#4338=ADVANCED_FACE('',(#4337),#4331,.F.);
#4339=OVER_RIDING_STYLED_ITEM('',(#2558),#4338,#26);
#4340=CARTESIAN_POINT('',(3.049000556,-6.5,6.343720379));
#4341=DIRECTION('',(1.,0.,0.));
#4342=DIRECTION('',(0.,0.,-1.));
#4343=AXIS2_PLACEMENT_3D('',#4340,#4341,#4342);
#4344=PLANE('',#4343);
#4345=ORIENTED_EDGE('',*,*,#3303,.F.);
#4346=CARTESIAN_POINT('',(3.049000556,-1.5,6.643720379));
#4347=VERTEX_POINT('',#4346);
#4348=CARTESIAN_POINT('',(3.049000556,-4.5,6.643720379));
#4349=DIRECTION('',(-0.,1.,0.));
#4350=VECTOR('',#4349,48.);
#4351=LINE('',#4348,#4350);
#4352=EDGE_CURVE('',#3292,#4347,#4351,.T.);
#4353=ORIENTED_EDGE('',*,*,#4352,.T.);
#4354=CARTESIAN_POINT('',(3.049000556,-1.5,6.043720379));
#4355=DIRECTION('',(0.,0.,1.));
#4356=VECTOR('',#4355,6.);
#4357=LINE('',#4354,#4356);
#4358=EDGE_CURVE('',#3389,#4347,#4357,.T.);
#4359=ORIENTED_EDGE('',*,*,#4358,.F.);
#4360=ORIENTED_EDGE('',*,*,#3394,.F.);
#4361=EDGE_LOOP('',(#4345,#4353,#4359,#4360));
#4362=FACE_BOUND('',#4361,.T.);
#4363=ADVANCED_FACE('',(#4362),#4344,.F.);
#4364=OVER_RIDING_STYLED_ITEM('',(#2558),#4363,#26);
#4365=CARTESIAN_POINT('',(2.749000556,-6.5,6.643720379));
#4366=DIRECTION('',(0.,0.,1.));
#4367=DIRECTION('',(1.,0.,0.));
#4368=AXIS2_PLACEMENT_3D('',#4365,#4366,#4367);
#4369=PLANE('',#4368);
#4370=ORIENTED_EDGE('',*,*,#3344,.F.);
#4371=ORIENTED_EDGE('',*,*,#3376,.T.);
#4372=CARTESIAN_POINT('',(3.049000556,-1.5,6.643720379));
#4373=DIRECTION('',(-1.,0.,0.));
#4374=VECTOR('',#4373,6.);
#4375=LINE('',#4372,#4374);
#4376=EDGE_CURVE('',#4347,#3365,#4375,.T.);
#4377=ORIENTED_EDGE('',*,*,#4376,.F.);
#4378=ORIENTED_EDGE('',*,*,#4352,.F.);
#4379=EDGE_LOOP('',(#4370,#4371,#4377,#4378));
#4380=FACE_BOUND('',#4379,.T.);
#4381=ADVANCED_FACE('',(#4380),#4369,.F.);
#4382=OVER_RIDING_STYLED_ITEM('',(#2558),#4381,#26);
#4383=CARTESIAN_POINT('',(2.749000556,-1.5,6.343720379));
#4384=DIRECTION('',(0.,1.,0.));
#4385=DIRECTION('',(0.,-0.,1.));
#4386=AXIS2_PLACEMENT_3D('',#4383,#4384,#4385);
#4387=PLANE('',#4386);
#4388=ORIENTED_EDGE('',*,*,#3400,.T.);
#4389=ORIENTED_EDGE('',*,*,#4358,.T.);
#4390=ORIENTED_EDGE('',*,*,#4376,.T.);
#4391=ORIENTED_EDGE('',*,*,#3370,.T.);
#4392=EDGE_LOOP('',(#4388,#4389,#4390,#4391));
#4393=FACE_BOUND('',#4392,.T.);
#4394=ADVANCED_FACE('',(#4393),#4387,.F.);
#4395=OVER_RIDING_STYLED_ITEM('',(#2558),#4394,#26);
#4396=CARTESIAN_POINT('',(0.955727339,-6.5,4.305550209));
#4397=DIRECTION('',(1.,0.,0.));
#4398=DIRECTION('',(0.,0.,-1.));
#4399=AXIS2_PLACEMENT_3D('',#4396,#4397,#4398);
#4400=PLANE('',#4399);
#4401=ORIENTED_EDGE('',*,*,#4068,.F.);
#4402=CARTESIAN_POINT('',(0.955727339,-1.5,4.605550209));
#4403=VERTEX_POINT('',#4402);
#4404=CARTESIAN_POINT('',(0.955727339,-4.5,4.605550209));
#4405=DIRECTION('',(-0.,1.,0.));
#4406=VECTOR('',#4405,48.);
#4407=LINE('',#4404,#4406);
#4408=EDGE_CURVE('',#4057,#4403,#4407,.T.);
#4409=ORIENTED_EDGE('',*,*,#4408,.T.);
#4410=CARTESIAN_POINT('',(0.955727339,-1.5,4.005550209));
#4411=DIRECTION('',(0.,0.,1.));
#4412=VECTOR('',#4411,6.);
#4413=LINE('',#4410,#4412);
#4414=EDGE_CURVE('',#4154,#4403,#4413,.T.);
#4415=ORIENTED_EDGE('',*,*,#4414,.F.);
#4416=ORIENTED_EDGE('',*,*,#4159,.F.);
#4417=EDGE_LOOP('',(#4401,#4409,#4415,#4416));
#4418=FACE_BOUND('',#4417,.T.);
#4419=ADVANCED_FACE('',(#4418),#4400,.F.);
#4420=OVER_RIDING_STYLED_ITEM('',(#2558),#4419,#26);
#4421=CARTESIAN_POINT('',(0.655727339,-6.5,4.605550209));
#4422=DIRECTION('',(0.,0.,1.));
#4423=DIRECTION('',(1.,0.,0.));
#4424=AXIS2_PLACEMENT_3D('',#4421,#4422,#4423);
#4425=PLANE('',#4424);
#4426=ORIENTED_EDGE('',*,*,#4109,.F.);
#4427=ORIENTED_EDGE('',*,*,#4141,.T.);
#4428=CARTESIAN_POINT('',(0.955727339,-1.5,4.605550209));
#4429=DIRECTION('',(-1.,0.,0.));
#4430=VECTOR('',#4429,6.);
#4431=LINE('',#4428,#4430);
#4432=EDGE_CURVE('',#4403,#4130,#4431,.T.);
#4433=ORIENTED_EDGE('',*,*,#4432,.F.);
#4434=ORIENTED_EDGE('',*,*,#4408,.F.);
#4435=EDGE_LOOP('',(#4426,#4427,#4433,#4434));
#4436=FACE_BOUND('',#4435,.T.);
#4437=ADVANCED_FACE('',(#4436),#4425,.F.);
#4438=OVER_RIDING_STYLED_ITEM('',(#2558),#4437,#26);
#4439=CARTESIAN_POINT('',(0.655727339,-1.5,4.305550209));
#4440=DIRECTION('',(-0.,1.,-0.));
#4441=DIRECTION('',(0.,0.,1.));
#4442=AXIS2_PLACEMENT_3D('',#4439,#4440,#4441);
#4443=PLANE('',#4442);
#4444=ORIENTED_EDGE('',*,*,#4165,.T.);
#4445=ORIENTED_EDGE('',*,*,#4414,.T.);
#4446=ORIENTED_EDGE('',*,*,#4432,.T.);
#4447=ORIENTED_EDGE('',*,*,#4135,.T.);
#4448=EDGE_LOOP('',(#4444,#4445,#4446,#4447));
#4449=FACE_BOUND('',#4448,.T.);
#4450=ADVANCED_FACE('',(#4449),#4443,.F.);
#4451=OVER_RIDING_STYLED_ITEM('',(#2558),#4450,#26);
#4452=CARTESIAN_POINT('',(-0.547342986,-6.5,4.305550209));
#4453=DIRECTION('',(1.,0.,0.));
#4454=DIRECTION('',(0.,0.,-1.));
#4455=AXIS2_PLACEMENT_3D('',#4452,#4453,#4454);
#4456=PLANE('',#4455);
#4457=ORIENTED_EDGE('',*,*,#3956,.F.);
#4458=CARTESIAN_POINT('',(-0.547342986,-1.5,4.605550209));
#4459=VERTEX_POINT('',#4458);
#4460=CARTESIAN_POINT('',(-0.547342986,-4.5,4.605550209));
#4461=DIRECTION('',(-0.,1.,0.));
#4462=VECTOR('',#4461,48.);
#4463=LINE('',#4460,#4462);
#4464=EDGE_CURVE('',#3881,#4459,#4463,.T.);
#4465=ORIENTED_EDGE('',*,*,#4464,.T.);
#4466=CARTESIAN_POINT('',(-0.547342986,-1.5,4.005550209));
#4467=DIRECTION('',(0.,0.,1.));
#4468=VECTOR('',#4467,6.);
#4469=LINE('',#4466,#4468);
#4470=EDGE_CURVE('',#4001,#4459,#4469,.T.);
#4471=ORIENTED_EDGE('',*,*,#4470,.F.);
#4472=ORIENTED_EDGE('',*,*,#4006,.F.);
#4473=EDGE_LOOP('',(#4457,#4465,#4471,#4472));
#4474=FACE_BOUND('',#4473,.T.);
#4475=ADVANCED_FACE('',(#4474),#4456,.F.);
#4476=OVER_RIDING_STYLED_ITEM('',(#2558),#4475,#26);
#4477=CARTESIAN_POINT('',(-0.847342986,-6.5,4.605550209));
#4478=DIRECTION('',(0.,0.,1.));
#4479=DIRECTION('',(1.,0.,0.));
#4480=AXIS2_PLACEMENT_3D('',#4477,#4478,#4479);
#4481=PLANE('',#4480);
#4482=ORIENTED_EDGE('',*,*,#3886,.F.);
#4483=ORIENTED_EDGE('',*,*,#3988,.T.);
#4484=CARTESIAN_POINT('',(-0.547342986,-1.5,4.605550209));
#4485=DIRECTION('',(-1.,0.,0.));
#4486=VECTOR('',#4485,6.);
#4487=LINE('',#4484,#4486);
#4488=EDGE_CURVE('',#4459,#3977,#4487,.T.);
#4489=ORIENTED_EDGE('',*,*,#4488,.F.);
#4490=ORIENTED_EDGE('',*,*,#4464,.F.);
#4491=EDGE_LOOP('',(#4482,#4483,#4489,#4490));
#4492=FACE_BOUND('',#4491,.T.);
#4493=ADVANCED_FACE('',(#4492),#4481,.F.);
#4494=OVER_RIDING_STYLED_ITEM('',(#2558),#4493,#26);
#4495=CARTESIAN_POINT('',(-0.847342986,-1.5,4.305550209));
#4496=DIRECTION('',(0.,1.,-0.));
#4497=DIRECTION('',(0.,0.,1.));
#4498=AXIS2_PLACEMENT_3D('',#4495,#4496,#4497);
#4499=PLANE('',#4498);
#4500=ORIENTED_EDGE('',*,*,#4012,.T.);
#4501=ORIENTED_EDGE('',*,*,#4470,.T.);
#4502=ORIENTED_EDGE('',*,*,#4488,.T.);
#4503=ORIENTED_EDGE('',*,*,#3982,.T.);
#4504=EDGE_LOOP('',(#4500,#4501,#4502,#4503));
#4505=FACE_BOUND('',#4504,.T.);
#4506=ADVANCED_FACE('',(#4505),#4499,.F.);
#4507=OVER_RIDING_STYLED_ITEM('',(#2558),#4506,#26);
#4508=CARTESIAN_POINT('',(1.022804086,-6.5,6.343720379));
#4509=DIRECTION('',(1.,0.,0.));
#4510=DIRECTION('',(0.,0.,-1.));
#4511=AXIS2_PLACEMENT_3D('',#4508,#4509,#4510);
#4512=PLANE('',#4511);
#4513=ORIENTED_EDGE('',*,*,#3456,.F.);
#4514=CARTESIAN_POINT('',(1.022804086,-1.5,6.643720379));
#4515=VERTEX_POINT('',#4514);
#4516=CARTESIAN_POINT('',(1.022804086,-4.5,6.643720379));
#4517=DIRECTION('',(-0.,1.,0.));
#4518=VECTOR('',#4517,48.);
#4519=LINE('',#4516,#4518);
#4520=EDGE_CURVE('',#3445,#4515,#4519,.T.);
#4521=ORIENTED_EDGE('',*,*,#4520,.T.);
#4522=CARTESIAN_POINT('',(1.022804086,-1.5,6.043720379));
#4523=DIRECTION('',(0.,0.,1.));
#4524=VECTOR('',#4523,6.);
#4525=LINE('',#4522,#4524);
#4526=EDGE_CURVE('',#3542,#4515,#4525,.T.);
#4527=ORIENTED_EDGE('',*,*,#4526,.F.);
#4528=ORIENTED_EDGE('',*,*,#3547,.F.);
#4529=EDGE_LOOP('',(#4513,#4521,#4527,#4528));
#4530=FACE_BOUND('',#4529,.T.);
#4531=ADVANCED_FACE('',(#4530),#4512,.F.);
#4532=OVER_RIDING_STYLED_ITEM('',(#2558),#4531,#26);
#4533=CARTESIAN_POINT('',(0.722804086,-6.5,6.643720379));
#4534=DIRECTION('',(0.,0.,1.));
#4535=DIRECTION('',(1.,0.,0.));
#4536=AXIS2_PLACEMENT_3D('',#4533,#4534,#4535);
#4537=PLANE('',#4536);
#4538=ORIENTED_EDGE('',*,*,#3480,.F.);
#4539=ORIENTED_EDGE('',*,*,#3529,.T.);
#4540=CARTESIAN_POINT('',(1.022804086,-1.5,6.643720379));
#4541=DIRECTION('',(-1.,0.,0.));
#4542=VECTOR('',#4541,6.);
#4543=LINE('',#4540,#4542);
#4544=EDGE_CURVE('',#4515,#3518,#4543,.T.);
#4545=ORIENTED_EDGE('',*,*,#4544,.F.);
#4546=ORIENTED_EDGE('',*,*,#4520,.F.);
#4547=EDGE_LOOP('',(#4538,#4539,#4545,#4546));
#4548=FACE_BOUND('',#4547,.T.);
#4549=ADVANCED_FACE('',(#4548),#4537,.F.);
#4550=OVER_RIDING_STYLED_ITEM('',(#2558),#4549,#26);
#4551=CARTESIAN_POINT('',(0.722804086,-1.5,6.343720379));
#4552=DIRECTION('',(0.,1.,0.));
#4553=DIRECTION('',(0.,-0.,1.));
#4554=AXIS2_PLACEMENT_3D('',#4551,#4552,#4553);
#4555=PLANE('',#4554);
#4556=ORIENTED_EDGE('',*,*,#3553,.T.);
#4557=ORIENTED_EDGE('',*,*,#4526,.T.);
#4558=ORIENTED_EDGE('',*,*,#4544,.T.);
#4559=ORIENTED_EDGE('',*,*,#3523,.T.);
#4560=EDGE_LOOP('',(#4556,#4557,#4558,#4559));
#4561=FACE_BOUND('',#4560,.T.);
#4562=ADVANCED_FACE('',(#4561),#4555,.F.);
#4563=OVER_RIDING_STYLED_ITEM('',(#2558),#4562,#26);
#4564=CARTESIAN_POINT('',(-2.45949316,-6.5,6.343720379));
#4565=DIRECTION('',(1.,0.,0.));
#4566=DIRECTION('',(0.,0.,-1.));
#4567=AXIS2_PLACEMENT_3D('',#4564,#4565,#4566);
#4568=PLANE('',#4567);
#4569=ORIENTED_EDGE('',*,*,#3762,.F.);
#4570=CARTESIAN_POINT('',(-2.45949316,-1.5,6.643720379));
#4571=VERTEX_POINT('',#4570);
#4572=CARTESIAN_POINT('',(-2.45949316,-4.5,6.643720379));
#4573=DIRECTION('',(-0.,1.,0.));
#4574=VECTOR('',#4573,48.);
#4575=LINE('',#4572,#4574);
#4576=EDGE_CURVE('',#3751,#4571,#4575,.T.);
#4577=ORIENTED_EDGE('',*,*,#4576,.T.);
#4578=CARTESIAN_POINT('',(-2.45949316,-1.5,6.043720379));
#4579=DIRECTION('',(0.,0.,1.));
#4580=VECTOR('',#4579,6.);
#4581=LINE('',#4578,#4580);
#4582=EDGE_CURVE('',#3848,#4571,#4581,.T.);
#4583=ORIENTED_EDGE('',*,*,#4582,.F.);
#4584=ORIENTED_EDGE('',*,*,#3853,.F.);
#4585=EDGE_LOOP('',(#4569,#4577,#4583,#4584));
#4586=FACE_BOUND('',#4585,.T.);
#4587=ADVANCED_FACE('',(#4586),#4568,.F.);
#4588=OVER_RIDING_STYLED_ITEM('',(#2558),#4587,#26);
#4589=CARTESIAN_POINT('',(-2.75949316,-6.5,6.643720379));
#4590=DIRECTION('',(0.,0.,1.));
#4591=DIRECTION('',(1.,0.,0.));
#4592=AXIS2_PLACEMENT_3D('',#4589,#4590,#4591);
#4593=PLANE('',#4592);
#4594=ORIENTED_EDGE('',*,*,#3786,.F.);
#4595=ORIENTED_EDGE('',*,*,#3835,.T.);
#4596=CARTESIAN_POINT('',(-2.45949316,-1.5,6.643720379));
#4597=DIRECTION('',(-1.,0.,0.));
#4598=VECTOR('',#4597,6.);
#4599=LINE('',#4596,#4598);
#4600=EDGE_CURVE('',#4571,#3824,#4599,.T.);
#4601=ORIENTED_EDGE('',*,*,#4600,.F.);
#4602=ORIENTED_EDGE('',*,*,#4576,.F.);
#4603=EDGE_LOOP('',(#4594,#4595,#4601,#4602));
#4604=FACE_BOUND('',#4603,.T.);
#4605=ADVANCED_FACE('',(#4604),#4593,.F.);
#4606=OVER_RIDING_STYLED_ITEM('',(#2558),#4605,#26);
#4607=CARTESIAN_POINT('',(-2.75949316,-1.5,6.343720379));
#4608=DIRECTION('',(-0.,1.,0.));
#4609=DIRECTION('',(0.,-0.,1.));
#4610=AXIS2_PLACEMENT_3D('',#4607,#4608,#4609);
#4611=PLANE('',#4610);
#4612=ORIENTED_EDGE('',*,*,#3859,.T.);
#4613=ORIENTED_EDGE('',*,*,#4582,.T.);
#4614=ORIENTED_EDGE('',*,*,#4600,.T.);
#4615=ORIENTED_EDGE('',*,*,#3829,.T.);
#4616=EDGE_LOOP('',(#4612,#4613,#4614,#4615));
#4617=FACE_BOUND('',#4616,.T.);
#4618=ADVANCED_FACE('',(#4617),#4611,.F.);
#4619=OVER_RIDING_STYLED_ITEM('',(#2558),#4618,#26);
#4620=CARTESIAN_POINT('',(-0.397166634,-6.5,7.968794957));
#4621=DIRECTION('',(1.,0.,0.));
#4622=DIRECTION('',(0.,0.,-1.));
#4623=AXIS2_PLACEMENT_3D('',#4620,#4621,#4622);
#4624=PLANE('',#4623);
#4625=ORIENTED_EDGE('',*,*,#3038,.F.);
#4626=CARTESIAN_POINT('',(-0.397166634,-1.5,8.268794957));
#4627=VERTEX_POINT('',#4626);
#4628=CARTESIAN_POINT('',(-0.397166634,-4.5,8.268794957));
#4629=DIRECTION('',(-0.,1.,0.));
#4630=VECTOR('',#4629,48.);
#4631=LINE('',#4628,#4630);
#4632=EDGE_CURVE('',#2963,#4627,#4631,.T.);
#4633=ORIENTED_EDGE('',*,*,#4632,.T.);
#4634=CARTESIAN_POINT('',(-0.397166634,-1.5,7.668794957));
#4635=DIRECTION('',(0.,0.,1.));
#4636=VECTOR('',#4635,6.);
#4637=LINE('',#4634,#4636);
#4638=EDGE_CURVE('',#3083,#4627,#4637,.T.);
#4639=ORIENTED_EDGE('',*,*,#4638,.F.);
#4640=ORIENTED_EDGE('',*,*,#3088,.F.);
#4641=EDGE_LOOP('',(#4625,#4633,#4639,#4640));
#4642=FACE_BOUND('',#4641,.T.);
#4643=ADVANCED_FACE('',(#4642),#4624,.F.);
#4644=OVER_RIDING_STYLED_ITEM('',(#2558),#4643,#26);
#4645=CARTESIAN_POINT('',(-0.697166634,-6.5,8.268794957));
#4646=DIRECTION('',(0.,0.,1.));
#4647=DIRECTION('',(1.,0.,0.));
#4648=AXIS2_PLACEMENT_3D('',#4645,#4646,#4647);
#4649=PLANE('',#4648);
#4650=ORIENTED_EDGE('',*,*,#2968,.F.);
#4651=ORIENTED_EDGE('',*,*,#3070,.T.);
#4652=CARTESIAN_POINT('',(-0.397166634,-1.5,8.268794957));
#4653=DIRECTION('',(-1.,0.,0.));
#4654=VECTOR('',#4653,6.);
#4655=LINE('',#4652,#4654);
#4656=EDGE_CURVE('',#4627,#3059,#4655,.T.);
#4657=ORIENTED_EDGE('',*,*,#4656,.F.);
#4658=ORIENTED_EDGE('',*,*,#4632,.F.);
#4659=EDGE_LOOP('',(#4650,#4651,#4657,#4658));
#4660=FACE_BOUND('',#4659,.T.);
#4661=ADVANCED_FACE('',(#4660),#4649,.F.);
#4662=OVER_RIDING_STYLED_ITEM('',(#2558),#4661,#26);
#4663=CARTESIAN_POINT('',(-0.697166634,-1.5,7.968794957));
#4664=DIRECTION('',(-0.,1.,0.));
#4665=DIRECTION('',(0.,-0.,1.));
#4666=AXIS2_PLACEMENT_3D('',#4663,#4664,#4665);
#4667=PLANE('',#4666);
#4668=ORIENTED_EDGE('',*,*,#3094,.T.);
#4669=ORIENTED_EDGE('',*,*,#4638,.T.);
#4670=ORIENTED_EDGE('',*,*,#4656,.T.);
#4671=ORIENTED_EDGE('',*,*,#3064,.T.);
#4672=EDGE_LOOP('',(#4668,#4669,#4670,#4671));
#4673=FACE_BOUND('',#4672,.T.);
#4674=ADVANCED_FACE('',(#4673),#4667,.F.);
#4675=OVER_RIDING_STYLED_ITEM('',(#2558),#4674,#26);
#4676=CARTESIAN_POINT('',(0.,-6.5,6.5));
#4677=DIRECTION('',(-0.,1.,0.));
#4678=DIRECTION('',(1.,0.,0.));
#4679=AXIS2_PLACEMENT_3D('',#4676,#4677,#4678);
#4680=CYLINDRICAL_SURFACE('',#4679,4.5);
#4681=CARTESIAN_POINT('',(-4.5,-1.5,6.5));
#4682=VERTEX_POINT('',#4681);
#4683=CARTESIAN_POINT('',(-4.5,-6.5,6.5));
#4684=VERTEX_POINT('',#4683);
#4685=CARTESIAN_POINT('',(-4.5,-1.5,6.5));
#4686=DIRECTION('',(0.,-1.,-0.));
#4687=VECTOR('',#4686,5.);
#4688=LINE('',#4685,#4687);
#4689=EDGE_CURVE('',#4682,#4684,#4688,.T.);
#4690=ORIENTED_EDGE('',*,*,#4689,.F.);
#4691=CARTESIAN_POINT('',(4.5,-1.5,6.5));
#4692=VERTEX_POINT('',#4691);
#4693=CARTESIAN_POINT('',(0.,-1.5,6.5));
#4694=DIRECTION('',(0.,-1.,0.));
#4695=DIRECTION('',(1.,0.,0.));
#4696=AXIS2_PLACEMENT_3D('',#4693,#4694,#4695);
#4697=CIRCLE('',#4696,4.5);
#4698=EDGE_CURVE('',#4692,#4682,#4697,.T.);
#4699=ORIENTED_EDGE('',*,*,#4698,.F.);
#4700=CARTESIAN_POINT('',(0.,-1.5,6.5));
#4701=DIRECTION('',(0.,-1.,0.));
#4702=DIRECTION('',(1.,0.,0.));
#4703=AXIS2_PLACEMENT_3D('',#4700,#4701,#4702);
#4704=CIRCLE('',#4703,4.5);
#4705=EDGE_CURVE('',#4682,#4692,#4704,.T.);
#4706=ORIENTED_EDGE('',*,*,#4705,.F.);
#4707=ORIENTED_EDGE('',*,*,#4689,.T.);
#4708=CARTESIAN_POINT('',(4.5,-6.5,6.5));
#4709=VERTEX_POINT('',#4708);
#4710=CARTESIAN_POINT('',(0.,-6.5,6.5));
#4711=DIRECTION('',(-0.,1.,0.));
#4712=DIRECTION('',(1.,0.,0.));
#4713=AXIS2_PLACEMENT_3D('',#4710,#4711,#4712);
#4714=CIRCLE('',#4713,4.5);
#4715=EDGE_CURVE('',#4709,#4684,#4714,.T.);
#4716=ORIENTED_EDGE('',*,*,#4715,.F.);
#4717=CARTESIAN_POINT('',(0.,-6.5,6.5));
#4718=DIRECTION('',(-0.,1.,0.));
#4719=DIRECTION('',(1.,0.,0.));
#4720=AXIS2_PLACEMENT_3D('',#4717,#4718,#4719);
#4721=CIRCLE('',#4720,4.5);
#4722=EDGE_CURVE('',#4684,#4709,#4721,.T.);
#4723=ORIENTED_EDGE('',*,*,#4722,.F.);
#4724=EDGE_LOOP('',(#4690,#4699,#4706,#4707,#4716,#4723));
#4725=FACE_BOUND('',#4724,.T.);
#4726=ADVANCED_FACE('',(#4725),#4680,.F.);
#4727=OVER_RIDING_STYLED_ITEM('',(#2558),#4726,#26);
#4728=CARTESIAN_POINT('',(-3.053464802,-6.5,4.430007426));
#4729=DIRECTION('',(0.,0.,1.));
#4730=DIRECTION('',(1.,0.,0.));
#4731=AXIS2_PLACEMENT_3D('',#4728,#4729,#4730);
#4732=PLANE('',#4731);
#4733=CARTESIAN_POINT('',(-2.684192287,-1.5,4.430007426));
#4734=VERTEX_POINT('',#4733);
#4735=CARTESIAN_POINT('',(-3.422737317,-1.5,4.430007426));
#4736=VERTEX_POINT('',#4735);
#4737=CARTESIAN_POINT('',(-2.684192287,-1.5,4.430007426));
#4738=DIRECTION('',(-1.,0.,0.));
#4739=VECTOR('',#4738,7.38545031);
#4740=LINE('',#4737,#4739);
#4741=EDGE_CURVE('',#4734,#4736,#4740,.T.);
#4742=ORIENTED_EDGE('',*,*,#4741,.F.);
#4743=CARTESIAN_POINT('',(-2.684192287,-6.5,4.430007426));
#4744=DIRECTION('',(-0.,1.,0.));
#4745=VECTOR('',#4744,50.);
#4746=LINE('',#4743,#4745);
#4747=EDGE_CURVE('',#2729,#4734,#4746,.T.);
#4748=ORIENTED_EDGE('',*,*,#4747,.F.);
#4749=ORIENTED_EDGE('',*,*,#2734,.F.);
#4750=CARTESIAN_POINT('',(-3.422737317,-6.5,4.430007426));
#4751=DIRECTION('',(-0.,1.,0.));
#4752=VECTOR('',#4751,50.);
#4753=LINE('',#4750,#4752);
#4754=EDGE_CURVE('',#2727,#4736,#4753,.T.);
#4755=ORIENTED_EDGE('',*,*,#4754,.T.);
#4756=EDGE_LOOP('',(#4742,#4748,#4749,#4755));
#4757=FACE_BOUND('',#4756,.T.);
#4758=ADVANCED_FACE('',(#4757),#4732,.F.);
#4759=OVER_RIDING_STYLED_ITEM('',(#2558),#4758,#26);
#4760=CARTESIAN_POINT('',(0.,-6.5,6.5));
#4761=DIRECTION('',(-0.,1.,0.));
#4762=DIRECTION('',(1.,0.,0.));
#4763=AXIS2_PLACEMENT_3D('',#4760,#4761,#4762);
#4764=CYLINDRICAL_SURFACE('',#4763,4.);
#4765=CARTESIAN_POINT('',(-4.,-1.5,6.5));
#4766=VERTEX_POINT('',#4765);
#4767=CARTESIAN_POINT('',(-4.,-1.5,6.5));
#4768=DIRECTION('',(0.,-1.,-0.));
#4769=VECTOR('',#4768,5.);
#4770=LINE('',#4767,#4769);
#4771=EDGE_CURVE('',#4766,#2787,#4770,.T.);
#4772=ORIENTED_EDGE('',*,*,#4771,.T.);
#4773=ORIENTED_EDGE('',*,*,#2793,.F.);
#4774=CARTESIAN_POINT('',(-2.766734404,-1.5,9.388802648));
#4775=VERTEX_POINT('',#4774);
#4776=CARTESIAN_POINT('',(-2.766734404,-6.5,9.388802648));
#4777=DIRECTION('',(-0.,1.,0.));
#4778=VECTOR('',#4777,50.);
#4779=LINE('',#4776,#4778);
#4780=EDGE_CURVE('',#2779,#4775,#4779,.T.);
#4781=ORIENTED_EDGE('',*,*,#4780,.T.);
#4782=CARTESIAN_POINT('',(0.,-1.5,6.5));
#4783=DIRECTION('',(-0.,1.,0.));
#4784=DIRECTION('',(1.,0.,0.));
#4785=AXIS2_PLACEMENT_3D('',#4782,#4783,#4784);
#4786=CIRCLE('',#4785,4.);
#4787=EDGE_CURVE('',#4766,#4775,#4786,.T.);
#4788=ORIENTED_EDGE('',*,*,#4787,.F.);
#4789=EDGE_LOOP('',(#4772,#4773,#4781,#4788));
#4790=FACE_BOUND('',#4789,.T.);
#4791=ADVANCED_FACE('',(#4790),#4764,.T.);
#4792=OVER_RIDING_STYLED_ITEM('',(#2558),#4791,#26);
#4793=CARTESIAN_POINT('',(0.,-6.5,9.388802648));
#4794=DIRECTION('',(0.,0.,-1.));
#4795=DIRECTION('',(-1.,0.,0.));
#4796=AXIS2_PLACEMENT_3D('',#4793,#4794,#4795);
#4797=PLANE('',#4796);
#4798=CARTESIAN_POINT('',(2.766734404,-1.5,9.388802648));
#4799=VERTEX_POINT('',#4798);
#4800=CARTESIAN_POINT('',(-2.766734404,-1.5,9.388802648));
#4801=DIRECTION('',(1.,0.,-0.));
#4802=VECTOR('',#4801,55.334688084);
#4803=LINE('',#4800,#4802);
#4804=EDGE_CURVE('',#4775,#4799,#4803,.T.);
#4805=ORIENTED_EDGE('',*,*,#4804,.F.);
#4806=ORIENTED_EDGE('',*,*,#4780,.F.);
#4807=ORIENTED_EDGE('',*,*,#2784,.F.);
#4808=CARTESIAN_POINT('',(2.766734404,-6.5,9.388802648));
#4809=DIRECTION('',(-0.,1.,0.));
#4810=VECTOR('',#4809,50.);
#4811=LINE('',#4808,#4810);
#4812=EDGE_CURVE('',#2770,#4799,#4811,.T.);
#4813=ORIENTED_EDGE('',*,*,#4812,.T.);
#4814=EDGE_LOOP('',(#4805,#4806,#4807,#4813));
#4815=FACE_BOUND('',#4814,.T.);
#4816=ADVANCED_FACE('',(#4815),#4797,.F.);
#4817=OVER_RIDING_STYLED_ITEM('',(#2558),#4816,#26);
#4818=CARTESIAN_POINT('',(0.,-6.5,6.5));
#4819=DIRECTION('',(-0.,1.,0.));
#4820=DIRECTION('',(1.,0.,0.));
#4821=AXIS2_PLACEMENT_3D('',#4818,#4819,#4820);
#4822=CYLINDRICAL_SURFACE('',#4821,4.);
#4823=CARTESIAN_POINT('',(3.422737317,-1.5,4.430007426));
#4824=VERTEX_POINT('',#4823);
#4825=CARTESIAN_POINT('',(0.,-1.5,6.5));
#4826=DIRECTION('',(-0.,1.,0.));
#4827=DIRECTION('',(1.,0.,0.));
#4828=AXIS2_PLACEMENT_3D('',#4825,#4826,#4827);
#4829=CIRCLE('',#4828,4.);
#4830=EDGE_CURVE('',#4799,#4824,#4829,.T.);
#4831=ORIENTED_EDGE('',*,*,#4830,.F.);
#4832=ORIENTED_EDGE('',*,*,#4812,.F.);
#4833=ORIENTED_EDGE('',*,*,#2776,.F.);
#4834=CARTESIAN_POINT('',(3.422737317,-6.5,4.430007426));
#4835=DIRECTION('',(-0.,1.,0.));
#4836=VECTOR('',#4835,50.);
#4837=LINE('',#4834,#4836);
#4838=EDGE_CURVE('',#2762,#4824,#4837,.T.);
#4839=ORIENTED_EDGE('',*,*,#4838,.T.);
#4840=EDGE_LOOP('',(#4831,#4832,#4833,#4839));
#4841=FACE_BOUND('',#4840,.T.);
#4842=ADVANCED_FACE('',(#4841),#4822,.T.);
#4843=OVER_RIDING_STYLED_ITEM('',(#2558),#4842,#26);
#4844=CARTESIAN_POINT('',(3.053464802,-6.5,4.430007426));
#4845=DIRECTION('',(0.,0.,1.));
#4846=DIRECTION('',(1.,0.,0.));
#4847=AXIS2_PLACEMENT_3D('',#4844,#4845,#4846);
#4848=PLANE('',#4847);
#4849=CARTESIAN_POINT('',(2.684192287,-1.5,4.430007426));
#4850=VERTEX_POINT('',#4849);
#4851=CARTESIAN_POINT('',(3.422737317,-1.5,4.430007426));
#4852=DIRECTION('',(-1.,0.,0.));
#4853=VECTOR('',#4852,7.38545031);
#4854=LINE('',#4851,#4853);
#4855=EDGE_CURVE('',#4824,#4850,#4854,.T.);
#4856=ORIENTED_EDGE('',*,*,#4855,.F.);
#4857=ORIENTED_EDGE('',*,*,#4838,.F.);
#4858=ORIENTED_EDGE('',*,*,#2767,.F.);
#4859=CARTESIAN_POINT('',(2.684192287,-6.5,4.430007426));
#4860=DIRECTION('',(-0.,1.,0.));
#4861=VECTOR('',#4860,50.);
#4862=LINE('',#4859,#4861);
#4863=EDGE_CURVE('',#2754,#4850,#4862,.T.);
#4864=ORIENTED_EDGE('',*,*,#4863,.T.);
#4865=EDGE_LOOP('',(#4856,#4857,#4858,#4864));
#4866=FACE_BOUND('',#4865,.T.);
#4867=ADVANCED_FACE('',(#4866),#4848,.F.);
#4868=OVER_RIDING_STYLED_ITEM('',(#2558),#4867,#26);
#4869=CARTESIAN_POINT('',(2.684192287,-6.5,3.982176029));
#4870=DIRECTION('',(-1.,-0.,0.));
#4871=DIRECTION('',(0.,0.,1.));
#4872=AXIS2_PLACEMENT_3D('',#4869,#4870,#4871);
#4873=PLANE('',#4872);
#4874=CARTESIAN_POINT('',(2.684192287,-1.5,3.534344631));
#4875=VERTEX_POINT('',#4874);
#4876=CARTESIAN_POINT('',(2.684192287,-1.5,4.430007426));
#4877=DIRECTION('',(0.,0.,-1.));
#4878=VECTOR('',#4877,8.956627954);
#4879=LINE('',#4876,#4878);
#4880=EDGE_CURVE('',#4850,#4875,#4879,.T.);
#4881=ORIENTED_EDGE('',*,*,#4880,.F.);
#4882=ORIENTED_EDGE('',*,*,#4863,.F.);
#4883=ORIENTED_EDGE('',*,*,#2759,.F.);
#4884=CARTESIAN_POINT('',(2.684192287,-6.5,3.534344631));
#4885=DIRECTION('',(-0.,1.,0.));
#4886=VECTOR('',#4885,50.);
#4887=LINE('',#4884,#4886);
#4888=EDGE_CURVE('',#2745,#4875,#4887,.T.);
#4889=ORIENTED_EDGE('',*,*,#4888,.T.);
#4890=EDGE_LOOP('',(#4881,#4882,#4883,#4889));
#4891=FACE_BOUND('',#4890,.T.);
#4892=ADVANCED_FACE('',(#4891),#4873,.F.);
#4893=OVER_RIDING_STYLED_ITEM('',(#2558),#4892,#26);
#4894=CARTESIAN_POINT('',(0.,-6.5,6.5));
#4895=DIRECTION('',(-0.,1.,0.));
#4896=DIRECTION('',(1.,0.,0.));
#4897=AXIS2_PLACEMENT_3D('',#4894,#4895,#4896);
#4898=CYLINDRICAL_SURFACE('',#4897,4.);
#4899=CARTESIAN_POINT('',(-2.684192287,-1.5,3.534344631));
#4900=VERTEX_POINT('',#4899);
#4901=CARTESIAN_POINT('',(0.,-1.5,6.5));
#4902=DIRECTION('',(-0.,1.,0.));
#4903=DIRECTION('',(1.,0.,0.));
#4904=AXIS2_PLACEMENT_3D('',#4901,#4902,#4903);
#4905=CIRCLE('',#4904,4.);
#4906=EDGE_CURVE('',#4875,#4900,#4905,.T.);
#4907=ORIENTED_EDGE('',*,*,#4906,.F.);
#4908=ORIENTED_EDGE('',*,*,#4888,.F.);
#4909=ORIENTED_EDGE('',*,*,#2751,.F.);
#4910=CARTESIAN_POINT('',(-2.684192287,-6.5,3.534344631));
#4911=DIRECTION('',(-0.,1.,0.));
#4912=VECTOR('',#4911,50.);
#4913=LINE('',#4910,#4912);
#4914=EDGE_CURVE('',#2737,#4900,#4913,.T.);
#4915=ORIENTED_EDGE('',*,*,#4914,.T.);
#4916=EDGE_LOOP('',(#4907,#4908,#4909,#4915));
#4917=FACE_BOUND('',#4916,.T.);
#4918=ADVANCED_FACE('',(#4917),#4898,.T.);
#4919=OVER_RIDING_STYLED_ITEM('',(#2558),#4918,#26);
#4920=CARTESIAN_POINT('',(-2.684192287,-6.5,3.982176029));
#4921=DIRECTION('',(1.,0.,0.));
#4922=DIRECTION('',(0.,0.,-1.));
#4923=AXIS2_PLACEMENT_3D('',#4920,#4921,#4922);
#4924=PLANE('',#4923);
#4925=CARTESIAN_POINT('',(-2.684192287,-1.5,3.534344631));
#4926=DIRECTION('',(0.,0.,1.));
#4927=VECTOR('',#4926,8.956627954);
#4928=LINE('',#4925,#4927);
#4929=EDGE_CURVE('',#4900,#4734,#4928,.T.);
#4930=ORIENTED_EDGE('',*,*,#4929,.F.);
#4931=ORIENTED_EDGE('',*,*,#4914,.F.);
#4932=ORIENTED_EDGE('',*,*,#2742,.F.);
#4933=ORIENTED_EDGE('',*,*,#4747,.T.);
#4934=EDGE_LOOP('',(#4930,#4931,#4932,#4933));
#4935=FACE_BOUND('',#4934,.T.);
#4936=ADVANCED_FACE('',(#4935),#4924,.F.);
#4937=OVER_RIDING_STYLED_ITEM('',(#2558),#4936,#26);
#4938=CARTESIAN_POINT('',(0.,-1.5,6.5));
#4939=DIRECTION('',(0.,-1.,0.));
#4940=DIRECTION('',(0.,0.,-1.));
#4941=AXIS2_PLACEMENT_3D('',#4938,#4939,#4940);
#4942=PLANE('',#4941);
#4943=ORIENTED_EDGE('',*,*,#4741,.T.);
#4944=CARTESIAN_POINT('',(0.,-1.5,6.5));
#4945=DIRECTION('',(-0.,1.,0.));
#4946=DIRECTION('',(1.,0.,0.));
#4947=AXIS2_PLACEMENT_3D('',#4944,#4945,#4946);
#4948=CIRCLE('',#4947,4.);
#4949=EDGE_CURVE('',#4736,#4766,#4948,.T.);
#4950=ORIENTED_EDGE('',*,*,#4949,.T.);
#4951=ORIENTED_EDGE('',*,*,#4787,.T.);
#4952=ORIENTED_EDGE('',*,*,#4804,.T.);
#4953=ORIENTED_EDGE('',*,*,#4830,.T.);
#4954=ORIENTED_EDGE('',*,*,#4855,.T.);
#4955=ORIENTED_EDGE('',*,*,#4880,.T.);
#4956=ORIENTED_EDGE('',*,*,#4906,.T.);
#4957=ORIENTED_EDGE('',*,*,#4929,.T.);
#4958=EDGE_LOOP('',(#4943,#4950,#4951,#4952,#4953,#4954,#4955,#4956,#4957));
#4959=FACE_BOUND('',#4958,.T.);
#4960=ORIENTED_EDGE('',*,*,#4698,.T.);
#4961=ORIENTED_EDGE('',*,*,#4705,.T.);
#4962=EDGE_LOOP('',(#4960,#4961));
#4963=FACE_BOUND('',#4962,.T.);
#4964=ADVANCED_FACE('',(#4959,#4963),#4942,.T.);
#4965=OVER_RIDING_STYLED_ITEM('',(#2558),#4964,#26);
#4966=CARTESIAN_POINT('',(0.,-6.5,0.));
#4967=DIRECTION('',(0.,-1.,0.));
#4968=DIRECTION('',(1.,0.,0.));
#4969=AXIS2_PLACEMENT_3D('',#4966,#4967,#4968);
#4970=PLANE('',#4969);
#4971=CARTESIAN_POINT('',(7.,-6.5,12.8));
#4972=VERTEX_POINT('',#4971);
#4973=CARTESIAN_POINT('',(-7.,-6.5,12.8));
#4974=VERTEX_POINT('',#4973);
#4975=CARTESIAN_POINT('',(133.,-6.5,12.8));
#4976=DIRECTION('',(-1.,0.,0.));
#4977=VECTOR('',#4976,140.);
#4978=LINE('',#4975,#4977);
#4979=EDGE_CURVE('',#4972,#4974,#4978,.T.);
#4980=ORIENTED_EDGE('',*,*,#4979,.T.);
#4981=CARTESIAN_POINT('',(-7.,-6.5,0.));
#4982=DIRECTION('',(0.,0.,1.));
#4983=VECTOR('',#4982,128.);
#4984=LINE('',#4981,#4983);
#4985=EDGE_CURVE('',#749,#4974,#4984,.T.);
#4986=ORIENTED_EDGE('',*,*,#4985,.F.);
#4987=ORIENTED_EDGE('',*,*,#756,.T.);
#4988=CARTESIAN_POINT('',(7.,-6.5,0.));
#4989=DIRECTION('',(0.,0.,1.));
#4990=VECTOR('',#4989,128.);
#4991=LINE('',#4988,#4990);
#4992=EDGE_CURVE('',#751,#4972,#4991,.T.);
#4993=ORIENTED_EDGE('',*,*,#4992,.T.);
#4994=EDGE_LOOP('',(#4980,#4986,#4987,#4993));
#4995=FACE_BOUND('',#4994,.T.);
#4996=ORIENTED_EDGE('',*,*,#4715,.T.);
#4997=ORIENTED_EDGE('',*,*,#4722,.T.);
#4998=EDGE_LOOP('',(#4996,#4997));
#4999=FACE_BOUND('',#4998,.T.);
#5000=ADVANCED_FACE('',(#4995,#4999),#4970,.T.);
#5001=OVER_RIDING_STYLED_ITEM('',(#863),#5000,#26);
#5002=CARTESIAN_POINT('',(0.,0.65,12.3));
#5003=DIRECTION('',(0.,-0.,1.));
#5004=DIRECTION('',(1.,0.,-0.));
#5005=AXIS2_PLACEMENT_3D('',#5002,#5003,#5004);
#5006=PLANE('',#5005);
#5007=ORIENTED_EDGE('',*,*,#1115,.T.);
#5008=CARTESIAN_POINT('',(-65.,6.,12.3));
#5009=DIRECTION('',(1.,0.,-0.));
#5010=VECTOR('',#5009,5.);
#5011=LINE('',#5008,#5010);
#5012=EDGE_CURVE('',#2189,#1102,#5011,.T.);
#5013=ORIENTED_EDGE('',*,*,#5012,.F.);
#5014=ORIENTED_EDGE('',*,*,#2194,.F.);
#5015=ORIENTED_EDGE('',*,*,#2308,.T.);
#5016=EDGE_LOOP('',(#5007,#5013,#5014,#5015));
#5017=FACE_BOUND('',#5016,.T.);
#5018=ADVANCED_FACE('',(#5017),#5006,.T.);
#5019=OVER_RIDING_STYLED_ITEM('',(#863),#5018,#26);
#5020=CARTESIAN_POINT('',(0.,-0.451886792,12.8));
#5021=DIRECTION('',(0.,0.,1.));
#5022=DIRECTION('',(1.,0.,0.));
#5023=AXIS2_PLACEMENT_3D('',#5020,#5021,#5022);
#5024=PLANE('',#5023);
#5025=CARTESIAN_POINT('',(-7.,-4.7,12.8));
#5026=VERTEX_POINT('',#5025);
#5027=CARTESIAN_POINT('',(7.,-4.7,12.8));
#5028=VERTEX_POINT('',#5027);
#5029=CARTESIAN_POINT('',(-11.5,-4.7,12.8));
#5030=DIRECTION('',(1.,0.,-0.));
#5031=VECTOR('',#5030,140.);
#5032=LINE('',#5029,#5031);
#5033=EDGE_CURVE('',#5026,#5028,#5032,.T.);
#5034=ORIENTED_EDGE('',*,*,#5033,.F.);
#5035=CARTESIAN_POINT('',(-7.,-22.7,12.8));
#5036=DIRECTION('',(0.,1.,0.));
#5037=VECTOR('',#5036,18.);
#5038=LINE('',#5035,#5037);
#5039=EDGE_CURVE('',#4974,#5026,#5038,.T.);
#5040=ORIENTED_EDGE('',*,*,#5039,.F.);
#5041=ORIENTED_EDGE('',*,*,#4979,.F.);
#5042=CARTESIAN_POINT('',(7.,11.5,12.8));
#5043=DIRECTION('',(0.,-1.,0.));
#5044=VECTOR('',#5043,18.);
#5045=LINE('',#5042,#5044);
#5046=EDGE_CURVE('',#5028,#4972,#5045,.T.);
#5047=ORIENTED_EDGE('',*,*,#5046,.F.);
#5048=EDGE_LOOP('',(#5034,#5040,#5041,#5047));
#5049=FACE_BOUND('',#5048,.T.);
#5050=ADVANCED_FACE('',(#5049),#5024,.T.);
#5051=OVER_RIDING_STYLED_ITEM('',(#863),#5050,#26);
#5052=CARTESIAN_POINT('',(-7.,-5.6,0.));
#5053=DIRECTION('',(-1.,0.,0.));
#5054=DIRECTION('',(0.,-1.,0.));
#5055=AXIS2_PLACEMENT_3D('',#5052,#5053,#5054);
#5056=PLANE('',#5055);
#5057=ORIENTED_EDGE('',*,*,#5039,.T.);
#5058=CARTESIAN_POINT('',(-7.,-4.7,0.));
#5059=DIRECTION('',(0.,0.,1.));
#5060=VECTOR('',#5059,128.);
#5061=LINE('',#5058,#5060);
#5062=EDGE_CURVE('',#759,#5026,#5061,.T.);
#5063=ORIENTED_EDGE('',*,*,#5062,.F.);
#5064=ORIENTED_EDGE('',*,*,#764,.T.);
#5065=ORIENTED_EDGE('',*,*,#4985,.T.);
#5066=EDGE_LOOP('',(#5057,#5063,#5064,#5065));
#5067=FACE_BOUND('',#5066,.T.);
#5068=ADVANCED_FACE('',(#5067),#5056,.T.);
#5069=OVER_RIDING_STYLED_ITEM('',(#863),#5068,#26);
#5070=CARTESIAN_POINT('',(0.,6.,0.));
#5071=DIRECTION('',(0.,1.,0.));
#5072=DIRECTION('',(-1.,0.,0.));
#5073=AXIS2_PLACEMENT_3D('',#5070,#5071,#5072);
#5074=PLANE('',#5073);
#5075=ORIENTED_EDGE('',*,*,#5012,.T.);
#5076=ORIENTED_EDGE('',*,*,#2284,.T.);
#5077=ORIENTED_EDGE('',*,*,#2373,.T.);
#5078=ORIENTED_EDGE('',*,*,#2254,.F.);
#5079=ORIENTED_EDGE('',*,*,#788,.T.);
#5080=ORIENTED_EDGE('',*,*,#2200,.T.);
#5081=EDGE_LOOP('',(#5075,#5076,#5077,#5078,#5079,#5080));
#5082=FACE_BOUND('',#5081,.T.);
#5083=ADVANCED_FACE('',(#5082),#5074,.T.);
#5084=OVER_RIDING_STYLED_ITEM('',(#863),#5083,#26);
#5085=CARTESIAN_POINT('',(6.75,-4.7,0.));
#5086=DIRECTION('',(0.,1.,0.));
#5087=DIRECTION('',(-1.,0.,0.));
#5088=AXIS2_PLACEMENT_3D('',#5085,#5086,#5087);
#5089=PLANE('',#5088);
#5090=ORIENTED_EDGE('',*,*,#5033,.T.);
#5091=CARTESIAN_POINT('',(7.,-4.7,0.));
#5092=DIRECTION('',(0.,0.,1.));
#5093=VECTOR('',#5092,128.);
#5094=LINE('',#5091,#5093);
#5095=EDGE_CURVE('',#799,#5028,#5094,.T.);
#5096=ORIENTED_EDGE('',*,*,#5095,.F.);
#5097=ORIENTED_EDGE('',*,*,#804,.T.);
#5098=ORIENTED_EDGE('',*,*,#2245,.T.);
#5099=ORIENTED_EDGE('',*,*,#2390,.F.);
#5100=ORIENTED_EDGE('',*,*,#2209,.F.);
#5101=ORIENTED_EDGE('',*,*,#772,.T.);
#5102=ORIENTED_EDGE('',*,*,#5062,.T.);
#5103=EDGE_LOOP('',(#5090,#5096,#5097,#5098,#5099,#5100,#5101,#5102));
#5104=FACE_BOUND('',#5103,.T.);
#5105=ADVANCED_FACE('',(#5104),#5089,.T.);
#5106=OVER_RIDING_STYLED_ITEM('',(#863),#5105,#26);
#5107=CARTESIAN_POINT('',(7.,-5.6,0.));
#5108=DIRECTION('',(1.,0.,0.));
#5109=DIRECTION('',(0.,1.,0.));
#5110=AXIS2_PLACEMENT_3D('',#5107,#5108,#5109);
#5111=PLANE('',#5110);
#5112=ORIENTED_EDGE('',*,*,#5046,.T.);
#5113=ORIENTED_EDGE('',*,*,#4992,.F.);
#5114=ORIENTED_EDGE('',*,*,#810,.T.);
#5115=ORIENTED_EDGE('',*,*,#5095,.T.);
#5116=EDGE_LOOP('',(#5112,#5113,#5114,#5115));
#5117=FACE_BOUND('',#5116,.T.);
#5118=ADVANCED_FACE('',(#5117),#5111,.T.);
#5119=OVER_RIDING_STYLED_ITEM('',(#863),#5118,#26);
#5120=CARTESIAN_POINT('',(0.,-6.5,6.5));
#5121=DIRECTION('',(-0.,1.,0.));
#5122=DIRECTION('',(1.,0.,0.));
#5123=AXIS2_PLACEMENT_3D('',#5120,#5121,#5122);
#5124=CYLINDRICAL_SURFACE('',#5123,4.);
#5125=ORIENTED_EDGE('',*,*,#4771,.F.);
#5126=ORIENTED_EDGE('',*,*,#4949,.F.);
#5127=ORIENTED_EDGE('',*,*,#4754,.F.);
#5128=ORIENTED_EDGE('',*,*,#2800,.F.);
#5129=EDGE_LOOP('',(#5125,#5126,#5127,#5128));
#5130=FACE_BOUND('',#5129,.T.);
#5131=ADVANCED_FACE('',(#5130),#5124,.T.);
#5132=OVER_RIDING_STYLED_ITEM('',(#2558),#5131,#26);
#5133=CLOSED_SHELL('',(#67,#107,#158,#169,#221,#232,#284,#295,#347,#358,#383,#408,#426,#478,#489,#541,#552,#604,#615,#667,#678,#730,#741,#856,#906,#986,
#1027,#1070,#1133,#1226,#1259,#1314,#1348,#1391,#1423,#1477,#1508,#1533,#1550,#1583,#1595,#1619,#1636,#1678,#1710,#1764,#1795,#1820,#1837,#1870,#1887,
#1899,#1916,#1948,#1972,#1997,#2021,#2046,#2070,#2094,#2112,#2136,#2168,#2219,#2264,#2289,#2315,#2342,#2359,#2377,#2395,#2436,#2467,#2498,#2520,#2551,
#2583,#2946,#2978,#3009,#3026,#3043,#3074,#3099,#3131,#3155,#3179,#3196,#3227,#3252,#3284,#3308,#3332,#3349,#3380,#3405,#3437,#3461,#3485,#3502,#3533,
#3558,#3590,#3614,#3638,#3655,#3686,#3711,#3743,#3767,#3791,#3808,#3839,#3864,#3896,#3927,#3944,#3961,#3992,#4017,#4049,#4073,#4097,#4114,#4145,#4170,
#4195,#4213,#4226,#4251,#4269,#4282,#4307,#4325,#4338,#4363,#4381,#4394,#4419,#4437,#4450,#4475,#4493,#4506,#4531,#4549,#4562,#4587,#4605,#4618,#4643,
#4661,#4674,#4726,#4758,#4791,#4816,#4842,#4867,#4892,#4918,#4936,#4964,#5000,#5018,#5050,#5068,#5083,#5105,#5118,#5131));
#5134=MANIFOLD_SOLID_BREP('alibrePartClosedBody',#5133);
#5135=COLOUR_RGB('',0.882352948,0.882352948,0.882352948);
#5136=FILL_AREA_STYLE_COLOUR('',#5135);
#5137=FILL_AREA_STYLE('',(#5136));
#5138=SURFACE_STYLE_FILL_AREA(#5137);
#5139=SURFACE_SIDE_STYLE('',(#5138));
#5140=SURFACE_STYLE_USAGE(.BOTH.,#5139);
#5141=PRESENTATION_STYLE_ASSIGNMENT((#5140));
#26=STYLED_ITEM('',(#5141),#5134);
#16=SHAPE_REPRESENTATION('Conn_Mini_DIN_round_9_canned',(#15),#10);
#17=ADVANCED_BREP_SHAPE_REPRESENTATION('Conn_Mini_DIN_round_9_canned',(#5134),#10);
#5149=SHAPE_REPRESENTATION_RELATIONSHIP('','',#16,#17);
#5150=CARTESIAN_POINT('',(0.,0.,0.));
#5151=DIRECTION('',(0.,0.,1.));
#5152=DIRECTION('',(1.,0.,0.));
#5153=AXIS2_PLACEMENT_3D('',#5150,#5151,#5152);
#5155=MAPPED_ITEM('',#5154,#5153);
#5154=REPRESENTATION_MAP(#5153,#16);
#5156=APPLICATION_CONTEXT('Managed model based 3d engineering');
#5157=APPLICATION_PROTOCOL_DEFINITION('international standard','ap242_managed_model_based_3d_engineering',2013,#5156);
#5158=PRODUCT_CONTEXT('',#5156,'mechanical');
#5159=PRODUCT_DEFINITION_CONTEXT('part definition',#5156,'design');
#24=PRODUCT('Conn_Mini_DIN_round_9_canned','Conn_Mini_DIN_round_9_canned','',(#5158));
#5160=PRODUCT_RELATED_PRODUCT_CATEGORY('part','',(#24));
#5161=PRODUCT_DEFINITION_FORMATION_WITH_SPECIFIED_SOURCE('','',#24,.NOT_KNOWN.);
#25=PRODUCT_DEFINITION('design','',#5161,#5159);
#23=PRODUCT_DEFINITION_SHAPE('','',#25);
#5162=SHAPE_DEFINITION_REPRESENTATION(#23,#16);
#11=DRAUGHTING_MODEL('',(#5155),#10);
#1=MECHANICAL_DESIGN_GEOMETRIC_PRESENTATION_REPRESENTATION('',(#75,#159,#170,#222,#233,#285,#296,#348,#359,#384,#409,#427,#479,#490,#542,#553,#605,#616,#668,#679,#731,#742,#864,#987,#1028,#1134,
#1227,#1315,#1349,#2220,#2265,#2290,#2316,#2343,#2360,#2378,#2396,#2559,#2584,#2947,#3075,#3100,#3228,#3253,#3381,#3406,#3534,#3559,#3687,#3712,#3840,
#3865,#3993,#4018,#4146,#4171,#4196,#4214,#4227,#4252,#4270,#4283,#4308,#4326,#4339,#4364,#4382,#4395,#4420,#4438,#4451,#4476,#4494,#4507,#4532,#4550,
#4563,#4588,#4606,#4619,#4644,#4662,#4675,#4727,#4759,#4792,#4817,#4843,#4868,#4893,#4919,#4937,#4965,#5001,#5019,#5051,#5069,#5084,#5106,#5119,#5132,
#26),#10);
ENDSEC;
END-ISO-10303-21;
