ISO-10303-21;
HEADER;

/* File generated by Alibre Version V28 */

FILE_DESCRIPTION(('HOOPS Exchange Step'),'2;1');

FILE_NAME('C:\\Users\\runds\\AppData\\Local\\Temp\\Alibre Design\\28.0.2.28126\\export-33BD227A-2017-4AF2-8612-BAE40B74A031.stp',
'2025-02-06T11:24:46+01:00',
('runds'),
('Alibre'),
'HOOPS Exchange 2024.5',
'Alibre',
'Unknown authorisation');

FILE_SCHEMA( ('AP242_MANAGED_MODEL_BASED_3D_ENGINEERING_MIM_LF {1 0 10303 442 1 1 4 }') );

ENDSEC;

DATA;
#3=(NAMED_UNIT(*)PLANE_ANGLE_UNIT()SI_UNIT($,.RADIAN.));
#4=PLANE_ANGLE_MEASURE_WITH_UNIT(PLANE_ANGLE_MEASURE(0.0174532925),#3);
#5=(CONVERSION_BASED_UNIT('DEGREE',#4)NAMED_UNIT(#6)PLANE_ANGLE_UNIT());
#6=DIMENSIONAL_EXPONENTS(0.,0.,0.,0.,0.,0.,0.);
#7=(NAMED_UNIT(*)SI_UNIT($,.STERADIAN.)SOLID_ANGLE_UNIT());
#8=(LENGTH_UNIT()NAMED_UNIT(*)SI_UNIT(.MILLI.,.METRE.));
#9=UNCERTAINTY_MEASURE_WITH_UNIT(LENGTH_MEASURE(1.000000E-06),#8,'DISTANCE_ACCURACY_VALUE','Maximum Tolerance applied to model');
#10=(GEOMETRIC_REPRESENTATION_CONTEXT(3)GLOBAL_UNCERTAINTY_ASSIGNED_CONTEXT((#9))GLOBAL_UNIT_ASSIGNED_CONTEXT((#8,#5,#7))REPRESENTATION_CONTEXT('','Conn_Mini_DIN_round_5'));
#12=CARTESIAN_POINT('',(0.,0.,0.));
#13=DIRECTION('',(0.,0.,1.));
#14=DIRECTION('',(1.,0.,0.));
#15=AXIS2_PLACEMENT_3D('',#12,#13,#14);
#27=CARTESIAN_POINT('',(0.,-1.568851024,0.));
#28=DIRECTION('',(0.,1.,0.));
#29=DIRECTION('',(1.,0.,0.));
#30=AXIS2_PLACEMENT_3D('',#27,#28,#29);
#31=PLANE('',#30);
#32=CARTESIAN_POINT('',(-1.,-1.568851024,-2.5));
#33=VERTEX_POINT('',#32);
#34=CARTESIAN_POINT('',(1.,-1.568851024,-2.5));
#35=VERTEX_POINT('',#34);
#36=CARTESIAN_POINT('',(0.,-1.568851024,-2.5));
#37=DIRECTION('',(0.,-1.,-0.));
#38=DIRECTION('',(-0.707106781,0.,-0.707106781));
#39=AXIS2_PLACEMENT_3D('',#36,#37,#38);
#40=CIRCLE('',#39,1.);
#41=EDGE_CURVE('',#33,#35,#40,.T.);
#42=ORIENTED_EDGE('',*,*,#41,.F.);
#43=CARTESIAN_POINT('',(-1.,-1.568851024,0.));
#44=VERTEX_POINT('',#43);
#45=CARTESIAN_POINT('',(-1.,-1.568851024,0.));
#46=DIRECTION('',(0.,0.,-1.));
#47=VECTOR('',#46,25.);
#48=LINE('',#45,#47);
#49=EDGE_CURVE('',#44,#33,#48,.T.);
#50=ORIENTED_EDGE('',*,*,#49,.F.);
#51=CARTESIAN_POINT('',(1.,-1.568851024,0.));
#52=VERTEX_POINT('',#51);
#53=CARTESIAN_POINT('',(10.,-1.568851024,0.));
#54=DIRECTION('',(-1.,0.,0.));
#55=VECTOR('',#54,20.);
#56=LINE('',#53,#55);
#57=EDGE_CURVE('',#52,#44,#56,.T.);
#58=ORIENTED_EDGE('',*,*,#57,.F.);
#59=CARTESIAN_POINT('',(1.,-1.568851024,0.));
#60=DIRECTION('',(0.,0.,-1.));
#61=VECTOR('',#60,25.);
#62=LINE('',#59,#61);
#63=EDGE_CURVE('',#52,#35,#62,.T.);
#64=ORIENTED_EDGE('',*,*,#63,.T.);
#65=EDGE_LOOP('',(#42,#50,#58,#64));
#66=FACE_BOUND('',#65,.T.);
#67=ADVANCED_FACE('',(#66),#31,.T.);
#68=COLOUR_RGB('',0.752941191,0.752941191,0.752941191);
#69=FILL_AREA_STYLE_COLOUR('',#68);
#70=FILL_AREA_STYLE('',(#69));
#71=SURFACE_STYLE_FILL_AREA(#70);
#72=SURFACE_SIDE_STYLE('',(#71));
#73=SURFACE_STYLE_USAGE(.BOTH.,#72);
#74=PRESENTATION_STYLE_ASSIGNMENT((#73));
#75=OVER_RIDING_STYLED_ITEM('',(#74),#67,#26);
#76=CARTESIAN_POINT('',(0.,-1.818851024,-2.5));
#77=DIRECTION('',(0.,-1.,-0.));
#78=DIRECTION('',(-0.707106781,0.,-0.707106781));
#79=AXIS2_PLACEMENT_3D('',#76,#77,#78);
#80=CYLINDRICAL_SURFACE('',#79,1.);
#81=CARTESIAN_POINT('',(1.,-2.068851024,-2.5));
#82=VERTEX_POINT('',#81);
#83=CARTESIAN_POINT('',(-1.,-2.068851024,-2.5));
#84=VERTEX_POINT('',#83);
#85=CARTESIAN_POINT('',(0.,-2.068851024,-2.5));
#86=DIRECTION('',(0.,1.,0.));
#87=DIRECTION('',(0.707106781,0.,-0.707106781));
#88=AXIS2_PLACEMENT_3D('',#85,#86,#87);
#89=CIRCLE('',#88,1.);
#90=EDGE_CURVE('',#82,#84,#89,.T.);
#91=ORIENTED_EDGE('',*,*,#90,.T.);
#92=CARTESIAN_POINT('',(-1.,-4.318851024,-2.5));
#93=DIRECTION('',(0.,1.,0.));
#94=VECTOR('',#93,5.);
#95=LINE('',#92,#94);
#96=EDGE_CURVE('',#84,#33,#95,.T.);
#97=ORIENTED_EDGE('',*,*,#96,.T.);
#98=ORIENTED_EDGE('',*,*,#41,.T.);
#99=CARTESIAN_POINT('',(1.,0.681148976,-2.5));
#100=DIRECTION('',(0.,-1.,0.));
#101=VECTOR('',#100,5.);
#102=LINE('',#99,#101);
#103=EDGE_CURVE('',#35,#82,#102,.T.);
#104=ORIENTED_EDGE('',*,*,#103,.T.);
#105=EDGE_LOOP('',(#91,#97,#98,#104));
#106=FACE_BOUND('',#105,.T.);
#107=ADVANCED_FACE('',(#106),#80,.T.);
#108=COLOUR_RGB('',0.882352948,0.882352948,0.882352948);
#109=FILL_AREA_STYLE_COLOUR('',#108);
#110=FILL_AREA_STYLE('',(#109));
#111=SURFACE_STYLE_FILL_AREA(#110);
#112=SURFACE_SIDE_STYLE('',(#111));
#113=SURFACE_STYLE_USAGE(.BOTH.,#112);
#114=PRESENTATION_STYLE_ASSIGNMENT((#113));
#115=OVER_RIDING_STYLED_ITEM('',(#114),#107,#26);
#116=CARTESIAN_POINT('',(-3.4,4.5,0.));
#117=DIRECTION('',(0.,0.,-1.));
#118=DIRECTION('',(-1.,0.,0.));
#119=AXIS2_PLACEMENT_3D('',#116,#117,#118);
#120=CYLINDRICAL_SURFACE('',#119,0.35);
#121=CARTESIAN_POINT('',(-3.05,4.5,-3.5));
#122=VERTEX_POINT('',#121);
#123=CARTESIAN_POINT('',(-3.05,4.5,0.));
#124=VERTEX_POINT('',#123);
#125=CARTESIAN_POINT('',(-3.05,4.5,-3.5));
#126=DIRECTION('',(-0.,-0.,1.));
#127=VECTOR('',#126,3.5);
#128=LINE('',#125,#127);
#129=EDGE_CURVE('',#122,#124,#128,.T.);
#130=ORIENTED_EDGE('',*,*,#129,.T.);
#131=CARTESIAN_POINT('',(-3.75,4.5,0.));
#132=VERTEX_POINT('',#131);
#133=CARTESIAN_POINT('',(-3.4,4.5,0.));
#134=DIRECTION('',(0.,0.,1.));
#135=DIRECTION('',(-1.,0.,0.));
#136=AXIS2_PLACEMENT_3D('',#133,#134,#135);
#137=CIRCLE('',#136,0.35);
#138=EDGE_CURVE('',#132,#124,#137,.T.);
#139=ORIENTED_EDGE('',*,*,#138,.F.);
#140=CARTESIAN_POINT('',(-3.4,4.5,0.));
#141=DIRECTION('',(0.,0.,1.));
#142=DIRECTION('',(-1.,0.,0.));
#143=AXIS2_PLACEMENT_3D('',#140,#141,#142);
#144=CIRCLE('',#143,0.35);
#145=EDGE_CURVE('',#124,#132,#144,.T.);
#146=ORIENTED_EDGE('',*,*,#145,.F.);
#147=ORIENTED_EDGE('',*,*,#129,.F.);
#148=CARTESIAN_POINT('',(-3.75,4.5,-3.5));
#149=VERTEX_POINT('',#148);
#150=CARTESIAN_POINT('',(-3.4,4.5,-3.5));
#151=DIRECTION('',(0.,0.,1.));
#152=DIRECTION('',(-1.,0.,0.));
#153=AXIS2_PLACEMENT_3D('',#150,#151,#152);
#154=CIRCLE('',#153,0.35);
#155=EDGE_CURVE('',#122,#149,#154,.T.);
#156=ORIENTED_EDGE('',*,*,#155,.T.);
#157=CARTESIAN_POINT('',(-3.4,4.5,-3.5));
#158=DIRECTION('',(0.,0.,1.));
#159=DIRECTION('',(-1.,0.,0.));
#160=AXIS2_PLACEMENT_3D('',#157,#158,#159);
#161=CIRCLE('',#160,0.35);
#162=EDGE_CURVE('',#149,#122,#161,.T.);
#163=ORIENTED_EDGE('',*,*,#162,.T.);
#164=EDGE_LOOP('',(#130,#139,#146,#147,#156,#163));
#165=FACE_BOUND('',#164,.T.);
#166=ADVANCED_FACE('',(#165),#120,.T.);
#167=OVER_RIDING_STYLED_ITEM('',(#74),#166,#26);
#168=CARTESIAN_POINT('',(-3.4,4.5,-3.5));
#169=DIRECTION('',(0.,0.,-1.));
#170=DIRECTION('',(-1.,0.,0.));
#171=AXIS2_PLACEMENT_3D('',#168,#169,#170);
#172=PLANE('',#171);
#173=ORIENTED_EDGE('',*,*,#155,.F.);
#174=ORIENTED_EDGE('',*,*,#162,.F.);
#175=EDGE_LOOP('',(#173,#174));
#176=FACE_BOUND('',#175,.T.);
#177=ADVANCED_FACE('',(#176),#172,.T.);
#178=OVER_RIDING_STYLED_ITEM('',(#74),#177,#26);
#179=CARTESIAN_POINT('',(1.3,2.,0.));
#180=DIRECTION('',(0.,0.,-1.));
#181=DIRECTION('',(-1.,0.,0.));
#182=AXIS2_PLACEMENT_3D('',#179,#180,#181);
#183=CYLINDRICAL_SURFACE('',#182,0.35);
#184=CARTESIAN_POINT('',(1.65,2.,-3.5));
#185=VERTEX_POINT('',#184);
#186=CARTESIAN_POINT('',(1.65,2.,0.));
#187=VERTEX_POINT('',#186);
#188=CARTESIAN_POINT('',(1.65,2.,-3.5));
#189=DIRECTION('',(-0.,-0.,1.));
#190=VECTOR('',#189,3.5);
#191=LINE('',#188,#190);
#192=EDGE_CURVE('',#185,#187,#191,.T.);
#193=ORIENTED_EDGE('',*,*,#192,.T.);
#194=CARTESIAN_POINT('',(0.95,2.,0.));
#195=VERTEX_POINT('',#194);
#196=CARTESIAN_POINT('',(1.3,2.,0.));
#197=DIRECTION('',(0.,0.,1.));
#198=DIRECTION('',(-1.,0.,0.));
#199=AXIS2_PLACEMENT_3D('',#196,#197,#198);
#200=CIRCLE('',#199,0.35);
#201=EDGE_CURVE('',#195,#187,#200,.T.);
#202=ORIENTED_EDGE('',*,*,#201,.F.);
#203=CARTESIAN_POINT('',(1.3,2.,0.));
#204=DIRECTION('',(0.,0.,1.));
#205=DIRECTION('',(-1.,0.,0.));
#206=AXIS2_PLACEMENT_3D('',#203,#204,#205);
#207=CIRCLE('',#206,0.35);
#208=EDGE_CURVE('',#187,#195,#207,.T.);
#209=ORIENTED_EDGE('',*,*,#208,.F.);
#210=ORIENTED_EDGE('',*,*,#192,.F.);
#211=CARTESIAN_POINT('',(0.95,2.,-3.5));
#212=VERTEX_POINT('',#211);
#213=CARTESIAN_POINT('',(1.3,2.,-3.5));
#214=DIRECTION('',(0.,0.,1.));
#215=DIRECTION('',(-1.,0.,0.));
#216=AXIS2_PLACEMENT_3D('',#213,#214,#215);
#217=CIRCLE('',#216,0.35);
#218=EDGE_CURVE('',#185,#212,#217,.T.);
#219=ORIENTED_EDGE('',*,*,#218,.T.);
#220=CARTESIAN_POINT('',(1.3,2.,-3.5));
#221=DIRECTION('',(0.,0.,1.));
#222=DIRECTION('',(-1.,0.,0.));
#223=AXIS2_PLACEMENT_3D('',#220,#221,#222);
#224=CIRCLE('',#223,0.35);
#225=EDGE_CURVE('',#212,#185,#224,.T.);
#226=ORIENTED_EDGE('',*,*,#225,.T.);
#227=EDGE_LOOP('',(#193,#202,#209,#210,#219,#226));
#228=FACE_BOUND('',#227,.T.);
#229=ADVANCED_FACE('',(#228),#183,.T.);
#230=OVER_RIDING_STYLED_ITEM('',(#74),#229,#26);
#231=CARTESIAN_POINT('',(1.3,2.,-3.5));
#232=DIRECTION('',(0.,0.,-1.));
#233=DIRECTION('',(-1.,0.,0.));
#234=AXIS2_PLACEMENT_3D('',#231,#232,#233);
#235=PLANE('',#234);
#236=ORIENTED_EDGE('',*,*,#218,.F.);
#237=ORIENTED_EDGE('',*,*,#225,.F.);
#238=EDGE_LOOP('',(#236,#237));
#239=FACE_BOUND('',#238,.T.);
#240=ADVANCED_FACE('',(#239),#235,.T.);
#241=OVER_RIDING_STYLED_ITEM('',(#74),#240,#26);
#242=CARTESIAN_POINT('',(-1.,-1.818851024,0.));
#243=DIRECTION('',(-1.,0.,0.));
#244=DIRECTION('',(0.,1.,0.));
#245=AXIS2_PLACEMENT_3D('',#242,#243,#244);
#246=PLANE('',#245);
#247=ORIENTED_EDGE('',*,*,#96,.F.);
#248=CARTESIAN_POINT('',(-1.,-2.068851024,0.));
#249=VERTEX_POINT('',#248);
#250=CARTESIAN_POINT('',(-1.,-2.068851024,0.));
#251=DIRECTION('',(0.,0.,-1.));
#252=VECTOR('',#251,25.);
#253=LINE('',#250,#252);
#254=EDGE_CURVE('',#249,#84,#253,.T.);
#255=ORIENTED_EDGE('',*,*,#254,.F.);
#256=CARTESIAN_POINT('',(-1.,-5.470190065,0.));
#257=DIRECTION('',(0.,-1.,0.));
#258=VECTOR('',#257,5.);
#259=LINE('',#256,#258);
#260=EDGE_CURVE('',#44,#249,#259,.T.);
#261=ORIENTED_EDGE('',*,*,#260,.F.);
#262=ORIENTED_EDGE('',*,*,#49,.T.);
#263=EDGE_LOOP('',(#247,#255,#261,#262));
#264=FACE_BOUND('',#263,.T.);
#265=ADVANCED_FACE('',(#264),#246,.T.);
#266=OVER_RIDING_STYLED_ITEM('',(#74),#265,#26);
#267=CARTESIAN_POINT('',(0.,-2.068851024,0.));
#268=DIRECTION('',(0.,-1.,0.));
#269=DIRECTION('',(-1.,0.,0.));
#270=AXIS2_PLACEMENT_3D('',#267,#268,#269);
#271=PLANE('',#270);
#272=ORIENTED_EDGE('',*,*,#90,.F.);
#273=CARTESIAN_POINT('',(1.,-2.068851024,0.));
#274=VERTEX_POINT('',#273);
#275=CARTESIAN_POINT('',(1.,-2.068851024,0.));
#276=DIRECTION('',(0.,0.,-1.));
#277=VECTOR('',#276,25.);
#278=LINE('',#275,#277);
#279=EDGE_CURVE('',#274,#82,#278,.T.);
#280=ORIENTED_EDGE('',*,*,#279,.F.);
#281=CARTESIAN_POINT('',(-10.,-2.068851024,0.));
#282=DIRECTION('',(1.,0.,-0.));
#283=VECTOR('',#282,20.);
#284=LINE('',#281,#283);
#285=EDGE_CURVE('',#249,#274,#284,.T.);
#286=ORIENTED_EDGE('',*,*,#285,.F.);
#287=ORIENTED_EDGE('',*,*,#254,.T.);
#288=EDGE_LOOP('',(#272,#280,#286,#287));
#289=FACE_BOUND('',#288,.T.);
#290=ADVANCED_FACE('',(#289),#271,.T.);
#291=OVER_RIDING_STYLED_ITEM('',(#74),#290,#26);
#292=CARTESIAN_POINT('',(1.,-1.818851024,0.));
#293=DIRECTION('',(1.,0.,0.));
#294=DIRECTION('',(0.,-1.,0.));
#295=AXIS2_PLACEMENT_3D('',#292,#293,#294);
#296=PLANE('',#295);
#297=ORIENTED_EDGE('',*,*,#103,.F.);
#298=ORIENTED_EDGE('',*,*,#63,.F.);
#299=CARTESIAN_POINT('',(1.,-10.470190065,0.));
#300=DIRECTION('',(0.,1.,0.));
#301=VECTOR('',#300,5.);
#302=LINE('',#299,#301);
#303=EDGE_CURVE('',#274,#52,#302,.T.);
#304=ORIENTED_EDGE('',*,*,#303,.F.);
#305=ORIENTED_EDGE('',*,*,#279,.T.);
#306=EDGE_LOOP('',(#297,#298,#304,#305));
#307=FACE_BOUND('',#306,.T.);
#308=ADVANCED_FACE('',(#307),#296,.T.);
#309=OVER_RIDING_STYLED_ITEM('',(#74),#308,#26);
#310=CARTESIAN_POINT('',(-3.4,2.,0.));
#311=DIRECTION('',(0.,0.,-1.));
#312=DIRECTION('',(-1.,0.,0.));
#313=AXIS2_PLACEMENT_3D('',#310,#311,#312);
#314=CYLINDRICAL_SURFACE('',#313,0.35);
#315=CARTESIAN_POINT('',(-3.05,2.,-3.5));
#316=VERTEX_POINT('',#315);
#317=CARTESIAN_POINT('',(-3.05,2.,0.));
#318=VERTEX_POINT('',#317);
#319=CARTESIAN_POINT('',(-3.05,2.,-3.5));
#320=DIRECTION('',(-0.,-0.,1.));
#321=VECTOR('',#320,3.5);
#322=LINE('',#319,#321);
#323=EDGE_CURVE('',#316,#318,#322,.T.);
#324=ORIENTED_EDGE('',*,*,#323,.T.);
#325=CARTESIAN_POINT('',(-3.75,2.,0.));
#326=VERTEX_POINT('',#325);
#327=CARTESIAN_POINT('',(-3.4,2.,0.));
#328=DIRECTION('',(0.,0.,1.));
#329=DIRECTION('',(-1.,0.,0.));
#330=AXIS2_PLACEMENT_3D('',#327,#328,#329);
#331=CIRCLE('',#330,0.35);
#332=EDGE_CURVE('',#326,#318,#331,.T.);
#333=ORIENTED_EDGE('',*,*,#332,.F.);
#334=CARTESIAN_POINT('',(-3.4,2.,0.));
#335=DIRECTION('',(0.,0.,1.));
#336=DIRECTION('',(-1.,0.,0.));
#337=AXIS2_PLACEMENT_3D('',#334,#335,#336);
#338=CIRCLE('',#337,0.35);
#339=EDGE_CURVE('',#318,#326,#338,.T.);
#340=ORIENTED_EDGE('',*,*,#339,.F.);
#341=ORIENTED_EDGE('',*,*,#323,.F.);
#342=CARTESIAN_POINT('',(-3.75,2.,-3.5));
#343=VERTEX_POINT('',#342);
#344=CARTESIAN_POINT('',(-3.4,2.,-3.5));
#345=DIRECTION('',(0.,0.,1.));
#346=DIRECTION('',(-1.,0.,0.));
#347=AXIS2_PLACEMENT_3D('',#344,#345,#346);
#348=CIRCLE('',#347,0.35);
#349=EDGE_CURVE('',#316,#343,#348,.T.);
#350=ORIENTED_EDGE('',*,*,#349,.T.);
#351=CARTESIAN_POINT('',(-3.4,2.,-3.5));
#352=DIRECTION('',(0.,0.,1.));
#353=DIRECTION('',(-1.,0.,0.));
#354=AXIS2_PLACEMENT_3D('',#351,#352,#353);
#355=CIRCLE('',#354,0.35);
#356=EDGE_CURVE('',#343,#316,#355,.T.);
#357=ORIENTED_EDGE('',*,*,#356,.T.);
#358=EDGE_LOOP('',(#324,#333,#340,#341,#350,#357));
#359=FACE_BOUND('',#358,.T.);
#360=ADVANCED_FACE('',(#359),#314,.T.);
#361=OVER_RIDING_STYLED_ITEM('',(#74),#360,#26);
#362=CARTESIAN_POINT('',(-3.4,2.,-3.5));
#363=DIRECTION('',(0.,0.,-1.));
#364=DIRECTION('',(-1.,0.,0.));
#365=AXIS2_PLACEMENT_3D('',#362,#363,#364);
#366=PLANE('',#365);
#367=ORIENTED_EDGE('',*,*,#349,.F.);
#368=ORIENTED_EDGE('',*,*,#356,.F.);
#369=EDGE_LOOP('',(#367,#368));
#370=FACE_BOUND('',#369,.T.);
#371=ADVANCED_FACE('',(#370),#366,.T.);
#372=OVER_RIDING_STYLED_ITEM('',(#74),#371,#26);
#373=CARTESIAN_POINT('',(3.400006082,2.,0.));
#374=DIRECTION('',(0.,0.,-1.));
#375=DIRECTION('',(-1.,0.,0.));
#376=AXIS2_PLACEMENT_3D('',#373,#374,#375);
#377=CYLINDRICAL_SURFACE('',#376,0.35);
#378=CARTESIAN_POINT('',(3.750006082,2.,-3.5));
#379=VERTEX_POINT('',#378);
#380=CARTESIAN_POINT('',(3.750006082,2.,0.));
#381=VERTEX_POINT('',#380);
#382=CARTESIAN_POINT('',(3.750006082,2.,-3.5));
#383=DIRECTION('',(-0.,-0.,1.));
#384=VECTOR('',#383,3.5);
#385=LINE('',#382,#384);
#386=EDGE_CURVE('',#379,#381,#385,.T.);
#387=ORIENTED_EDGE('',*,*,#386,.T.);
#388=CARTESIAN_POINT('',(3.050006082,2.,0.));
#389=VERTEX_POINT('',#388);
#390=CARTESIAN_POINT('',(3.400006082,2.,0.));
#391=DIRECTION('',(0.,0.,1.));
#392=DIRECTION('',(-1.,0.,0.));
#393=AXIS2_PLACEMENT_3D('',#390,#391,#392);
#394=CIRCLE('',#393,0.35);
#395=EDGE_CURVE('',#389,#381,#394,.T.);
#396=ORIENTED_EDGE('',*,*,#395,.F.);
#397=CARTESIAN_POINT('',(3.400006082,2.,0.));
#398=DIRECTION('',(0.,0.,1.));
#399=DIRECTION('',(-1.,0.,0.));
#400=AXIS2_PLACEMENT_3D('',#397,#398,#399);
#401=CIRCLE('',#400,0.35);
#402=EDGE_CURVE('',#381,#389,#401,.T.);
#403=ORIENTED_EDGE('',*,*,#402,.F.);
#404=ORIENTED_EDGE('',*,*,#386,.F.);
#405=CARTESIAN_POINT('',(3.050006082,2.,-3.5));
#406=VERTEX_POINT('',#405);
#407=CARTESIAN_POINT('',(3.400006082,2.,-3.5));
#408=DIRECTION('',(0.,0.,1.));
#409=DIRECTION('',(-1.,0.,0.));
#410=AXIS2_PLACEMENT_3D('',#407,#408,#409);
#411=CIRCLE('',#410,0.35);
#412=EDGE_CURVE('',#379,#406,#411,.T.);
#413=ORIENTED_EDGE('',*,*,#412,.T.);
#414=CARTESIAN_POINT('',(3.400006082,2.,-3.5));
#415=DIRECTION('',(0.,0.,1.));
#416=DIRECTION('',(-1.,0.,0.));
#417=AXIS2_PLACEMENT_3D('',#414,#415,#416);
#418=CIRCLE('',#417,0.35);
#419=EDGE_CURVE('',#406,#379,#418,.T.);
#420=ORIENTED_EDGE('',*,*,#419,.T.);
#421=EDGE_LOOP('',(#387,#396,#403,#404,#413,#420));
#422=FACE_BOUND('',#421,.T.);
#423=ADVANCED_FACE('',(#422),#377,.T.);
#424=OVER_RIDING_STYLED_ITEM('',(#74),#423,#26);
#425=CARTESIAN_POINT('',(3.400006082,2.,-3.5));
#426=DIRECTION('',(0.,0.,-1.));
#427=DIRECTION('',(-1.,0.,0.));
#428=AXIS2_PLACEMENT_3D('',#425,#426,#427);
#429=PLANE('',#428);
#430=ORIENTED_EDGE('',*,*,#412,.F.);
#431=ORIENTED_EDGE('',*,*,#419,.F.);
#432=EDGE_LOOP('',(#430,#431));
#433=FACE_BOUND('',#432,.T.);
#434=ADVANCED_FACE('',(#433),#429,.T.);
#435=OVER_RIDING_STYLED_ITEM('',(#74),#434,#26);
#436=CARTESIAN_POINT('',(3.400006082,4.5,0.));
#437=DIRECTION('',(0.,0.,-1.));
#438=DIRECTION('',(-1.,0.,0.));
#439=AXIS2_PLACEMENT_3D('',#436,#437,#438);
#440=CYLINDRICAL_SURFACE('',#439,0.35);
#441=CARTESIAN_POINT('',(3.750006082,4.5,-3.5));
#442=VERTEX_POINT('',#441);
#443=CARTESIAN_POINT('',(3.750006082,4.5,0.));
#444=VERTEX_POINT('',#443);
#445=CARTESIAN_POINT('',(3.750006082,4.5,-3.5));
#446=DIRECTION('',(-0.,-0.,1.));
#447=VECTOR('',#446,3.5);
#448=LINE('',#445,#447);
#449=EDGE_CURVE('',#442,#444,#448,.T.);
#450=ORIENTED_EDGE('',*,*,#449,.T.);
#451=CARTESIAN_POINT('',(3.050006082,4.5,0.));
#452=VERTEX_POINT('',#451);
#453=CARTESIAN_POINT('',(3.400006082,4.5,0.));
#454=DIRECTION('',(0.,0.,1.));
#455=DIRECTION('',(-1.,0.,0.));
#456=AXIS2_PLACEMENT_3D('',#453,#454,#455);
#457=CIRCLE('',#456,0.35);
#458=EDGE_CURVE('',#452,#444,#457,.T.);
#459=ORIENTED_EDGE('',*,*,#458,.F.);
#460=CARTESIAN_POINT('',(3.400006082,4.5,0.));
#461=DIRECTION('',(0.,0.,1.));
#462=DIRECTION('',(-1.,0.,0.));
#463=AXIS2_PLACEMENT_3D('',#460,#461,#462);
#464=CIRCLE('',#463,0.35);
#465=EDGE_CURVE('',#444,#452,#464,.T.);
#466=ORIENTED_EDGE('',*,*,#465,.F.);
#467=ORIENTED_EDGE('',*,*,#449,.F.);
#468=CARTESIAN_POINT('',(3.050006082,4.5,-3.5));
#469=VERTEX_POINT('',#468);
#470=CARTESIAN_POINT('',(3.400006082,4.5,-3.5));
#471=DIRECTION('',(0.,0.,1.));
#472=DIRECTION('',(-1.,0.,0.));
#473=AXIS2_PLACEMENT_3D('',#470,#471,#472);
#474=CIRCLE('',#473,0.35);
#475=EDGE_CURVE('',#442,#469,#474,.T.);
#476=ORIENTED_EDGE('',*,*,#475,.T.);
#477=CARTESIAN_POINT('',(3.400006082,4.5,-3.5));
#478=DIRECTION('',(0.,0.,1.));
#479=DIRECTION('',(-1.,0.,0.));
#480=AXIS2_PLACEMENT_3D('',#477,#478,#479);
#481=CIRCLE('',#480,0.35);
#482=EDGE_CURVE('',#469,#442,#481,.T.);
#483=ORIENTED_EDGE('',*,*,#482,.T.);
#484=EDGE_LOOP('',(#450,#459,#466,#467,#476,#483));
#485=FACE_BOUND('',#484,.T.);
#486=ADVANCED_FACE('',(#485),#440,.T.);
#487=OVER_RIDING_STYLED_ITEM('',(#74),#486,#26);
#488=CARTESIAN_POINT('',(3.400006082,4.5,-3.5));
#489=DIRECTION('',(0.,0.,-1.));
#490=DIRECTION('',(-1.,0.,0.));
#491=AXIS2_PLACEMENT_3D('',#488,#489,#490);
#492=PLANE('',#491);
#493=ORIENTED_EDGE('',*,*,#475,.F.);
#494=ORIENTED_EDGE('',*,*,#482,.F.);
#495=EDGE_LOOP('',(#493,#494));
#496=FACE_BOUND('',#495,.T.);
#497=ADVANCED_FACE('',(#496),#492,.T.);
#498=OVER_RIDING_STYLED_ITEM('',(#74),#497,#26);
#499=CARTESIAN_POINT('',(0.,-0.451886792,0.));
#500=DIRECTION('',(0.,0.,1.));
#501=DIRECTION('',(1.,0.,0.));
#502=AXIS2_PLACEMENT_3D('',#499,#500,#501);
#503=PLANE('',#502);
#504=CARTESIAN_POINT('',(-7.,-6.5,0.));
#505=VERTEX_POINT('',#504);
#506=CARTESIAN_POINT('',(7.,-6.5,0.));
#507=VERTEX_POINT('',#506);
#508=CARTESIAN_POINT('',(-7.,-6.5,0.));
#509=DIRECTION('',(1.,0.,-0.));
#510=VECTOR('',#509,140.);
#511=LINE('',#508,#510);
#512=EDGE_CURVE('',#505,#507,#511,.T.);
#513=ORIENTED_EDGE('',*,*,#512,.F.);
#514=CARTESIAN_POINT('',(-7.,-4.7,0.));
#515=VERTEX_POINT('',#514);
#516=CARTESIAN_POINT('',(-7.,-4.7,0.));
#517=DIRECTION('',(0.,-1.,0.));
#518=VECTOR('',#517,18.);
#519=LINE('',#516,#518);
#520=EDGE_CURVE('',#515,#505,#519,.T.);
#521=ORIENTED_EDGE('',*,*,#520,.F.);
#522=CARTESIAN_POINT('',(-6.5,-4.7,0.));
#523=VERTEX_POINT('',#522);
#524=CARTESIAN_POINT('',(-6.5,-4.7,0.));
#525=DIRECTION('',(-1.,0.,0.));
#526=VECTOR('',#525,5.);
#527=LINE('',#524,#526);
#528=EDGE_CURVE('',#523,#515,#527,.T.);
#529=ORIENTED_EDGE('',*,*,#528,.F.);
#530=CARTESIAN_POINT('',(-6.5,6.,0.));
#531=VERTEX_POINT('',#530);
#532=CARTESIAN_POINT('',(-6.5,6.,0.));
#533=DIRECTION('',(0.,-1.,0.));
#534=VECTOR('',#533,107.);
#535=LINE('',#532,#534);
#536=EDGE_CURVE('',#531,#523,#535,.T.);
#537=ORIENTED_EDGE('',*,*,#536,.F.);
#538=CARTESIAN_POINT('',(6.5,6.,0.));
#539=VERTEX_POINT('',#538);
#540=CARTESIAN_POINT('',(6.5,6.,0.));
#541=DIRECTION('',(-1.,0.,0.));
#542=VECTOR('',#541,130.);
#543=LINE('',#540,#542);
#544=EDGE_CURVE('',#539,#531,#543,.T.);
#545=ORIENTED_EDGE('',*,*,#544,.F.);
#546=CARTESIAN_POINT('',(6.5,-4.7,0.));
#547=VERTEX_POINT('',#546);
#548=CARTESIAN_POINT('',(6.5,-4.7,0.));
#549=DIRECTION('',(0.,1.,0.));
#550=VECTOR('',#549,107.);
#551=LINE('',#548,#550);
#552=EDGE_CURVE('',#547,#539,#551,.T.);
#553=ORIENTED_EDGE('',*,*,#552,.F.);
#554=CARTESIAN_POINT('',(7.,-4.7,0.));
#555=VERTEX_POINT('',#554);
#556=CARTESIAN_POINT('',(7.,-4.7,0.));
#557=DIRECTION('',(-1.,0.,0.));
#558=VECTOR('',#557,5.);
#559=LINE('',#556,#558);
#560=EDGE_CURVE('',#555,#547,#559,.T.);
#561=ORIENTED_EDGE('',*,*,#560,.F.);
#562=CARTESIAN_POINT('',(7.,-6.5,0.));
#563=DIRECTION('',(0.,1.,0.));
#564=VECTOR('',#563,18.);
#565=LINE('',#562,#564);
#566=EDGE_CURVE('',#507,#555,#565,.T.);
#567=ORIENTED_EDGE('',*,*,#566,.F.);
#568=EDGE_LOOP('',(#513,#521,#529,#537,#545,#553,#561,#567));
#569=FACE_BOUND('',#568,.T.);
#570=ORIENTED_EDGE('',*,*,#458,.T.);
#571=ORIENTED_EDGE('',*,*,#465,.T.);
#572=EDGE_LOOP('',(#570,#571));
#573=FACE_BOUND('',#572,.T.);
#574=ORIENTED_EDGE('',*,*,#395,.T.);
#575=ORIENTED_EDGE('',*,*,#402,.T.);
#576=EDGE_LOOP('',(#574,#575));
#577=FACE_BOUND('',#576,.T.);
#578=ORIENTED_EDGE('',*,*,#332,.T.);
#579=ORIENTED_EDGE('',*,*,#339,.T.);
#580=EDGE_LOOP('',(#578,#579));
#581=FACE_BOUND('',#580,.T.);
#582=ORIENTED_EDGE('',*,*,#57,.T.);
#583=ORIENTED_EDGE('',*,*,#260,.T.);
#584=ORIENTED_EDGE('',*,*,#285,.T.);
#585=ORIENTED_EDGE('',*,*,#303,.T.);
#586=EDGE_LOOP('',(#582,#583,#584,#585));
#587=FACE_BOUND('',#586,.T.);
#588=ORIENTED_EDGE('',*,*,#201,.T.);
#589=ORIENTED_EDGE('',*,*,#208,.T.);
#590=EDGE_LOOP('',(#588,#589));
#591=FACE_BOUND('',#590,.T.);
#592=ORIENTED_EDGE('',*,*,#138,.T.);
#593=ORIENTED_EDGE('',*,*,#145,.T.);
#594=EDGE_LOOP('',(#592,#593));
#595=FACE_BOUND('',#594,.T.);
#596=ADVANCED_FACE('',(#569,#573,#577,#581,#587,#591,#595),#503,.F.);
#597=DRAUGHTING_PRE_DEFINED_COLOUR('black');
#598=FILL_AREA_STYLE_COLOUR('',#597);
#599=FILL_AREA_STYLE('',(#598));
#600=SURFACE_STYLE_FILL_AREA(#599);
#601=SURFACE_SIDE_STYLE('',(#600));
#602=SURFACE_STYLE_USAGE(.BOTH.,#601);
#603=PRESENTATION_STYLE_ASSIGNMENT((#602));
#604=OVER_RIDING_STYLED_ITEM('',(#603),#596,#26);
#605=CARTESIAN_POINT('',(-1.036002491,-6.4,7.430290127));
#606=DIRECTION('',(0.,-0.707106781,0.707106781));
#607=DIRECTION('',(1.,0.,0.));
#608=AXIS2_PLACEMENT_3D('',#605,#606,#607);
#609=PLANE('',#608);
#610=CARTESIAN_POINT('',(-2.772004982,-6.5,7.330290127));
#611=VERTEX_POINT('',#610);
#612=CARTESIAN_POINT('',(-1.372004982,-6.5,7.330290127));
#613=VERTEX_POINT('',#612);
#614=CARTESIAN_POINT('',(-18.396027404,-6.5,7.330290127));
#615=DIRECTION('',(1.,0.,-0.));
#616=VECTOR('',#615,14.);
#617=LINE('',#614,#616);
#618=EDGE_CURVE('',#611,#613,#617,.T.);
#619=ORIENTED_EDGE('',*,*,#618,.T.);
#620=CARTESIAN_POINT('',(-1.572004982,-6.3,7.530290127));
#621=VERTEX_POINT('',#620);
#622=CARTESIAN_POINT('',(-1.372004982,-6.5,7.330290127));
#623=DIRECTION('',(-0.577350269,0.577350269,0.577350269));
#624=VECTOR('',#623,0.346410162);
#625=LINE('',#622,#624);
#626=EDGE_CURVE('',#613,#621,#625,.T.);
#627=ORIENTED_EDGE('',*,*,#626,.T.);
#628=CARTESIAN_POINT('',(-2.572004982,-6.3,7.530290127));
#629=VERTEX_POINT('',#628);
#630=CARTESIAN_POINT('',(-6.396027404,-6.3,7.530290127));
#631=DIRECTION('',(-1.,0.,0.));
#632=VECTOR('',#631,10.);
#633=LINE('',#630,#632);
#634=EDGE_CURVE('',#621,#629,#633,.T.);
#635=ORIENTED_EDGE('',*,*,#634,.T.);
#636=CARTESIAN_POINT('',(-2.572004982,-6.3,7.530290127));
#637=DIRECTION('',(-0.577350269,-0.577350269,-0.577350269));
#638=VECTOR('',#637,3.464101615);
#639=LINE('',#636,#638);
#640=EDGE_CURVE('',#629,#611,#639,.T.);
#641=ORIENTED_EDGE('',*,*,#640,.T.);
#642=EDGE_LOOP('',(#619,#627,#635,#641));
#643=FACE_BOUND('',#642,.T.);
#644=ADVANCED_FACE('',(#643),#609,.T.);
#645=OVER_RIDING_STYLED_ITEM('',(#114),#644,#26);
#646=CARTESIAN_POINT('',(-1.472004982,-6.4,4.015145063));
#647=DIRECTION('',(-0.707106781,-0.707106781,0.));
#648=DIRECTION('',(0.,0.,1.));
#649=AXIS2_PLACEMENT_3D('',#646,#647,#648);
#650=PLANE('',#649);
#651=CARTESIAN_POINT('',(-1.372004982,-6.5,8.730290127));
#652=VERTEX_POINT('',#651);
#653=CARTESIAN_POINT('',(-1.372004982,-6.5,37.166595697));
#654=DIRECTION('',(0.,0.,1.));
#655=VECTOR('',#654,14.);
#656=LINE('',#653,#655);
#657=EDGE_CURVE('',#613,#652,#656,.T.);
#658=ORIENTED_EDGE('',*,*,#657,.T.);
#659=CARTESIAN_POINT('',(-1.572004982,-6.3,8.530290127));
#660=VERTEX_POINT('',#659);
#661=CARTESIAN_POINT('',(-1.372004982,-6.5,8.730290127));
#662=DIRECTION('',(-0.577350269,0.577350269,-0.577350269));
#663=VECTOR('',#662,3.464101615);
#664=LINE('',#661,#663);
#665=EDGE_CURVE('',#652,#660,#664,.T.);
#666=ORIENTED_EDGE('',*,*,#665,.T.);
#667=CARTESIAN_POINT('',(-1.572004982,-6.3,49.166595697));
#668=DIRECTION('',(0.,0.,-1.));
#669=VECTOR('',#668,10.);
#670=LINE('',#667,#669);
#671=EDGE_CURVE('',#660,#621,#670,.T.);
#672=ORIENTED_EDGE('',*,*,#671,.T.);
#673=ORIENTED_EDGE('',*,*,#626,.F.);
#674=EDGE_LOOP('',(#658,#666,#672,#673));
#675=FACE_BOUND('',#674,.T.);
#676=ADVANCED_FACE('',(#675),#650,.T.);
#677=OVER_RIDING_STYLED_ITEM('',(#114),#676,#26);
#678=CARTESIAN_POINT('',(-1.036002491,-6.4,8.630290127));
#679=DIRECTION('',(0.,-0.707106781,-0.707106781));
#680=DIRECTION('',(-1.,0.,0.));
#681=AXIS2_PLACEMENT_3D('',#678,#679,#680);
#682=PLANE('',#681);
#683=CARTESIAN_POINT('',(-2.772004982,-6.5,8.730290127));
#684=VERTEX_POINT('',#683);
#685=CARTESIAN_POINT('',(-4.396027404,-6.5,8.730290127));
#686=DIRECTION('',(-1.,0.,0.));
#687=VECTOR('',#686,14.);
#688=LINE('',#685,#687);
#689=EDGE_CURVE('',#652,#684,#688,.T.);
#690=ORIENTED_EDGE('',*,*,#689,.T.);
#691=CARTESIAN_POINT('',(-2.572004982,-6.3,8.530290127));
#692=VERTEX_POINT('',#691);
#693=CARTESIAN_POINT('',(-2.772004982,-6.5,8.730290127));
#694=DIRECTION('',(0.577350269,0.577350269,-0.577350269));
#695=VECTOR('',#694,3.464101615);
#696=LINE('',#693,#695);
#697=EDGE_CURVE('',#684,#692,#696,.T.);
#698=ORIENTED_EDGE('',*,*,#697,.T.);
#699=CARTESIAN_POINT('',(-16.396027404,-6.3,8.530290127));
#700=DIRECTION('',(1.,0.,-0.));
#701=VECTOR('',#700,10.);
#702=LINE('',#699,#701);
#703=EDGE_CURVE('',#692,#660,#702,.T.);
#704=ORIENTED_EDGE('',*,*,#703,.T.);
#705=ORIENTED_EDGE('',*,*,#665,.F.);
#706=EDGE_LOOP('',(#690,#698,#704,#705));
#707=FACE_BOUND('',#706,.T.);
#708=ADVANCED_FACE('',(#707),#682,.T.);
#709=OVER_RIDING_STYLED_ITEM('',(#114),#708,#26);
#710=CARTESIAN_POINT('',(-2.672004982,-6.4,4.015145063));
#711=DIRECTION('',(0.707106781,-0.707106781,0.));
#712=DIRECTION('',(0.,0.,-1.));
#713=AXIS2_PLACEMENT_3D('',#710,#711,#712);
#714=PLANE('',#713);
#715=CARTESIAN_POINT('',(-2.772004982,-6.5,51.166595697));
#716=DIRECTION('',(0.,0.,-1.));
#717=VECTOR('',#716,14.);
#718=LINE('',#715,#717);
#719=EDGE_CURVE('',#684,#611,#718,.T.);
#720=ORIENTED_EDGE('',*,*,#719,.T.);
#721=ORIENTED_EDGE('',*,*,#640,.F.);
#722=CARTESIAN_POINT('',(-2.572004982,-6.3,39.166595697));
#723=DIRECTION('',(0.,0.,1.));
#724=VECTOR('',#723,10.);
#725=LINE('',#722,#724);
#726=EDGE_CURVE('',#629,#692,#725,.T.);
#727=ORIENTED_EDGE('',*,*,#726,.T.);
#728=ORIENTED_EDGE('',*,*,#697,.F.);
#729=EDGE_LOOP('',(#720,#721,#727,#728));
#730=FACE_BOUND('',#729,.T.);
#731=ADVANCED_FACE('',(#730),#714,.T.);
#732=OVER_RIDING_STYLED_ITEM('',(#114),#731,#26);
#733=CARTESIAN_POINT('',(-2.572004982,-6.5,8.030290127));
#734=DIRECTION('',(-1.,-0.,0.));
#735=DIRECTION('',(0.,0.,1.));
#736=AXIS2_PLACEMENT_3D('',#733,#734,#735);
#737=PLANE('',#736);
#738=ORIENTED_EDGE('',*,*,#726,.F.);
#739=CARTESIAN_POINT('',(-2.572004982,-1.5,7.530290127));
#740=VERTEX_POINT('',#739);
#741=CARTESIAN_POINT('',(-2.572004982,-4.5,7.530290127));
#742=DIRECTION('',(-0.,1.,0.));
#743=VECTOR('',#742,48.);
#744=LINE('',#741,#743);
#745=EDGE_CURVE('',#629,#740,#744,.T.);
#746=ORIENTED_EDGE('',*,*,#745,.T.);
#747=CARTESIAN_POINT('',(-2.572004982,-1.5,8.530290127));
#748=VERTEX_POINT('',#747);
#749=CARTESIAN_POINT('',(-2.572004982,-1.5,8.530290127));
#750=DIRECTION('',(0.,0.,-1.));
#751=VECTOR('',#750,10.);
#752=LINE('',#749,#751);
#753=EDGE_CURVE('',#748,#740,#752,.T.);
#754=ORIENTED_EDGE('',*,*,#753,.F.);
#755=CARTESIAN_POINT('',(-2.572004982,-4.5,8.530290127));
#756=DIRECTION('',(-0.,1.,0.));
#757=VECTOR('',#756,48.);
#758=LINE('',#755,#757);
#759=EDGE_CURVE('',#692,#748,#758,.T.);
#760=ORIENTED_EDGE('',*,*,#759,.F.);
#761=EDGE_LOOP('',(#738,#746,#754,#760));
#762=FACE_BOUND('',#761,.T.);
#763=ADVANCED_FACE('',(#762),#737,.F.);
#764=CARTESIAN_POINT('',(-2.072004982,-6.5,7.530290127));
#765=DIRECTION('',(0.,0.,-1.));
#766=DIRECTION('',(-1.,0.,0.));
#767=AXIS2_PLACEMENT_3D('',#764,#765,#766);
#768=PLANE('',#767);
#769=ORIENTED_EDGE('',*,*,#634,.F.);
#770=CARTESIAN_POINT('',(-1.572004982,-1.5,7.530290127));
#771=VERTEX_POINT('',#770);
#772=CARTESIAN_POINT('',(-1.572004982,-4.5,7.530290127));
#773=DIRECTION('',(-0.,1.,0.));
#774=VECTOR('',#773,48.);
#775=LINE('',#772,#774);
#776=EDGE_CURVE('',#621,#771,#775,.T.);
#777=ORIENTED_EDGE('',*,*,#776,.T.);
#778=CARTESIAN_POINT('',(-2.572004982,-1.5,7.530290127));
#779=DIRECTION('',(1.,0.,-0.));
#780=VECTOR('',#779,10.);
#781=LINE('',#778,#780);
#782=EDGE_CURVE('',#740,#771,#781,.T.);
#783=ORIENTED_EDGE('',*,*,#782,.F.);
#784=ORIENTED_EDGE('',*,*,#745,.F.);
#785=EDGE_LOOP('',(#769,#777,#783,#784));
#786=FACE_BOUND('',#785,.T.);
#787=ADVANCED_FACE('',(#786),#768,.F.);
#788=CARTESIAN_POINT('',(0.,-6.5,0.));
#789=DIRECTION('',(0.,-1.,0.));
#790=DIRECTION('',(1.,0.,0.));
#791=AXIS2_PLACEMENT_3D('',#788,#789,#790);
#792=PLANE('',#791);
#793=CARTESIAN_POINT('',(1.509222753,-6.5,7.330290127));
#794=VERTEX_POINT('',#793);
#795=CARTESIAN_POINT('',(2.909222753,-6.5,7.330290127));
#796=VERTEX_POINT('',#795);
#797=CARTESIAN_POINT('',(5.150725141,-6.5,7.330290127));
#798=DIRECTION('',(1.,0.,-0.));
#799=VECTOR('',#798,14.);
#800=LINE('',#797,#799);
#801=EDGE_CURVE('',#794,#796,#800,.T.);
#802=ORIENTED_EDGE('',*,*,#801,.F.);
#803=CARTESIAN_POINT('',(1.509222753,-6.5,8.730290127));
#804=VERTEX_POINT('',#803);
#805=CARTESIAN_POINT('',(1.509222753,-6.5,51.166595697));
#806=DIRECTION('',(0.,0.,-1.));
#807=VECTOR('',#806,14.);
#808=LINE('',#805,#807);
#809=EDGE_CURVE('',#804,#794,#808,.T.);
#810=ORIENTED_EDGE('',*,*,#809,.F.);
#811=CARTESIAN_POINT('',(2.909222753,-6.5,8.730290127));
#812=VERTEX_POINT('',#811);
#813=CARTESIAN_POINT('',(19.150725141,-6.5,8.730290127));
#814=DIRECTION('',(-1.,0.,0.));
#815=VECTOR('',#814,14.);
#816=LINE('',#813,#815);
#817=EDGE_CURVE('',#812,#804,#816,.T.);
#818=ORIENTED_EDGE('',*,*,#817,.F.);
#819=CARTESIAN_POINT('',(2.909222753,-6.5,37.166595697));
#820=DIRECTION('',(0.,0.,1.));
#821=VECTOR('',#820,14.);
#822=LINE('',#819,#821);
#823=EDGE_CURVE('',#796,#812,#822,.T.);
#824=ORIENTED_EDGE('',*,*,#823,.F.);
#825=EDGE_LOOP('',(#802,#810,#818,#824));
#826=FACE_BOUND('',#825,.T.);
#827=CARTESIAN_POINT('',(-3.25949316,-6.5,5.561410832));
#828=VERTEX_POINT('',#827);
#829=CARTESIAN_POINT('',(-1.85949316,-6.5,5.561410832));
#830=VERTEX_POINT('',#829);
#831=CARTESIAN_POINT('',(-21.077212379,-6.5,5.561410832));
#832=DIRECTION('',(1.,0.,-0.));
#833=VECTOR('',#832,14.);
#834=LINE('',#831,#833);
#835=EDGE_CURVE('',#828,#830,#834,.T.);
#836=ORIENTED_EDGE('',*,*,#835,.F.);
#837=CARTESIAN_POINT('',(-3.25949316,-6.5,6.961410832));
#838=VERTEX_POINT('',#837);
#839=CARTESIAN_POINT('',(-3.25949316,-6.5,41.437759578));
#840=DIRECTION('',(0.,0.,-1.));
#841=VECTOR('',#840,14.);
#842=LINE('',#839,#841);
#843=EDGE_CURVE('',#838,#828,#842,.T.);
#844=ORIENTED_EDGE('',*,*,#843,.F.);
#845=CARTESIAN_POINT('',(-1.85949316,-6.5,6.961410832));
#846=VERTEX_POINT('',#845);
#847=CARTESIAN_POINT('',(-7.077212379,-6.5,6.961410832));
#848=DIRECTION('',(-1.,0.,0.));
#849=VECTOR('',#848,14.);
#850=LINE('',#847,#849);
#851=EDGE_CURVE('',#846,#838,#850,.T.);
#852=ORIENTED_EDGE('',*,*,#851,.F.);
#853=CARTESIAN_POINT('',(-1.85949316,-6.5,27.437759578));
#854=DIRECTION('',(0.,0.,1.));
#855=VECTOR('',#854,14.);
#856=LINE('',#853,#855);
#857=EDGE_CURVE('',#830,#846,#856,.T.);
#858=ORIENTED_EDGE('',*,*,#857,.F.);
#859=EDGE_LOOP('',(#836,#844,#852,#858));
#860=FACE_BOUND('',#859,.T.);
#861=CARTESIAN_POINT('',(0.75,-6.5,10.429058411));
#862=VERTEX_POINT('',#861);
#863=CARTESIAN_POINT('',(0.75,-6.5,9.406855703));
#864=VERTEX_POINT('',#863);
#865=CARTESIAN_POINT('',(0.75,-6.5,59.659777357));
#866=DIRECTION('',(0.,0.,-1.));
#867=VECTOR('',#866,10.222027086);
#868=LINE('',#865,#867);
#869=EDGE_CURVE('',#862,#864,#868,.T.);
#870=ORIENTED_EDGE('',*,*,#869,.T.);
#871=CARTESIAN_POINT('',(-0.75,-6.5,9.406855703));
#872=VERTEX_POINT('',#871);
#873=CARTESIAN_POINT('',(7.5,-6.5,9.406855703));
#874=DIRECTION('',(-1.,0.,0.));
#875=VECTOR('',#874,15.);
#876=LINE('',#873,#875);
#877=EDGE_CURVE('',#864,#872,#876,.T.);
#878=ORIENTED_EDGE('',*,*,#877,.T.);
#879=CARTESIAN_POINT('',(-0.75,-6.5,10.429058411));
#880=VERTEX_POINT('',#879);
#881=CARTESIAN_POINT('',(-0.75,-6.5,49.437750271));
#882=DIRECTION('',(0.,0.,1.));
#883=VECTOR('',#882,10.222027086);
#884=LINE('',#881,#883);
#885=EDGE_CURVE('',#872,#880,#884,.T.);
#886=ORIENTED_EDGE('',*,*,#885,.T.);
#887=CARTESIAN_POINT('',(-4.,-6.5,6.5));
#888=VERTEX_POINT('',#887);
#889=CARTESIAN_POINT('',(0.,-6.5,6.5));
#890=DIRECTION('',(0.,-1.,0.));
#891=DIRECTION('',(1.,0.,0.));
#892=AXIS2_PLACEMENT_3D('',#889,#890,#891);
#893=CIRCLE('',#892,4.);
#894=EDGE_CURVE('',#880,#888,#893,.T.);
#895=ORIENTED_EDGE('',*,*,#894,.T.);
#896=CARTESIAN_POINT('',(-3.422737317,-6.5,4.430007426));
#897=VERTEX_POINT('',#896);
#898=CARTESIAN_POINT('',(0.,-6.5,6.5));
#899=DIRECTION('',(0.,-1.,0.));
#900=DIRECTION('',(1.,0.,0.));
#901=AXIS2_PLACEMENT_3D('',#898,#899,#900);
#902=CIRCLE('',#901,4.);
#903=EDGE_CURVE('',#888,#897,#902,.T.);
#904=ORIENTED_EDGE('',*,*,#903,.T.);
#905=CARTESIAN_POINT('',(-2.684192287,-6.5,4.430007426));
#906=VERTEX_POINT('',#905);
#907=CARTESIAN_POINT('',(-20.486781566,-6.5,4.430007426));
#908=DIRECTION('',(1.,0.,-0.));
#909=VECTOR('',#908,7.38545031);
#910=LINE('',#907,#909);
#911=EDGE_CURVE('',#897,#906,#910,.T.);
#912=ORIENTED_EDGE('',*,*,#911,.T.);
#913=CARTESIAN_POINT('',(-2.684192287,-6.5,3.534344631));
#914=VERTEX_POINT('',#913);
#915=CARTESIAN_POINT('',(-2.684192287,-6.5,26.380282134));
#916=DIRECTION('',(0.,0.,-1.));
#917=VECTOR('',#916,8.956627954);
#918=LINE('',#915,#917);
#919=EDGE_CURVE('',#906,#914,#918,.T.);
#920=ORIENTED_EDGE('',*,*,#919,.T.);
#921=CARTESIAN_POINT('',(2.684192287,-6.5,3.534344631));
#922=VERTEX_POINT('',#921);
#923=CARTESIAN_POINT('',(0.,-6.5,6.5));
#924=DIRECTION('',(0.,-1.,0.));
#925=DIRECTION('',(1.,0.,0.));
#926=AXIS2_PLACEMENT_3D('',#923,#924,#925);
#927=CIRCLE('',#926,4.);
#928=EDGE_CURVE('',#914,#922,#927,.T.);
#929=ORIENTED_EDGE('',*,*,#928,.T.);
#930=CARTESIAN_POINT('',(2.684192287,-6.5,4.430007426));
#931=VERTEX_POINT('',#930);
#932=CARTESIAN_POINT('',(2.684192287,-6.5,17.42365418));
#933=DIRECTION('',(0.,0.,1.));
#934=VECTOR('',#933,8.956627954);
#935=LINE('',#932,#934);
#936=EDGE_CURVE('',#922,#931,#935,.T.);
#937=ORIENTED_EDGE('',*,*,#936,.T.);
#938=CARTESIAN_POINT('',(3.422737317,-6.5,4.430007426));
#939=VERTEX_POINT('',#938);
#940=CARTESIAN_POINT('',(13.101331256,-6.5,4.430007426));
#941=DIRECTION('',(1.,0.,-0.));
#942=VECTOR('',#941,7.38545031);
#943=LINE('',#940,#942);
#944=EDGE_CURVE('',#931,#939,#943,.T.);
#945=ORIENTED_EDGE('',*,*,#944,.T.);
#946=CARTESIAN_POINT('',(0.,-6.5,6.5));
#947=DIRECTION('',(0.,-1.,0.));
#948=DIRECTION('',(1.,0.,0.));
#949=AXIS2_PLACEMENT_3D('',#946,#947,#948);
#950=CIRCLE('',#949,4.);
#951=EDGE_CURVE('',#939,#862,#950,.T.);
#952=ORIENTED_EDGE('',*,*,#951,.T.);
#953=EDGE_LOOP('',(#870,#878,#886,#895,#904,#912,#920,#929,#937,#945,#952));
#954=FACE_BOUND('',#953,.T.);
#955=CARTESIAN_POINT('',(0.5,-6.5,6.120466268));
#956=VERTEX_POINT('',#955);
#957=CARTESIAN_POINT('',(-0.5,-6.5,6.120466268));
#958=VERTEX_POINT('',#957);
#959=CARTESIAN_POINT('',(5.,-6.5,6.120466268));
#960=DIRECTION('',(-1.,0.,0.));
#961=VECTOR('',#960,10.);
#962=LINE('',#959,#961);
#963=EDGE_CURVE('',#956,#958,#962,.T.);
#964=ORIENTED_EDGE('',*,*,#963,.T.);
#965=CARTESIAN_POINT('',(-0.5,-6.5,8.120466268));
#966=VERTEX_POINT('',#965);
#967=CARTESIAN_POINT('',(-0.5,-6.5,29.162564474));
#968=DIRECTION('',(0.,0.,1.));
#969=VECTOR('',#968,20.);
#970=LINE('',#967,#969);
#971=EDGE_CURVE('',#958,#966,#970,.T.);
#972=ORIENTED_EDGE('',*,*,#971,.T.);
#973=CARTESIAN_POINT('',(0.5,-6.5,8.120466268));
#974=VERTEX_POINT('',#973);
#975=CARTESIAN_POINT('',(-5.,-6.5,8.120466268));
#976=DIRECTION('',(1.,0.,-0.));
#977=VECTOR('',#976,10.);
#978=LINE('',#975,#977);
#979=EDGE_CURVE('',#966,#974,#978,.T.);
#980=ORIENTED_EDGE('',*,*,#979,.T.);
#981=CARTESIAN_POINT('',(0.5,-6.5,49.162564474));
#982=DIRECTION('',(0.,0.,-1.));
#983=VECTOR('',#982,20.);
#984=LINE('',#981,#983);
#985=EDGE_CURVE('',#974,#956,#984,.T.);
#986=ORIENTED_EDGE('',*,*,#985,.T.);
#987=EDGE_LOOP('',(#964,#972,#980,#986));
#988=FACE_BOUND('',#987,.T.);
#989=CARTESIAN_POINT('',(0.179624605,-6.5,3.410708058));
#990=VERTEX_POINT('',#989);
#991=CARTESIAN_POINT('',(1.579624605,-6.5,3.410708058));
#992=VERTEX_POINT('',#991);
#993=CARTESIAN_POINT('',(-2.162064672,-6.5,3.410708058));
#994=DIRECTION('',(1.,0.,-0.));
#995=VECTOR('',#994,14.);
#996=LINE('',#993,#995);
#997=EDGE_CURVE('',#990,#992,#996,.T.);
#998=ORIENTED_EDGE('',*,*,#997,.F.);
#999=CARTESIAN_POINT('',(0.179624605,-6.5,4.810708058));
#1000=VERTEX_POINT('',#999);
#1001=CARTESIAN_POINT('',(0.179624605,-6.5,29.608894318));
#1002=DIRECTION('',(0.,0.,-1.));
#1003=VECTOR('',#1002,14.);
#1004=LINE('',#1001,#1003);
#1005=EDGE_CURVE('',#1000,#990,#1004,.T.);
#1006=ORIENTED_EDGE('',*,*,#1005,.F.);
#1007=CARTESIAN_POINT('',(1.579624605,-6.5,4.810708058));
#1008=VERTEX_POINT('',#1007);
#1009=CARTESIAN_POINT('',(11.837935328,-6.5,4.810708058));
#1010=DIRECTION('',(-1.,0.,0.));
#1011=VECTOR('',#1010,14.);
#1012=LINE('',#1009,#1011);
#1013=EDGE_CURVE('',#1008,#1000,#1012,.T.);
#1014=ORIENTED_EDGE('',*,*,#1013,.F.);
#1015=CARTESIAN_POINT('',(1.579624605,-6.5,15.608894318));
#1016=DIRECTION('',(0.,0.,1.));
#1017=VECTOR('',#1016,14.);
#1018=LINE('',#1015,#1017);
#1019=EDGE_CURVE('',#992,#1008,#1018,.T.);
#1020=ORIENTED_EDGE('',*,*,#1019,.F.);
#1021=EDGE_LOOP('',(#998,#1006,#1014,#1020));
#1022=FACE_BOUND('',#1021,.T.);
#1023=CARTESIAN_POINT('',(1.849000556,-6.5,5.561410832));
#1024=VERTEX_POINT('',#1023);
#1025=CARTESIAN_POINT('',(3.249000556,-6.5,5.561410832));
#1026=VERTEX_POINT('',#1025);
#1027=CARTESIAN_POINT('',(7.01950306,-6.5,5.561410832));
#1028=DIRECTION('',(1.,0.,-0.));
#1029=VECTOR('',#1028,14.);
#1030=LINE('',#1027,#1029);
#1031=EDGE_CURVE('',#1024,#1026,#1030,.T.);
#1032=ORIENTED_EDGE('',*,*,#1031,.F.);
#1033=CARTESIAN_POINT('',(1.849000556,-6.5,6.961410832));
#1034=VERTEX_POINT('',#1033);
#1035=CARTESIAN_POINT('',(1.849000556,-6.5,41.437759578));
#1036=DIRECTION('',(0.,0.,-1.));
#1037=VECTOR('',#1036,14.);
#1038=LINE('',#1035,#1037);
#1039=EDGE_CURVE('',#1034,#1024,#1038,.T.);
#1040=ORIENTED_EDGE('',*,*,#1039,.F.);
#1041=CARTESIAN_POINT('',(3.249000556,-6.5,6.961410832));
#1042=VERTEX_POINT('',#1041);
#1043=CARTESIAN_POINT('',(21.01950306,-6.5,6.961410832));
#1044=DIRECTION('',(-1.,0.,0.));
#1045=VECTOR('',#1044,14.);
#1046=LINE('',#1043,#1045);
#1047=EDGE_CURVE('',#1042,#1034,#1046,.T.);
#1048=ORIENTED_EDGE('',*,*,#1047,.F.);
#1049=CARTESIAN_POINT('',(3.249000556,-6.5,27.437759578));
#1050=DIRECTION('',(0.,0.,1.));
#1051=VECTOR('',#1050,14.);
#1052=LINE('',#1049,#1051);
#1053=EDGE_CURVE('',#1026,#1042,#1052,.T.);
#1054=ORIENTED_EDGE('',*,*,#1053,.F.);
#1055=EDGE_LOOP('',(#1032,#1040,#1048,#1054));
#1056=FACE_BOUND('',#1055,.T.);
#1057=ORIENTED_EDGE('',*,*,#618,.F.);
#1058=ORIENTED_EDGE('',*,*,#719,.F.);
#1059=ORIENTED_EDGE('',*,*,#689,.F.);
#1060=ORIENTED_EDGE('',*,*,#657,.F.);
#1061=EDGE_LOOP('',(#1057,#1058,#1059,#1060));
#1062=FACE_BOUND('',#1061,.T.);
#1063=ADVANCED_FACE('',(#826,#860,#954,#988,#1022,#1056,#1062),#792,.T.);
#1064=OVER_RIDING_STYLED_ITEM('',(#603),#1063,#26);
#1065=CARTESIAN_POINT('',(1.104611376,-6.4,7.430290127));
#1066=DIRECTION('',(0.,-0.707106781,0.707106781));
#1067=DIRECTION('',(1.,0.,0.));
#1068=AXIS2_PLACEMENT_3D('',#1065,#1066,#1067);
#1069=PLANE('',#1068);
#1070=ORIENTED_EDGE('',*,*,#801,.T.);
#1071=CARTESIAN_POINT('',(2.709222753,-6.3,7.530290127));
#1072=VERTEX_POINT('',#1071);
#1073=CARTESIAN_POINT('',(2.909222753,-6.5,7.330290127));
#1074=DIRECTION('',(-0.577350269,0.577350269,0.577350269));
#1075=VECTOR('',#1074,3.464101615);
#1076=LINE('',#1073,#1075);
#1077=EDGE_CURVE('',#796,#1072,#1076,.T.);
#1078=ORIENTED_EDGE('',*,*,#1077,.T.);
#1079=CARTESIAN_POINT('',(1.709222753,-6.3,7.530290127));
#1080=VERTEX_POINT('',#1079);
#1081=CARTESIAN_POINT('',(17.150725141,-6.3,7.530290127));
#1082=DIRECTION('',(-1.,0.,0.));
#1083=VECTOR('',#1082,10.);
#1084=LINE('',#1081,#1083);
#1085=EDGE_CURVE('',#1072,#1080,#1084,.T.);
#1086=ORIENTED_EDGE('',*,*,#1085,.T.);
#1087=CARTESIAN_POINT('',(1.709222753,-6.3,7.530290127));
#1088=DIRECTION('',(-0.577350269,-0.577350269,-0.577350269));
#1089=VECTOR('',#1088,0.346410162);
#1090=LINE('',#1087,#1089);
#1091=EDGE_CURVE('',#1080,#794,#1090,.T.);
#1092=ORIENTED_EDGE('',*,*,#1091,.T.);
#1093=EDGE_LOOP('',(#1070,#1078,#1086,#1092));
#1094=FACE_BOUND('',#1093,.T.);
#1095=ADVANCED_FACE('',(#1094),#1069,.T.);
#1096=OVER_RIDING_STYLED_ITEM('',(#114),#1095,#26);
#1097=CARTESIAN_POINT('',(2.809222753,-6.4,4.015145063));
#1098=DIRECTION('',(-0.707106781,-0.707106781,0.));
#1099=DIRECTION('',(0.,0.,1.));
#1100=AXIS2_PLACEMENT_3D('',#1097,#1098,#1099);
#1101=PLANE('',#1100);
#1102=ORIENTED_EDGE('',*,*,#823,.T.);
#1103=CARTESIAN_POINT('',(2.709222753,-6.3,8.530290127));
#1104=VERTEX_POINT('',#1103);
#1105=CARTESIAN_POINT('',(2.909222753,-6.5,8.730290127));
#1106=DIRECTION('',(-0.577350269,0.577350269,-0.577350269));
#1107=VECTOR('',#1106,3.464101615);
#1108=LINE('',#1105,#1107);
#1109=EDGE_CURVE('',#812,#1104,#1108,.T.);
#1110=ORIENTED_EDGE('',*,*,#1109,.T.);
#1111=CARTESIAN_POINT('',(2.709222753,-6.3,49.166595697));
#1112=DIRECTION('',(0.,0.,-1.));
#1113=VECTOR('',#1112,10.);
#1114=LINE('',#1111,#1113);
#1115=EDGE_CURVE('',#1104,#1072,#1114,.T.);
#1116=ORIENTED_EDGE('',*,*,#1115,.T.);
#1117=ORIENTED_EDGE('',*,*,#1077,.F.);
#1118=EDGE_LOOP('',(#1102,#1110,#1116,#1117));
#1119=FACE_BOUND('',#1118,.T.);
#1120=ADVANCED_FACE('',(#1119),#1101,.T.);
#1121=OVER_RIDING_STYLED_ITEM('',(#114),#1120,#26);
#1122=CARTESIAN_POINT('',(1.104611376,-6.4,8.630290127));
#1123=DIRECTION('',(0.,-0.707106781,-0.707106781));
#1124=DIRECTION('',(-1.,0.,0.));
#1125=AXIS2_PLACEMENT_3D('',#1122,#1123,#1124);
#1126=PLANE('',#1125);
#1127=ORIENTED_EDGE('',*,*,#817,.T.);
#1128=CARTESIAN_POINT('',(1.709222753,-6.3,8.530290127));
#1129=VERTEX_POINT('',#1128);
#1130=CARTESIAN_POINT('',(1.509222753,-6.5,8.730290127));
#1131=DIRECTION('',(0.577350269,0.577350269,-0.577350269));
#1132=VECTOR('',#1131,3.464101615);
#1133=LINE('',#1130,#1132);
#1134=EDGE_CURVE('',#804,#1129,#1133,.T.);
#1135=ORIENTED_EDGE('',*,*,#1134,.T.);
#1136=CARTESIAN_POINT('',(7.150725141,-6.3,8.530290127));
#1137=DIRECTION('',(1.,0.,-0.));
#1138=VECTOR('',#1137,10.);
#1139=LINE('',#1136,#1138);
#1140=EDGE_CURVE('',#1129,#1104,#1139,.T.);
#1141=ORIENTED_EDGE('',*,*,#1140,.T.);
#1142=ORIENTED_EDGE('',*,*,#1109,.F.);
#1143=EDGE_LOOP('',(#1127,#1135,#1141,#1142));
#1144=FACE_BOUND('',#1143,.T.);
#1145=ADVANCED_FACE('',(#1144),#1126,.T.);
#1146=OVER_RIDING_STYLED_ITEM('',(#114),#1145,#26);
#1147=CARTESIAN_POINT('',(1.609222753,-6.4,4.015145063));
#1148=DIRECTION('',(0.707106781,-0.707106781,0.));
#1149=DIRECTION('',(0.,0.,-1.));
#1150=AXIS2_PLACEMENT_3D('',#1147,#1148,#1149);
#1151=PLANE('',#1150);
#1152=ORIENTED_EDGE('',*,*,#809,.T.);
#1153=ORIENTED_EDGE('',*,*,#1091,.F.);
#1154=CARTESIAN_POINT('',(1.709222753,-6.3,39.166595697));
#1155=DIRECTION('',(0.,0.,1.));
#1156=VECTOR('',#1155,10.);
#1157=LINE('',#1154,#1156);
#1158=EDGE_CURVE('',#1080,#1129,#1157,.T.);
#1159=ORIENTED_EDGE('',*,*,#1158,.T.);
#1160=ORIENTED_EDGE('',*,*,#1134,.F.);
#1161=EDGE_LOOP('',(#1152,#1153,#1159,#1160));
#1162=FACE_BOUND('',#1161,.T.);
#1163=ADVANCED_FACE('',(#1162),#1151,.T.);
#1164=OVER_RIDING_STYLED_ITEM('',(#114),#1163,#26);
#1165=CARTESIAN_POINT('',(1.709222753,-6.5,8.030290127));
#1166=DIRECTION('',(-1.,-0.,0.));
#1167=DIRECTION('',(0.,0.,1.));
#1168=AXIS2_PLACEMENT_3D('',#1165,#1166,#1167);
#1169=PLANE('',#1168);
#1170=ORIENTED_EDGE('',*,*,#1158,.F.);
#1171=CARTESIAN_POINT('',(1.709222753,-1.5,7.530290127));
#1172=VERTEX_POINT('',#1171);
#1173=CARTESIAN_POINT('',(1.709222753,-4.5,7.530290127));
#1174=DIRECTION('',(-0.,1.,0.));
#1175=VECTOR('',#1174,48.);
#1176=LINE('',#1173,#1175);
#1177=EDGE_CURVE('',#1080,#1172,#1176,.T.);
#1178=ORIENTED_EDGE('',*,*,#1177,.T.);
#1179=CARTESIAN_POINT('',(1.709222753,-1.5,8.530290127));
#1180=VERTEX_POINT('',#1179);
#1181=CARTESIAN_POINT('',(1.709222753,-1.5,8.530290127));
#1182=DIRECTION('',(0.,0.,-1.));
#1183=VECTOR('',#1182,10.);
#1184=LINE('',#1181,#1183);
#1185=EDGE_CURVE('',#1180,#1172,#1184,.T.);
#1186=ORIENTED_EDGE('',*,*,#1185,.F.);
#1187=CARTESIAN_POINT('',(1.709222753,-4.5,8.530290127));
#1188=DIRECTION('',(-0.,1.,0.));
#1189=VECTOR('',#1188,48.);
#1190=LINE('',#1187,#1189);
#1191=EDGE_CURVE('',#1129,#1180,#1190,.T.);
#1192=ORIENTED_EDGE('',*,*,#1191,.F.);
#1193=EDGE_LOOP('',(#1170,#1178,#1186,#1192));
#1194=FACE_BOUND('',#1193,.T.);
#1195=ADVANCED_FACE('',(#1194),#1169,.F.);
#1196=CARTESIAN_POINT('',(2.209222753,-6.5,7.530290127));
#1197=DIRECTION('',(0.,0.,-1.));
#1198=DIRECTION('',(-1.,0.,0.));
#1199=AXIS2_PLACEMENT_3D('',#1196,#1197,#1198);
#1200=PLANE('',#1199);
#1201=ORIENTED_EDGE('',*,*,#1085,.F.);
#1202=CARTESIAN_POINT('',(2.709222753,-1.5,7.530290127));
#1203=VERTEX_POINT('',#1202);
#1204=CARTESIAN_POINT('',(2.709222753,-4.5,7.530290127));
#1205=DIRECTION('',(-0.,1.,0.));
#1206=VECTOR('',#1205,48.);
#1207=LINE('',#1204,#1206);
#1208=EDGE_CURVE('',#1072,#1203,#1207,.T.);
#1209=ORIENTED_EDGE('',*,*,#1208,.T.);
#1210=CARTESIAN_POINT('',(1.709222753,-1.5,7.530290127));
#1211=DIRECTION('',(1.,0.,-0.));
#1212=VECTOR('',#1211,10.);
#1213=LINE('',#1210,#1212);
#1214=EDGE_CURVE('',#1172,#1203,#1213,.T.);
#1215=ORIENTED_EDGE('',*,*,#1214,.F.);
#1216=ORIENTED_EDGE('',*,*,#1177,.F.);
#1217=EDGE_LOOP('',(#1201,#1209,#1215,#1216));
#1218=FACE_BOUND('',#1217,.T.);
#1219=ADVANCED_FACE('',(#1218),#1200,.F.);
#1220=CARTESIAN_POINT('',(1.274500278,-6.4,5.661410832));
#1221=DIRECTION('',(0.,-0.707106781,0.707106781));
#1222=DIRECTION('',(1.,0.,0.));
#1223=AXIS2_PLACEMENT_3D('',#1220,#1221,#1222);
#1224=PLANE('',#1223);
#1225=ORIENTED_EDGE('',*,*,#1031,.T.);
#1226=CARTESIAN_POINT('',(3.049000556,-6.3,5.761410832));
#1227=VERTEX_POINT('',#1226);
#1228=CARTESIAN_POINT('',(3.249000556,-6.5,5.561410832));
#1229=DIRECTION('',(-0.577350269,0.577350269,0.577350269));
#1230=VECTOR('',#1229,0.346410162);
#1231=LINE('',#1228,#1230);
#1232=EDGE_CURVE('',#1026,#1227,#1231,.T.);
#1233=ORIENTED_EDGE('',*,*,#1232,.T.);
#1234=CARTESIAN_POINT('',(2.049000556,-6.3,5.761410832));
#1235=VERTEX_POINT('',#1234);
#1236=CARTESIAN_POINT('',(19.01950306,-6.3,5.761410832));
#1237=DIRECTION('',(-1.,0.,0.));
#1238=VECTOR('',#1237,10.);
#1239=LINE('',#1236,#1238);
#1240=EDGE_CURVE('',#1227,#1235,#1239,.T.);
#1241=ORIENTED_EDGE('',*,*,#1240,.T.);
#1242=CARTESIAN_POINT('',(2.049000556,-6.3,5.761410832));
#1243=DIRECTION('',(-0.577350269,-0.577350269,-0.577350269));
#1244=VECTOR('',#1243,0.346410162);
#1245=LINE('',#1242,#1244);
#1246=EDGE_CURVE('',#1235,#1024,#1245,.T.);
#1247=ORIENTED_EDGE('',*,*,#1246,.T.);
#1248=EDGE_LOOP('',(#1225,#1233,#1241,#1247));
#1249=FACE_BOUND('',#1248,.T.);
#1250=ADVANCED_FACE('',(#1249),#1224,.T.);
#1251=OVER_RIDING_STYLED_ITEM('',(#114),#1250,#26);
#1252=CARTESIAN_POINT('',(3.149000556,-6.4,3.130705416));
#1253=DIRECTION('',(-0.707106781,-0.707106781,0.));
#1254=DIRECTION('',(0.,0.,1.));
#1255=AXIS2_PLACEMENT_3D('',#1252,#1253,#1254);
#1256=PLANE('',#1255);
#1257=ORIENTED_EDGE('',*,*,#1053,.T.);
#1258=CARTESIAN_POINT('',(3.049000556,-6.3,6.761410832));
#1259=VERTEX_POINT('',#1258);
#1260=CARTESIAN_POINT('',(3.249000556,-6.5,6.961410832));
#1261=DIRECTION('',(-0.577350269,0.577350269,-0.577350269));
#1262=VECTOR('',#1261,3.464101615);
#1263=LINE('',#1260,#1262);
#1264=EDGE_CURVE('',#1042,#1259,#1263,.T.);
#1265=ORIENTED_EDGE('',*,*,#1264,.T.);
#1266=CARTESIAN_POINT('',(3.049000556,-6.3,39.437759578));
#1267=DIRECTION('',(0.,0.,-1.));
#1268=VECTOR('',#1267,10.);
#1269=LINE('',#1266,#1268);
#1270=EDGE_CURVE('',#1259,#1227,#1269,.T.);
#1271=ORIENTED_EDGE('',*,*,#1270,.T.);
#1272=ORIENTED_EDGE('',*,*,#1232,.F.);
#1273=EDGE_LOOP('',(#1257,#1265,#1271,#1272));
#1274=FACE_BOUND('',#1273,.T.);
#1275=ADVANCED_FACE('',(#1274),#1256,.T.);
#1276=OVER_RIDING_STYLED_ITEM('',(#114),#1275,#26);
#1277=CARTESIAN_POINT('',(1.274500278,-6.4,6.861410832));
#1278=DIRECTION('',(0.,-0.707106781,-0.707106781));
#1279=DIRECTION('',(-1.,0.,0.));
#1280=AXIS2_PLACEMENT_3D('',#1277,#1278,#1279);
#1281=PLANE('',#1280);
#1282=ORIENTED_EDGE('',*,*,#1047,.T.);
#1283=CARTESIAN_POINT('',(2.049000556,-6.3,6.761410832));
#1284=VERTEX_POINT('',#1283);
#1285=CARTESIAN_POINT('',(1.849000556,-6.5,6.961410832));
#1286=DIRECTION('',(0.577350269,0.577350269,-0.577350269));
#1287=VECTOR('',#1286,3.464101615);
#1288=LINE('',#1285,#1287);
#1289=EDGE_CURVE('',#1034,#1284,#1288,.T.);
#1290=ORIENTED_EDGE('',*,*,#1289,.T.);
#1291=CARTESIAN_POINT('',(9.01950306,-6.3,6.761410832));
#1292=DIRECTION('',(1.,0.,-0.));
#1293=VECTOR('',#1292,10.);
#1294=LINE('',#1291,#1293);
#1295=EDGE_CURVE('',#1284,#1259,#1294,.T.);
#1296=ORIENTED_EDGE('',*,*,#1295,.T.);
#1297=ORIENTED_EDGE('',*,*,#1264,.F.);
#1298=EDGE_LOOP('',(#1282,#1290,#1296,#1297));
#1299=FACE_BOUND('',#1298,.T.);
#1300=ADVANCED_FACE('',(#1299),#1281,.T.);
#1301=OVER_RIDING_STYLED_ITEM('',(#114),#1300,#26);
#1302=CARTESIAN_POINT('',(1.949000556,-6.4,3.130705416));
#1303=DIRECTION('',(0.707106781,-0.707106781,0.));
#1304=DIRECTION('',(0.,0.,-1.));
#1305=AXIS2_PLACEMENT_3D('',#1302,#1303,#1304);
#1306=PLANE('',#1305);
#1307=ORIENTED_EDGE('',*,*,#1039,.T.);
#1308=ORIENTED_EDGE('',*,*,#1246,.F.);
#1309=CARTESIAN_POINT('',(2.049000556,-6.3,29.437759578));
#1310=DIRECTION('',(0.,0.,1.));
#1311=VECTOR('',#1310,10.);
#1312=LINE('',#1309,#1311);
#1313=EDGE_CURVE('',#1235,#1284,#1312,.T.);
#1314=ORIENTED_EDGE('',*,*,#1313,.T.);
#1315=ORIENTED_EDGE('',*,*,#1289,.F.);
#1316=EDGE_LOOP('',(#1307,#1308,#1314,#1315));
#1317=FACE_BOUND('',#1316,.T.);
#1318=ADVANCED_FACE('',(#1317),#1306,.T.);
#1319=OVER_RIDING_STYLED_ITEM('',(#114),#1318,#26);
#1320=CARTESIAN_POINT('',(2.049000556,-6.5,6.261410832));
#1321=DIRECTION('',(-1.,-0.,0.));
#1322=DIRECTION('',(0.,0.,1.));
#1323=AXIS2_PLACEMENT_3D('',#1320,#1321,#1322);
#1324=PLANE('',#1323);
#1325=ORIENTED_EDGE('',*,*,#1313,.F.);
#1326=CARTESIAN_POINT('',(2.049000556,-1.5,5.761410832));
#1327=VERTEX_POINT('',#1326);
#1328=CARTESIAN_POINT('',(2.049000556,-4.5,5.761410832));
#1329=DIRECTION('',(-0.,1.,0.));
#1330=VECTOR('',#1329,48.);
#1331=LINE('',#1328,#1330);
#1332=EDGE_CURVE('',#1235,#1327,#1331,.T.);
#1333=ORIENTED_EDGE('',*,*,#1332,.T.);
#1334=CARTESIAN_POINT('',(2.049000556,-1.5,6.761410832));
#1335=VERTEX_POINT('',#1334);
#1336=CARTESIAN_POINT('',(2.049000556,-1.5,6.761410832));
#1337=DIRECTION('',(0.,0.,-1.));
#1338=VECTOR('',#1337,10.);
#1339=LINE('',#1336,#1338);
#1340=EDGE_CURVE('',#1335,#1327,#1339,.T.);
#1341=ORIENTED_EDGE('',*,*,#1340,.F.);
#1342=CARTESIAN_POINT('',(2.049000556,-4.5,6.761410832));
#1343=DIRECTION('',(-0.,1.,0.));
#1344=VECTOR('',#1343,48.);
#1345=LINE('',#1342,#1344);
#1346=EDGE_CURVE('',#1284,#1335,#1345,.T.);
#1347=ORIENTED_EDGE('',*,*,#1346,.F.);
#1348=EDGE_LOOP('',(#1325,#1333,#1341,#1347));
#1349=FACE_BOUND('',#1348,.T.);
#1350=ADVANCED_FACE('',(#1349),#1324,.F.);
#1351=CARTESIAN_POINT('',(2.549000556,-6.5,5.761410832));
#1352=DIRECTION('',(0.,0.,-1.));
#1353=DIRECTION('',(-1.,0.,0.));
#1354=AXIS2_PLACEMENT_3D('',#1351,#1352,#1353);
#1355=PLANE('',#1354);
#1356=ORIENTED_EDGE('',*,*,#1240,.F.);
#1357=CARTESIAN_POINT('',(3.049000556,-1.5,5.761410832));
#1358=VERTEX_POINT('',#1357);
#1359=CARTESIAN_POINT('',(3.049000556,-4.5,5.761410832));
#1360=DIRECTION('',(-0.,1.,0.));
#1361=VECTOR('',#1360,48.);
#1362=LINE('',#1359,#1361);
#1363=EDGE_CURVE('',#1227,#1358,#1362,.T.);
#1364=ORIENTED_EDGE('',*,*,#1363,.T.);
#1365=CARTESIAN_POINT('',(2.049000556,-1.5,5.761410832));
#1366=DIRECTION('',(1.,0.,-0.));
#1367=VECTOR('',#1366,10.);
#1368=LINE('',#1365,#1367);
#1369=EDGE_CURVE('',#1327,#1358,#1368,.T.);
#1370=ORIENTED_EDGE('',*,*,#1369,.F.);
#1371=ORIENTED_EDGE('',*,*,#1332,.F.);
#1372=EDGE_LOOP('',(#1356,#1364,#1370,#1371));
#1373=FACE_BOUND('',#1372,.T.);
#1374=ADVANCED_FACE('',(#1373),#1355,.F.);
#1375=CARTESIAN_POINT('',(-1.27974658,-6.4,5.661410832));
#1376=DIRECTION('',(0.,-0.707106781,0.707106781));
#1377=DIRECTION('',(1.,0.,0.));
#1378=AXIS2_PLACEMENT_3D('',#1375,#1376,#1377);
#1379=PLANE('',#1378);
#1380=ORIENTED_EDGE('',*,*,#835,.T.);
#1381=CARTESIAN_POINT('',(-2.05949316,-6.3,5.761410832));
#1382=VERTEX_POINT('',#1381);
#1383=CARTESIAN_POINT('',(-1.85949316,-6.5,5.561410832));
#1384=DIRECTION('',(-0.577350269,0.577350269,0.577350269));
#1385=VECTOR('',#1384,0.346410162);
#1386=LINE('',#1383,#1385);
#1387=EDGE_CURVE('',#830,#1382,#1386,.T.);
#1388=ORIENTED_EDGE('',*,*,#1387,.T.);
#1389=CARTESIAN_POINT('',(-3.05949316,-6.3,5.761410832));
#1390=VERTEX_POINT('',#1389);
#1391=CARTESIAN_POINT('',(-9.077212379,-6.3,5.761410832));
#1392=DIRECTION('',(-1.,0.,0.));
#1393=VECTOR('',#1392,10.);
#1394=LINE('',#1391,#1393);
#1395=EDGE_CURVE('',#1382,#1390,#1394,.T.);
#1396=ORIENTED_EDGE('',*,*,#1395,.T.);
#1397=CARTESIAN_POINT('',(-3.05949316,-6.3,5.761410832));
#1398=DIRECTION('',(-0.577350269,-0.577350269,-0.577350269));
#1399=VECTOR('',#1398,3.464101615);
#1400=LINE('',#1397,#1399);
#1401=EDGE_CURVE('',#1390,#828,#1400,.T.);
#1402=ORIENTED_EDGE('',*,*,#1401,.T.);
#1403=EDGE_LOOP('',(#1380,#1388,#1396,#1402));
#1404=FACE_BOUND('',#1403,.T.);
#1405=ADVANCED_FACE('',(#1404),#1379,.T.);
#1406=OVER_RIDING_STYLED_ITEM('',(#114),#1405,#26);
#1407=CARTESIAN_POINT('',(-1.95949316,-6.4,3.130705416));
#1408=DIRECTION('',(-0.707106781,-0.707106781,0.));
#1409=DIRECTION('',(0.,0.,1.));
#1410=AXIS2_PLACEMENT_3D('',#1407,#1408,#1409);
#1411=PLANE('',#1410);
#1412=ORIENTED_EDGE('',*,*,#857,.T.);
#1413=CARTESIAN_POINT('',(-2.05949316,-6.3,6.761410832));
#1414=VERTEX_POINT('',#1413);
#1415=CARTESIAN_POINT('',(-1.85949316,-6.5,6.961410832));
#1416=DIRECTION('',(-0.577350269,0.577350269,-0.577350269));
#1417=VECTOR('',#1416,3.464101615);
#1418=LINE('',#1415,#1417);
#1419=EDGE_CURVE('',#846,#1414,#1418,.T.);
#1420=ORIENTED_EDGE('',*,*,#1419,.T.);
#1421=CARTESIAN_POINT('',(-2.05949316,-6.3,39.437759578));
#1422=DIRECTION('',(0.,0.,-1.));
#1423=VECTOR('',#1422,10.);
#1424=LINE('',#1421,#1423);
#1425=EDGE_CURVE('',#1414,#1382,#1424,.T.);
#1426=ORIENTED_EDGE('',*,*,#1425,.T.);
#1427=ORIENTED_EDGE('',*,*,#1387,.F.);
#1428=EDGE_LOOP('',(#1412,#1420,#1426,#1427));
#1429=FACE_BOUND('',#1428,.T.);
#1430=ADVANCED_FACE('',(#1429),#1411,.T.);
#1431=OVER_RIDING_STYLED_ITEM('',(#114),#1430,#26);
#1432=CARTESIAN_POINT('',(-1.27974658,-6.4,6.861410832));
#1433=DIRECTION('',(0.,-0.707106781,-0.707106781));
#1434=DIRECTION('',(-1.,0.,0.));
#1435=AXIS2_PLACEMENT_3D('',#1432,#1433,#1434);
#1436=PLANE('',#1435);
#1437=ORIENTED_EDGE('',*,*,#851,.T.);
#1438=CARTESIAN_POINT('',(-3.05949316,-6.3,6.761410832));
#1439=VERTEX_POINT('',#1438);
#1440=CARTESIAN_POINT('',(-3.25949316,-6.5,6.961410832));
#1441=DIRECTION('',(0.577350269,0.577350269,-0.577350269));
#1442=VECTOR('',#1441,3.464101615);
#1443=LINE('',#1440,#1442);
#1444=EDGE_CURVE('',#838,#1439,#1443,.T.);
#1445=ORIENTED_EDGE('',*,*,#1444,.T.);
#1446=CARTESIAN_POINT('',(-19.077212379,-6.3,6.761410832));
#1447=DIRECTION('',(1.,0.,-0.));
#1448=VECTOR('',#1447,10.);
#1449=LINE('',#1446,#1448);
#1450=EDGE_CURVE('',#1439,#1414,#1449,.T.);
#1451=ORIENTED_EDGE('',*,*,#1450,.T.);
#1452=ORIENTED_EDGE('',*,*,#1419,.F.);
#1453=EDGE_LOOP('',(#1437,#1445,#1451,#1452));
#1454=FACE_BOUND('',#1453,.T.);
#1455=ADVANCED_FACE('',(#1454),#1436,.T.);
#1456=OVER_RIDING_STYLED_ITEM('',(#114),#1455,#26);
#1457=CARTESIAN_POINT('',(-3.15949316,-6.4,3.130705416));
#1458=DIRECTION('',(0.707106781,-0.707106781,0.));
#1459=DIRECTION('',(0.,0.,-1.));
#1460=AXIS2_PLACEMENT_3D('',#1457,#1458,#1459);
#1461=PLANE('',#1460);
#1462=ORIENTED_EDGE('',*,*,#843,.T.);
#1463=ORIENTED_EDGE('',*,*,#1401,.F.);
#1464=CARTESIAN_POINT('',(-3.05949316,-6.3,29.437759578));
#1465=DIRECTION('',(0.,0.,1.));
#1466=VECTOR('',#1465,10.);
#1467=LINE('',#1464,#1466);
#1468=EDGE_CURVE('',#1390,#1439,#1467,.T.);
#1469=ORIENTED_EDGE('',*,*,#1468,.T.);
#1470=ORIENTED_EDGE('',*,*,#1444,.F.);
#1471=EDGE_LOOP('',(#1462,#1463,#1469,#1470));
#1472=FACE_BOUND('',#1471,.T.);
#1473=ADVANCED_FACE('',(#1472),#1461,.T.);
#1474=OVER_RIDING_STYLED_ITEM('',(#114),#1473,#26);
#1475=CARTESIAN_POINT('',(-3.05949316,-6.5,6.261410832));
#1476=DIRECTION('',(-1.,-0.,0.));
#1477=DIRECTION('',(0.,0.,1.));
#1478=AXIS2_PLACEMENT_3D('',#1475,#1476,#1477);
#1479=PLANE('',#1478);
#1480=ORIENTED_EDGE('',*,*,#1468,.F.);
#1481=CARTESIAN_POINT('',(-3.05949316,-1.5,5.761410832));
#1482=VERTEX_POINT('',#1481);
#1483=CARTESIAN_POINT('',(-3.05949316,-4.5,5.761410832));
#1484=DIRECTION('',(-0.,1.,0.));
#1485=VECTOR('',#1484,48.);
#1486=LINE('',#1483,#1485);
#1487=EDGE_CURVE('',#1390,#1482,#1486,.T.);
#1488=ORIENTED_EDGE('',*,*,#1487,.T.);
#1489=CARTESIAN_POINT('',(-3.05949316,-1.5,6.761410832));
#1490=VERTEX_POINT('',#1489);
#1491=CARTESIAN_POINT('',(-3.05949316,-1.5,6.761410832));
#1492=DIRECTION('',(0.,0.,-1.));
#1493=VECTOR('',#1492,10.);
#1494=LINE('',#1491,#1493);
#1495=EDGE_CURVE('',#1490,#1482,#1494,.T.);
#1496=ORIENTED_EDGE('',*,*,#1495,.F.);
#1497=CARTESIAN_POINT('',(-3.05949316,-4.5,6.761410832));
#1498=DIRECTION('',(-0.,1.,0.));
#1499=VECTOR('',#1498,48.);
#1500=LINE('',#1497,#1499);
#1501=EDGE_CURVE('',#1439,#1490,#1500,.T.);
#1502=ORIENTED_EDGE('',*,*,#1501,.F.);
#1503=EDGE_LOOP('',(#1480,#1488,#1496,#1502));
#1504=FACE_BOUND('',#1503,.T.);
#1505=ADVANCED_FACE('',(#1504),#1479,.F.);
#1506=CARTESIAN_POINT('',(-2.55949316,-6.5,5.761410832));
#1507=DIRECTION('',(0.,0.,-1.));
#1508=DIRECTION('',(-1.,0.,0.));
#1509=AXIS2_PLACEMENT_3D('',#1506,#1507,#1508);
#1510=PLANE('',#1509);
#1511=ORIENTED_EDGE('',*,*,#1395,.F.);
#1512=CARTESIAN_POINT('',(-2.05949316,-1.5,5.761410832));
#1513=VERTEX_POINT('',#1512);
#1514=CARTESIAN_POINT('',(-2.05949316,-4.5,5.761410832));
#1515=DIRECTION('',(-0.,1.,0.));
#1516=VECTOR('',#1515,48.);
#1517=LINE('',#1514,#1516);
#1518=EDGE_CURVE('',#1382,#1513,#1517,.T.);
#1519=ORIENTED_EDGE('',*,*,#1518,.T.);
#1520=CARTESIAN_POINT('',(-3.05949316,-1.5,5.761410832));
#1521=DIRECTION('',(1.,0.,-0.));
#1522=VECTOR('',#1521,10.);
#1523=LINE('',#1520,#1522);
#1524=EDGE_CURVE('',#1482,#1513,#1523,.T.);
#1525=ORIENTED_EDGE('',*,*,#1524,.F.);
#1526=ORIENTED_EDGE('',*,*,#1487,.F.);
#1527=EDGE_LOOP('',(#1511,#1519,#1525,#1526));
#1528=FACE_BOUND('',#1527,.T.);
#1529=ADVANCED_FACE('',(#1528),#1510,.F.);
#1530=CARTESIAN_POINT('',(0.439812303,-6.4,3.510708058));
#1531=DIRECTION('',(0.,-0.707106781,0.707106781));
#1532=DIRECTION('',(1.,0.,0.));
#1533=AXIS2_PLACEMENT_3D('',#1530,#1531,#1532);
#1534=PLANE('',#1533);
#1535=ORIENTED_EDGE('',*,*,#997,.T.);
#1536=CARTESIAN_POINT('',(1.379624605,-6.3,3.610708058));
#1537=VERTEX_POINT('',#1536);
#1538=CARTESIAN_POINT('',(1.579624605,-6.5,3.410708058));
#1539=DIRECTION('',(-0.577350269,0.577350269,0.577350269));
#1540=VECTOR('',#1539,0.346410162);
#1541=LINE('',#1538,#1540);
#1542=EDGE_CURVE('',#992,#1537,#1541,.T.);
#1543=ORIENTED_EDGE('',*,*,#1542,.T.);
#1544=CARTESIAN_POINT('',(0.379624605,-6.3,3.610708058));
#1545=VERTEX_POINT('',#1544);
#1546=CARTESIAN_POINT('',(9.837935328,-6.3,3.610708058));
#1547=DIRECTION('',(-1.,0.,0.));
#1548=VECTOR('',#1547,10.);
#1549=LINE('',#1546,#1548);
#1550=EDGE_CURVE('',#1537,#1545,#1549,.T.);
#1551=ORIENTED_EDGE('',*,*,#1550,.T.);
#1552=CARTESIAN_POINT('',(0.379624605,-6.3,3.610708058));
#1553=DIRECTION('',(-0.577350269,-0.577350269,-0.577350269));
#1554=VECTOR('',#1553,3.464101615);
#1555=LINE('',#1552,#1554);
#1556=EDGE_CURVE('',#1545,#990,#1555,.T.);
#1557=ORIENTED_EDGE('',*,*,#1556,.T.);
#1558=EDGE_LOOP('',(#1535,#1543,#1551,#1557));
#1559=FACE_BOUND('',#1558,.T.);
#1560=ADVANCED_FACE('',(#1559),#1534,.T.);
#1561=OVER_RIDING_STYLED_ITEM('',(#114),#1560,#26);
#1562=CARTESIAN_POINT('',(1.479624605,-6.4,2.055354029));
#1563=DIRECTION('',(-0.707106781,-0.707106781,0.));
#1564=DIRECTION('',(0.,0.,1.));
#1565=AXIS2_PLACEMENT_3D('',#1562,#1563,#1564);
#1566=PLANE('',#1565);
#1567=ORIENTED_EDGE('',*,*,#1019,.T.);
#1568=CARTESIAN_POINT('',(1.379624605,-6.3,4.610708058));
#1569=VERTEX_POINT('',#1568);
#1570=CARTESIAN_POINT('',(1.579624605,-6.5,4.810708058));
#1571=DIRECTION('',(-0.577350269,0.577350269,-0.577350269));
#1572=VECTOR('',#1571,3.464101615);
#1573=LINE('',#1570,#1572);
#1574=EDGE_CURVE('',#1008,#1569,#1573,.T.);
#1575=ORIENTED_EDGE('',*,*,#1574,.T.);
#1576=CARTESIAN_POINT('',(1.379624605,-6.3,27.608894318));
#1577=DIRECTION('',(0.,0.,-1.));
#1578=VECTOR('',#1577,10.);
#1579=LINE('',#1576,#1578);
#1580=EDGE_CURVE('',#1569,#1537,#1579,.T.);
#1581=ORIENTED_EDGE('',*,*,#1580,.T.);
#1582=ORIENTED_EDGE('',*,*,#1542,.F.);
#1583=EDGE_LOOP('',(#1567,#1575,#1581,#1582));
#1584=FACE_BOUND('',#1583,.T.);
#1585=ADVANCED_FACE('',(#1584),#1566,.T.);
#1586=OVER_RIDING_STYLED_ITEM('',(#114),#1585,#26);
#1587=CARTESIAN_POINT('',(0.279624605,-6.4,2.055354029));
#1588=DIRECTION('',(0.707106781,-0.707106781,0.));
#1589=DIRECTION('',(0.,0.,-1.));
#1590=AXIS2_PLACEMENT_3D('',#1587,#1588,#1589);
#1591=PLANE('',#1590);
#1592=ORIENTED_EDGE('',*,*,#1005,.T.);
#1593=ORIENTED_EDGE('',*,*,#1556,.F.);
#1594=CARTESIAN_POINT('',(0.379624605,-6.3,4.610708058));
#1595=VERTEX_POINT('',#1594);
#1596=CARTESIAN_POINT('',(0.379624605,-6.3,17.608894318));
#1597=DIRECTION('',(0.,0.,1.));
#1598=VECTOR('',#1597,10.);
#1599=LINE('',#1596,#1598);
#1600=EDGE_CURVE('',#1545,#1595,#1599,.T.);
#1601=ORIENTED_EDGE('',*,*,#1600,.T.);
#1602=CARTESIAN_POINT('',(0.179624605,-6.5,4.810708058));
#1603=DIRECTION('',(0.577350269,0.577350269,-0.577350269));
#1604=VECTOR('',#1603,0.346410162);
#1605=LINE('',#1602,#1604);
#1606=EDGE_CURVE('',#1000,#1595,#1605,.T.);
#1607=ORIENTED_EDGE('',*,*,#1606,.F.);
#1608=EDGE_LOOP('',(#1592,#1593,#1601,#1607));
#1609=FACE_BOUND('',#1608,.T.);
#1610=ADVANCED_FACE('',(#1609),#1591,.T.);
#1611=OVER_RIDING_STYLED_ITEM('',(#114),#1610,#26);
#1612=CARTESIAN_POINT('',(0.439812303,-6.4,4.710708058));
#1613=DIRECTION('',(0.,-0.707106781,-0.707106781));
#1614=DIRECTION('',(-1.,0.,0.));
#1615=AXIS2_PLACEMENT_3D('',#1612,#1613,#1614);
#1616=PLANE('',#1615);
#1617=ORIENTED_EDGE('',*,*,#1013,.T.);
#1618=ORIENTED_EDGE('',*,*,#1606,.T.);
#1619=CARTESIAN_POINT('',(-0.162064672,-6.3,4.610708058));
#1620=DIRECTION('',(1.,0.,-0.));
#1621=VECTOR('',#1620,10.);
#1622=LINE('',#1619,#1621);
#1623=EDGE_CURVE('',#1595,#1569,#1622,.T.);
#1624=ORIENTED_EDGE('',*,*,#1623,.T.);
#1625=ORIENTED_EDGE('',*,*,#1574,.F.);
#1626=EDGE_LOOP('',(#1617,#1618,#1624,#1625));
#1627=FACE_BOUND('',#1626,.T.);
#1628=ADVANCED_FACE('',(#1627),#1616,.T.);
#1629=OVER_RIDING_STYLED_ITEM('',(#114),#1628,#26);
#1630=CARTESIAN_POINT('',(0.379624605,-6.5,4.110708058));
#1631=DIRECTION('',(-1.,-0.,0.));
#1632=DIRECTION('',(0.,0.,1.));
#1633=AXIS2_PLACEMENT_3D('',#1630,#1631,#1632);
#1634=PLANE('',#1633);
#1635=ORIENTED_EDGE('',*,*,#1600,.F.);
#1636=CARTESIAN_POINT('',(0.379624605,-1.5,3.610708058));
#1637=VERTEX_POINT('',#1636);
#1638=CARTESIAN_POINT('',(0.379624605,-4.5,3.610708058));
#1639=DIRECTION('',(-0.,1.,0.));
#1640=VECTOR('',#1639,48.);
#1641=LINE('',#1638,#1640);
#1642=EDGE_CURVE('',#1545,#1637,#1641,.T.);
#1643=ORIENTED_EDGE('',*,*,#1642,.T.);
#1644=CARTESIAN_POINT('',(0.379624605,-1.5,4.610708058));
#1645=VERTEX_POINT('',#1644);
#1646=CARTESIAN_POINT('',(0.379624605,-1.5,4.610708058));
#1647=DIRECTION('',(0.,0.,-1.));
#1648=VECTOR('',#1647,10.);
#1649=LINE('',#1646,#1648);
#1650=EDGE_CURVE('',#1645,#1637,#1649,.T.);
#1651=ORIENTED_EDGE('',*,*,#1650,.F.);
#1652=CARTESIAN_POINT('',(0.379624605,-4.5,4.610708058));
#1653=DIRECTION('',(-0.,1.,0.));
#1654=VECTOR('',#1653,48.);
#1655=LINE('',#1652,#1654);
#1656=EDGE_CURVE('',#1595,#1645,#1655,.T.);
#1657=ORIENTED_EDGE('',*,*,#1656,.F.);
#1658=EDGE_LOOP('',(#1635,#1643,#1651,#1657));
#1659=FACE_BOUND('',#1658,.T.);
#1660=ADVANCED_FACE('',(#1659),#1634,.F.);
#1661=CARTESIAN_POINT('',(0.879624605,-6.5,3.610708058));
#1662=DIRECTION('',(0.,0.,-1.));
#1663=DIRECTION('',(-1.,0.,0.));
#1664=AXIS2_PLACEMENT_3D('',#1661,#1662,#1663);
#1665=PLANE('',#1664);
#1666=ORIENTED_EDGE('',*,*,#1550,.F.);
#1667=CARTESIAN_POINT('',(1.379624605,-1.5,3.610708058));
#1668=VERTEX_POINT('',#1667);
#1669=CARTESIAN_POINT('',(1.379624605,-4.5,3.610708058));
#1670=DIRECTION('',(-0.,1.,0.));
#1671=VECTOR('',#1670,48.);
#1672=LINE('',#1669,#1671);
#1673=EDGE_CURVE('',#1537,#1668,#1672,.T.);
#1674=ORIENTED_EDGE('',*,*,#1673,.T.);
#1675=CARTESIAN_POINT('',(0.379624605,-1.5,3.610708058));
#1676=DIRECTION('',(1.,0.,-0.));
#1677=VECTOR('',#1676,10.);
#1678=LINE('',#1675,#1677);
#1679=EDGE_CURVE('',#1637,#1668,#1678,.T.);
#1680=ORIENTED_EDGE('',*,*,#1679,.F.);
#1681=ORIENTED_EDGE('',*,*,#1642,.F.);
#1682=EDGE_LOOP('',(#1666,#1674,#1680,#1681));
#1683=FACE_BOUND('',#1682,.T.);
#1684=ADVANCED_FACE('',(#1683),#1665,.F.);
#1685=CARTESIAN_POINT('',(-1.572004982,-6.5,8.030290127));
#1686=DIRECTION('',(1.,0.,0.));
#1687=DIRECTION('',(0.,0.,-1.));
#1688=AXIS2_PLACEMENT_3D('',#1685,#1686,#1687);
#1689=PLANE('',#1688);
#1690=ORIENTED_EDGE('',*,*,#671,.F.);
#1691=CARTESIAN_POINT('',(-1.572004982,-1.5,8.530290127));
#1692=VERTEX_POINT('',#1691);
#1693=CARTESIAN_POINT('',(-1.572004982,-4.5,8.530290127));
#1694=DIRECTION('',(-0.,1.,0.));
#1695=VECTOR('',#1694,48.);
#1696=LINE('',#1693,#1695);
#1697=EDGE_CURVE('',#660,#1692,#1696,.T.);
#1698=ORIENTED_EDGE('',*,*,#1697,.T.);
#1699=CARTESIAN_POINT('',(-1.572004982,-1.5,7.530290127));
#1700=DIRECTION('',(0.,0.,1.));
#1701=VECTOR('',#1700,10.);
#1702=LINE('',#1699,#1701);
#1703=EDGE_CURVE('',#771,#1692,#1702,.T.);
#1704=ORIENTED_EDGE('',*,*,#1703,.F.);
#1705=ORIENTED_EDGE('',*,*,#776,.F.);
#1706=EDGE_LOOP('',(#1690,#1698,#1704,#1705));
#1707=FACE_BOUND('',#1706,.T.);
#1708=ADVANCED_FACE('',(#1707),#1689,.F.);
#1709=CARTESIAN_POINT('',(-2.072004982,-6.5,8.530290127));
#1710=DIRECTION('',(0.,0.,1.));
#1711=DIRECTION('',(1.,0.,0.));
#1712=AXIS2_PLACEMENT_3D('',#1709,#1710,#1711);
#1713=PLANE('',#1712);
#1714=ORIENTED_EDGE('',*,*,#703,.F.);
#1715=ORIENTED_EDGE('',*,*,#759,.T.);
#1716=CARTESIAN_POINT('',(-1.572004982,-1.5,8.530290127));
#1717=DIRECTION('',(-1.,0.,0.));
#1718=VECTOR('',#1717,10.);
#1719=LINE('',#1716,#1718);
#1720=EDGE_CURVE('',#1692,#748,#1719,.T.);
#1721=ORIENTED_EDGE('',*,*,#1720,.F.);
#1722=ORIENTED_EDGE('',*,*,#1697,.F.);
#1723=EDGE_LOOP('',(#1714,#1715,#1721,#1722));
#1724=FACE_BOUND('',#1723,.T.);
#1725=ADVANCED_FACE('',(#1724),#1713,.F.);
#1726=CARTESIAN_POINT('',(-2.072004982,-1.5,8.030290127));
#1727=DIRECTION('',(-0.,1.,-0.));
#1728=DIRECTION('',(0.,0.,1.));
#1729=AXIS2_PLACEMENT_3D('',#1726,#1727,#1728);
#1730=PLANE('',#1729);
#1731=ORIENTED_EDGE('',*,*,#782,.T.);
#1732=ORIENTED_EDGE('',*,*,#1703,.T.);
#1733=ORIENTED_EDGE('',*,*,#1720,.T.);
#1734=ORIENTED_EDGE('',*,*,#753,.T.);
#1735=EDGE_LOOP('',(#1731,#1732,#1733,#1734));
#1736=FACE_BOUND('',#1735,.T.);
#1737=ADVANCED_FACE('',(#1736),#1730,.F.);
#1738=CARTESIAN_POINT('',(-2.05949316,-6.5,6.261410832));
#1739=DIRECTION('',(1.,0.,0.));
#1740=DIRECTION('',(0.,0.,-1.));
#1741=AXIS2_PLACEMENT_3D('',#1738,#1739,#1740);
#1742=PLANE('',#1741);
#1743=ORIENTED_EDGE('',*,*,#1425,.F.);
#1744=CARTESIAN_POINT('',(-2.05949316,-1.5,6.761410832));
#1745=VERTEX_POINT('',#1744);
#1746=CARTESIAN_POINT('',(-2.05949316,-4.5,6.761410832));
#1747=DIRECTION('',(-0.,1.,0.));
#1748=VECTOR('',#1747,48.);
#1749=LINE('',#1746,#1748);
#1750=EDGE_CURVE('',#1414,#1745,#1749,.T.);
#1751=ORIENTED_EDGE('',*,*,#1750,.T.);
#1752=CARTESIAN_POINT('',(-2.05949316,-1.5,5.761410832));
#1753=DIRECTION('',(0.,0.,1.));
#1754=VECTOR('',#1753,10.);
#1755=LINE('',#1752,#1754);
#1756=EDGE_CURVE('',#1513,#1745,#1755,.T.);
#1757=ORIENTED_EDGE('',*,*,#1756,.F.);
#1758=ORIENTED_EDGE('',*,*,#1518,.F.);
#1759=EDGE_LOOP('',(#1743,#1751,#1757,#1758));
#1760=FACE_BOUND('',#1759,.T.);
#1761=ADVANCED_FACE('',(#1760),#1742,.F.);
#1762=CARTESIAN_POINT('',(-2.55949316,-6.5,6.761410832));
#1763=DIRECTION('',(0.,0.,1.));
#1764=DIRECTION('',(1.,0.,0.));
#1765=AXIS2_PLACEMENT_3D('',#1762,#1763,#1764);
#1766=PLANE('',#1765);
#1767=ORIENTED_EDGE('',*,*,#1450,.F.);
#1768=ORIENTED_EDGE('',*,*,#1501,.T.);
#1769=CARTESIAN_POINT('',(-2.05949316,-1.5,6.761410832));
#1770=DIRECTION('',(-1.,0.,0.));
#1771=VECTOR('',#1770,10.);
#1772=LINE('',#1769,#1771);
#1773=EDGE_CURVE('',#1745,#1490,#1772,.T.);
#1774=ORIENTED_EDGE('',*,*,#1773,.F.);
#1775=ORIENTED_EDGE('',*,*,#1750,.F.);
#1776=EDGE_LOOP('',(#1767,#1768,#1774,#1775));
#1777=FACE_BOUND('',#1776,.T.);
#1778=ADVANCED_FACE('',(#1777),#1766,.F.);
#1779=CARTESIAN_POINT('',(-2.55949316,-1.5,6.261410832));
#1780=DIRECTION('',(-0.,1.,0.));
#1781=DIRECTION('',(0.,-0.,1.));
#1782=AXIS2_PLACEMENT_3D('',#1779,#1780,#1781);
#1783=PLANE('',#1782);
#1784=ORIENTED_EDGE('',*,*,#1524,.T.);
#1785=ORIENTED_EDGE('',*,*,#1756,.T.);
#1786=ORIENTED_EDGE('',*,*,#1773,.T.);
#1787=ORIENTED_EDGE('',*,*,#1495,.T.);
#1788=EDGE_LOOP('',(#1784,#1785,#1786,#1787));
#1789=FACE_BOUND('',#1788,.T.);
#1790=ADVANCED_FACE('',(#1789),#1783,.F.);
#1791=CARTESIAN_POINT('',(1.379624605,-6.5,4.110708058));
#1792=DIRECTION('',(1.,0.,0.));
#1793=DIRECTION('',(0.,0.,-1.));
#1794=AXIS2_PLACEMENT_3D('',#1791,#1792,#1793);
#1795=PLANE('',#1794);
#1796=ORIENTED_EDGE('',*,*,#1580,.F.);
#1797=CARTESIAN_POINT('',(1.379624605,-1.5,4.610708058));
#1798=VERTEX_POINT('',#1797);
#1799=CARTESIAN_POINT('',(1.379624605,-4.5,4.610708058));
#1800=DIRECTION('',(-0.,1.,0.));
#1801=VECTOR('',#1800,48.);
#1802=LINE('',#1799,#1801);
#1803=EDGE_CURVE('',#1569,#1798,#1802,.T.);
#1804=ORIENTED_EDGE('',*,*,#1803,.T.);
#1805=CARTESIAN_POINT('',(1.379624605,-1.5,3.610708058));
#1806=DIRECTION('',(0.,0.,1.));
#1807=VECTOR('',#1806,10.);
#1808=LINE('',#1805,#1807);
#1809=EDGE_CURVE('',#1668,#1798,#1808,.T.);
#1810=ORIENTED_EDGE('',*,*,#1809,.F.);
#1811=ORIENTED_EDGE('',*,*,#1673,.F.);
#1812=EDGE_LOOP('',(#1796,#1804,#1810,#1811));
#1813=FACE_BOUND('',#1812,.T.);
#1814=ADVANCED_FACE('',(#1813),#1795,.F.);
#1815=CARTESIAN_POINT('',(0.879624605,-6.5,4.610708058));
#1816=DIRECTION('',(0.,0.,1.));
#1817=DIRECTION('',(1.,0.,0.));
#1818=AXIS2_PLACEMENT_3D('',#1815,#1816,#1817);
#1819=PLANE('',#1818);
#1820=ORIENTED_EDGE('',*,*,#1623,.F.);
#1821=ORIENTED_EDGE('',*,*,#1656,.T.);
#1822=CARTESIAN_POINT('',(1.379624605,-1.5,4.610708058));
#1823=DIRECTION('',(-1.,0.,0.));
#1824=VECTOR('',#1823,10.);
#1825=LINE('',#1822,#1824);
#1826=EDGE_CURVE('',#1798,#1645,#1825,.T.);
#1827=ORIENTED_EDGE('',*,*,#1826,.F.);
#1828=ORIENTED_EDGE('',*,*,#1803,.F.);
#1829=EDGE_LOOP('',(#1820,#1821,#1827,#1828));
#1830=FACE_BOUND('',#1829,.T.);
#1831=ADVANCED_FACE('',(#1830),#1819,.F.);
#1832=CARTESIAN_POINT('',(0.879624605,-1.5,4.110708058));
#1833=DIRECTION('',(0.,1.,0.));
#1834=DIRECTION('',(0.,-0.,1.));
#1835=AXIS2_PLACEMENT_3D('',#1832,#1833,#1834);
#1836=PLANE('',#1835);
#1837=ORIENTED_EDGE('',*,*,#1679,.T.);
#1838=ORIENTED_EDGE('',*,*,#1809,.T.);
#1839=ORIENTED_EDGE('',*,*,#1826,.T.);
#1840=ORIENTED_EDGE('',*,*,#1650,.T.);
#1841=EDGE_LOOP('',(#1837,#1838,#1839,#1840));
#1842=FACE_BOUND('',#1841,.T.);
#1843=ADVANCED_FACE('',(#1842),#1836,.F.);
#1844=CARTESIAN_POINT('',(-0.,-6.5,6.120466268));
#1845=DIRECTION('',(0.,0.,-1.));
#1846=DIRECTION('',(-1.,0.,0.));
#1847=AXIS2_PLACEMENT_3D('',#1844,#1845,#1846);
#1848=PLANE('',#1847);
#1849=CARTESIAN_POINT('',(-0.5,-1.5,6.120466268));
#1850=VERTEX_POINT('',#1849);
#1851=CARTESIAN_POINT('',(0.5,-1.5,6.120466268));
#1852=VERTEX_POINT('',#1851);
#1853=CARTESIAN_POINT('',(-0.5,-1.5,6.120466268));
#1854=DIRECTION('',(1.,0.,-0.));
#1855=VECTOR('',#1854,10.);
#1856=LINE('',#1853,#1855);
#1857=EDGE_CURVE('',#1850,#1852,#1856,.T.);
#1858=ORIENTED_EDGE('',*,*,#1857,.F.);
#1859=CARTESIAN_POINT('',(-0.5,-6.5,6.120466268));
#1860=DIRECTION('',(-0.,1.,0.));
#1861=VECTOR('',#1860,50.);
#1862=LINE('',#1859,#1861);
#1863=EDGE_CURVE('',#958,#1850,#1862,.T.);
#1864=ORIENTED_EDGE('',*,*,#1863,.F.);
#1865=ORIENTED_EDGE('',*,*,#963,.F.);
#1866=CARTESIAN_POINT('',(0.5,-6.5,6.120466268));
#1867=DIRECTION('',(-0.,1.,0.));
#1868=VECTOR('',#1867,50.);
#1869=LINE('',#1866,#1868);
#1870=EDGE_CURVE('',#956,#1852,#1869,.T.);
#1871=ORIENTED_EDGE('',*,*,#1870,.T.);
#1872=EDGE_LOOP('',(#1858,#1864,#1865,#1871));
#1873=FACE_BOUND('',#1872,.T.);
#1874=ADVANCED_FACE('',(#1873),#1848,.F.);
#1875=CARTESIAN_POINT('',(0.5,-6.5,7.120466268));
#1876=DIRECTION('',(1.,0.,0.));
#1877=DIRECTION('',(0.,0.,-1.));
#1878=AXIS2_PLACEMENT_3D('',#1875,#1876,#1877);
#1879=PLANE('',#1878);
#1880=CARTESIAN_POINT('',(0.5,-1.5,8.120466268));
#1881=VERTEX_POINT('',#1880);
#1882=CARTESIAN_POINT('',(0.5,-1.5,6.120466268));
#1883=DIRECTION('',(0.,0.,1.));
#1884=VECTOR('',#1883,20.);
#1885=LINE('',#1882,#1884);
#1886=EDGE_CURVE('',#1852,#1881,#1885,.T.);
#1887=ORIENTED_EDGE('',*,*,#1886,.F.);
#1888=ORIENTED_EDGE('',*,*,#1870,.F.);
#1889=ORIENTED_EDGE('',*,*,#985,.F.);
#1890=CARTESIAN_POINT('',(0.5,-6.5,8.120466268));
#1891=DIRECTION('',(-0.,1.,0.));
#1892=VECTOR('',#1891,50.);
#1893=LINE('',#1890,#1892);
#1894=EDGE_CURVE('',#974,#1881,#1893,.T.);
#1895=ORIENTED_EDGE('',*,*,#1894,.T.);
#1896=EDGE_LOOP('',(#1887,#1888,#1889,#1895));
#1897=FACE_BOUND('',#1896,.T.);
#1898=ADVANCED_FACE('',(#1897),#1879,.F.);
#1899=CARTESIAN_POINT('',(-0.,-6.5,8.120466268));
#1900=DIRECTION('',(0.,0.,1.));
#1901=DIRECTION('',(1.,0.,0.));
#1902=AXIS2_PLACEMENT_3D('',#1899,#1900,#1901);
#1903=PLANE('',#1902);
#1904=CARTESIAN_POINT('',(-0.5,-1.5,8.120466268));
#1905=VERTEX_POINT('',#1904);
#1906=CARTESIAN_POINT('',(0.5,-1.5,8.120466268));
#1907=DIRECTION('',(-1.,0.,0.));
#1908=VECTOR('',#1907,10.);
#1909=LINE('',#1906,#1908);
#1910=EDGE_CURVE('',#1881,#1905,#1909,.T.);
#1911=ORIENTED_EDGE('',*,*,#1910,.F.);
#1912=ORIENTED_EDGE('',*,*,#1894,.F.);
#1913=ORIENTED_EDGE('',*,*,#979,.F.);
#1914=CARTESIAN_POINT('',(-0.5,-6.5,8.120466268));
#1915=DIRECTION('',(-0.,1.,0.));
#1916=VECTOR('',#1915,50.);
#1917=LINE('',#1914,#1916);
#1918=EDGE_CURVE('',#966,#1905,#1917,.T.);
#1919=ORIENTED_EDGE('',*,*,#1918,.T.);
#1920=EDGE_LOOP('',(#1911,#1912,#1913,#1919));
#1921=FACE_BOUND('',#1920,.T.);
#1922=ADVANCED_FACE('',(#1921),#1903,.F.);
#1923=CARTESIAN_POINT('',(-0.5,-6.5,7.120466268));
#1924=DIRECTION('',(-1.,-0.,0.));
#1925=DIRECTION('',(0.,0.,1.));
#1926=AXIS2_PLACEMENT_3D('',#1923,#1924,#1925);
#1927=PLANE('',#1926);
#1928=CARTESIAN_POINT('',(-0.5,-1.5,8.120466268));
#1929=DIRECTION('',(0.,0.,-1.));
#1930=VECTOR('',#1929,20.);
#1931=LINE('',#1928,#1930);
#1932=EDGE_CURVE('',#1905,#1850,#1931,.T.);
#1933=ORIENTED_EDGE('',*,*,#1932,.F.);
#1934=ORIENTED_EDGE('',*,*,#1918,.F.);
#1935=ORIENTED_EDGE('',*,*,#971,.F.);
#1936=ORIENTED_EDGE('',*,*,#1863,.T.);
#1937=EDGE_LOOP('',(#1933,#1934,#1935,#1936));
#1938=FACE_BOUND('',#1937,.T.);
#1939=ADVANCED_FACE('',(#1938),#1927,.F.);
#1940=CARTESIAN_POINT('',(-0.,-1.5,7.120466268));
#1941=DIRECTION('',(0.,1.,0.));
#1942=DIRECTION('',(0.,-0.,1.));
#1943=AXIS2_PLACEMENT_3D('',#1940,#1941,#1942);
#1944=PLANE('',#1943);
#1945=ORIENTED_EDGE('',*,*,#1857,.T.);
#1946=ORIENTED_EDGE('',*,*,#1886,.T.);
#1947=ORIENTED_EDGE('',*,*,#1910,.T.);
#1948=ORIENTED_EDGE('',*,*,#1932,.T.);
#1949=EDGE_LOOP('',(#1945,#1946,#1947,#1948));
#1950=FACE_BOUND('',#1949,.T.);
#1951=ADVANCED_FACE('',(#1950),#1944,.F.);
#1952=CARTESIAN_POINT('',(3.049000556,-6.5,6.261410832));
#1953=DIRECTION('',(1.,0.,0.));
#1954=DIRECTION('',(0.,0.,-1.));
#1955=AXIS2_PLACEMENT_3D('',#1952,#1953,#1954);
#1956=PLANE('',#1955);
#1957=ORIENTED_EDGE('',*,*,#1270,.F.);
#1958=CARTESIAN_POINT('',(3.049000556,-1.5,6.761410832));
#1959=VERTEX_POINT('',#1958);
#1960=CARTESIAN_POINT('',(3.049000556,-4.5,6.761410832));
#1961=DIRECTION('',(-0.,1.,0.));
#1962=VECTOR('',#1961,48.);
#1963=LINE('',#1960,#1962);
#1964=EDGE_CURVE('',#1259,#1959,#1963,.T.);
#1965=ORIENTED_EDGE('',*,*,#1964,.T.);
#1966=CARTESIAN_POINT('',(3.049000556,-1.5,5.761410832));
#1967=DIRECTION('',(0.,0.,1.));
#1968=VECTOR('',#1967,10.);
#1969=LINE('',#1966,#1968);
#1970=EDGE_CURVE('',#1358,#1959,#1969,.T.);
#1971=ORIENTED_EDGE('',*,*,#1970,.F.);
#1972=ORIENTED_EDGE('',*,*,#1363,.F.);
#1973=EDGE_LOOP('',(#1957,#1965,#1971,#1972));
#1974=FACE_BOUND('',#1973,.T.);
#1975=ADVANCED_FACE('',(#1974),#1956,.F.);
#1976=CARTESIAN_POINT('',(2.549000556,-6.5,6.761410832));
#1977=DIRECTION('',(0.,0.,1.));
#1978=DIRECTION('',(1.,0.,0.));
#1979=AXIS2_PLACEMENT_3D('',#1976,#1977,#1978);
#1980=PLANE('',#1979);
#1981=ORIENTED_EDGE('',*,*,#1295,.F.);
#1982=ORIENTED_EDGE('',*,*,#1346,.T.);
#1983=CARTESIAN_POINT('',(3.049000556,-1.5,6.761410832));
#1984=DIRECTION('',(-1.,0.,0.));
#1985=VECTOR('',#1984,10.);
#1986=LINE('',#1983,#1985);
#1987=EDGE_CURVE('',#1959,#1335,#1986,.T.);
#1988=ORIENTED_EDGE('',*,*,#1987,.F.);
#1989=ORIENTED_EDGE('',*,*,#1964,.F.);
#1990=EDGE_LOOP('',(#1981,#1982,#1988,#1989));
#1991=FACE_BOUND('',#1990,.T.);
#1992=ADVANCED_FACE('',(#1991),#1980,.F.);
#1993=CARTESIAN_POINT('',(2.549000556,-1.5,6.261410832));
#1994=DIRECTION('',(0.,1.,0.));
#1995=DIRECTION('',(0.,-0.,1.));
#1996=AXIS2_PLACEMENT_3D('',#1993,#1994,#1995);
#1997=PLANE('',#1996);
#1998=ORIENTED_EDGE('',*,*,#1369,.T.);
#1999=ORIENTED_EDGE('',*,*,#1970,.T.);
#2000=ORIENTED_EDGE('',*,*,#1987,.T.);
#2001=ORIENTED_EDGE('',*,*,#1340,.T.);
#2002=EDGE_LOOP('',(#1998,#1999,#2000,#2001));
#2003=FACE_BOUND('',#2002,.T.);
#2004=ADVANCED_FACE('',(#2003),#1997,.F.);
#2005=CARTESIAN_POINT('',(2.709222753,-6.5,8.030290127));
#2006=DIRECTION('',(1.,0.,0.));
#2007=DIRECTION('',(0.,0.,-1.));
#2008=AXIS2_PLACEMENT_3D('',#2005,#2006,#2007);
#2009=PLANE('',#2008);
#2010=ORIENTED_EDGE('',*,*,#1115,.F.);
#2011=CARTESIAN_POINT('',(2.709222753,-1.5,8.530290127));
#2012=VERTEX_POINT('',#2011);
#2013=CARTESIAN_POINT('',(2.709222753,-4.5,8.530290127));
#2014=DIRECTION('',(-0.,1.,0.));
#2015=VECTOR('',#2014,48.);
#2016=LINE('',#2013,#2015);
#2017=EDGE_CURVE('',#1104,#2012,#2016,.T.);
#2018=ORIENTED_EDGE('',*,*,#2017,.T.);
#2019=CARTESIAN_POINT('',(2.709222753,-1.5,7.530290127));
#2020=DIRECTION('',(0.,0.,1.));
#2021=VECTOR('',#2020,10.);
#2022=LINE('',#2019,#2021);
#2023=EDGE_CURVE('',#1203,#2012,#2022,.T.);
#2024=ORIENTED_EDGE('',*,*,#2023,.F.);
#2025=ORIENTED_EDGE('',*,*,#1208,.F.);
#2026=EDGE_LOOP('',(#2010,#2018,#2024,#2025));
#2027=FACE_BOUND('',#2026,.T.);
#2028=ADVANCED_FACE('',(#2027),#2009,.F.);
#2029=CARTESIAN_POINT('',(2.209222753,-6.5,8.530290127));
#2030=DIRECTION('',(0.,0.,1.));
#2031=DIRECTION('',(1.,0.,0.));
#2032=AXIS2_PLACEMENT_3D('',#2029,#2030,#2031);
#2033=PLANE('',#2032);
#2034=ORIENTED_EDGE('',*,*,#1140,.F.);
#2035=ORIENTED_EDGE('',*,*,#1191,.T.);
#2036=CARTESIAN_POINT('',(2.709222753,-1.5,8.530290127));
#2037=DIRECTION('',(-1.,0.,0.));
#2038=VECTOR('',#2037,10.);
#2039=LINE('',#2036,#2038);
#2040=EDGE_CURVE('',#2012,#1180,#2039,.T.);
#2041=ORIENTED_EDGE('',*,*,#2040,.F.);
#2042=ORIENTED_EDGE('',*,*,#2017,.F.);
#2043=EDGE_LOOP('',(#2034,#2035,#2041,#2042));
#2044=FACE_BOUND('',#2043,.T.);
#2045=ADVANCED_FACE('',(#2044),#2033,.F.);
#2046=CARTESIAN_POINT('',(2.209222753,-1.5,8.030290127));
#2047=DIRECTION('',(-0.,1.,-0.));
#2048=DIRECTION('',(0.,0.,1.));
#2049=AXIS2_PLACEMENT_3D('',#2046,#2047,#2048);
#2050=PLANE('',#2049);
#2051=ORIENTED_EDGE('',*,*,#1214,.T.);
#2052=ORIENTED_EDGE('',*,*,#2023,.T.);
#2053=ORIENTED_EDGE('',*,*,#2040,.T.);
#2054=ORIENTED_EDGE('',*,*,#1185,.T.);
#2055=EDGE_LOOP('',(#2051,#2052,#2053,#2054));
#2056=FACE_BOUND('',#2055,.T.);
#2057=ADVANCED_FACE('',(#2056),#2050,.F.);
#2058=CARTESIAN_POINT('',(0.,-6.5,6.5));
#2059=DIRECTION('',(-0.,1.,0.));
#2060=DIRECTION('',(1.,0.,0.));
#2061=AXIS2_PLACEMENT_3D('',#2058,#2059,#2060);
#2062=CYLINDRICAL_SURFACE('',#2061,4.5);
#2063=CARTESIAN_POINT('',(-4.5,-1.5,6.5));
#2064=VERTEX_POINT('',#2063);
#2065=CARTESIAN_POINT('',(-4.5,-6.5,6.5));
#2066=VERTEX_POINT('',#2065);
#2067=CARTESIAN_POINT('',(-4.5,-1.5,6.5));
#2068=DIRECTION('',(0.,-1.,-0.));
#2069=VECTOR('',#2068,5.);
#2070=LINE('',#2067,#2069);
#2071=EDGE_CURVE('',#2064,#2066,#2070,.T.);
#2072=ORIENTED_EDGE('',*,*,#2071,.F.);
#2073=CARTESIAN_POINT('',(4.5,-1.5,6.5));
#2074=VERTEX_POINT('',#2073);
#2075=CARTESIAN_POINT('',(0.,-1.5,6.5));
#2076=DIRECTION('',(0.,-1.,0.));
#2077=DIRECTION('',(1.,0.,0.));
#2078=AXIS2_PLACEMENT_3D('',#2075,#2076,#2077);
#2079=CIRCLE('',#2078,4.5);
#2080=EDGE_CURVE('',#2074,#2064,#2079,.T.);
#2081=ORIENTED_EDGE('',*,*,#2080,.F.);
#2082=CARTESIAN_POINT('',(0.,-1.5,6.5));
#2083=DIRECTION('',(0.,-1.,0.));
#2084=DIRECTION('',(1.,0.,0.));
#2085=AXIS2_PLACEMENT_3D('',#2082,#2083,#2084);
#2086=CIRCLE('',#2085,4.5);
#2087=EDGE_CURVE('',#2064,#2074,#2086,.T.);
#2088=ORIENTED_EDGE('',*,*,#2087,.F.);
#2089=ORIENTED_EDGE('',*,*,#2071,.T.);
#2090=CARTESIAN_POINT('',(4.5,-6.5,6.5));
#2091=VERTEX_POINT('',#2090);
#2092=CARTESIAN_POINT('',(0.,-6.5,6.5));
#2093=DIRECTION('',(-0.,1.,0.));
#2094=DIRECTION('',(1.,0.,0.));
#2095=AXIS2_PLACEMENT_3D('',#2092,#2093,#2094);
#2096=CIRCLE('',#2095,4.5);
#2097=EDGE_CURVE('',#2091,#2066,#2096,.T.);
#2098=ORIENTED_EDGE('',*,*,#2097,.F.);
#2099=CARTESIAN_POINT('',(0.,-6.5,6.5));
#2100=DIRECTION('',(-0.,1.,0.));
#2101=DIRECTION('',(1.,0.,0.));
#2102=AXIS2_PLACEMENT_3D('',#2099,#2100,#2101);
#2103=CIRCLE('',#2102,4.5);
#2104=EDGE_CURVE('',#2066,#2091,#2103,.T.);
#2105=ORIENTED_EDGE('',*,*,#2104,.F.);
#2106=EDGE_LOOP('',(#2072,#2081,#2088,#2089,#2098,#2105));
#2107=FACE_BOUND('',#2106,.T.);
#2108=ADVANCED_FACE('',(#2107),#2062,.F.);
#2109=CARTESIAN_POINT('',(0.75,-6.5,9.917957057));
#2110=DIRECTION('',(1.,0.,0.));
#2111=DIRECTION('',(0.,0.,-1.));
#2112=AXIS2_PLACEMENT_3D('',#2109,#2110,#2111);
#2113=PLANE('',#2112);
#2114=CARTESIAN_POINT('',(0.75,-1.5,9.406855703));
#2115=VERTEX_POINT('',#2114);
#2116=CARTESIAN_POINT('',(0.75,-1.5,10.429058411));
#2117=VERTEX_POINT('',#2116);
#2118=CARTESIAN_POINT('',(0.75,-1.5,9.406855703));
#2119=DIRECTION('',(0.,0.,1.));
#2120=VECTOR('',#2119,10.222027086);
#2121=LINE('',#2118,#2120);
#2122=EDGE_CURVE('',#2115,#2117,#2121,.T.);
#2123=ORIENTED_EDGE('',*,*,#2122,.F.);
#2124=CARTESIAN_POINT('',(0.75,-6.5,9.406855703));
#2125=DIRECTION('',(-0.,1.,0.));
#2126=VECTOR('',#2125,50.);
#2127=LINE('',#2124,#2126);
#2128=EDGE_CURVE('',#864,#2115,#2127,.T.);
#2129=ORIENTED_EDGE('',*,*,#2128,.F.);
#2130=ORIENTED_EDGE('',*,*,#869,.F.);
#2131=CARTESIAN_POINT('',(0.75,-6.5,10.429058411));
#2132=DIRECTION('',(-0.,1.,0.));
#2133=VECTOR('',#2132,50.);
#2134=LINE('',#2131,#2133);
#2135=EDGE_CURVE('',#862,#2117,#2134,.T.);
#2136=ORIENTED_EDGE('',*,*,#2135,.T.);
#2137=EDGE_LOOP('',(#2123,#2129,#2130,#2136));
#2138=FACE_BOUND('',#2137,.T.);
#2139=ADVANCED_FACE('',(#2138),#2113,.F.);
#2140=CARTESIAN_POINT('',(0.,-6.5,6.5));
#2141=DIRECTION('',(-0.,1.,0.));
#2142=DIRECTION('',(1.,0.,0.));
#2143=AXIS2_PLACEMENT_3D('',#2140,#2141,#2142);
#2144=CYLINDRICAL_SURFACE('',#2143,4.);
#2145=CARTESIAN_POINT('',(3.422737317,-1.5,4.430007426));
#2146=VERTEX_POINT('',#2145);
#2147=CARTESIAN_POINT('',(0.,-1.5,6.5));
#2148=DIRECTION('',(-0.,1.,0.));
#2149=DIRECTION('',(1.,0.,0.));
#2150=AXIS2_PLACEMENT_3D('',#2147,#2148,#2149);
#2151=CIRCLE('',#2150,4.);
#2152=EDGE_CURVE('',#2117,#2146,#2151,.T.);
#2153=ORIENTED_EDGE('',*,*,#2152,.F.);
#2154=ORIENTED_EDGE('',*,*,#2135,.F.);
#2155=ORIENTED_EDGE('',*,*,#951,.F.);
#2156=CARTESIAN_POINT('',(3.422737317,-6.5,4.430007426));
#2157=DIRECTION('',(-0.,1.,0.));
#2158=VECTOR('',#2157,50.);
#2159=LINE('',#2156,#2158);
#2160=EDGE_CURVE('',#939,#2146,#2159,.T.);
#2161=ORIENTED_EDGE('',*,*,#2160,.T.);
#2162=EDGE_LOOP('',(#2153,#2154,#2155,#2161));
#2163=FACE_BOUND('',#2162,.T.);
#2164=ADVANCED_FACE('',(#2163),#2144,.T.);
#2165=CARTESIAN_POINT('',(3.053464802,-6.5,4.430007426));
#2166=DIRECTION('',(0.,0.,1.));
#2167=DIRECTION('',(1.,0.,0.));
#2168=AXIS2_PLACEMENT_3D('',#2165,#2166,#2167);
#2169=PLANE('',#2168);
#2170=CARTESIAN_POINT('',(2.684192287,-1.5,4.430007426));
#2171=VERTEX_POINT('',#2170);
#2172=CARTESIAN_POINT('',(3.422737317,-1.5,4.430007426));
#2173=DIRECTION('',(-1.,0.,0.));
#2174=VECTOR('',#2173,7.38545031);
#2175=LINE('',#2172,#2174);
#2176=EDGE_CURVE('',#2146,#2171,#2175,.T.);
#2177=ORIENTED_EDGE('',*,*,#2176,.F.);
#2178=ORIENTED_EDGE('',*,*,#2160,.F.);
#2179=ORIENTED_EDGE('',*,*,#944,.F.);
#2180=CARTESIAN_POINT('',(2.684192287,-6.5,4.430007426));
#2181=DIRECTION('',(-0.,1.,0.));
#2182=VECTOR('',#2181,50.);
#2183=LINE('',#2180,#2182);
#2184=EDGE_CURVE('',#931,#2171,#2183,.T.);
#2185=ORIENTED_EDGE('',*,*,#2184,.T.);
#2186=EDGE_LOOP('',(#2177,#2178,#2179,#2185));
#2187=FACE_BOUND('',#2186,.T.);
#2188=ADVANCED_FACE('',(#2187),#2169,.F.);
#2189=CARTESIAN_POINT('',(2.684192287,-6.5,3.982176029));
#2190=DIRECTION('',(-1.,-0.,0.));
#2191=DIRECTION('',(0.,0.,1.));
#2192=AXIS2_PLACEMENT_3D('',#2189,#2190,#2191);
#2193=PLANE('',#2192);
#2194=CARTESIAN_POINT('',(2.684192287,-1.5,3.534344631));
#2195=VERTEX_POINT('',#2194);
#2196=CARTESIAN_POINT('',(2.684192287,-1.5,4.430007426));
#2197=DIRECTION('',(0.,0.,-1.));
#2198=VECTOR('',#2197,8.956627954);
#2199=LINE('',#2196,#2198);
#2200=EDGE_CURVE('',#2171,#2195,#2199,.T.);
#2201=ORIENTED_EDGE('',*,*,#2200,.F.);
#2202=ORIENTED_EDGE('',*,*,#2184,.F.);
#2203=ORIENTED_EDGE('',*,*,#936,.F.);
#2204=CARTESIAN_POINT('',(2.684192287,-6.5,3.534344631));
#2205=DIRECTION('',(-0.,1.,0.));
#2206=VECTOR('',#2205,50.);
#2207=LINE('',#2204,#2206);
#2208=EDGE_CURVE('',#922,#2195,#2207,.T.);
#2209=ORIENTED_EDGE('',*,*,#2208,.T.);
#2210=EDGE_LOOP('',(#2201,#2202,#2203,#2209));
#2211=FACE_BOUND('',#2210,.T.);
#2212=ADVANCED_FACE('',(#2211),#2193,.F.);
#2213=CARTESIAN_POINT('',(0.,-6.5,6.5));
#2214=DIRECTION('',(-0.,1.,0.));
#2215=DIRECTION('',(1.,0.,0.));
#2216=AXIS2_PLACEMENT_3D('',#2213,#2214,#2215);
#2217=CYLINDRICAL_SURFACE('',#2216,4.);
#2218=CARTESIAN_POINT('',(-2.684192287,-1.5,3.534344631));
#2219=VERTEX_POINT('',#2218);
#2220=CARTESIAN_POINT('',(0.,-1.5,6.5));
#2221=DIRECTION('',(-0.,1.,0.));
#2222=DIRECTION('',(1.,0.,0.));
#2223=AXIS2_PLACEMENT_3D('',#2220,#2221,#2222);
#2224=CIRCLE('',#2223,4.);
#2225=EDGE_CURVE('',#2195,#2219,#2224,.T.);
#2226=ORIENTED_EDGE('',*,*,#2225,.F.);
#2227=ORIENTED_EDGE('',*,*,#2208,.F.);
#2228=ORIENTED_EDGE('',*,*,#928,.F.);
#2229=CARTESIAN_POINT('',(-2.684192287,-6.5,3.534344631));
#2230=DIRECTION('',(-0.,1.,0.));
#2231=VECTOR('',#2230,50.);
#2232=LINE('',#2229,#2231);
#2233=EDGE_CURVE('',#914,#2219,#2232,.T.);
#2234=ORIENTED_EDGE('',*,*,#2233,.T.);
#2235=EDGE_LOOP('',(#2226,#2227,#2228,#2234));
#2236=FACE_BOUND('',#2235,.T.);
#2237=ADVANCED_FACE('',(#2236),#2217,.T.);
#2238=CARTESIAN_POINT('',(-2.684192287,-6.5,3.982176029));
#2239=DIRECTION('',(1.,0.,0.));
#2240=DIRECTION('',(0.,0.,-1.));
#2241=AXIS2_PLACEMENT_3D('',#2238,#2239,#2240);
#2242=PLANE('',#2241);
#2243=CARTESIAN_POINT('',(-2.684192287,-1.5,4.430007426));
#2244=VERTEX_POINT('',#2243);
#2245=CARTESIAN_POINT('',(-2.684192287,-1.5,3.534344631));
#2246=DIRECTION('',(0.,0.,1.));
#2247=VECTOR('',#2246,8.956627954);
#2248=LINE('',#2245,#2247);
#2249=EDGE_CURVE('',#2219,#2244,#2248,.T.);
#2250=ORIENTED_EDGE('',*,*,#2249,.F.);
#2251=ORIENTED_EDGE('',*,*,#2233,.F.);
#2252=ORIENTED_EDGE('',*,*,#919,.F.);
#2253=CARTESIAN_POINT('',(-2.684192287,-6.5,4.430007426));
#2254=DIRECTION('',(-0.,1.,0.));
#2255=VECTOR('',#2254,50.);
#2256=LINE('',#2253,#2255);
#2257=EDGE_CURVE('',#906,#2244,#2256,.T.);
#2258=ORIENTED_EDGE('',*,*,#2257,.T.);
#2259=EDGE_LOOP('',(#2250,#2251,#2252,#2258));
#2260=FACE_BOUND('',#2259,.T.);
#2261=ADVANCED_FACE('',(#2260),#2242,.F.);
#2262=CARTESIAN_POINT('',(-3.053464802,-6.5,4.430007426));
#2263=DIRECTION('',(0.,0.,1.));
#2264=DIRECTION('',(1.,0.,0.));
#2265=AXIS2_PLACEMENT_3D('',#2262,#2263,#2264);
#2266=PLANE('',#2265);
#2267=CARTESIAN_POINT('',(-3.422737317,-1.5,4.430007426));
#2268=VERTEX_POINT('',#2267);
#2269=CARTESIAN_POINT('',(-2.684192287,-1.5,4.430007426));
#2270=DIRECTION('',(-1.,0.,0.));
#2271=VECTOR('',#2270,7.38545031);
#2272=LINE('',#2269,#2271);
#2273=EDGE_CURVE('',#2244,#2268,#2272,.T.);
#2274=ORIENTED_EDGE('',*,*,#2273,.F.);
#2275=ORIENTED_EDGE('',*,*,#2257,.F.);
#2276=ORIENTED_EDGE('',*,*,#911,.F.);
#2277=CARTESIAN_POINT('',(-3.422737317,-6.5,4.430007426));
#2278=DIRECTION('',(-0.,1.,0.));
#2279=VECTOR('',#2278,50.);
#2280=LINE('',#2277,#2279);
#2281=EDGE_CURVE('',#897,#2268,#2280,.T.);
#2282=ORIENTED_EDGE('',*,*,#2281,.T.);
#2283=EDGE_LOOP('',(#2274,#2275,#2276,#2282));
#2284=FACE_BOUND('',#2283,.T.);
#2285=ADVANCED_FACE('',(#2284),#2266,.F.);
#2286=CARTESIAN_POINT('',(0.,-6.5,6.5));
#2287=DIRECTION('',(-0.,1.,0.));
#2288=DIRECTION('',(1.,0.,0.));
#2289=AXIS2_PLACEMENT_3D('',#2286,#2287,#2288);
#2290=CYLINDRICAL_SURFACE('',#2289,4.);
#2291=CARTESIAN_POINT('',(-4.,-1.5,6.5));
#2292=VERTEX_POINT('',#2291);
#2293=CARTESIAN_POINT('',(-4.,-1.5,6.5));
#2294=DIRECTION('',(0.,-1.,-0.));
#2295=VECTOR('',#2294,5.);
#2296=LINE('',#2293,#2295);
#2297=EDGE_CURVE('',#2292,#888,#2296,.T.);
#2298=ORIENTED_EDGE('',*,*,#2297,.T.);
#2299=ORIENTED_EDGE('',*,*,#894,.F.);
#2300=CARTESIAN_POINT('',(-0.75,-1.5,10.429058411));
#2301=VERTEX_POINT('',#2300);
#2302=CARTESIAN_POINT('',(-0.75,-6.5,10.429058411));
#2303=DIRECTION('',(-0.,1.,0.));
#2304=VECTOR('',#2303,50.);
#2305=LINE('',#2302,#2304);
#2306=EDGE_CURVE('',#880,#2301,#2305,.T.);
#2307=ORIENTED_EDGE('',*,*,#2306,.T.);
#2308=CARTESIAN_POINT('',(0.,-1.5,6.5));
#2309=DIRECTION('',(-0.,1.,0.));
#2310=DIRECTION('',(1.,0.,0.));
#2311=AXIS2_PLACEMENT_3D('',#2308,#2309,#2310);
#2312=CIRCLE('',#2311,4.);
#2313=EDGE_CURVE('',#2292,#2301,#2312,.T.);
#2314=ORIENTED_EDGE('',*,*,#2313,.F.);
#2315=EDGE_LOOP('',(#2298,#2299,#2307,#2314));
#2316=FACE_BOUND('',#2315,.T.);
#2317=ADVANCED_FACE('',(#2316),#2290,.T.);
#2318=CARTESIAN_POINT('',(-0.75,-6.5,9.917957057));
#2319=DIRECTION('',(-1.,-0.,0.));
#2320=DIRECTION('',(0.,0.,1.));
#2321=AXIS2_PLACEMENT_3D('',#2318,#2319,#2320);
#2322=PLANE('',#2321);
#2323=CARTESIAN_POINT('',(-0.75,-1.5,9.406855703));
#2324=VERTEX_POINT('',#2323);
#2325=CARTESIAN_POINT('',(-0.75,-1.5,10.429058411));
#2326=DIRECTION('',(0.,0.,-1.));
#2327=VECTOR('',#2326,10.222027086);
#2328=LINE('',#2325,#2327);
#2329=EDGE_CURVE('',#2301,#2324,#2328,.T.);
#2330=ORIENTED_EDGE('',*,*,#2329,.F.);
#2331=ORIENTED_EDGE('',*,*,#2306,.F.);
#2332=ORIENTED_EDGE('',*,*,#885,.F.);
#2333=CARTESIAN_POINT('',(-0.75,-6.5,9.406855703));
#2334=DIRECTION('',(-0.,1.,0.));
#2335=VECTOR('',#2334,50.);
#2336=LINE('',#2333,#2335);
#2337=EDGE_CURVE('',#872,#2324,#2336,.T.);
#2338=ORIENTED_EDGE('',*,*,#2337,.T.);
#2339=EDGE_LOOP('',(#2330,#2331,#2332,#2338));
#2340=FACE_BOUND('',#2339,.T.);
#2341=ADVANCED_FACE('',(#2340),#2322,.F.);
#2342=CARTESIAN_POINT('',(0.,-6.5,9.406855703));
#2343=DIRECTION('',(0.,0.,-1.));
#2344=DIRECTION('',(-1.,0.,0.));
#2345=AXIS2_PLACEMENT_3D('',#2342,#2343,#2344);
#2346=PLANE('',#2345);
#2347=CARTESIAN_POINT('',(-0.75,-1.5,9.406855703));
#2348=DIRECTION('',(1.,0.,-0.));
#2349=VECTOR('',#2348,15.);
#2350=LINE('',#2347,#2349);
#2351=EDGE_CURVE('',#2324,#2115,#2350,.T.);
#2352=ORIENTED_EDGE('',*,*,#2351,.F.);
#2353=ORIENTED_EDGE('',*,*,#2337,.F.);
#2354=ORIENTED_EDGE('',*,*,#877,.F.);
#2355=ORIENTED_EDGE('',*,*,#2128,.T.);
#2356=EDGE_LOOP('',(#2352,#2353,#2354,#2355));
#2357=FACE_BOUND('',#2356,.T.);
#2358=ADVANCED_FACE('',(#2357),#2346,.F.);
#2359=CARTESIAN_POINT('',(0.,-1.5,6.5));
#2360=DIRECTION('',(0.,-1.,0.));
#2361=DIRECTION('',(0.,0.,-1.));
#2362=AXIS2_PLACEMENT_3D('',#2359,#2360,#2361);
#2363=PLANE('',#2362);
#2364=ORIENTED_EDGE('',*,*,#2122,.T.);
#2365=ORIENTED_EDGE('',*,*,#2152,.T.);
#2366=ORIENTED_EDGE('',*,*,#2176,.T.);
#2367=ORIENTED_EDGE('',*,*,#2200,.T.);
#2368=ORIENTED_EDGE('',*,*,#2225,.T.);
#2369=ORIENTED_EDGE('',*,*,#2249,.T.);
#2370=ORIENTED_EDGE('',*,*,#2273,.T.);
#2371=CARTESIAN_POINT('',(0.,-1.5,6.5));
#2372=DIRECTION('',(-0.,1.,0.));
#2373=DIRECTION('',(1.,0.,0.));
#2374=AXIS2_PLACEMENT_3D('',#2371,#2372,#2373);
#2375=CIRCLE('',#2374,4.);
#2376=EDGE_CURVE('',#2268,#2292,#2375,.T.);
#2377=ORIENTED_EDGE('',*,*,#2376,.T.);
#2378=ORIENTED_EDGE('',*,*,#2313,.T.);
#2379=ORIENTED_EDGE('',*,*,#2329,.T.);
#2380=ORIENTED_EDGE('',*,*,#2351,.T.);
#2381=EDGE_LOOP('',(#2364,#2365,#2366,#2367,#2368,#2369,#2370,#2377,#2378,#2379,#2380));
#2382=FACE_BOUND('',#2381,.T.);
#2383=ORIENTED_EDGE('',*,*,#2080,.T.);
#2384=ORIENTED_EDGE('',*,*,#2087,.T.);
#2385=EDGE_LOOP('',(#2383,#2384));
#2386=FACE_BOUND('',#2385,.T.);
#2387=ADVANCED_FACE('',(#2382,#2386),#2363,.T.);
#2388=CARTESIAN_POINT('',(0.,-6.5,0.));
#2389=DIRECTION('',(0.,-1.,0.));
#2390=DIRECTION('',(1.,0.,0.));
#2391=AXIS2_PLACEMENT_3D('',#2388,#2389,#2390);
#2392=PLANE('',#2391);
#2393=ORIENTED_EDGE('',*,*,#2097,.T.);
#2394=ORIENTED_EDGE('',*,*,#2104,.T.);
#2395=EDGE_LOOP('',(#2393,#2394));
#2396=FACE_BOUND('',#2395,.T.);
#2397=CARTESIAN_POINT('',(7.,-6.5,12.8));
#2398=VERTEX_POINT('',#2397);
#2399=CARTESIAN_POINT('',(-7.,-6.5,12.8));
#2400=VERTEX_POINT('',#2399);
#2401=CARTESIAN_POINT('',(133.,-6.5,12.8));
#2402=DIRECTION('',(-1.,0.,0.));
#2403=VECTOR('',#2402,140.);
#2404=LINE('',#2401,#2403);
#2405=EDGE_CURVE('',#2398,#2400,#2404,.T.);
#2406=ORIENTED_EDGE('',*,*,#2405,.T.);
#2407=CARTESIAN_POINT('',(-7.,-6.5,0.));
#2408=DIRECTION('',(0.,0.,1.));
#2409=VECTOR('',#2408,128.);
#2410=LINE('',#2407,#2409);
#2411=EDGE_CURVE('',#505,#2400,#2410,.T.);
#2412=ORIENTED_EDGE('',*,*,#2411,.F.);
#2413=ORIENTED_EDGE('',*,*,#512,.T.);
#2414=CARTESIAN_POINT('',(7.,-6.5,0.));
#2415=DIRECTION('',(0.,0.,1.));
#2416=VECTOR('',#2415,128.);
#2417=LINE('',#2414,#2416);
#2418=EDGE_CURVE('',#507,#2398,#2417,.T.);
#2419=ORIENTED_EDGE('',*,*,#2418,.T.);
#2420=EDGE_LOOP('',(#2406,#2412,#2413,#2419));
#2421=FACE_BOUND('',#2420,.T.);
#2422=ADVANCED_FACE('',(#2396,#2421),#2392,.T.);
#2423=OVER_RIDING_STYLED_ITEM('',(#603),#2422,#26);
#2424=CARTESIAN_POINT('',(0.,0.65,12.3));
#2425=DIRECTION('',(0.,-0.,1.));
#2426=DIRECTION('',(1.,0.,-0.));
#2427=AXIS2_PLACEMENT_3D('',#2424,#2425,#2426);
#2428=PLANE('',#2427);
#2429=CARTESIAN_POINT('',(-6.5,-4.7,12.3));
#2430=VERTEX_POINT('',#2429);
#2431=CARTESIAN_POINT('',(6.5,-4.7,12.3));
#2432=VERTEX_POINT('',#2431);
#2433=CARTESIAN_POINT('',(-6.5,-4.7,12.3));
#2434=DIRECTION('',(1.,0.,-0.));
#2435=VECTOR('',#2434,130.);
#2436=LINE('',#2433,#2435);
#2437=EDGE_CURVE('',#2430,#2432,#2436,.T.);
#2438=ORIENTED_EDGE('',*,*,#2437,.T.);
#2439=CARTESIAN_POINT('',(6.5,6.,12.3));
#2440=VERTEX_POINT('',#2439);
#2441=CARTESIAN_POINT('',(6.5,54.15,12.3));
#2442=DIRECTION('',(0.,-1.,-0.));
#2443=VECTOR('',#2442,107.);
#2444=LINE('',#2441,#2443);
#2445=EDGE_CURVE('',#2440,#2432,#2444,.T.);
#2446=ORIENTED_EDGE('',*,*,#2445,.F.);
#2447=CARTESIAN_POINT('',(-6.5,6.,12.3));
#2448=VERTEX_POINT('',#2447);
#2449=CARTESIAN_POINT('',(-65.,6.,12.3));
#2450=DIRECTION('',(1.,0.,-0.));
#2451=VECTOR('',#2450,130.);
#2452=LINE('',#2449,#2451);
#2453=EDGE_CURVE('',#2448,#2440,#2452,.T.);
#2454=ORIENTED_EDGE('',*,*,#2453,.F.);
#2455=CARTESIAN_POINT('',(-6.5,-52.85,12.3));
#2456=DIRECTION('',(0.,1.,0.));
#2457=VECTOR('',#2456,107.);
#2458=LINE('',#2455,#2457);
#2459=EDGE_CURVE('',#2430,#2448,#2458,.T.);
#2460=ORIENTED_EDGE('',*,*,#2459,.F.);
#2461=EDGE_LOOP('',(#2438,#2446,#2454,#2460));
#2462=FACE_BOUND('',#2461,.T.);
#2463=ADVANCED_FACE('',(#2462),#2428,.T.);
#2464=OVER_RIDING_STYLED_ITEM('',(#603),#2463,#26);
#2465=CARTESIAN_POINT('',(0.,-0.451886792,12.8));
#2466=DIRECTION('',(0.,0.,1.));
#2467=DIRECTION('',(1.,0.,0.));
#2468=AXIS2_PLACEMENT_3D('',#2465,#2466,#2467);
#2469=PLANE('',#2468);
#2470=CARTESIAN_POINT('',(-7.,-4.7,12.8));
#2471=VERTEX_POINT('',#2470);
#2472=CARTESIAN_POINT('',(7.,-4.7,12.8));
#2473=VERTEX_POINT('',#2472);
#2474=CARTESIAN_POINT('',(-11.5,-4.7,12.8));
#2475=DIRECTION('',(1.,0.,-0.));
#2476=VECTOR('',#2475,140.);
#2477=LINE('',#2474,#2476);
#2478=EDGE_CURVE('',#2471,#2473,#2477,.T.);
#2479=ORIENTED_EDGE('',*,*,#2478,.F.);
#2480=CARTESIAN_POINT('',(-7.,-22.7,12.8));
#2481=DIRECTION('',(0.,1.,0.));
#2482=VECTOR('',#2481,18.);
#2483=LINE('',#2480,#2482);
#2484=EDGE_CURVE('',#2400,#2471,#2483,.T.);
#2485=ORIENTED_EDGE('',*,*,#2484,.F.);
#2486=ORIENTED_EDGE('',*,*,#2405,.F.);
#2487=CARTESIAN_POINT('',(7.,11.5,12.8));
#2488=DIRECTION('',(0.,-1.,0.));
#2489=VECTOR('',#2488,18.);
#2490=LINE('',#2487,#2489);
#2491=EDGE_CURVE('',#2473,#2398,#2490,.T.);
#2492=ORIENTED_EDGE('',*,*,#2491,.F.);
#2493=EDGE_LOOP('',(#2479,#2485,#2486,#2492));
#2494=FACE_BOUND('',#2493,.T.);
#2495=ADVANCED_FACE('',(#2494),#2469,.T.);
#2496=OVER_RIDING_STYLED_ITEM('',(#603),#2495,#26);
#2497=CARTESIAN_POINT('',(-6.5,0.65,0.));
#2498=DIRECTION('',(-1.,0.,0.));
#2499=DIRECTION('',(0.,-1.,0.));
#2500=AXIS2_PLACEMENT_3D('',#2497,#2498,#2499);
#2501=PLANE('',#2500);
#2502=ORIENTED_EDGE('',*,*,#2459,.T.);
#2503=CARTESIAN_POINT('',(-6.5,6.,0.));
#2504=DIRECTION('',(0.,0.,1.));
#2505=VECTOR('',#2504,123.);
#2506=LINE('',#2503,#2505);
#2507=EDGE_CURVE('',#531,#2448,#2506,.T.);
#2508=ORIENTED_EDGE('',*,*,#2507,.F.);
#2509=ORIENTED_EDGE('',*,*,#536,.T.);
#2510=CARTESIAN_POINT('',(-6.5,-4.7,0.));
#2511=DIRECTION('',(0.,0.,1.));
#2512=VECTOR('',#2511,123.);
#2513=LINE('',#2510,#2512);
#2514=EDGE_CURVE('',#523,#2430,#2513,.T.);
#2515=ORIENTED_EDGE('',*,*,#2514,.T.);
#2516=EDGE_LOOP('',(#2502,#2508,#2509,#2515));
#2517=FACE_BOUND('',#2516,.T.);
#2518=ADVANCED_FACE('',(#2517),#2501,.T.);
#2519=OVER_RIDING_STYLED_ITEM('',(#603),#2518,#26);
#2520=CARTESIAN_POINT('',(-7.,-5.6,0.));
#2521=DIRECTION('',(-1.,0.,0.));
#2522=DIRECTION('',(0.,-1.,0.));
#2523=AXIS2_PLACEMENT_3D('',#2520,#2521,#2522);
#2524=PLANE('',#2523);
#2525=ORIENTED_EDGE('',*,*,#2484,.T.);
#2526=CARTESIAN_POINT('',(-7.,-4.7,0.));
#2527=DIRECTION('',(0.,0.,1.));
#2528=VECTOR('',#2527,128.);
#2529=LINE('',#2526,#2528);
#2530=EDGE_CURVE('',#515,#2471,#2529,.T.);
#2531=ORIENTED_EDGE('',*,*,#2530,.F.);
#2532=ORIENTED_EDGE('',*,*,#520,.T.);
#2533=ORIENTED_EDGE('',*,*,#2411,.T.);
#2534=EDGE_LOOP('',(#2525,#2531,#2532,#2533));
#2535=FACE_BOUND('',#2534,.T.);
#2536=ADVANCED_FACE('',(#2535),#2524,.T.);
#2537=OVER_RIDING_STYLED_ITEM('',(#603),#2536,#26);
#2538=CARTESIAN_POINT('',(0.,6.,0.));
#2539=DIRECTION('',(0.,1.,0.));
#2540=DIRECTION('',(-1.,0.,0.));
#2541=AXIS2_PLACEMENT_3D('',#2538,#2539,#2540);
#2542=PLANE('',#2541);
#2543=ORIENTED_EDGE('',*,*,#2453,.T.);
#2544=CARTESIAN_POINT('',(6.5,6.,0.));
#2545=DIRECTION('',(0.,0.,1.));
#2546=VECTOR('',#2545,123.);
#2547=LINE('',#2544,#2546);
#2548=EDGE_CURVE('',#539,#2440,#2547,.T.);
#2549=ORIENTED_EDGE('',*,*,#2548,.F.);
#2550=ORIENTED_EDGE('',*,*,#544,.T.);
#2551=ORIENTED_EDGE('',*,*,#2507,.T.);
#2552=EDGE_LOOP('',(#2543,#2549,#2550,#2551));
#2553=FACE_BOUND('',#2552,.T.);
#2554=ADVANCED_FACE('',(#2553),#2542,.T.);
#2555=OVER_RIDING_STYLED_ITEM('',(#603),#2554,#26);
#2556=CARTESIAN_POINT('',(6.5,0.65,0.));
#2557=DIRECTION('',(1.,0.,0.));
#2558=DIRECTION('',(0.,1.,0.));
#2559=AXIS2_PLACEMENT_3D('',#2556,#2557,#2558);
#2560=PLANE('',#2559);
#2561=ORIENTED_EDGE('',*,*,#2445,.T.);
#2562=CARTESIAN_POINT('',(6.5,-4.7,0.));
#2563=DIRECTION('',(0.,0.,1.));
#2564=VECTOR('',#2563,123.);
#2565=LINE('',#2562,#2564);
#2566=EDGE_CURVE('',#547,#2432,#2565,.T.);
#2567=ORIENTED_EDGE('',*,*,#2566,.F.);
#2568=ORIENTED_EDGE('',*,*,#552,.T.);
#2569=ORIENTED_EDGE('',*,*,#2548,.T.);
#2570=EDGE_LOOP('',(#2561,#2567,#2568,#2569));
#2571=FACE_BOUND('',#2570,.T.);
#2572=ADVANCED_FACE('',(#2571),#2560,.T.);
#2573=OVER_RIDING_STYLED_ITEM('',(#603),#2572,#26);
#2574=CARTESIAN_POINT('',(6.75,-4.7,0.));
#2575=DIRECTION('',(0.,1.,0.));
#2576=DIRECTION('',(-1.,0.,0.));
#2577=AXIS2_PLACEMENT_3D('',#2574,#2575,#2576);
#2578=PLANE('',#2577);
#2579=ORIENTED_EDGE('',*,*,#2478,.T.);
#2580=CARTESIAN_POINT('',(7.,-4.7,0.));
#2581=DIRECTION('',(0.,0.,1.));
#2582=VECTOR('',#2581,128.);
#2583=LINE('',#2580,#2582);
#2584=EDGE_CURVE('',#555,#2473,#2583,.T.);
#2585=ORIENTED_EDGE('',*,*,#2584,.F.);
#2586=ORIENTED_EDGE('',*,*,#560,.T.);
#2587=ORIENTED_EDGE('',*,*,#2566,.T.);
#2588=ORIENTED_EDGE('',*,*,#2437,.F.);
#2589=ORIENTED_EDGE('',*,*,#2514,.F.);
#2590=ORIENTED_EDGE('',*,*,#528,.T.);
#2591=ORIENTED_EDGE('',*,*,#2530,.T.);
#2592=EDGE_LOOP('',(#2579,#2585,#2586,#2587,#2588,#2589,#2590,#2591));
#2593=FACE_BOUND('',#2592,.T.);
#2594=ADVANCED_FACE('',(#2593),#2578,.T.);
#2595=OVER_RIDING_STYLED_ITEM('',(#603),#2594,#26);
#2596=CARTESIAN_POINT('',(7.,-5.6,0.));
#2597=DIRECTION('',(1.,0.,0.));
#2598=DIRECTION('',(0.,1.,0.));
#2599=AXIS2_PLACEMENT_3D('',#2596,#2597,#2598);
#2600=PLANE('',#2599);
#2601=ORIENTED_EDGE('',*,*,#2491,.T.);
#2602=ORIENTED_EDGE('',*,*,#2418,.F.);
#2603=ORIENTED_EDGE('',*,*,#566,.T.);
#2604=ORIENTED_EDGE('',*,*,#2584,.T.);
#2605=EDGE_LOOP('',(#2601,#2602,#2603,#2604));
#2606=FACE_BOUND('',#2605,.T.);
#2607=ADVANCED_FACE('',(#2606),#2600,.T.);
#2608=OVER_RIDING_STYLED_ITEM('',(#603),#2607,#26);
#2609=CARTESIAN_POINT('',(0.,-6.5,6.5));
#2610=DIRECTION('',(-0.,1.,0.));
#2611=DIRECTION('',(1.,0.,0.));
#2612=AXIS2_PLACEMENT_3D('',#2609,#2610,#2611);
#2613=CYLINDRICAL_SURFACE('',#2612,4.);
#2614=ORIENTED_EDGE('',*,*,#2297,.F.);
#2615=ORIENTED_EDGE('',*,*,#2376,.F.);
#2616=ORIENTED_EDGE('',*,*,#2281,.F.);
#2617=ORIENTED_EDGE('',*,*,#903,.F.);
#2618=EDGE_LOOP('',(#2614,#2615,#2616,#2617));
#2619=FACE_BOUND('',#2618,.T.);
#2620=ADVANCED_FACE('',(#2619),#2613,.T.);
#2621=CLOSED_SHELL('',(#67,#107,#166,#177,#229,#240,#265,#290,#308,#360,#371,#423,#434,#486,#497,#596,#644,#676,#708,#731,#763,#787,#1063,#1095,#1120,#1145,
#1163,#1195,#1219,#1250,#1275,#1300,#1318,#1350,#1374,#1405,#1430,#1455,#1473,#1505,#1529,#1560,#1585,#1610,#1628,#1660,#1684,#1708,#1725,#1737,#1761,
#1778,#1790,#1814,#1831,#1843,#1874,#1898,#1922,#1939,#1951,#1975,#1992,#2004,#2028,#2045,#2057,#2108,#2139,#2164,#2188,#2212,#2237,#2261,#2285,#2317,
#2341,#2358,#2387,#2422,#2463,#2495,#2518,#2536,#2554,#2572,#2594,#2607,#2620));
#2622=MANIFOLD_SOLID_BREP('alibrePartClosedBody',#2621);
#2623=COLOUR_RGB('',0.501960814,0.501960814,0.501960814);
#2624=FILL_AREA_STYLE_COLOUR('',#2623);
#2625=FILL_AREA_STYLE('',(#2624));
#2626=SURFACE_STYLE_FILL_AREA(#2625);
#2627=SURFACE_SIDE_STYLE('',(#2626));
#2628=SURFACE_STYLE_USAGE(.BOTH.,#2627);
#2629=PRESENTATION_STYLE_ASSIGNMENT((#2628));
#26=STYLED_ITEM('',(#2629),#2622);
#16=SHAPE_REPRESENTATION('Conn_Mini_DIN_round_5',(#15),#10);
#17=ADVANCED_BREP_SHAPE_REPRESENTATION('Conn_Mini_DIN_round_5',(#2622),#10);
#2637=SHAPE_REPRESENTATION_RELATIONSHIP('','',#16,#17);
#2638=CARTESIAN_POINT('',(0.,0.,0.));
#2639=DIRECTION('',(0.,0.,1.));
#2640=DIRECTION('',(1.,0.,0.));
#2641=AXIS2_PLACEMENT_3D('',#2638,#2639,#2640);
#2643=MAPPED_ITEM('',#2642,#2641);
#2642=REPRESENTATION_MAP(#2641,#16);
#2644=APPLICATION_CONTEXT('Managed model based 3d engineering');
#2645=APPLICATION_PROTOCOL_DEFINITION('international standard','ap242_managed_model_based_3d_engineering',2013,#2644);
#2646=PRODUCT_CONTEXT('',#2644,'mechanical');
#2647=PRODUCT_DEFINITION_CONTEXT('part definition',#2644,'design');
#24=PRODUCT('Conn_Mini_DIN_round_5','Conn_Mini_DIN_round_5','',(#2646));
#2648=PRODUCT_RELATED_PRODUCT_CATEGORY('part','',(#24));
#2649=PRODUCT_DEFINITION_FORMATION_WITH_SPECIFIED_SOURCE('','',#24,.NOT_KNOWN.);
#25=PRODUCT_DEFINITION('design','',#2649,#2647);
#23=PRODUCT_DEFINITION_SHAPE('','',#25);
#2650=SHAPE_DEFINITION_REPRESENTATION(#23,#16);
#11=DRAUGHTING_MODEL('',(#2643),#10);
#1=MECHANICAL_DESIGN_GEOMETRIC_PRESENTATION_REPRESENTATION('',(#75,#115,#167,#178,#230,#241,#266,#291,#309,#361,#372,#424,#435,#487,#498,#604,#645,#677,#709,#732,#1064,#1096,#1121,#1146,#1164,#1251,
#1276,#1301,#1319,#1406,#1431,#1456,#1474,#1561,#1586,#1611,#1629,#2423,#2464,#2496,#2519,#2537,#2555,#2573,#2595,#2608,#26),#10);
ENDSEC;
END-ISO-10303-21;
