ISO-10303-21;
HEADER;

/* File generated by Alibre Version V28 */

FILE_DESCRIPTION(('HOOPS Exchange Step'),'2;1');

FILE_NAME('C:\\Users\\runds\\AppData\\Local\\Temp\\Alibre Design\\28.0.2.28126\\export-F8B1118B-D6AC-4841-B813-4D05D4A0DB3F.stp',
'2025-02-05T16:58:42+01:00',
('runds'),
('Alibre'),
'HOOPS Exchange 2024.5',
'Alibre',
'Unknown authorisation');

FILE_SCHEMA( ('AP242_MANAGED_MODEL_BASED_3D_ENGINEERING_MIM_LF {1 0 10303 442 1 1 4 }') );

ENDSEC;

DATA;
#3=(NAMED_UNIT(*)PLANE_ANGLE_UNIT()SI_UNIT($,.RADIAN.));
#4=PLANE_ANGLE_MEASURE_WITH_UNIT(PLANE_ANGLE_MEASURE(0.0174532925),#3);
#5=(CONVERSION_BASED_UNIT('DEGREE',#4)NAMED_UNIT(#6)PLANE_ANGLE_UNIT());
#6=DIMENSIONAL_EXPONENTS(0.,0.,0.,0.,0.,0.,0.);
#7=(NAMED_UNIT(*)SI_UNIT($,.STERADIAN.)SOLID_ANGLE_UNIT());
#8=(LENGTH_UNIT()NAMED_UNIT(*)SI_UNIT(.MILLI.,.METRE.));
#9=UNCERTAINTY_MEASURE_WITH_UNIT(LENGTH_MEASURE(1.000000E-06),#8,'DISTANCE_ACCURACY_VALUE','Maximum Tolerance applied to model');
#10=(GEOMETRIC_REPRESENTATION_CONTEXT(3)GLOBAL_UNCERTAINTY_ASSIGNED_CONTEXT((#9))GLOBAL_UNIT_ASSIGNED_CONTEXT((#8,#5,#7))REPRESENTATION_CONTEXT('','Conn_Mini_DIN_round_8_canned'));
#12=CARTESIAN_POINT('',(0.,0.,0.));
#13=DIRECTION('',(0.,0.,1.));
#14=DIRECTION('',(1.,0.,0.));
#15=AXIS2_PLACEMENT_3D('',#12,#13,#14);
#27=CARTESIAN_POINT('',(0.,-1.568851024,0.));
#28=DIRECTION('',(0.,1.,0.));
#29=DIRECTION('',(1.,0.,0.));
#30=AXIS2_PLACEMENT_3D('',#27,#28,#29);
#31=PLANE('',#30);
#32=CARTESIAN_POINT('',(-1.,-1.568851024,-2.5));
#33=VERTEX_POINT('',#32);
#34=CARTESIAN_POINT('',(1.,-1.568851024,-2.5));
#35=VERTEX_POINT('',#34);
#36=CARTESIAN_POINT('',(0.,-1.568851024,-2.5));
#37=DIRECTION('',(0.,-1.,-0.));
#38=DIRECTION('',(-0.707106781,0.,-0.707106781));
#39=AXIS2_PLACEMENT_3D('',#36,#37,#38);
#40=CIRCLE('',#39,1.);
#41=EDGE_CURVE('',#33,#35,#40,.T.);
#42=ORIENTED_EDGE('',*,*,#41,.F.);
#43=CARTESIAN_POINT('',(-1.,-1.568851024,0.));
#44=VERTEX_POINT('',#43);
#45=CARTESIAN_POINT('',(-1.,-1.568851024,0.));
#46=DIRECTION('',(0.,0.,-1.));
#47=VECTOR('',#46,25.);
#48=LINE('',#45,#47);
#49=EDGE_CURVE('',#44,#33,#48,.T.);
#50=ORIENTED_EDGE('',*,*,#49,.F.);
#51=CARTESIAN_POINT('',(1.,-1.568851024,0.));
#52=VERTEX_POINT('',#51);
#53=CARTESIAN_POINT('',(10.,-1.568851024,0.));
#54=DIRECTION('',(-1.,0.,0.));
#55=VECTOR('',#54,20.);
#56=LINE('',#53,#55);
#57=EDGE_CURVE('',#52,#44,#56,.T.);
#58=ORIENTED_EDGE('',*,*,#57,.F.);
#59=CARTESIAN_POINT('',(1.,-1.568851024,0.));
#60=DIRECTION('',(0.,0.,-1.));
#61=VECTOR('',#60,25.);
#62=LINE('',#59,#61);
#63=EDGE_CURVE('',#52,#35,#62,.T.);
#64=ORIENTED_EDGE('',*,*,#63,.T.);
#65=EDGE_LOOP('',(#42,#50,#58,#64));
#66=FACE_BOUND('',#65,.T.);
#67=ADVANCED_FACE('',(#66),#31,.T.);
#68=COLOUR_RGB('',0.752941191,0.752941191,0.752941191);
#69=FILL_AREA_STYLE_COLOUR('',#68);
#70=FILL_AREA_STYLE('',(#69));
#71=SURFACE_STYLE_FILL_AREA(#70);
#72=SURFACE_SIDE_STYLE('',(#71));
#73=SURFACE_STYLE_USAGE(.BOTH.,#72);
#74=PRESENTATION_STYLE_ASSIGNMENT((#73));
#75=OVER_RIDING_STYLED_ITEM('',(#74),#67,#26);
#76=CARTESIAN_POINT('',(0.,-1.818851024,-2.5));
#77=DIRECTION('',(0.,-1.,-0.));
#78=DIRECTION('',(-0.707106781,0.,-0.707106781));
#79=AXIS2_PLACEMENT_3D('',#76,#77,#78);
#80=CYLINDRICAL_SURFACE('',#79,1.);
#81=CARTESIAN_POINT('',(1.,-2.068851024,-2.5));
#82=VERTEX_POINT('',#81);
#83=CARTESIAN_POINT('',(-1.,-2.068851024,-2.5));
#84=VERTEX_POINT('',#83);
#85=CARTESIAN_POINT('',(0.,-2.068851024,-2.5));
#86=DIRECTION('',(0.,1.,0.));
#87=DIRECTION('',(0.707106781,0.,-0.707106781));
#88=AXIS2_PLACEMENT_3D('',#85,#86,#87);
#89=CIRCLE('',#88,1.);
#90=EDGE_CURVE('',#82,#84,#89,.T.);
#91=ORIENTED_EDGE('',*,*,#90,.T.);
#92=CARTESIAN_POINT('',(-1.,-4.318851024,-2.5));
#93=DIRECTION('',(0.,1.,0.));
#94=VECTOR('',#93,5.);
#95=LINE('',#92,#94);
#96=EDGE_CURVE('',#84,#33,#95,.T.);
#97=ORIENTED_EDGE('',*,*,#96,.T.);
#98=ORIENTED_EDGE('',*,*,#41,.T.);
#99=CARTESIAN_POINT('',(1.,0.681148976,-2.5));
#100=DIRECTION('',(0.,-1.,0.));
#101=VECTOR('',#100,5.);
#102=LINE('',#99,#101);
#103=EDGE_CURVE('',#35,#82,#102,.T.);
#104=ORIENTED_EDGE('',*,*,#103,.T.);
#105=EDGE_LOOP('',(#91,#97,#98,#104));
#106=FACE_BOUND('',#105,.T.);
#107=ADVANCED_FACE('',(#106),#80,.T.);
#108=CARTESIAN_POINT('',(1.3,4.5,0.));
#109=DIRECTION('',(0.,0.,-1.));
#110=DIRECTION('',(-1.,0.,0.));
#111=AXIS2_PLACEMENT_3D('',#108,#109,#110);
#112=CYLINDRICAL_SURFACE('',#111,0.35);
#113=CARTESIAN_POINT('',(1.65,4.5,-3.5));
#114=VERTEX_POINT('',#113);
#115=CARTESIAN_POINT('',(1.65,4.5,0.));
#116=VERTEX_POINT('',#115);
#117=CARTESIAN_POINT('',(1.65,4.5,-3.5));
#118=DIRECTION('',(-0.,-0.,1.));
#119=VECTOR('',#118,3.5);
#120=LINE('',#117,#119);
#121=EDGE_CURVE('',#114,#116,#120,.T.);
#122=ORIENTED_EDGE('',*,*,#121,.T.);
#123=CARTESIAN_POINT('',(0.95,4.5,0.));
#124=VERTEX_POINT('',#123);
#125=CARTESIAN_POINT('',(1.3,4.5,0.));
#126=DIRECTION('',(0.,0.,1.));
#127=DIRECTION('',(-1.,0.,0.));
#128=AXIS2_PLACEMENT_3D('',#125,#126,#127);
#129=CIRCLE('',#128,0.35);
#130=EDGE_CURVE('',#124,#116,#129,.T.);
#131=ORIENTED_EDGE('',*,*,#130,.F.);
#132=CARTESIAN_POINT('',(1.3,4.5,0.));
#133=DIRECTION('',(0.,0.,1.));
#134=DIRECTION('',(-1.,0.,0.));
#135=AXIS2_PLACEMENT_3D('',#132,#133,#134);
#136=CIRCLE('',#135,0.35);
#137=EDGE_CURVE('',#116,#124,#136,.T.);
#138=ORIENTED_EDGE('',*,*,#137,.F.);
#139=ORIENTED_EDGE('',*,*,#121,.F.);
#140=CARTESIAN_POINT('',(0.95,4.5,-3.5));
#141=VERTEX_POINT('',#140);
#142=CARTESIAN_POINT('',(1.3,4.5,-3.5));
#143=DIRECTION('',(0.,0.,1.));
#144=DIRECTION('',(-1.,0.,0.));
#145=AXIS2_PLACEMENT_3D('',#142,#143,#144);
#146=CIRCLE('',#145,0.35);
#147=EDGE_CURVE('',#114,#141,#146,.T.);
#148=ORIENTED_EDGE('',*,*,#147,.T.);
#149=CARTESIAN_POINT('',(1.3,4.5,-3.5));
#150=DIRECTION('',(0.,0.,1.));
#151=DIRECTION('',(-1.,0.,0.));
#152=AXIS2_PLACEMENT_3D('',#149,#150,#151);
#153=CIRCLE('',#152,0.35);
#154=EDGE_CURVE('',#141,#114,#153,.T.);
#155=ORIENTED_EDGE('',*,*,#154,.T.);
#156=EDGE_LOOP('',(#122,#131,#138,#139,#148,#155));
#157=FACE_BOUND('',#156,.T.);
#158=ADVANCED_FACE('',(#157),#112,.T.);
#159=OVER_RIDING_STYLED_ITEM('',(#74),#158,#26);
#160=CARTESIAN_POINT('',(1.3,4.5,-3.5));
#161=DIRECTION('',(0.,0.,-1.));
#162=DIRECTION('',(-1.,0.,0.));
#163=AXIS2_PLACEMENT_3D('',#160,#161,#162);
#164=PLANE('',#163);
#165=ORIENTED_EDGE('',*,*,#147,.F.);
#166=ORIENTED_EDGE('',*,*,#154,.F.);
#167=EDGE_LOOP('',(#165,#166));
#168=FACE_BOUND('',#167,.T.);
#169=ADVANCED_FACE('',(#168),#164,.T.);
#170=OVER_RIDING_STYLED_ITEM('',(#74),#169,#26);
#171=CARTESIAN_POINT('',(3.400006082,2.,0.));
#172=DIRECTION('',(0.,0.,-1.));
#173=DIRECTION('',(-1.,0.,0.));
#174=AXIS2_PLACEMENT_3D('',#171,#172,#173);
#175=CYLINDRICAL_SURFACE('',#174,0.35);
#176=CARTESIAN_POINT('',(3.750006082,2.,-3.5));
#177=VERTEX_POINT('',#176);
#178=CARTESIAN_POINT('',(3.750006082,2.,0.));
#179=VERTEX_POINT('',#178);
#180=CARTESIAN_POINT('',(3.750006082,2.,-3.5));
#181=DIRECTION('',(-0.,-0.,1.));
#182=VECTOR('',#181,3.5);
#183=LINE('',#180,#182);
#184=EDGE_CURVE('',#177,#179,#183,.T.);
#185=ORIENTED_EDGE('',*,*,#184,.T.);
#186=CARTESIAN_POINT('',(3.050006082,2.,0.));
#187=VERTEX_POINT('',#186);
#188=CARTESIAN_POINT('',(3.400006082,2.,0.));
#189=DIRECTION('',(0.,0.,1.));
#190=DIRECTION('',(-1.,0.,0.));
#191=AXIS2_PLACEMENT_3D('',#188,#189,#190);
#192=CIRCLE('',#191,0.35);
#193=EDGE_CURVE('',#187,#179,#192,.T.);
#194=ORIENTED_EDGE('',*,*,#193,.F.);
#195=CARTESIAN_POINT('',(3.400006082,2.,0.));
#196=DIRECTION('',(0.,0.,1.));
#197=DIRECTION('',(-1.,0.,0.));
#198=AXIS2_PLACEMENT_3D('',#195,#196,#197);
#199=CIRCLE('',#198,0.35);
#200=EDGE_CURVE('',#179,#187,#199,.T.);
#201=ORIENTED_EDGE('',*,*,#200,.F.);
#202=ORIENTED_EDGE('',*,*,#184,.F.);
#203=CARTESIAN_POINT('',(3.050006082,2.,-3.5));
#204=VERTEX_POINT('',#203);
#205=CARTESIAN_POINT('',(3.400006082,2.,-3.5));
#206=DIRECTION('',(0.,0.,1.));
#207=DIRECTION('',(-1.,0.,0.));
#208=AXIS2_PLACEMENT_3D('',#205,#206,#207);
#209=CIRCLE('',#208,0.35);
#210=EDGE_CURVE('',#177,#204,#209,.T.);
#211=ORIENTED_EDGE('',*,*,#210,.T.);
#212=CARTESIAN_POINT('',(3.400006082,2.,-3.5));
#213=DIRECTION('',(0.,0.,1.));
#214=DIRECTION('',(-1.,0.,0.));
#215=AXIS2_PLACEMENT_3D('',#212,#213,#214);
#216=CIRCLE('',#215,0.35);
#217=EDGE_CURVE('',#204,#177,#216,.T.);
#218=ORIENTED_EDGE('',*,*,#217,.T.);
#219=EDGE_LOOP('',(#185,#194,#201,#202,#211,#218));
#220=FACE_BOUND('',#219,.T.);
#221=ADVANCED_FACE('',(#220),#175,.T.);
#222=OVER_RIDING_STYLED_ITEM('',(#74),#221,#26);
#223=CARTESIAN_POINT('',(3.400006082,2.,-3.5));
#224=DIRECTION('',(0.,0.,-1.));
#225=DIRECTION('',(-1.,0.,0.));
#226=AXIS2_PLACEMENT_3D('',#223,#224,#225);
#227=PLANE('',#226);
#228=ORIENTED_EDGE('',*,*,#210,.F.);
#229=ORIENTED_EDGE('',*,*,#217,.F.);
#230=EDGE_LOOP('',(#228,#229));
#231=FACE_BOUND('',#230,.T.);
#232=ADVANCED_FACE('',(#231),#227,.T.);
#233=OVER_RIDING_STYLED_ITEM('',(#74),#232,#26);
#234=CARTESIAN_POINT('',(-1.3,2.,0.));
#235=DIRECTION('',(0.,0.,-1.));
#236=DIRECTION('',(-1.,0.,0.));
#237=AXIS2_PLACEMENT_3D('',#234,#235,#236);
#238=CYLINDRICAL_SURFACE('',#237,0.35);
#239=CARTESIAN_POINT('',(-0.95,2.,-3.5));
#240=VERTEX_POINT('',#239);
#241=CARTESIAN_POINT('',(-0.95,2.,0.));
#242=VERTEX_POINT('',#241);
#243=CARTESIAN_POINT('',(-0.95,2.,-3.5));
#244=DIRECTION('',(-0.,-0.,1.));
#245=VECTOR('',#244,3.5);
#246=LINE('',#243,#245);
#247=EDGE_CURVE('',#240,#242,#246,.T.);
#248=ORIENTED_EDGE('',*,*,#247,.T.);
#249=CARTESIAN_POINT('',(-1.65,2.,0.));
#250=VERTEX_POINT('',#249);
#251=CARTESIAN_POINT('',(-1.3,2.,0.));
#252=DIRECTION('',(0.,0.,1.));
#253=DIRECTION('',(-1.,0.,0.));
#254=AXIS2_PLACEMENT_3D('',#251,#252,#253);
#255=CIRCLE('',#254,0.35);
#256=EDGE_CURVE('',#250,#242,#255,.T.);
#257=ORIENTED_EDGE('',*,*,#256,.F.);
#258=CARTESIAN_POINT('',(-1.3,2.,0.));
#259=DIRECTION('',(0.,0.,1.));
#260=DIRECTION('',(-1.,0.,0.));
#261=AXIS2_PLACEMENT_3D('',#258,#259,#260);
#262=CIRCLE('',#261,0.35);
#263=EDGE_CURVE('',#242,#250,#262,.T.);
#264=ORIENTED_EDGE('',*,*,#263,.F.);
#265=ORIENTED_EDGE('',*,*,#247,.F.);
#266=CARTESIAN_POINT('',(-1.65,2.,-3.5));
#267=VERTEX_POINT('',#266);
#268=CARTESIAN_POINT('',(-1.3,2.,-3.5));
#269=DIRECTION('',(0.,0.,1.));
#270=DIRECTION('',(-1.,0.,0.));
#271=AXIS2_PLACEMENT_3D('',#268,#269,#270);
#272=CIRCLE('',#271,0.35);
#273=EDGE_CURVE('',#240,#267,#272,.T.);
#274=ORIENTED_EDGE('',*,*,#273,.T.);
#275=CARTESIAN_POINT('',(-1.3,2.,-3.5));
#276=DIRECTION('',(0.,0.,1.));
#277=DIRECTION('',(-1.,0.,0.));
#278=AXIS2_PLACEMENT_3D('',#275,#276,#277);
#279=CIRCLE('',#278,0.35);
#280=EDGE_CURVE('',#267,#240,#279,.T.);
#281=ORIENTED_EDGE('',*,*,#280,.T.);
#282=EDGE_LOOP('',(#248,#257,#264,#265,#274,#281));
#283=FACE_BOUND('',#282,.T.);
#284=ADVANCED_FACE('',(#283),#238,.T.);
#285=OVER_RIDING_STYLED_ITEM('',(#74),#284,#26);
#286=CARTESIAN_POINT('',(-1.3,2.,-3.5));
#287=DIRECTION('',(0.,0.,-1.));
#288=DIRECTION('',(-1.,0.,0.));
#289=AXIS2_PLACEMENT_3D('',#286,#287,#288);
#290=PLANE('',#289);
#291=ORIENTED_EDGE('',*,*,#273,.F.);
#292=ORIENTED_EDGE('',*,*,#280,.F.);
#293=EDGE_LOOP('',(#291,#292));
#294=FACE_BOUND('',#293,.T.);
#295=ADVANCED_FACE('',(#294),#290,.T.);
#296=OVER_RIDING_STYLED_ITEM('',(#74),#295,#26);
#297=CARTESIAN_POINT('',(-0.9,4.5,0.));
#298=DIRECTION('',(0.,0.,-1.));
#299=DIRECTION('',(-1.,0.,0.));
#300=AXIS2_PLACEMENT_3D('',#297,#298,#299);
#301=CYLINDRICAL_SURFACE('',#300,0.35);
#302=CARTESIAN_POINT('',(-0.55,4.5,-3.5));
#303=VERTEX_POINT('',#302);
#304=CARTESIAN_POINT('',(-0.55,4.5,0.));
#305=VERTEX_POINT('',#304);
#306=CARTESIAN_POINT('',(-0.55,4.5,-3.5));
#307=DIRECTION('',(-0.,-0.,1.));
#308=VECTOR('',#307,3.5);
#309=LINE('',#306,#308);
#310=EDGE_CURVE('',#303,#305,#309,.T.);
#311=ORIENTED_EDGE('',*,*,#310,.T.);
#312=CARTESIAN_POINT('',(-1.25,4.5,0.));
#313=VERTEX_POINT('',#312);
#314=CARTESIAN_POINT('',(-0.9,4.5,0.));
#315=DIRECTION('',(0.,0.,1.));
#316=DIRECTION('',(-1.,0.,0.));
#317=AXIS2_PLACEMENT_3D('',#314,#315,#316);
#318=CIRCLE('',#317,0.35);
#319=EDGE_CURVE('',#313,#305,#318,.T.);
#320=ORIENTED_EDGE('',*,*,#319,.F.);
#321=CARTESIAN_POINT('',(-0.9,4.5,0.));
#322=DIRECTION('',(0.,0.,1.));
#323=DIRECTION('',(-1.,0.,0.));
#324=AXIS2_PLACEMENT_3D('',#321,#322,#323);
#325=CIRCLE('',#324,0.35);
#326=EDGE_CURVE('',#305,#313,#325,.T.);
#327=ORIENTED_EDGE('',*,*,#326,.F.);
#328=ORIENTED_EDGE('',*,*,#310,.F.);
#329=CARTESIAN_POINT('',(-1.25,4.5,-3.5));
#330=VERTEX_POINT('',#329);
#331=CARTESIAN_POINT('',(-0.9,4.5,-3.5));
#332=DIRECTION('',(0.,0.,1.));
#333=DIRECTION('',(-1.,0.,0.));
#334=AXIS2_PLACEMENT_3D('',#331,#332,#333);
#335=CIRCLE('',#334,0.35);
#336=EDGE_CURVE('',#303,#330,#335,.T.);
#337=ORIENTED_EDGE('',*,*,#336,.T.);
#338=CARTESIAN_POINT('',(-0.9,4.5,-3.5));
#339=DIRECTION('',(0.,0.,1.));
#340=DIRECTION('',(-1.,0.,0.));
#341=AXIS2_PLACEMENT_3D('',#338,#339,#340);
#342=CIRCLE('',#341,0.35);
#343=EDGE_CURVE('',#330,#303,#342,.T.);
#344=ORIENTED_EDGE('',*,*,#343,.T.);
#345=EDGE_LOOP('',(#311,#320,#327,#328,#337,#344));
#346=FACE_BOUND('',#345,.T.);
#347=ADVANCED_FACE('',(#346),#301,.T.);
#348=OVER_RIDING_STYLED_ITEM('',(#74),#347,#26);
#349=CARTESIAN_POINT('',(-0.9,4.5,-3.5));
#350=DIRECTION('',(0.,0.,-1.));
#351=DIRECTION('',(-1.,0.,0.));
#352=AXIS2_PLACEMENT_3D('',#349,#350,#351);
#353=PLANE('',#352);
#354=ORIENTED_EDGE('',*,*,#336,.F.);
#355=ORIENTED_EDGE('',*,*,#343,.F.);
#356=EDGE_LOOP('',(#354,#355));
#357=FACE_BOUND('',#356,.T.);
#358=ADVANCED_FACE('',(#357),#353,.T.);
#359=OVER_RIDING_STYLED_ITEM('',(#74),#358,#26);
#360=CARTESIAN_POINT('',(-1.,-1.818851024,0.));
#361=DIRECTION('',(-1.,0.,0.));
#362=DIRECTION('',(0.,1.,0.));
#363=AXIS2_PLACEMENT_3D('',#360,#361,#362);
#364=PLANE('',#363);
#365=ORIENTED_EDGE('',*,*,#96,.F.);
#366=CARTESIAN_POINT('',(-1.,-2.068851024,0.));
#367=VERTEX_POINT('',#366);
#368=CARTESIAN_POINT('',(-1.,-2.068851024,0.));
#369=DIRECTION('',(0.,0.,-1.));
#370=VECTOR('',#369,25.);
#371=LINE('',#368,#370);
#372=EDGE_CURVE('',#367,#84,#371,.T.);
#373=ORIENTED_EDGE('',*,*,#372,.F.);
#374=CARTESIAN_POINT('',(-1.,-5.470190065,0.));
#375=DIRECTION('',(0.,-1.,0.));
#376=VECTOR('',#375,5.);
#377=LINE('',#374,#376);
#378=EDGE_CURVE('',#44,#367,#377,.T.);
#379=ORIENTED_EDGE('',*,*,#378,.F.);
#380=ORIENTED_EDGE('',*,*,#49,.T.);
#381=EDGE_LOOP('',(#365,#373,#379,#380));
#382=FACE_BOUND('',#381,.T.);
#383=ADVANCED_FACE('',(#382),#364,.T.);
#384=OVER_RIDING_STYLED_ITEM('',(#74),#383,#26);
#385=CARTESIAN_POINT('',(0.,-2.068851024,0.));
#386=DIRECTION('',(0.,-1.,0.));
#387=DIRECTION('',(-1.,0.,0.));
#388=AXIS2_PLACEMENT_3D('',#385,#386,#387);
#389=PLANE('',#388);
#390=ORIENTED_EDGE('',*,*,#90,.F.);
#391=CARTESIAN_POINT('',(1.,-2.068851024,0.));
#392=VERTEX_POINT('',#391);
#393=CARTESIAN_POINT('',(1.,-2.068851024,0.));
#394=DIRECTION('',(0.,0.,-1.));
#395=VECTOR('',#394,25.);
#396=LINE('',#393,#395);
#397=EDGE_CURVE('',#392,#82,#396,.T.);
#398=ORIENTED_EDGE('',*,*,#397,.F.);
#399=CARTESIAN_POINT('',(-10.,-2.068851024,0.));
#400=DIRECTION('',(1.,0.,-0.));
#401=VECTOR('',#400,20.);
#402=LINE('',#399,#401);
#403=EDGE_CURVE('',#367,#392,#402,.T.);
#404=ORIENTED_EDGE('',*,*,#403,.F.);
#405=ORIENTED_EDGE('',*,*,#372,.T.);
#406=EDGE_LOOP('',(#390,#398,#404,#405));
#407=FACE_BOUND('',#406,.T.);
#408=ADVANCED_FACE('',(#407),#389,.T.);
#409=OVER_RIDING_STYLED_ITEM('',(#74),#408,#26);
#410=CARTESIAN_POINT('',(1.,-1.818851024,0.));
#411=DIRECTION('',(1.,0.,0.));
#412=DIRECTION('',(0.,-1.,0.));
#413=AXIS2_PLACEMENT_3D('',#410,#411,#412);
#414=PLANE('',#413);
#415=ORIENTED_EDGE('',*,*,#103,.F.);
#416=ORIENTED_EDGE('',*,*,#63,.F.);
#417=CARTESIAN_POINT('',(1.,-10.470190065,0.));
#418=DIRECTION('',(0.,1.,0.));
#419=VECTOR('',#418,5.);
#420=LINE('',#417,#419);
#421=EDGE_CURVE('',#392,#52,#420,.T.);
#422=ORIENTED_EDGE('',*,*,#421,.F.);
#423=ORIENTED_EDGE('',*,*,#397,.T.);
#424=EDGE_LOOP('',(#415,#416,#422,#423));
#425=FACE_BOUND('',#424,.T.);
#426=ADVANCED_FACE('',(#425),#414,.T.);
#427=OVER_RIDING_STYLED_ITEM('',(#74),#426,#26);
#428=CARTESIAN_POINT('',(-3.4,2.,0.));
#429=DIRECTION('',(0.,0.,-1.));
#430=DIRECTION('',(-1.,0.,0.));
#431=AXIS2_PLACEMENT_3D('',#428,#429,#430);
#432=CYLINDRICAL_SURFACE('',#431,0.35);
#433=CARTESIAN_POINT('',(-3.05,2.,-3.5));
#434=VERTEX_POINT('',#433);
#435=CARTESIAN_POINT('',(-3.05,2.,0.));
#436=VERTEX_POINT('',#435);
#437=CARTESIAN_POINT('',(-3.05,2.,-3.5));
#438=DIRECTION('',(-0.,-0.,1.));
#439=VECTOR('',#438,3.5);
#440=LINE('',#437,#439);
#441=EDGE_CURVE('',#434,#436,#440,.T.);
#442=ORIENTED_EDGE('',*,*,#441,.T.);
#443=CARTESIAN_POINT('',(-3.75,2.,0.));
#444=VERTEX_POINT('',#443);
#445=CARTESIAN_POINT('',(-3.4,2.,0.));
#446=DIRECTION('',(0.,0.,1.));
#447=DIRECTION('',(-1.,0.,0.));
#448=AXIS2_PLACEMENT_3D('',#445,#446,#447);
#449=CIRCLE('',#448,0.35);
#450=EDGE_CURVE('',#444,#436,#449,.T.);
#451=ORIENTED_EDGE('',*,*,#450,.F.);
#452=CARTESIAN_POINT('',(-3.4,2.,0.));
#453=DIRECTION('',(0.,0.,1.));
#454=DIRECTION('',(-1.,0.,0.));
#455=AXIS2_PLACEMENT_3D('',#452,#453,#454);
#456=CIRCLE('',#455,0.35);
#457=EDGE_CURVE('',#436,#444,#456,.T.);
#458=ORIENTED_EDGE('',*,*,#457,.F.);
#459=ORIENTED_EDGE('',*,*,#441,.F.);
#460=CARTESIAN_POINT('',(-3.75,2.,-3.5));
#461=VERTEX_POINT('',#460);
#462=CARTESIAN_POINT('',(-3.4,2.,-3.5));
#463=DIRECTION('',(0.,0.,1.));
#464=DIRECTION('',(-1.,0.,0.));
#465=AXIS2_PLACEMENT_3D('',#462,#463,#464);
#466=CIRCLE('',#465,0.35);
#467=EDGE_CURVE('',#434,#461,#466,.T.);
#468=ORIENTED_EDGE('',*,*,#467,.T.);
#469=CARTESIAN_POINT('',(-3.4,2.,-3.5));
#470=DIRECTION('',(0.,0.,1.));
#471=DIRECTION('',(-1.,0.,0.));
#472=AXIS2_PLACEMENT_3D('',#469,#470,#471);
#473=CIRCLE('',#472,0.35);
#474=EDGE_CURVE('',#461,#434,#473,.T.);
#475=ORIENTED_EDGE('',*,*,#474,.T.);
#476=EDGE_LOOP('',(#442,#451,#458,#459,#468,#475));
#477=FACE_BOUND('',#476,.T.);
#478=ADVANCED_FACE('',(#477),#432,.T.);
#479=OVER_RIDING_STYLED_ITEM('',(#74),#478,#26);
#480=CARTESIAN_POINT('',(-3.4,2.,-3.5));
#481=DIRECTION('',(0.,0.,-1.));
#482=DIRECTION('',(-1.,0.,0.));
#483=AXIS2_PLACEMENT_3D('',#480,#481,#482);
#484=PLANE('',#483);
#485=ORIENTED_EDGE('',*,*,#467,.F.);
#486=ORIENTED_EDGE('',*,*,#474,.F.);
#487=EDGE_LOOP('',(#485,#486));
#488=FACE_BOUND('',#487,.T.);
#489=ADVANCED_FACE('',(#488),#484,.T.);
#490=OVER_RIDING_STYLED_ITEM('',(#74),#489,#26);
#491=CARTESIAN_POINT('',(1.3,2.,0.));
#492=DIRECTION('',(0.,0.,-1.));
#493=DIRECTION('',(-1.,0.,0.));
#494=AXIS2_PLACEMENT_3D('',#491,#492,#493);
#495=CYLINDRICAL_SURFACE('',#494,0.35);
#496=CARTESIAN_POINT('',(1.65,2.,-3.5));
#497=VERTEX_POINT('',#496);
#498=CARTESIAN_POINT('',(1.65,2.,0.));
#499=VERTEX_POINT('',#498);
#500=CARTESIAN_POINT('',(1.65,2.,-3.5));
#501=DIRECTION('',(-0.,-0.,1.));
#502=VECTOR('',#501,3.5);
#503=LINE('',#500,#502);
#504=EDGE_CURVE('',#497,#499,#503,.T.);
#505=ORIENTED_EDGE('',*,*,#504,.T.);
#506=CARTESIAN_POINT('',(0.95,2.,0.));
#507=VERTEX_POINT('',#506);
#508=CARTESIAN_POINT('',(1.3,2.,0.));
#509=DIRECTION('',(0.,0.,1.));
#510=DIRECTION('',(-1.,0.,0.));
#511=AXIS2_PLACEMENT_3D('',#508,#509,#510);
#512=CIRCLE('',#511,0.35);
#513=EDGE_CURVE('',#507,#499,#512,.T.);
#514=ORIENTED_EDGE('',*,*,#513,.F.);
#515=CARTESIAN_POINT('',(1.3,2.,0.));
#516=DIRECTION('',(0.,0.,1.));
#517=DIRECTION('',(-1.,0.,0.));
#518=AXIS2_PLACEMENT_3D('',#515,#516,#517);
#519=CIRCLE('',#518,0.35);
#520=EDGE_CURVE('',#499,#507,#519,.T.);
#521=ORIENTED_EDGE('',*,*,#520,.F.);
#522=ORIENTED_EDGE('',*,*,#504,.F.);
#523=CARTESIAN_POINT('',(0.95,2.,-3.5));
#524=VERTEX_POINT('',#523);
#525=CARTESIAN_POINT('',(1.3,2.,-3.5));
#526=DIRECTION('',(0.,0.,1.));
#527=DIRECTION('',(-1.,0.,0.));
#528=AXIS2_PLACEMENT_3D('',#525,#526,#527);
#529=CIRCLE('',#528,0.35);
#530=EDGE_CURVE('',#497,#524,#529,.T.);
#531=ORIENTED_EDGE('',*,*,#530,.T.);
#532=CARTESIAN_POINT('',(1.3,2.,-3.5));
#533=DIRECTION('',(0.,0.,1.));
#534=DIRECTION('',(-1.,0.,0.));
#535=AXIS2_PLACEMENT_3D('',#532,#533,#534);
#536=CIRCLE('',#535,0.35);
#537=EDGE_CURVE('',#524,#497,#536,.T.);
#538=ORIENTED_EDGE('',*,*,#537,.T.);
#539=EDGE_LOOP('',(#505,#514,#521,#522,#531,#538));
#540=FACE_BOUND('',#539,.T.);
#541=ADVANCED_FACE('',(#540),#495,.T.);
#542=OVER_RIDING_STYLED_ITEM('',(#74),#541,#26);
#543=CARTESIAN_POINT('',(1.3,2.,-3.5));
#544=DIRECTION('',(0.,0.,-1.));
#545=DIRECTION('',(-1.,0.,0.));
#546=AXIS2_PLACEMENT_3D('',#543,#544,#545);
#547=PLANE('',#546);
#548=ORIENTED_EDGE('',*,*,#530,.F.);
#549=ORIENTED_EDGE('',*,*,#537,.F.);
#550=EDGE_LOOP('',(#548,#549));
#551=FACE_BOUND('',#550,.T.);
#552=ADVANCED_FACE('',(#551),#547,.T.);
#553=OVER_RIDING_STYLED_ITEM('',(#74),#552,#26);
#554=CARTESIAN_POINT('',(-3.4,4.5,0.));
#555=DIRECTION('',(0.,0.,-1.));
#556=DIRECTION('',(-1.,0.,0.));
#557=AXIS2_PLACEMENT_3D('',#554,#555,#556);
#558=CYLINDRICAL_SURFACE('',#557,0.35);
#559=CARTESIAN_POINT('',(-3.05,4.5,-3.5));
#560=VERTEX_POINT('',#559);
#561=CARTESIAN_POINT('',(-3.05,4.5,0.));
#562=VERTEX_POINT('',#561);
#563=CARTESIAN_POINT('',(-3.05,4.5,-3.5));
#564=DIRECTION('',(-0.,-0.,1.));
#565=VECTOR('',#564,3.5);
#566=LINE('',#563,#565);
#567=EDGE_CURVE('',#560,#562,#566,.T.);
#568=ORIENTED_EDGE('',*,*,#567,.T.);
#569=CARTESIAN_POINT('',(-3.75,4.5,0.));
#570=VERTEX_POINT('',#569);
#571=CARTESIAN_POINT('',(-3.4,4.5,0.));
#572=DIRECTION('',(0.,0.,1.));
#573=DIRECTION('',(-1.,0.,0.));
#574=AXIS2_PLACEMENT_3D('',#571,#572,#573);
#575=CIRCLE('',#574,0.35);
#576=EDGE_CURVE('',#570,#562,#575,.T.);
#577=ORIENTED_EDGE('',*,*,#576,.F.);
#578=CARTESIAN_POINT('',(-3.4,4.5,0.));
#579=DIRECTION('',(0.,0.,1.));
#580=DIRECTION('',(-1.,0.,0.));
#581=AXIS2_PLACEMENT_3D('',#578,#579,#580);
#582=CIRCLE('',#581,0.35);
#583=EDGE_CURVE('',#562,#570,#582,.T.);
#584=ORIENTED_EDGE('',*,*,#583,.F.);
#585=ORIENTED_EDGE('',*,*,#567,.F.);
#586=CARTESIAN_POINT('',(-3.75,4.5,-3.5));
#587=VERTEX_POINT('',#586);
#588=CARTESIAN_POINT('',(-3.4,4.5,-3.5));
#589=DIRECTION('',(0.,0.,1.));
#590=DIRECTION('',(-1.,0.,0.));
#591=AXIS2_PLACEMENT_3D('',#588,#589,#590);
#592=CIRCLE('',#591,0.35);
#593=EDGE_CURVE('',#560,#587,#592,.T.);
#594=ORIENTED_EDGE('',*,*,#593,.T.);
#595=CARTESIAN_POINT('',(-3.4,4.5,-3.5));
#596=DIRECTION('',(0.,0.,1.));
#597=DIRECTION('',(-1.,0.,0.));
#598=AXIS2_PLACEMENT_3D('',#595,#596,#597);
#599=CIRCLE('',#598,0.35);
#600=EDGE_CURVE('',#587,#560,#599,.T.);
#601=ORIENTED_EDGE('',*,*,#600,.T.);
#602=EDGE_LOOP('',(#568,#577,#584,#585,#594,#601));
#603=FACE_BOUND('',#602,.T.);
#604=ADVANCED_FACE('',(#603),#558,.T.);
#605=OVER_RIDING_STYLED_ITEM('',(#74),#604,#26);
#606=CARTESIAN_POINT('',(-3.4,4.5,-3.5));
#607=DIRECTION('',(0.,0.,-1.));
#608=DIRECTION('',(-1.,0.,0.));
#609=AXIS2_PLACEMENT_3D('',#606,#607,#608);
#610=PLANE('',#609);
#611=ORIENTED_EDGE('',*,*,#593,.F.);
#612=ORIENTED_EDGE('',*,*,#600,.F.);
#613=EDGE_LOOP('',(#611,#612));
#614=FACE_BOUND('',#613,.T.);
#615=ADVANCED_FACE('',(#614),#610,.T.);
#616=OVER_RIDING_STYLED_ITEM('',(#74),#615,#26);
#617=CARTESIAN_POINT('',(3.400006082,4.5,0.));
#618=DIRECTION('',(0.,0.,-1.));
#619=DIRECTION('',(-1.,0.,0.));
#620=AXIS2_PLACEMENT_3D('',#617,#618,#619);
#621=CYLINDRICAL_SURFACE('',#620,0.35);
#622=CARTESIAN_POINT('',(3.750006082,4.5,-3.5));
#623=VERTEX_POINT('',#622);
#624=CARTESIAN_POINT('',(3.750006082,4.5,0.));
#625=VERTEX_POINT('',#624);
#626=CARTESIAN_POINT('',(3.750006082,4.5,-3.5));
#627=DIRECTION('',(-0.,-0.,1.));
#628=VECTOR('',#627,3.5);
#629=LINE('',#626,#628);
#630=EDGE_CURVE('',#623,#625,#629,.T.);
#631=ORIENTED_EDGE('',*,*,#630,.T.);
#632=CARTESIAN_POINT('',(3.050006082,4.5,0.));
#633=VERTEX_POINT('',#632);
#634=CARTESIAN_POINT('',(3.400006082,4.5,0.));
#635=DIRECTION('',(0.,0.,1.));
#636=DIRECTION('',(-1.,0.,0.));
#637=AXIS2_PLACEMENT_3D('',#634,#635,#636);
#638=CIRCLE('',#637,0.35);
#639=EDGE_CURVE('',#633,#625,#638,.T.);
#640=ORIENTED_EDGE('',*,*,#639,.F.);
#641=CARTESIAN_POINT('',(3.400006082,4.5,0.));
#642=DIRECTION('',(0.,0.,1.));
#643=DIRECTION('',(-1.,0.,0.));
#644=AXIS2_PLACEMENT_3D('',#641,#642,#643);
#645=CIRCLE('',#644,0.35);
#646=EDGE_CURVE('',#625,#633,#645,.T.);
#647=ORIENTED_EDGE('',*,*,#646,.F.);
#648=ORIENTED_EDGE('',*,*,#630,.F.);
#649=CARTESIAN_POINT('',(3.050006082,4.5,-3.5));
#650=VERTEX_POINT('',#649);
#651=CARTESIAN_POINT('',(3.400006082,4.5,-3.5));
#652=DIRECTION('',(0.,0.,1.));
#653=DIRECTION('',(-1.,0.,0.));
#654=AXIS2_PLACEMENT_3D('',#651,#652,#653);
#655=CIRCLE('',#654,0.35);
#656=EDGE_CURVE('',#623,#650,#655,.T.);
#657=ORIENTED_EDGE('',*,*,#656,.T.);
#658=CARTESIAN_POINT('',(3.400006082,4.5,-3.5));
#659=DIRECTION('',(0.,0.,1.));
#660=DIRECTION('',(-1.,0.,0.));
#661=AXIS2_PLACEMENT_3D('',#658,#659,#660);
#662=CIRCLE('',#661,0.35);
#663=EDGE_CURVE('',#650,#623,#662,.T.);
#664=ORIENTED_EDGE('',*,*,#663,.T.);
#665=EDGE_LOOP('',(#631,#640,#647,#648,#657,#664));
#666=FACE_BOUND('',#665,.T.);
#667=ADVANCED_FACE('',(#666),#621,.T.);
#668=OVER_RIDING_STYLED_ITEM('',(#74),#667,#26);
#669=CARTESIAN_POINT('',(3.400006082,4.5,-3.5));
#670=DIRECTION('',(0.,0.,-1.));
#671=DIRECTION('',(-1.,0.,0.));
#672=AXIS2_PLACEMENT_3D('',#669,#670,#671);
#673=PLANE('',#672);
#674=ORIENTED_EDGE('',*,*,#656,.F.);
#675=ORIENTED_EDGE('',*,*,#663,.F.);
#676=EDGE_LOOP('',(#674,#675));
#677=FACE_BOUND('',#676,.T.);
#678=ADVANCED_FACE('',(#677),#673,.T.);
#679=OVER_RIDING_STYLED_ITEM('',(#74),#678,#26);
#680=CARTESIAN_POINT('',(0.,-0.451886792,0.));
#681=DIRECTION('',(0.,0.,1.));
#682=DIRECTION('',(1.,0.,0.));
#683=AXIS2_PLACEMENT_3D('',#680,#681,#682);
#684=PLANE('',#683);
#685=ORIENTED_EDGE('',*,*,#130,.T.);
#686=ORIENTED_EDGE('',*,*,#137,.T.);
#687=EDGE_LOOP('',(#685,#686));
#688=FACE_BOUND('',#687,.T.);
#689=ORIENTED_EDGE('',*,*,#193,.T.);
#690=ORIENTED_EDGE('',*,*,#200,.T.);
#691=EDGE_LOOP('',(#689,#690));
#692=FACE_BOUND('',#691,.T.);
#693=ORIENTED_EDGE('',*,*,#256,.T.);
#694=ORIENTED_EDGE('',*,*,#263,.T.);
#695=EDGE_LOOP('',(#693,#694));
#696=FACE_BOUND('',#695,.T.);
#697=ORIENTED_EDGE('',*,*,#319,.T.);
#698=ORIENTED_EDGE('',*,*,#326,.T.);
#699=EDGE_LOOP('',(#697,#698));
#700=FACE_BOUND('',#699,.T.);
#701=ORIENTED_EDGE('',*,*,#57,.T.);
#702=ORIENTED_EDGE('',*,*,#378,.T.);
#703=ORIENTED_EDGE('',*,*,#403,.T.);
#704=ORIENTED_EDGE('',*,*,#421,.T.);
#705=EDGE_LOOP('',(#701,#702,#703,#704));
#706=FACE_BOUND('',#705,.T.);
#707=ORIENTED_EDGE('',*,*,#450,.T.);
#708=ORIENTED_EDGE('',*,*,#457,.T.);
#709=EDGE_LOOP('',(#707,#708));
#710=FACE_BOUND('',#709,.T.);
#711=ORIENTED_EDGE('',*,*,#513,.T.);
#712=ORIENTED_EDGE('',*,*,#520,.T.);
#713=EDGE_LOOP('',(#711,#712));
#714=FACE_BOUND('',#713,.T.);
#715=ORIENTED_EDGE('',*,*,#576,.T.);
#716=ORIENTED_EDGE('',*,*,#583,.T.);
#717=EDGE_LOOP('',(#715,#716));
#718=FACE_BOUND('',#717,.T.);
#719=ORIENTED_EDGE('',*,*,#639,.T.);
#720=ORIENTED_EDGE('',*,*,#646,.T.);
#721=EDGE_LOOP('',(#719,#720));
#722=FACE_BOUND('',#721,.T.);
#723=CARTESIAN_POINT('',(-7.,-6.5,0.));
#724=VERTEX_POINT('',#723);
#725=CARTESIAN_POINT('',(7.,-6.5,0.));
#726=VERTEX_POINT('',#725);
#727=CARTESIAN_POINT('',(-7.,-6.5,0.));
#728=DIRECTION('',(1.,0.,-0.));
#729=VECTOR('',#728,140.);
#730=LINE('',#727,#729);
#731=EDGE_CURVE('',#724,#726,#730,.T.);
#732=ORIENTED_EDGE('',*,*,#731,.F.);
#733=CARTESIAN_POINT('',(-7.,-4.7,0.));
#734=VERTEX_POINT('',#733);
#735=CARTESIAN_POINT('',(-7.,-4.7,0.));
#736=DIRECTION('',(0.,-1.,0.));
#737=VECTOR('',#736,18.);
#738=LINE('',#735,#737);
#739=EDGE_CURVE('',#734,#724,#738,.T.);
#740=ORIENTED_EDGE('',*,*,#739,.F.);
#741=CARTESIAN_POINT('',(-6.5,-4.7,0.));
#742=VERTEX_POINT('',#741);
#743=CARTESIAN_POINT('',(-6.5,-4.7,0.));
#744=DIRECTION('',(-1.,0.,0.));
#745=VECTOR('',#744,5.);
#746=LINE('',#743,#745);
#747=EDGE_CURVE('',#742,#734,#746,.T.);
#748=ORIENTED_EDGE('',*,*,#747,.F.);
#749=CARTESIAN_POINT('',(-6.5,-1.95,0.));
#750=VERTEX_POINT('',#749);
#751=CARTESIAN_POINT('',(-6.5,-73.5,0.));
#752=DIRECTION('',(0.,-1.,0.));
#753=VECTOR('',#752,27.5);
#754=LINE('',#751,#753);
#755=EDGE_CURVE('',#750,#742,#754,.T.);
#756=ORIENTED_EDGE('',*,*,#755,.F.);
#757=CARTESIAN_POINT('',(-6.5,0.05,0.));
#758=VERTEX_POINT('',#757);
#759=CARTESIAN_POINT('',(-6.5,-53.5,0.));
#760=DIRECTION('',(0.,-1.,0.));
#761=VECTOR('',#760,20.);
#762=LINE('',#759,#761);
#763=EDGE_CURVE('',#758,#750,#762,.T.);
#764=ORIENTED_EDGE('',*,*,#763,.F.);
#765=CARTESIAN_POINT('',(-6.5,6.,0.));
#766=VERTEX_POINT('',#765);
#767=CARTESIAN_POINT('',(-6.5,6.,0.));
#768=DIRECTION('',(0.,-1.,0.));
#769=VECTOR('',#768,59.5);
#770=LINE('',#767,#769);
#771=EDGE_CURVE('',#766,#758,#770,.T.);
#772=ORIENTED_EDGE('',*,*,#771,.F.);
#773=CARTESIAN_POINT('',(6.5,6.,0.));
#774=VERTEX_POINT('',#773);
#775=CARTESIAN_POINT('',(6.5,6.,0.));
#776=DIRECTION('',(-1.,0.,0.));
#777=VECTOR('',#776,130.);
#778=LINE('',#775,#777);
#779=EDGE_CURVE('',#774,#766,#778,.T.);
#780=ORIENTED_EDGE('',*,*,#779,.F.);
#781=CARTESIAN_POINT('',(6.5,0.05,0.));
#782=VERTEX_POINT('',#781);
#783=CARTESIAN_POINT('',(6.5,42.8,0.));
#784=DIRECTION('',(0.,1.,0.));
#785=VECTOR('',#784,59.5);
#786=LINE('',#783,#785);
#787=EDGE_CURVE('',#782,#774,#786,.T.);
#788=ORIENTED_EDGE('',*,*,#787,.F.);
#789=CARTESIAN_POINT('',(6.5,-1.95,0.));
#790=VERTEX_POINT('',#789);
#791=CARTESIAN_POINT('',(6.5,22.8,0.));
#792=DIRECTION('',(0.,1.,0.));
#793=VECTOR('',#792,20.);
#794=LINE('',#791,#793);
#795=EDGE_CURVE('',#790,#782,#794,.T.);
#796=ORIENTED_EDGE('',*,*,#795,.F.);
#797=CARTESIAN_POINT('',(6.5,-4.7,0.));
#798=VERTEX_POINT('',#797);
#799=CARTESIAN_POINT('',(6.5,-4.7,0.));
#800=DIRECTION('',(0.,1.,0.));
#801=VECTOR('',#800,27.5);
#802=LINE('',#799,#801);
#803=EDGE_CURVE('',#798,#790,#802,.T.);
#804=ORIENTED_EDGE('',*,*,#803,.F.);
#805=CARTESIAN_POINT('',(7.,-4.7,0.));
#806=VERTEX_POINT('',#805);
#807=CARTESIAN_POINT('',(7.,-4.7,0.));
#808=DIRECTION('',(-1.,0.,0.));
#809=VECTOR('',#808,5.);
#810=LINE('',#807,#809);
#811=EDGE_CURVE('',#806,#798,#810,.T.);
#812=ORIENTED_EDGE('',*,*,#811,.F.);
#813=CARTESIAN_POINT('',(7.,-6.5,0.));
#814=DIRECTION('',(0.,1.,0.));
#815=VECTOR('',#814,18.);
#816=LINE('',#813,#815);
#817=EDGE_CURVE('',#726,#806,#816,.T.);
#818=ORIENTED_EDGE('',*,*,#817,.F.);
#819=EDGE_LOOP('',(#732,#740,#748,#756,#764,#772,#780,#788,#796,#804,#812,#818));
#820=FACE_BOUND('',#819,.T.);
#821=ADVANCED_FACE('',(#688,#692,#696,#700,#706,#710,#714,#718,#722,#820),#684,.F.);
#822=DRAUGHTING_PRE_DEFINED_COLOUR('black');
#823=FILL_AREA_STYLE_COLOUR('',#822);
#824=FILL_AREA_STYLE('',(#823));
#825=SURFACE_STYLE_FILL_AREA(#824);
#826=SURFACE_SIDE_STYLE('',(#825));
#827=SURFACE_STYLE_USAGE(.BOTH.,#826);
#828=PRESENTATION_STYLE_ASSIGNMENT((#827));
#829=OVER_RIDING_STYLED_ITEM('',(#828),#821,#26);
#830=CARTESIAN_POINT('',(-6.5,0.747619048,12.31));
#831=DIRECTION('',(-0.,1.,-0.));
#832=DIRECTION('',(-0.707106781,0.,0.707106781));
#833=AXIS2_PLACEMENT_3D('',#830,#831,#832);
#834=CYLINDRICAL_SURFACE('',#833,0.5);
#835=CARTESIAN_POINT('',(-6.5,5.8,12.81));
#836=VERTEX_POINT('',#835);
#837=CARTESIAN_POINT('',(-7.,5.8,12.31));
#838=VERTEX_POINT('',#837);
#839=CARTESIAN_POINT('',(-6.5,5.8,12.31));
#840=DIRECTION('',(0.,-1.,0.));
#841=DIRECTION('',(-0.707106781,0.,0.707106781));
#842=AXIS2_PLACEMENT_3D('',#839,#840,#841);
#843=CIRCLE('',#842,0.5);
#844=EDGE_CURVE('',#836,#838,#843,.T.);
#845=ORIENTED_EDGE('',*,*,#844,.T.);
#846=CARTESIAN_POINT('',(-7.,-4.65,12.31));
#847=VERTEX_POINT('',#846);
#848=CARTESIAN_POINT('',(-7.,51.271428571,12.31));
#849=DIRECTION('',(0.,-1.,0.));
#850=VECTOR('',#849,104.5);
#851=LINE('',#848,#850);
#852=EDGE_CURVE('',#838,#847,#851,.T.);
#853=ORIENTED_EDGE('',*,*,#852,.T.);
#854=CARTESIAN_POINT('',(-6.5,-4.65,12.81));
#855=VERTEX_POINT('',#854);
#856=CARTESIAN_POINT('',(-6.5,-4.65,12.31));
#857=DIRECTION('',(0.,1.,0.));
#858=DIRECTION('',(-0.707106781,0.,0.707106781));
#859=AXIS2_PLACEMENT_3D('',#856,#857,#858);
#860=CIRCLE('',#859,0.5);
#861=EDGE_CURVE('',#847,#855,#860,.T.);
#862=ORIENTED_EDGE('',*,*,#861,.T.);
#863=CARTESIAN_POINT('',(-6.5,-53.228571429,12.81));
#864=DIRECTION('',(0.,1.,-0.));
#865=VECTOR('',#864,104.5);
#866=LINE('',#863,#865);
#867=EDGE_CURVE('',#855,#836,#866,.T.);
#868=ORIENTED_EDGE('',*,*,#867,.T.);
#869=EDGE_LOOP('',(#845,#853,#862,#868));
#870=FACE_BOUND('',#869,.T.);
#871=ADVANCED_FACE('',(#870),#834,.T.);
#872=CARTESIAN_POINT('',(0.,-4.65,12.3));
#873=DIRECTION('',(0.,-1.,0.));
#874=DIRECTION('',(1.,0.,0.));
#875=AXIS2_PLACEMENT_3D('',#872,#873,#874);
#876=PLANE('',#875);
#877=ORIENTED_EDGE('',*,*,#861,.F.);
#878=CARTESIAN_POINT('',(-7.,-4.65,0.474337997));
#879=VERTEX_POINT('',#878);
#880=CARTESIAN_POINT('',(-7.,-4.65,-105.956620031));
#881=DIRECTION('',(0.,0.,1.));
#882=VECTOR('',#881,118.356620031);
#883=LINE('',#880,#882);
#884=EDGE_CURVE('',#879,#847,#883,.T.);
#885=ORIENTED_EDGE('',*,*,#884,.F.);
#886=CARTESIAN_POINT('',(-6.5,-4.65,0.474337997));
#887=VERTEX_POINT('',#886);
#888=CARTESIAN_POINT('',(-38.5,-4.65,0.474337997));
#889=DIRECTION('',(1.,0.,-0.));
#890=VECTOR('',#889,5.);
#891=LINE('',#888,#890);
#892=EDGE_CURVE('',#879,#887,#891,.T.);
#893=ORIENTED_EDGE('',*,*,#892,.T.);
#894=CARTESIAN_POINT('',(-6.5,-4.65,12.3));
#895=VERTEX_POINT('',#894);
#896=CARTESIAN_POINT('',(-6.5,-4.65,67.65));
#897=DIRECTION('',(0.,0.,-1.));
#898=VECTOR('',#897,118.256620031);
#899=LINE('',#896,#898);
#900=EDGE_CURVE('',#895,#887,#899,.T.);
#901=ORIENTED_EDGE('',*,*,#900,.F.);
#902=CARTESIAN_POINT('',(6.5,-4.65,12.3));
#903=VERTEX_POINT('',#902);
#904=CARTESIAN_POINT('',(65.,-4.65,12.3));
#905=DIRECTION('',(-1.,0.,0.));
#906=VECTOR('',#905,130.);
#907=LINE('',#904,#906);
#908=EDGE_CURVE('',#903,#895,#907,.T.);
#909=ORIENTED_EDGE('',*,*,#908,.F.);
#910=CARTESIAN_POINT('',(6.5,-4.65,0.474337997));
#911=VERTEX_POINT('',#910);
#912=CARTESIAN_POINT('',(6.5,-4.65,-50.606620031));
#913=DIRECTION('',(0.,0.,1.));
#914=VECTOR('',#913,118.256620031);
#915=LINE('',#912,#914);
#916=EDGE_CURVE('',#911,#903,#915,.T.);
#917=ORIENTED_EDGE('',*,*,#916,.F.);
#918=CARTESIAN_POINT('',(7.,-4.65,0.474337997));
#919=VERTEX_POINT('',#918);
#920=CARTESIAN_POINT('',(33.5,-4.65,0.474337997));
#921=DIRECTION('',(1.,0.,-0.));
#922=VECTOR('',#921,5.);
#923=LINE('',#920,#922);
#924=EDGE_CURVE('',#911,#919,#923,.T.);
#925=ORIENTED_EDGE('',*,*,#924,.T.);
#926=CARTESIAN_POINT('',(7.,-4.65,12.31));
#927=VERTEX_POINT('',#926);
#928=CARTESIAN_POINT('',(7.,-4.65,12.4));
#929=DIRECTION('',(0.,0.,-1.));
#930=VECTOR('',#929,118.356620031);
#931=LINE('',#928,#930);
#932=EDGE_CURVE('',#927,#919,#931,.T.);
#933=ORIENTED_EDGE('',*,*,#932,.F.);
#934=CARTESIAN_POINT('',(6.5,-4.65,12.81));
#935=VERTEX_POINT('',#934);
#936=CARTESIAN_POINT('',(6.5,-4.65,12.31));
#937=DIRECTION('',(-0.,1.,0.));
#938=DIRECTION('',(0.707106781,0.,0.707106781));
#939=AXIS2_PLACEMENT_3D('',#936,#937,#938);
#940=CIRCLE('',#939,0.5);
#941=EDGE_CURVE('',#935,#927,#940,.T.);
#942=ORIENTED_EDGE('',*,*,#941,.F.);
#943=CARTESIAN_POINT('',(128.,-4.65,12.81));
#944=DIRECTION('',(-1.,0.,0.));
#945=VECTOR('',#944,130.);
#946=LINE('',#943,#945);
#947=EDGE_CURVE('',#935,#855,#946,.T.);
#948=ORIENTED_EDGE('',*,*,#947,.T.);
#949=EDGE_LOOP('',(#877,#885,#893,#901,#909,#917,#925,#933,#942,#948));
#950=FACE_BOUND('',#949,.T.);
#951=ADVANCED_FACE('',(#950),#876,.T.);
#952=OVER_RIDING_STYLED_ITEM('',(#74),#951,#26);
#953=CARTESIAN_POINT('',(-7.,0.575,12.3));
#954=DIRECTION('',(-1.,0.,0.));
#955=DIRECTION('',(0.,-1.,0.));
#956=AXIS2_PLACEMENT_3D('',#953,#954,#955);
#957=PLANE('',#956);
#958=ORIENTED_EDGE('',*,*,#852,.F.);
#959=CARTESIAN_POINT('',(-7.,5.8,0.474337997));
#960=VERTEX_POINT('',#959);
#961=CARTESIAN_POINT('',(-7.,5.8,12.4));
#962=DIRECTION('',(0.,0.,-1.));
#963=VECTOR('',#962,118.356620031);
#964=LINE('',#961,#963);
#965=EDGE_CURVE('',#838,#960,#964,.T.);
#966=ORIENTED_EDGE('',*,*,#965,.T.);
#967=CARTESIAN_POINT('',(-7.,0.05,0.474337997));
#968=VERTEX_POINT('',#967);
#969=CARTESIAN_POINT('',(-7.,42.25,0.474337997));
#970=DIRECTION('',(0.,-1.,0.));
#971=VECTOR('',#970,57.5);
#972=LINE('',#969,#971);
#973=EDGE_CURVE('',#960,#968,#972,.T.);
#974=ORIENTED_EDGE('',*,*,#973,.T.);
#975=CARTESIAN_POINT('',(-7.,0.05,-2.49));
#976=VERTEX_POINT('',#975);
#977=CARTESIAN_POINT('',(-7.,0.05,-46.071380524));
#978=DIRECTION('',(0.,0.,-1.));
#979=VECTOR('',#978,29.643379969);
#980=LINE('',#977,#979);
#981=EDGE_CURVE('',#968,#976,#980,.T.);
#982=ORIENTED_EDGE('',*,*,#981,.T.);
#983=CARTESIAN_POINT('',(-7.,-1.95,-2.49));
#984=VERTEX_POINT('',#983);
#985=CARTESIAN_POINT('',(-7.,-0.95,-2.49));
#986=DIRECTION('',(-1.,0.,0.));
#987=DIRECTION('',(0.,0.,-1.));
#988=AXIS2_PLACEMENT_3D('',#985,#986,#987);
#989=CIRCLE('',#988,1.);
#990=EDGE_CURVE('',#976,#984,#989,.T.);
#991=ORIENTED_EDGE('',*,*,#990,.T.);
#992=CARTESIAN_POINT('',(-7.,-1.95,0.474337997));
#993=VERTEX_POINT('',#992);
#994=CARTESIAN_POINT('',(-7.,-1.95,-75.714760493));
#995=DIRECTION('',(0.,0.,1.));
#996=VECTOR('',#995,29.643379969);
#997=LINE('',#994,#996);
#998=EDGE_CURVE('',#984,#993,#997,.T.);
#999=ORIENTED_EDGE('',*,*,#998,.T.);
#1000=CARTESIAN_POINT('',(-7.,-7.2375,0.474337997));
#1001=DIRECTION('',(0.,-1.,0.));
#1002=VECTOR('',#1001,27.);
#1003=LINE('',#1000,#1002);
#1004=EDGE_CURVE('',#993,#879,#1003,.T.);
#1005=ORIENTED_EDGE('',*,*,#1004,.T.);
#1006=ORIENTED_EDGE('',*,*,#884,.T.);
#1007=EDGE_LOOP('',(#958,#966,#974,#982,#991,#999,#1005,#1006));
#1008=FACE_BOUND('',#1007,.T.);
#1009=ADVANCED_FACE('',(#1008),#957,.T.);
#1010=OVER_RIDING_STYLED_ITEM('',(#74),#1009,#26);
#1011=CARTESIAN_POINT('',(0.,6.05,12.31));
#1012=DIRECTION('',(1.,0.,-0.));
#1013=DIRECTION('',(0.,0.707106781,0.707106781));
#1014=AXIS2_PLACEMENT_3D('',#1011,#1012,#1013);
#1015=CYLINDRICAL_SURFACE('',#1014,0.5);
#1016=CARTESIAN_POINT('',(6.,6.05,12.81));
#1017=VERTEX_POINT('',#1016);
#1018=CARTESIAN_POINT('',(6.,6.55,12.31));
#1019=VERTEX_POINT('',#1018);
#1020=CARTESIAN_POINT('',(6.,6.05,12.31));
#1021=DIRECTION('',(-1.,0.,0.));
#1022=DIRECTION('',(0.,0.707106781,0.707106781));
#1023=AXIS2_PLACEMENT_3D('',#1020,#1021,#1022);
#1024=CIRCLE('',#1023,0.5);
#1025=EDGE_CURVE('',#1017,#1019,#1024,.T.);
#1026=ORIENTED_EDGE('',*,*,#1025,.T.);
#1027=CARTESIAN_POINT('',(-6.,6.55,12.31));
#1028=VERTEX_POINT('',#1027);
#1029=CARTESIAN_POINT('',(60.,6.55,12.31));
#1030=DIRECTION('',(-1.,0.,0.));
#1031=VECTOR('',#1030,120.);
#1032=LINE('',#1029,#1031);
#1033=EDGE_CURVE('',#1019,#1028,#1032,.T.);
#1034=ORIENTED_EDGE('',*,*,#1033,.T.);
#1035=CARTESIAN_POINT('',(-6.,6.05,12.81));
#1036=VERTEX_POINT('',#1035);
#1037=CARTESIAN_POINT('',(-6.,6.05,12.31));
#1038=DIRECTION('',(1.,0.,-0.));
#1039=DIRECTION('',(0.,0.707106781,0.707106781));
#1040=AXIS2_PLACEMENT_3D('',#1037,#1038,#1039);
#1041=CIRCLE('',#1040,0.5);
#1042=EDGE_CURVE('',#1028,#1036,#1041,.T.);
#1043=ORIENTED_EDGE('',*,*,#1042,.T.);
#1044=CARTESIAN_POINT('',(-60.,6.05,12.81));
#1045=DIRECTION('',(1.,0.,-0.));
#1046=VECTOR('',#1045,120.);
#1047=LINE('',#1044,#1046);
#1048=EDGE_CURVE('',#1036,#1017,#1047,.T.);
#1049=ORIENTED_EDGE('',*,*,#1048,.T.);
#1050=EDGE_LOOP('',(#1026,#1034,#1043,#1049));
#1051=FACE_BOUND('',#1050,.T.);
#1052=ADVANCED_FACE('',(#1051),#1015,.T.);
#1053=CARTESIAN_POINT('',(-6.,6.175,12.3));
#1054=DIRECTION('',(-1.,0.,0.));
#1055=DIRECTION('',(0.,-1.,0.));
#1056=AXIS2_PLACEMENT_3D('',#1053,#1054,#1055);
#1057=PLANE('',#1056);
#1058=ORIENTED_EDGE('',*,*,#1042,.F.);
#1059=CARTESIAN_POINT('',(-6.,6.55,4.936563253));
#1060=VERTEX_POINT('',#1059);
#1061=CARTESIAN_POINT('',(-6.,6.55,12.4));
#1062=DIRECTION('',(0.,0.,-1.));
#1063=VECTOR('',#1062,73.734367471);
#1064=LINE('',#1061,#1063);
#1065=EDGE_CURVE('',#1028,#1060,#1064,.T.);
#1066=ORIENTED_EDGE('',*,*,#1065,.T.);
#1067=CARTESIAN_POINT('',(-6.,6.05,4.936563253));
#1068=VERTEX_POINT('',#1067);
#1069=CARTESIAN_POINT('',(-6.,7.9675,4.936563253));
#1070=DIRECTION('',(0.,-1.,0.));
#1071=VECTOR('',#1070,5.);
#1072=LINE('',#1069,#1071);
#1073=EDGE_CURVE('',#1060,#1068,#1072,.T.);
#1074=ORIENTED_EDGE('',*,*,#1073,.T.);
#1075=CARTESIAN_POINT('',(-6.,6.05,12.3));
#1076=VERTEX_POINT('',#1075);
#1077=CARTESIAN_POINT('',(-6.,6.05,12.3));
#1078=DIRECTION('',(0.,0.,-1.));
#1079=VECTOR('',#1078,73.634367471);
#1080=LINE('',#1077,#1079);
#1081=EDGE_CURVE('',#1076,#1068,#1080,.T.);
#1082=ORIENTED_EDGE('',*,*,#1081,.F.);
#1083=CARTESIAN_POINT('',(-6.,6.,12.3));
#1084=VERTEX_POINT('',#1083);
#1085=CARTESIAN_POINT('',(-6.,1.55,12.3));
#1086=DIRECTION('',(0.,-1.,0.));
#1087=VECTOR('',#1086,0.5);
#1088=LINE('',#1085,#1087);
#1089=EDGE_CURVE('',#1076,#1084,#1088,.T.);
#1090=ORIENTED_EDGE('',*,*,#1089,.T.);
#1091=CARTESIAN_POINT('',(-6.,5.8,12.3));
#1092=VERTEX_POINT('',#1091);
#1093=CARTESIAN_POINT('',(-6.,27.2875,12.3));
#1094=DIRECTION('',(0.,1.,0.));
#1095=VECTOR('',#1094,2.);
#1096=LINE('',#1093,#1095);
#1097=EDGE_CURVE('',#1092,#1084,#1096,.T.);
#1098=ORIENTED_EDGE('',*,*,#1097,.F.);
#1099=CARTESIAN_POINT('',(-6.,5.8,12.81));
#1100=VERTEX_POINT('',#1099);
#1101=CARTESIAN_POINT('',(-6.,5.8,12.3));
#1102=DIRECTION('',(0.,0.,1.));
#1103=VECTOR('',#1102,5.1);
#1104=LINE('',#1101,#1103);
#1105=EDGE_CURVE('',#1092,#1100,#1104,.T.);
#1106=ORIENTED_EDGE('',*,*,#1105,.T.);
#1107=CARTESIAN_POINT('',(-6.,-0.95,12.81));
#1108=DIRECTION('',(0.,1.,0.));
#1109=VECTOR('',#1108,2.5);
#1110=LINE('',#1107,#1109);
#1111=EDGE_CURVE('',#1100,#1036,#1110,.T.);
#1112=ORIENTED_EDGE('',*,*,#1111,.T.);
#1113=EDGE_LOOP('',(#1058,#1066,#1074,#1082,#1090,#1098,#1106,#1112));
#1114=FACE_BOUND('',#1113,.T.);
#1115=ADVANCED_FACE('',(#1114),#1057,.T.);
#1116=OVER_RIDING_STYLED_ITEM('',(#74),#1115,#26);
#1117=CARTESIAN_POINT('',(0.,6.55,12.3));
#1118=DIRECTION('',(0.,1.,0.));
#1119=DIRECTION('',(-1.,0.,0.));
#1120=AXIS2_PLACEMENT_3D('',#1117,#1118,#1119);
#1121=PLANE('',#1120);
#1122=ORIENTED_EDGE('',*,*,#1033,.F.);
#1123=CARTESIAN_POINT('',(6.,6.55,4.936563253));
#1124=VERTEX_POINT('',#1123);
#1125=CARTESIAN_POINT('',(6.,6.55,12.4));
#1126=DIRECTION('',(0.,0.,-1.));
#1127=VECTOR('',#1126,73.734367471);
#1128=LINE('',#1125,#1127);
#1129=EDGE_CURVE('',#1019,#1124,#1128,.T.);
#1130=ORIENTED_EDGE('',*,*,#1129,.T.);
#1131=CARTESIAN_POINT('',(4.,6.55,4.936563253));
#1132=VERTEX_POINT('',#1131);
#1133=CARTESIAN_POINT('',(37.0275,6.55,4.936563253));
#1134=DIRECTION('',(-1.,0.,0.));
#1135=VECTOR('',#1134,20.);
#1136=LINE('',#1133,#1135);
#1137=EDGE_CURVE('',#1124,#1132,#1136,.T.);
#1138=ORIENTED_EDGE('',*,*,#1137,.T.);
#1139=CARTESIAN_POINT('',(3.5,6.55,4.436563253));
#1140=VERTEX_POINT('',#1139);
#1141=CARTESIAN_POINT('',(4.,6.55,4.436563253));
#1142=DIRECTION('',(0.,-1.,0.));
#1143=DIRECTION('',(1.,0.,0.));
#1144=AXIS2_PLACEMENT_3D('',#1141,#1142,#1143);
#1145=CIRCLE('',#1144,0.5);
#1146=EDGE_CURVE('',#1132,#1140,#1145,.T.);
#1147=ORIENTED_EDGE('',*,*,#1146,.T.);
#1148=CARTESIAN_POINT('',(3.5,6.55,1.5));
#1149=VERTEX_POINT('',#1148);
#1150=CARTESIAN_POINT('',(3.5,6.55,-24.34163479));
#1151=DIRECTION('',(0.,0.,-1.));
#1152=VECTOR('',#1151,29.365632529);
#1153=LINE('',#1150,#1152);
#1154=EDGE_CURVE('',#1140,#1149,#1153,.T.);
#1155=ORIENTED_EDGE('',*,*,#1154,.T.);
#1156=CARTESIAN_POINT('',(2.5,6.55,0.5));
#1157=VERTEX_POINT('',#1156);
#1158=CARTESIAN_POINT('',(2.5,6.55,1.5));
#1159=DIRECTION('',(-0.,1.,0.));
#1160=DIRECTION('',(1.,0.,0.));
#1161=AXIS2_PLACEMENT_3D('',#1158,#1159,#1160);
#1162=CIRCLE('',#1161,1.);
#1163=EDGE_CURVE('',#1149,#1157,#1162,.T.);
#1164=ORIENTED_EDGE('',*,*,#1163,.T.);
#1165=CARTESIAN_POINT('',(-2.5,6.55,0.5));
#1166=VERTEX_POINT('',#1165);
#1167=CARTESIAN_POINT('',(25.,6.55,0.5));
#1168=DIRECTION('',(-1.,0.,-0.));
#1169=VECTOR('',#1168,50.);
#1170=LINE('',#1167,#1169);
#1171=EDGE_CURVE('',#1157,#1166,#1170,.T.);
#1172=ORIENTED_EDGE('',*,*,#1171,.T.);
#1173=CARTESIAN_POINT('',(-3.5,6.55,1.5));
#1174=VERTEX_POINT('',#1173);
#1175=CARTESIAN_POINT('',(-2.5,6.55,1.5));
#1176=DIRECTION('',(-0.,1.,0.));
#1177=DIRECTION('',(1.,0.,0.));
#1178=AXIS2_PLACEMENT_3D('',#1175,#1176,#1177);
#1179=CIRCLE('',#1178,1.);
#1180=EDGE_CURVE('',#1166,#1174,#1179,.T.);
#1181=ORIENTED_EDGE('',*,*,#1180,.T.);
#1182=CARTESIAN_POINT('',(-3.5,6.55,4.436563253));
#1183=VERTEX_POINT('',#1182);
#1184=CARTESIAN_POINT('',(-3.5,6.55,-53.707267319));
#1185=DIRECTION('',(0.,0.,1.));
#1186=VECTOR('',#1185,29.365632529);
#1187=LINE('',#1184,#1186);
#1188=EDGE_CURVE('',#1174,#1183,#1187,.T.);
#1189=ORIENTED_EDGE('',*,*,#1188,.T.);
#1190=CARTESIAN_POINT('',(-4.,6.55,4.936563253));
#1191=VERTEX_POINT('',#1190);
#1192=CARTESIAN_POINT('',(-4.,6.55,4.436563253));
#1193=DIRECTION('',(0.,-1.,0.));
#1194=DIRECTION('',(1.,0.,0.));
#1195=AXIS2_PLACEMENT_3D('',#1192,#1193,#1194);
#1196=CIRCLE('',#1195,0.5);
#1197=EDGE_CURVE('',#1183,#1191,#1196,.T.);
#1198=ORIENTED_EDGE('',*,*,#1197,.T.);
#1199=CARTESIAN_POINT('',(-17.0275,6.55,4.936563253));
#1200=DIRECTION('',(-1.,0.,0.));
#1201=VECTOR('',#1200,20.);
#1202=LINE('',#1199,#1201);
#1203=EDGE_CURVE('',#1191,#1060,#1202,.T.);
#1204=ORIENTED_EDGE('',*,*,#1203,.T.);
#1205=ORIENTED_EDGE('',*,*,#1065,.F.);
#1206=EDGE_LOOP('',(#1122,#1130,#1138,#1147,#1155,#1164,#1172,#1181,#1189,#1198,#1204,#1205));
#1207=FACE_BOUND('',#1206,.T.);
#1208=ADVANCED_FACE('',(#1207),#1121,.T.);
#1209=OVER_RIDING_STYLED_ITEM('',(#74),#1208,#26);
#1210=CARTESIAN_POINT('',(6.5,0.747619048,12.31));
#1211=DIRECTION('',(-0.,-1.,0.));
#1212=DIRECTION('',(0.707106781,0.,0.707106781));
#1213=AXIS2_PLACEMENT_3D('',#1210,#1211,#1212);
#1214=CYLINDRICAL_SURFACE('',#1213,0.5);
#1215=ORIENTED_EDGE('',*,*,#941,.T.);
#1216=CARTESIAN_POINT('',(7.,5.8,12.31));
#1217=VERTEX_POINT('',#1216);
#1218=CARTESIAN_POINT('',(7.,-53.228571429,12.31));
#1219=DIRECTION('',(0.,1.,-0.));
#1220=VECTOR('',#1219,104.5);
#1221=LINE('',#1218,#1220);
#1222=EDGE_CURVE('',#927,#1217,#1221,.T.);
#1223=ORIENTED_EDGE('',*,*,#1222,.T.);
#1224=CARTESIAN_POINT('',(6.5,5.8,12.81));
#1225=VERTEX_POINT('',#1224);
#1226=CARTESIAN_POINT('',(6.5,5.8,12.31));
#1227=DIRECTION('',(0.,-1.,0.));
#1228=DIRECTION('',(0.707106781,0.,0.707106781));
#1229=AXIS2_PLACEMENT_3D('',#1226,#1227,#1228);
#1230=CIRCLE('',#1229,0.5);
#1231=EDGE_CURVE('',#1217,#1225,#1230,.T.);
#1232=ORIENTED_EDGE('',*,*,#1231,.T.);
#1233=CARTESIAN_POINT('',(6.5,51.271428571,12.81));
#1234=DIRECTION('',(0.,-1.,0.));
#1235=VECTOR('',#1234,104.5);
#1236=LINE('',#1233,#1235);
#1237=EDGE_CURVE('',#1225,#935,#1236,.T.);
#1238=ORIENTED_EDGE('',*,*,#1237,.T.);
#1239=EDGE_LOOP('',(#1215,#1223,#1232,#1238));
#1240=FACE_BOUND('',#1239,.T.);
#1241=ADVANCED_FACE('',(#1240),#1214,.T.);
#1242=CARTESIAN_POINT('',(6.5,5.8,12.3));
#1243=DIRECTION('',(0.,1.,0.));
#1244=DIRECTION('',(-1.,0.,0.));
#1245=AXIS2_PLACEMENT_3D('',#1242,#1243,#1244);
#1246=PLANE('',#1245);
#1247=ORIENTED_EDGE('',*,*,#1231,.F.);
#1248=CARTESIAN_POINT('',(7.,5.8,0.474337997));
#1249=VERTEX_POINT('',#1248);
#1250=CARTESIAN_POINT('',(7.,5.8,12.4));
#1251=DIRECTION('',(0.,0.,-1.));
#1252=VECTOR('',#1251,118.356620031);
#1253=LINE('',#1250,#1252);
#1254=EDGE_CURVE('',#1217,#1249,#1253,.T.);
#1255=ORIENTED_EDGE('',*,*,#1254,.T.);
#1256=CARTESIAN_POINT('',(6.5,5.8,0.474337997));
#1257=VERTEX_POINT('',#1256);
#1258=CARTESIAN_POINT('',(9.25,5.8,0.474337997));
#1259=DIRECTION('',(-1.,0.,0.));
#1260=VECTOR('',#1259,5.);
#1261=LINE('',#1258,#1260);
#1262=EDGE_CURVE('',#1249,#1257,#1261,.T.);
#1263=ORIENTED_EDGE('',*,*,#1262,.T.);
#1264=CARTESIAN_POINT('',(6.5,5.8,12.3));
#1265=VERTEX_POINT('',#1264);
#1266=CARTESIAN_POINT('',(6.5,5.8,67.65));
#1267=DIRECTION('',(0.,0.,-1.));
#1268=VECTOR('',#1267,118.256620031);
#1269=LINE('',#1266,#1268);
#1270=EDGE_CURVE('',#1265,#1257,#1269,.T.);
#1271=ORIENTED_EDGE('',*,*,#1270,.F.);
#1272=CARTESIAN_POINT('',(6.,5.8,12.3));
#1273=VERTEX_POINT('',#1272);
#1274=CARTESIAN_POINT('',(30.75,5.8,12.3));
#1275=DIRECTION('',(1.,0.,-0.));
#1276=VECTOR('',#1275,5.);
#1277=LINE('',#1274,#1276);
#1278=EDGE_CURVE('',#1273,#1265,#1277,.T.);
#1279=ORIENTED_EDGE('',*,*,#1278,.F.);
#1280=CARTESIAN_POINT('',(6.,5.8,12.81));
#1281=VERTEX_POINT('',#1280);
#1282=CARTESIAN_POINT('',(6.,5.8,12.3));
#1283=DIRECTION('',(0.,0.,1.));
#1284=VECTOR('',#1283,5.1);
#1285=LINE('',#1282,#1284);
#1286=EDGE_CURVE('',#1273,#1281,#1285,.T.);
#1287=ORIENTED_EDGE('',*,*,#1286,.T.);
#1288=CARTESIAN_POINT('',(-3.,5.8,12.81));
#1289=DIRECTION('',(1.,0.,-0.));
#1290=VECTOR('',#1289,5.);
#1291=LINE('',#1288,#1290);
#1292=EDGE_CURVE('',#1281,#1225,#1291,.T.);
#1293=ORIENTED_EDGE('',*,*,#1292,.T.);
#1294=EDGE_LOOP('',(#1247,#1255,#1263,#1271,#1279,#1287,#1293));
#1295=FACE_BOUND('',#1294,.T.);
#1296=ADVANCED_FACE('',(#1295),#1246,.T.);
#1297=OVER_RIDING_STYLED_ITEM('',(#74),#1296,#26);
#1298=CARTESIAN_POINT('',(7.,0.575,12.3));
#1299=DIRECTION('',(1.,0.,0.));
#1300=DIRECTION('',(0.,1.,0.));
#1301=AXIS2_PLACEMENT_3D('',#1298,#1299,#1300);
#1302=PLANE('',#1301);
#1303=ORIENTED_EDGE('',*,*,#1222,.F.);
#1304=ORIENTED_EDGE('',*,*,#932,.T.);
#1305=CARTESIAN_POINT('',(7.,-1.95,0.474337997));
#1306=VERTEX_POINT('',#1305);
#1307=CARTESIAN_POINT('',(7.,-34.2375,0.474337997));
#1308=DIRECTION('',(0.,1.,0.));
#1309=VECTOR('',#1308,27.);
#1310=LINE('',#1307,#1309);
#1311=EDGE_CURVE('',#919,#1306,#1310,.T.);
#1312=ORIENTED_EDGE('',*,*,#1311,.T.);
#1313=CARTESIAN_POINT('',(7.,-1.95,-2.49));
#1314=VERTEX_POINT('',#1313);
#1315=CARTESIAN_POINT('',(7.,-1.95,-46.071380524));
#1316=DIRECTION('',(0.,0.,-1.));
#1317=VECTOR('',#1316,29.643379969);
#1318=LINE('',#1315,#1317);
#1319=EDGE_CURVE('',#1306,#1314,#1318,.T.);
#1320=ORIENTED_EDGE('',*,*,#1319,.T.);
#1321=CARTESIAN_POINT('',(7.,0.05,-2.49));
#1322=VERTEX_POINT('',#1321);
#1323=CARTESIAN_POINT('',(7.,-0.95,-2.49));
#1324=DIRECTION('',(1.,0.,0.));
#1325=DIRECTION('',(0.,0.,-1.));
#1326=AXIS2_PLACEMENT_3D('',#1323,#1324,#1325);
#1327=CIRCLE('',#1326,1.);
#1328=EDGE_CURVE('',#1314,#1322,#1327,.T.);
#1329=ORIENTED_EDGE('',*,*,#1328,.T.);
#1330=CARTESIAN_POINT('',(7.,0.05,0.474337997));
#1331=VERTEX_POINT('',#1330);
#1332=CARTESIAN_POINT('',(7.,0.05,-75.714760493));
#1333=DIRECTION('',(0.,-0.,1.));
#1334=VECTOR('',#1333,29.643379969);
#1335=LINE('',#1332,#1334);
#1336=EDGE_CURVE('',#1322,#1331,#1335,.T.);
#1337=ORIENTED_EDGE('',*,*,#1336,.T.);
#1338=CARTESIAN_POINT('',(7.,-15.25,0.474337997));
#1339=DIRECTION('',(0.,1.,0.));
#1340=VECTOR('',#1339,57.5);
#1341=LINE('',#1338,#1340);
#1342=EDGE_CURVE('',#1331,#1249,#1341,.T.);
#1343=ORIENTED_EDGE('',*,*,#1342,.T.);
#1344=ORIENTED_EDGE('',*,*,#1254,.F.);
#1345=EDGE_LOOP('',(#1303,#1304,#1312,#1320,#1329,#1337,#1343,#1344));
#1346=FACE_BOUND('',#1345,.T.);
#1347=ADVANCED_FACE('',(#1346),#1302,.T.);
#1348=OVER_RIDING_STYLED_ITEM('',(#74),#1347,#26);
#1349=CARTESIAN_POINT('',(-7.,-1.95,-1.007831002));
#1350=DIRECTION('',(0.,1.,0.));
#1351=DIRECTION('',(0.,0.,1.));
#1352=AXIS2_PLACEMENT_3D('',#1349,#1350,#1351);
#1353=PLANE('',#1352);
#1354=CARTESIAN_POINT('',(-6.5,-1.95,0.474337997));
#1355=VERTEX_POINT('',#1354);
#1356=CARTESIAN_POINT('',(-6.5,-1.95,9.278619476));
#1357=DIRECTION('',(0.,0.,-1.));
#1358=VECTOR('',#1357,4.743379969);
#1359=LINE('',#1356,#1358);
#1360=EDGE_CURVE('',#1355,#750,#1359,.T.);
#1361=ORIENTED_EDGE('',*,*,#1360,.F.);
#1362=CARTESIAN_POINT('',(-7.,-1.95,0.474337997));
#1363=DIRECTION('',(1.,0.,-0.));
#1364=VECTOR('',#1363,5.);
#1365=LINE('',#1362,#1364);
#1366=EDGE_CURVE('',#993,#1355,#1365,.T.);
#1367=ORIENTED_EDGE('',*,*,#1366,.F.);
#1368=ORIENTED_EDGE('',*,*,#998,.F.);
#1369=CARTESIAN_POINT('',(-6.5,-1.95,-2.49));
#1370=VERTEX_POINT('',#1369);
#1371=CARTESIAN_POINT('',(-7.,-1.95,-2.49));
#1372=DIRECTION('',(1.,0.,-0.));
#1373=VECTOR('',#1372,5.);
#1374=LINE('',#1371,#1373);
#1375=EDGE_CURVE('',#984,#1370,#1374,.T.);
#1376=ORIENTED_EDGE('',*,*,#1375,.T.);
#1377=CARTESIAN_POINT('',(-6.5,-1.95,-50.814760493));
#1378=DIRECTION('',(0.,0.,-1.));
#1379=VECTOR('',#1378,24.9);
#1380=LINE('',#1377,#1379);
#1381=EDGE_CURVE('',#750,#1370,#1380,.T.);
#1382=ORIENTED_EDGE('',*,*,#1381,.F.);
#1383=EDGE_LOOP('',(#1361,#1367,#1368,#1376,#1382));
#1384=FACE_BOUND('',#1383,.T.);
#1385=ADVANCED_FACE('',(#1384),#1353,.F.);
#1386=CARTESIAN_POINT('',(-7.,-0.95,-2.49));
#1387=DIRECTION('',(1.,0.,0.));
#1388=DIRECTION('',(0.,0.,-1.));
#1389=AXIS2_PLACEMENT_3D('',#1386,#1387,#1388);
#1390=CYLINDRICAL_SURFACE('',#1389,1.);
#1391=CARTESIAN_POINT('',(-6.5,0.05,-2.49));
#1392=VERTEX_POINT('',#1391);
#1393=CARTESIAN_POINT('',(-6.5,-0.95,-2.49));
#1394=DIRECTION('',(1.,0.,0.));
#1395=DIRECTION('',(0.,0.,-1.));
#1396=AXIS2_PLACEMENT_3D('',#1393,#1394,#1395);
#1397=CIRCLE('',#1396,1.);
#1398=EDGE_CURVE('',#1370,#1392,#1397,.T.);
#1399=ORIENTED_EDGE('',*,*,#1398,.F.);
#1400=ORIENTED_EDGE('',*,*,#1375,.F.);
#1401=ORIENTED_EDGE('',*,*,#990,.F.);
#1402=CARTESIAN_POINT('',(-7.,0.05,-2.49));
#1403=DIRECTION('',(1.,0.,-0.));
#1404=VECTOR('',#1403,5.);
#1405=LINE('',#1402,#1404);
#1406=EDGE_CURVE('',#976,#1392,#1405,.T.);
#1407=ORIENTED_EDGE('',*,*,#1406,.T.);
#1408=EDGE_LOOP('',(#1399,#1400,#1401,#1407));
#1409=FACE_BOUND('',#1408,.T.);
#1410=ADVANCED_FACE('',(#1409),#1390,.T.);
#1411=CARTESIAN_POINT('',(-7.,0.05,-1.007831002));
#1412=DIRECTION('',(0.,-1.,-0.));
#1413=DIRECTION('',(0.,0.,-1.));
#1414=AXIS2_PLACEMENT_3D('',#1411,#1412,#1413);
#1415=PLANE('',#1414);
#1416=CARTESIAN_POINT('',(-6.5,0.05,-75.714760493));
#1417=DIRECTION('',(0.,-0.,1.));
#1418=VECTOR('',#1417,24.9);
#1419=LINE('',#1416,#1418);
#1420=EDGE_CURVE('',#1392,#758,#1419,.T.);
#1421=ORIENTED_EDGE('',*,*,#1420,.F.);
#1422=ORIENTED_EDGE('',*,*,#1406,.F.);
#1423=ORIENTED_EDGE('',*,*,#981,.F.);
#1424=CARTESIAN_POINT('',(-6.5,0.05,0.474337997));
#1425=VERTEX_POINT('',#1424);
#1426=CARTESIAN_POINT('',(-7.,0.05,0.474337997));
#1427=DIRECTION('',(1.,0.,-0.));
#1428=VECTOR('',#1427,5.);
#1429=LINE('',#1426,#1428);
#1430=EDGE_CURVE('',#968,#1425,#1429,.T.);
#1431=ORIENTED_EDGE('',*,*,#1430,.T.);
#1432=CARTESIAN_POINT('',(-6.5,0.05,4.535239507));
#1433=DIRECTION('',(0.,-0.,1.));
#1434=VECTOR('',#1433,4.743379969);
#1435=LINE('',#1432,#1434);
#1436=EDGE_CURVE('',#758,#1425,#1435,.T.);
#1437=ORIENTED_EDGE('',*,*,#1436,.F.);
#1438=EDGE_LOOP('',(#1421,#1422,#1423,#1431,#1437));
#1439=FACE_BOUND('',#1438,.T.);
#1440=ADVANCED_FACE('',(#1439),#1415,.F.);
#1441=CARTESIAN_POINT('',(-7.,2.925,0.474337997));
#1442=DIRECTION('',(0.,0.,1.));
#1443=DIRECTION('',(0.,-1.,0.));
#1444=AXIS2_PLACEMENT_3D('',#1441,#1442,#1443);
#1445=PLANE('',#1444);
#1446=CARTESIAN_POINT('',(-6.5,5.8,0.474337997));
#1447=VERTEX_POINT('',#1446);
#1448=CARTESIAN_POINT('',(-6.5,-12.6625,0.474337997));
#1449=DIRECTION('',(0.,1.,0.));
#1450=VECTOR('',#1449,57.5);
#1451=LINE('',#1448,#1450);
#1452=EDGE_CURVE('',#1425,#1447,#1451,.T.);
#1453=ORIENTED_EDGE('',*,*,#1452,.F.);
#1454=ORIENTED_EDGE('',*,*,#1430,.F.);
#1455=ORIENTED_EDGE('',*,*,#973,.F.);
#1456=CARTESIAN_POINT('',(-4.25,5.8,0.474337997));
#1457=DIRECTION('',(-1.,0.,0.));
#1458=VECTOR('',#1457,5.);
#1459=LINE('',#1456,#1458);
#1460=EDGE_CURVE('',#1447,#960,#1459,.T.);
#1461=ORIENTED_EDGE('',*,*,#1460,.F.);
#1462=EDGE_LOOP('',(#1453,#1454,#1455,#1461));
#1463=FACE_BOUND('',#1462,.T.);
#1464=ADVANCED_FACE('',(#1463),#1445,.F.);
#1465=CARTESIAN_POINT('',(-7.,-3.3,0.474337997));
#1466=DIRECTION('',(0.,0.,1.));
#1467=DIRECTION('',(0.,-1.,0.));
#1468=AXIS2_PLACEMENT_3D('',#1465,#1466,#1467);
#1469=PLANE('',#1468);
#1470=CARTESIAN_POINT('',(-6.5,-31.65,0.474337997));
#1471=DIRECTION('',(0.,1.,0.));
#1472=VECTOR('',#1471,27.);
#1473=LINE('',#1470,#1472);
#1474=EDGE_CURVE('',#887,#1355,#1473,.T.);
#1475=ORIENTED_EDGE('',*,*,#1474,.F.);
#1476=ORIENTED_EDGE('',*,*,#892,.F.);
#1477=ORIENTED_EDGE('',*,*,#1004,.F.);
#1478=ORIENTED_EDGE('',*,*,#1366,.T.);
#1479=EDGE_LOOP('',(#1475,#1476,#1477,#1478));
#1480=FACE_BOUND('',#1479,.T.);
#1481=ADVANCED_FACE('',(#1480),#1469,.F.);
#1482=CARTESIAN_POINT('',(-6.5,0.575,12.3));
#1483=DIRECTION('',(1.,0.,0.));
#1484=DIRECTION('',(0.,-1.,0.));
#1485=AXIS2_PLACEMENT_3D('',#1482,#1483,#1484);
#1486=PLANE('',#1485);
#1487=ORIENTED_EDGE('',*,*,#1381,.T.);
#1488=ORIENTED_EDGE('',*,*,#1398,.T.);
#1489=ORIENTED_EDGE('',*,*,#1420,.T.);
#1490=ORIENTED_EDGE('',*,*,#763,.T.);
#1491=EDGE_LOOP('',(#1487,#1488,#1489,#1490));
#1492=FACE_BOUND('',#1491,.T.);
#1493=ADVANCED_FACE('',(#1492),#1486,.T.);
#1494=CARTESIAN_POINT('',(7.,2.925,0.474337997));
#1495=DIRECTION('',(0.,0.,1.));
#1496=DIRECTION('',(0.,1.,0.));
#1497=AXIS2_PLACEMENT_3D('',#1494,#1495,#1496);
#1498=PLANE('',#1497);
#1499=CARTESIAN_POINT('',(6.5,0.05,0.474337997));
#1500=VERTEX_POINT('',#1499);
#1501=CARTESIAN_POINT('',(6.5,42.25,0.474337997));
#1502=DIRECTION('',(0.,-1.,0.));
#1503=VECTOR('',#1502,57.5);
#1504=LINE('',#1501,#1503);
#1505=EDGE_CURVE('',#1257,#1500,#1504,.T.);
#1506=ORIENTED_EDGE('',*,*,#1505,.F.);
#1507=ORIENTED_EDGE('',*,*,#1262,.F.);
#1508=ORIENTED_EDGE('',*,*,#1342,.F.);
#1509=CARTESIAN_POINT('',(7.,0.05,0.474337997));
#1510=DIRECTION('',(-1.,0.,0.));
#1511=VECTOR('',#1510,5.);
#1512=LINE('',#1509,#1511);
#1513=EDGE_CURVE('',#1331,#1500,#1512,.T.);
#1514=ORIENTED_EDGE('',*,*,#1513,.T.);
#1515=EDGE_LOOP('',(#1506,#1507,#1508,#1514));
#1516=FACE_BOUND('',#1515,.T.);
#1517=ADVANCED_FACE('',(#1516),#1498,.F.);
#1518=CARTESIAN_POINT('',(7.,0.05,-1.007831002));
#1519=DIRECTION('',(0.,-1.,-0.));
#1520=DIRECTION('',(0.,-0.,1.));
#1521=AXIS2_PLACEMENT_3D('',#1518,#1519,#1520);
#1522=PLANE('',#1521);
#1523=CARTESIAN_POINT('',(6.5,0.05,-46.071380524));
#1524=DIRECTION('',(0.,0.,-1.));
#1525=VECTOR('',#1524,4.743379969);
#1526=LINE('',#1523,#1525);
#1527=EDGE_CURVE('',#1500,#782,#1526,.T.);
#1528=ORIENTED_EDGE('',*,*,#1527,.F.);
#1529=ORIENTED_EDGE('',*,*,#1513,.F.);
#1530=ORIENTED_EDGE('',*,*,#1336,.F.);
#1531=CARTESIAN_POINT('',(6.5,0.05,-2.49));
#1532=VERTEX_POINT('',#1531);
#1533=CARTESIAN_POINT('',(7.,0.05,-2.49));
#1534=DIRECTION('',(-1.,0.,0.));
#1535=VECTOR('',#1534,5.);
#1536=LINE('',#1533,#1535);
#1537=EDGE_CURVE('',#1322,#1532,#1536,.T.);
#1538=ORIENTED_EDGE('',*,*,#1537,.T.);
#1539=CARTESIAN_POINT('',(6.5,0.05,-50.814760493));
#1540=DIRECTION('',(0.,0.,-1.));
#1541=VECTOR('',#1540,24.9);
#1542=LINE('',#1539,#1541);
#1543=EDGE_CURVE('',#782,#1532,#1542,.T.);
#1544=ORIENTED_EDGE('',*,*,#1543,.F.);
#1545=EDGE_LOOP('',(#1528,#1529,#1530,#1538,#1544));
#1546=FACE_BOUND('',#1545,.T.);
#1547=ADVANCED_FACE('',(#1546),#1522,.F.);
#1548=CARTESIAN_POINT('',(7.,-0.95,-2.49));
#1549=DIRECTION('',(-1.,0.,0.));
#1550=DIRECTION('',(0.,0.,-1.));
#1551=AXIS2_PLACEMENT_3D('',#1548,#1549,#1550);
#1552=CYLINDRICAL_SURFACE('',#1551,1.);
#1553=CARTESIAN_POINT('',(6.5,-1.95,-2.49));
#1554=VERTEX_POINT('',#1553);
#1555=CARTESIAN_POINT('',(6.5,-0.95,-2.49));
#1556=DIRECTION('',(-1.,0.,0.));
#1557=DIRECTION('',(0.,0.,-1.));
#1558=AXIS2_PLACEMENT_3D('',#1555,#1556,#1557);
#1559=CIRCLE('',#1558,1.);
#1560=EDGE_CURVE('',#1532,#1554,#1559,.T.);
#1561=ORIENTED_EDGE('',*,*,#1560,.F.);
#1562=ORIENTED_EDGE('',*,*,#1537,.F.);
#1563=ORIENTED_EDGE('',*,*,#1328,.F.);
#1564=CARTESIAN_POINT('',(7.,-1.95,-2.49));
#1565=DIRECTION('',(-1.,0.,0.));
#1566=VECTOR('',#1565,5.);
#1567=LINE('',#1564,#1566);
#1568=EDGE_CURVE('',#1314,#1554,#1567,.T.);
#1569=ORIENTED_EDGE('',*,*,#1568,.T.);
#1570=EDGE_LOOP('',(#1561,#1562,#1563,#1569));
#1571=FACE_BOUND('',#1570,.T.);
#1572=ADVANCED_FACE('',(#1571),#1552,.T.);
#1573=CARTESIAN_POINT('',(7.,-1.95,-1.007831002));
#1574=DIRECTION('',(0.,1.,0.));
#1575=DIRECTION('',(0.,0.,-1.));
#1576=AXIS2_PLACEMENT_3D('',#1573,#1574,#1575);
#1577=PLANE('',#1576);
#1578=CARTESIAN_POINT('',(6.5,-1.95,-75.714760493));
#1579=DIRECTION('',(0.,0.,1.));
#1580=VECTOR('',#1579,24.9);
#1581=LINE('',#1578,#1580);
#1582=EDGE_CURVE('',#1554,#790,#1581,.T.);
#1583=ORIENTED_EDGE('',*,*,#1582,.F.);
#1584=ORIENTED_EDGE('',*,*,#1568,.F.);
#1585=ORIENTED_EDGE('',*,*,#1319,.F.);
#1586=CARTESIAN_POINT('',(6.5,-1.95,0.474337997));
#1587=VERTEX_POINT('',#1586);
#1588=CARTESIAN_POINT('',(7.,-1.95,0.474337997));
#1589=DIRECTION('',(-1.,0.,0.));
#1590=VECTOR('',#1589,5.);
#1591=LINE('',#1588,#1590);
#1592=EDGE_CURVE('',#1306,#1587,#1591,.T.);
#1593=ORIENTED_EDGE('',*,*,#1592,.T.);
#1594=CARTESIAN_POINT('',(6.5,-1.95,-50.814760493));
#1595=DIRECTION('',(0.,0.,1.));
#1596=VECTOR('',#1595,4.743379969);
#1597=LINE('',#1594,#1596);
#1598=EDGE_CURVE('',#790,#1587,#1597,.T.);
#1599=ORIENTED_EDGE('',*,*,#1598,.F.);
#1600=EDGE_LOOP('',(#1583,#1584,#1585,#1593,#1599));
#1601=FACE_BOUND('',#1600,.T.);
#1602=ADVANCED_FACE('',(#1601),#1577,.F.);
#1603=CARTESIAN_POINT('',(7.,-3.3,0.474337997));
#1604=DIRECTION('',(0.,0.,1.));
#1605=DIRECTION('',(0.,1.,0.));
#1606=AXIS2_PLACEMENT_3D('',#1603,#1604,#1605);
#1607=PLANE('',#1606);
#1608=CARTESIAN_POINT('',(6.5,-7.2375,0.474337997));
#1609=DIRECTION('',(0.,-1.,0.));
#1610=VECTOR('',#1609,27.);
#1611=LINE('',#1608,#1610);
#1612=EDGE_CURVE('',#1587,#911,#1611,.T.);
#1613=ORIENTED_EDGE('',*,*,#1612,.F.);
#1614=ORIENTED_EDGE('',*,*,#1592,.F.);
#1615=ORIENTED_EDGE('',*,*,#1311,.F.);
#1616=ORIENTED_EDGE('',*,*,#924,.F.);
#1617=EDGE_LOOP('',(#1613,#1614,#1615,#1616));
#1618=FACE_BOUND('',#1617,.T.);
#1619=ADVANCED_FACE('',(#1618),#1607,.F.);
#1620=CARTESIAN_POINT('',(4.,6.61,4.436563253));
#1621=DIRECTION('',(0.,-1.,0.));
#1622=DIRECTION('',(1.,0.,0.));
#1623=AXIS2_PLACEMENT_3D('',#1620,#1621,#1622);
#1624=CYLINDRICAL_SURFACE('',#1623,0.5);
#1625=ORIENTED_EDGE('',*,*,#1146,.F.);
#1626=CARTESIAN_POINT('',(4.,6.05,4.936563253));
#1627=VERTEX_POINT('',#1626);
#1628=CARTESIAN_POINT('',(4.,6.01,4.936563253));
#1629=DIRECTION('',(0.,-1.,0.));
#1630=VECTOR('',#1629,5.);
#1631=LINE('',#1628,#1630);
#1632=EDGE_CURVE('',#1132,#1627,#1631,.T.);
#1633=ORIENTED_EDGE('',*,*,#1632,.T.);
#1634=CARTESIAN_POINT('',(3.5,6.05,4.436563253));
#1635=VERTEX_POINT('',#1634);
#1636=CARTESIAN_POINT('',(4.,6.05,4.436563253));
#1637=DIRECTION('',(-0.,1.,0.));
#1638=DIRECTION('',(1.,0.,0.));
#1639=AXIS2_PLACEMENT_3D('',#1636,#1637,#1638);
#1640=CIRCLE('',#1639,0.5);
#1641=EDGE_CURVE('',#1635,#1627,#1640,.T.);
#1642=ORIENTED_EDGE('',*,*,#1641,.F.);
#1643=CARTESIAN_POINT('',(3.5,6.01,4.436563253));
#1644=DIRECTION('',(0.,-1.,0.));
#1645=VECTOR('',#1644,5.);
#1646=LINE('',#1643,#1645);
#1647=EDGE_CURVE('',#1140,#1635,#1646,.T.);
#1648=ORIENTED_EDGE('',*,*,#1647,.F.);
#1649=EDGE_LOOP('',(#1625,#1633,#1642,#1648));
#1650=FACE_BOUND('',#1649,.T.);
#1651=ADVANCED_FACE('',(#1650),#1624,.F.);
#1652=CARTESIAN_POINT('',(3.5,6.61,2.968281626));
#1653=DIRECTION('',(-1.,0.,0.));
#1654=DIRECTION('',(0.,0.,-1.));
#1655=AXIS2_PLACEMENT_3D('',#1652,#1653,#1654);
#1656=PLANE('',#1655);
#1657=ORIENTED_EDGE('',*,*,#1154,.F.);
#1658=ORIENTED_EDGE('',*,*,#1647,.T.);
#1659=CARTESIAN_POINT('',(3.5,6.05,1.5));
#1660=VERTEX_POINT('',#1659);
#1661=CARTESIAN_POINT('',(3.5,6.05,-53.707267319));
#1662=DIRECTION('',(0.,0.,1.));
#1663=VECTOR('',#1662,29.365632529);
#1664=LINE('',#1661,#1663);
#1665=EDGE_CURVE('',#1660,#1635,#1664,.T.);
#1666=ORIENTED_EDGE('',*,*,#1665,.F.);
#1667=CARTESIAN_POINT('',(3.5,6.01,1.5));
#1668=DIRECTION('',(0.,-1.,0.));
#1669=VECTOR('',#1668,5.);
#1670=LINE('',#1667,#1669);
#1671=EDGE_CURVE('',#1149,#1660,#1670,.T.);
#1672=ORIENTED_EDGE('',*,*,#1671,.F.);
#1673=EDGE_LOOP('',(#1657,#1658,#1666,#1672));
#1674=FACE_BOUND('',#1673,.T.);
#1675=ADVANCED_FACE('',(#1674),#1656,.F.);
#1676=CARTESIAN_POINT('',(2.5,6.61,1.5));
#1677=DIRECTION('',(0.,-1.,0.));
#1678=DIRECTION('',(1.,0.,0.));
#1679=AXIS2_PLACEMENT_3D('',#1676,#1677,#1678);
#1680=CYLINDRICAL_SURFACE('',#1679,1.);
#1681=ORIENTED_EDGE('',*,*,#1163,.F.);
#1682=ORIENTED_EDGE('',*,*,#1671,.T.);
#1683=CARTESIAN_POINT('',(2.5,6.05,0.5));
#1684=VERTEX_POINT('',#1683);
#1685=CARTESIAN_POINT('',(2.5,6.05,1.5));
#1686=DIRECTION('',(0.,-1.,0.));
#1687=DIRECTION('',(1.,0.,0.));
#1688=AXIS2_PLACEMENT_3D('',#1685,#1686,#1687);
#1689=CIRCLE('',#1688,1.);
#1690=EDGE_CURVE('',#1684,#1660,#1689,.T.);
#1691=ORIENTED_EDGE('',*,*,#1690,.F.);
#1692=CARTESIAN_POINT('',(2.5,6.01,0.5));
#1693=DIRECTION('',(0.,-1.,0.));
#1694=VECTOR('',#1693,5.);
#1695=LINE('',#1692,#1694);
#1696=EDGE_CURVE('',#1157,#1684,#1695,.T.);
#1697=ORIENTED_EDGE('',*,*,#1696,.F.);
#1698=EDGE_LOOP('',(#1681,#1682,#1691,#1697));
#1699=FACE_BOUND('',#1698,.T.);
#1700=ADVANCED_FACE('',(#1699),#1680,.T.);
#1701=CARTESIAN_POINT('',(0.,6.61,0.5));
#1702=DIRECTION('',(-0.,0.,1.));
#1703=DIRECTION('',(-1.,0.,-0.));
#1704=AXIS2_PLACEMENT_3D('',#1701,#1702,#1703);
#1705=PLANE('',#1704);
#1706=ORIENTED_EDGE('',*,*,#1171,.F.);
#1707=ORIENTED_EDGE('',*,*,#1696,.T.);
#1708=CARTESIAN_POINT('',(-2.5,6.05,0.5));
#1709=VERTEX_POINT('',#1708);
#1710=CARTESIAN_POINT('',(-25.,6.05,0.5));
#1711=DIRECTION('',(1.,0.,0.));
#1712=VECTOR('',#1711,50.);
#1713=LINE('',#1710,#1712);
#1714=EDGE_CURVE('',#1709,#1684,#1713,.T.);
#1715=ORIENTED_EDGE('',*,*,#1714,.F.);
#1716=CARTESIAN_POINT('',(-2.5,6.01,0.5));
#1717=DIRECTION('',(0.,-1.,0.));
#1718=VECTOR('',#1717,5.);
#1719=LINE('',#1716,#1718);
#1720=EDGE_CURVE('',#1166,#1709,#1719,.T.);
#1721=ORIENTED_EDGE('',*,*,#1720,.F.);
#1722=EDGE_LOOP('',(#1706,#1707,#1715,#1721));
#1723=FACE_BOUND('',#1722,.T.);
#1724=ADVANCED_FACE('',(#1723),#1705,.F.);
#1725=CARTESIAN_POINT('',(-2.5,6.61,1.5));
#1726=DIRECTION('',(0.,-1.,0.));
#1727=DIRECTION('',(1.,0.,0.));
#1728=AXIS2_PLACEMENT_3D('',#1725,#1726,#1727);
#1729=CYLINDRICAL_SURFACE('',#1728,1.);
#1730=ORIENTED_EDGE('',*,*,#1180,.F.);
#1731=ORIENTED_EDGE('',*,*,#1720,.T.);
#1732=CARTESIAN_POINT('',(-3.5,6.05,1.5));
#1733=VERTEX_POINT('',#1732);
#1734=CARTESIAN_POINT('',(-2.5,6.05,1.5));
#1735=DIRECTION('',(0.,-1.,0.));
#1736=DIRECTION('',(1.,0.,0.));
#1737=AXIS2_PLACEMENT_3D('',#1734,#1735,#1736);
#1738=CIRCLE('',#1737,1.);
#1739=EDGE_CURVE('',#1733,#1709,#1738,.T.);
#1740=ORIENTED_EDGE('',*,*,#1739,.F.);
#1741=CARTESIAN_POINT('',(-3.5,6.01,1.5));
#1742=DIRECTION('',(0.,-1.,0.));
#1743=VECTOR('',#1742,5.);
#1744=LINE('',#1741,#1743);
#1745=EDGE_CURVE('',#1174,#1733,#1744,.T.);
#1746=ORIENTED_EDGE('',*,*,#1745,.F.);
#1747=EDGE_LOOP('',(#1730,#1731,#1740,#1746));
#1748=FACE_BOUND('',#1747,.T.);
#1749=ADVANCED_FACE('',(#1748),#1729,.T.);
#1750=CARTESIAN_POINT('',(-3.5,6.61,2.968281626));
#1751=DIRECTION('',(1.,0.,0.));
#1752=DIRECTION('',(0.,0.,1.));
#1753=AXIS2_PLACEMENT_3D('',#1750,#1751,#1752);
#1754=PLANE('',#1753);
#1755=ORIENTED_EDGE('',*,*,#1188,.F.);
#1756=ORIENTED_EDGE('',*,*,#1745,.T.);
#1757=CARTESIAN_POINT('',(-3.5,6.05,4.436563253));
#1758=VERTEX_POINT('',#1757);
#1759=CARTESIAN_POINT('',(-3.5,6.05,-24.34163479));
#1760=DIRECTION('',(0.,0.,-1.));
#1761=VECTOR('',#1760,29.365632529);
#1762=LINE('',#1759,#1761);
#1763=EDGE_CURVE('',#1758,#1733,#1762,.T.);
#1764=ORIENTED_EDGE('',*,*,#1763,.F.);
#1765=CARTESIAN_POINT('',(-3.5,6.01,4.436563253));
#1766=DIRECTION('',(0.,-1.,0.));
#1767=VECTOR('',#1766,5.);
#1768=LINE('',#1765,#1767);
#1769=EDGE_CURVE('',#1183,#1758,#1768,.T.);
#1770=ORIENTED_EDGE('',*,*,#1769,.F.);
#1771=EDGE_LOOP('',(#1755,#1756,#1764,#1770));
#1772=FACE_BOUND('',#1771,.T.);
#1773=ADVANCED_FACE('',(#1772),#1754,.F.);
#1774=CARTESIAN_POINT('',(-5.105,6.61,4.936563253));
#1775=DIRECTION('',(0.,0.,1.));
#1776=DIRECTION('',(-1.,0.,0.));
#1777=AXIS2_PLACEMENT_3D('',#1774,#1775,#1776);
#1778=PLANE('',#1777);
#1779=ORIENTED_EDGE('',*,*,#1203,.F.);
#1780=CARTESIAN_POINT('',(-4.,6.05,4.936563253));
#1781=VERTEX_POINT('',#1780);
#1782=CARTESIAN_POINT('',(-4.,6.01,4.936563253));
#1783=DIRECTION('',(0.,-1.,0.));
#1784=VECTOR('',#1783,5.);
#1785=LINE('',#1782,#1784);
#1786=EDGE_CURVE('',#1191,#1781,#1785,.T.);
#1787=ORIENTED_EDGE('',*,*,#1786,.T.);
#1788=CARTESIAN_POINT('',(-37.0275,6.05,4.936563253));
#1789=DIRECTION('',(1.,0.,-0.));
#1790=VECTOR('',#1789,20.);
#1791=LINE('',#1788,#1790);
#1792=EDGE_CURVE('',#1068,#1781,#1791,.T.);
#1793=ORIENTED_EDGE('',*,*,#1792,.F.);
#1794=ORIENTED_EDGE('',*,*,#1073,.F.);
#1795=EDGE_LOOP('',(#1779,#1787,#1793,#1794));
#1796=FACE_BOUND('',#1795,.T.);
#1797=ADVANCED_FACE('',(#1796),#1778,.F.);
#1798=CARTESIAN_POINT('',(-4.,6.61,4.436563253));
#1799=DIRECTION('',(0.,-1.,0.));
#1800=DIRECTION('',(1.,0.,0.));
#1801=AXIS2_PLACEMENT_3D('',#1798,#1799,#1800);
#1802=CYLINDRICAL_SURFACE('',#1801,0.5);
#1803=ORIENTED_EDGE('',*,*,#1197,.F.);
#1804=ORIENTED_EDGE('',*,*,#1769,.T.);
#1805=CARTESIAN_POINT('',(-4.,6.05,4.436563253));
#1806=DIRECTION('',(-0.,1.,0.));
#1807=DIRECTION('',(1.,0.,0.));
#1808=AXIS2_PLACEMENT_3D('',#1805,#1806,#1807);
#1809=CIRCLE('',#1808,0.5);
#1810=EDGE_CURVE('',#1781,#1758,#1809,.T.);
#1811=ORIENTED_EDGE('',*,*,#1810,.F.);
#1812=ORIENTED_EDGE('',*,*,#1786,.F.);
#1813=EDGE_LOOP('',(#1803,#1804,#1811,#1812));
#1814=FACE_BOUND('',#1813,.T.);
#1815=ADVANCED_FACE('',(#1814),#1802,.F.);
#1816=CARTESIAN_POINT('',(5.105,6.61,4.936563253));
#1817=DIRECTION('',(0.,0.,1.));
#1818=DIRECTION('',(-1.,0.,0.));
#1819=AXIS2_PLACEMENT_3D('',#1816,#1817,#1818);
#1820=PLANE('',#1819);
#1821=ORIENTED_EDGE('',*,*,#1137,.F.);
#1822=CARTESIAN_POINT('',(6.,6.05,4.936563253));
#1823=VERTEX_POINT('',#1822);
#1824=CARTESIAN_POINT('',(6.,2.9675,4.936563253));
#1825=DIRECTION('',(0.,1.,0.));
#1826=VECTOR('',#1825,5.);
#1827=LINE('',#1824,#1826);
#1828=EDGE_CURVE('',#1823,#1124,#1827,.T.);
#1829=ORIENTED_EDGE('',*,*,#1828,.F.);
#1830=CARTESIAN_POINT('',(17.0275,6.05,4.936563253));
#1831=DIRECTION('',(1.,0.,-0.));
#1832=VECTOR('',#1831,20.);
#1833=LINE('',#1830,#1832);
#1834=EDGE_CURVE('',#1627,#1823,#1833,.T.);
#1835=ORIENTED_EDGE('',*,*,#1834,.F.);
#1836=ORIENTED_EDGE('',*,*,#1632,.F.);
#1837=EDGE_LOOP('',(#1821,#1829,#1835,#1836));
#1838=FACE_BOUND('',#1837,.T.);
#1839=ADVANCED_FACE('',(#1838),#1820,.F.);
#1840=CARTESIAN_POINT('',(6.5,0.575,12.3));
#1841=DIRECTION('',(-1.,0.,0.));
#1842=DIRECTION('',(0.,1.,0.));
#1843=AXIS2_PLACEMENT_3D('',#1840,#1841,#1842);
#1844=PLANE('',#1843);
#1845=ORIENTED_EDGE('',*,*,#1582,.T.);
#1846=ORIENTED_EDGE('',*,*,#795,.T.);
#1847=ORIENTED_EDGE('',*,*,#1543,.T.);
#1848=ORIENTED_EDGE('',*,*,#1560,.T.);
#1849=EDGE_LOOP('',(#1845,#1846,#1847,#1848));
#1850=FACE_BOUND('',#1849,.T.);
#1851=ADVANCED_FACE('',(#1850),#1844,.T.);
#1852=CARTESIAN_POINT('',(0.,6.05,12.3));
#1853=DIRECTION('',(0.,-1.,0.));
#1854=DIRECTION('',(-1.,0.,0.));
#1855=AXIS2_PLACEMENT_3D('',#1852,#1853,#1854);
#1856=PLANE('',#1855);
#1857=ORIENTED_EDGE('',*,*,#1834,.T.);
#1858=CARTESIAN_POINT('',(6.,6.05,12.3));
#1859=VERTEX_POINT('',#1858);
#1860=CARTESIAN_POINT('',(6.,6.05,12.3));
#1861=DIRECTION('',(0.,0.,-1.));
#1862=VECTOR('',#1861,73.634367471);
#1863=LINE('',#1860,#1862);
#1864=EDGE_CURVE('',#1859,#1823,#1863,.T.);
#1865=ORIENTED_EDGE('',*,*,#1864,.F.);
#1866=CARTESIAN_POINT('',(-60.,6.05,12.3));
#1867=DIRECTION('',(1.,0.,-0.));
#1868=VECTOR('',#1867,120.);
#1869=LINE('',#1866,#1868);
#1870=EDGE_CURVE('',#1076,#1859,#1869,.T.);
#1871=ORIENTED_EDGE('',*,*,#1870,.F.);
#1872=ORIENTED_EDGE('',*,*,#1081,.T.);
#1873=ORIENTED_EDGE('',*,*,#1792,.T.);
#1874=ORIENTED_EDGE('',*,*,#1810,.T.);
#1875=ORIENTED_EDGE('',*,*,#1763,.T.);
#1876=ORIENTED_EDGE('',*,*,#1739,.T.);
#1877=ORIENTED_EDGE('',*,*,#1714,.T.);
#1878=ORIENTED_EDGE('',*,*,#1690,.T.);
#1879=ORIENTED_EDGE('',*,*,#1665,.T.);
#1880=ORIENTED_EDGE('',*,*,#1641,.T.);
#1881=EDGE_LOOP('',(#1857,#1865,#1871,#1872,#1873,#1874,#1875,#1876,#1877,#1878,#1879,#1880));
#1882=FACE_BOUND('',#1881,.T.);
#1883=ADVANCED_FACE('',(#1882),#1856,.T.);
#1884=CARTESIAN_POINT('',(-6.5,0.65,0.));
#1885=DIRECTION('',(-1.,0.,0.));
#1886=DIRECTION('',(0.,-1.,0.));
#1887=AXIS2_PLACEMENT_3D('',#1884,#1885,#1886);
#1888=PLANE('',#1887);
#1889=ORIENTED_EDGE('',*,*,#900,.T.);
#1890=ORIENTED_EDGE('',*,*,#1474,.T.);
#1891=ORIENTED_EDGE('',*,*,#1360,.T.);
#1892=ORIENTED_EDGE('',*,*,#755,.T.);
#1893=CARTESIAN_POINT('',(-6.5,-4.7,12.3));
#1894=VERTEX_POINT('',#1893);
#1895=CARTESIAN_POINT('',(-6.5,-4.7,0.));
#1896=DIRECTION('',(0.,0.,1.));
#1897=VECTOR('',#1896,123.);
#1898=LINE('',#1895,#1897);
#1899=EDGE_CURVE('',#742,#1894,#1898,.T.);
#1900=ORIENTED_EDGE('',*,*,#1899,.T.);
#1901=CARTESIAN_POINT('',(-6.5,-52.85,12.3));
#1902=DIRECTION('',(0.,1.,0.));
#1903=VECTOR('',#1902,0.5);
#1904=LINE('',#1901,#1903);
#1905=EDGE_CURVE('',#1894,#895,#1904,.T.);
#1906=ORIENTED_EDGE('',*,*,#1905,.T.);
#1907=EDGE_LOOP('',(#1889,#1890,#1891,#1892,#1900,#1906));
#1908=FACE_BOUND('',#1907,.T.);
#1909=ADVANCED_FACE('',(#1908),#1888,.T.);
#1910=OVER_RIDING_STYLED_ITEM('',(#828),#1909,#26);
#1911=CARTESIAN_POINT('',(-6.5,0.65,0.));
#1912=DIRECTION('',(-1.,0.,0.));
#1913=DIRECTION('',(0.,-1.,0.));
#1914=AXIS2_PLACEMENT_3D('',#1911,#1912,#1913);
#1915=PLANE('',#1914);
#1916=ORIENTED_EDGE('',*,*,#771,.T.);
#1917=ORIENTED_EDGE('',*,*,#1436,.T.);
#1918=ORIENTED_EDGE('',*,*,#1452,.T.);
#1919=CARTESIAN_POINT('',(-6.5,5.8,12.3));
#1920=VERTEX_POINT('',#1919);
#1921=CARTESIAN_POINT('',(-6.5,5.8,-50.606620031));
#1922=DIRECTION('',(0.,0.,1.));
#1923=VECTOR('',#1922,118.256620031);
#1924=LINE('',#1921,#1923);
#1925=EDGE_CURVE('',#1447,#1920,#1924,.T.);
#1926=ORIENTED_EDGE('',*,*,#1925,.T.);
#1927=CARTESIAN_POINT('',(-6.5,6.,12.3));
#1928=VERTEX_POINT('',#1927);
#1929=CARTESIAN_POINT('',(-6.5,52.15,12.3));
#1930=DIRECTION('',(0.,1.,0.));
#1931=VECTOR('',#1930,2.);
#1932=LINE('',#1929,#1931);
#1933=EDGE_CURVE('',#1920,#1928,#1932,.T.);
#1934=ORIENTED_EDGE('',*,*,#1933,.T.);
#1935=CARTESIAN_POINT('',(-6.5,6.,0.));
#1936=DIRECTION('',(0.,0.,1.));
#1937=VECTOR('',#1936,123.);
#1938=LINE('',#1935,#1937);
#1939=EDGE_CURVE('',#766,#1928,#1938,.T.);
#1940=ORIENTED_EDGE('',*,*,#1939,.F.);
#1941=EDGE_LOOP('',(#1916,#1917,#1918,#1926,#1934,#1940));
#1942=FACE_BOUND('',#1941,.T.);
#1943=ADVANCED_FACE('',(#1942),#1915,.T.);
#1944=OVER_RIDING_STYLED_ITEM('',(#828),#1943,#26);
#1945=CARTESIAN_POINT('',(6.5,0.65,0.));
#1946=DIRECTION('',(1.,0.,0.));
#1947=DIRECTION('',(0.,1.,0.));
#1948=AXIS2_PLACEMENT_3D('',#1945,#1946,#1947);
#1949=PLANE('',#1948);
#1950=ORIENTED_EDGE('',*,*,#1270,.T.);
#1951=ORIENTED_EDGE('',*,*,#1505,.T.);
#1952=ORIENTED_EDGE('',*,*,#1527,.T.);
#1953=ORIENTED_EDGE('',*,*,#787,.T.);
#1954=CARTESIAN_POINT('',(6.5,6.,12.3));
#1955=VERTEX_POINT('',#1954);
#1956=CARTESIAN_POINT('',(6.5,6.,0.));
#1957=DIRECTION('',(0.,0.,1.));
#1958=VECTOR('',#1957,123.);
#1959=LINE('',#1956,#1958);
#1960=EDGE_CURVE('',#774,#1955,#1959,.T.);
#1961=ORIENTED_EDGE('',*,*,#1960,.T.);
#1962=CARTESIAN_POINT('',(6.5,54.15,12.3));
#1963=DIRECTION('',(0.,-1.,-0.));
#1964=VECTOR('',#1963,2.);
#1965=LINE('',#1962,#1964);
#1966=EDGE_CURVE('',#1955,#1265,#1965,.T.);
#1967=ORIENTED_EDGE('',*,*,#1966,.T.);
#1968=EDGE_LOOP('',(#1950,#1951,#1952,#1953,#1961,#1967));
#1969=FACE_BOUND('',#1968,.T.);
#1970=ADVANCED_FACE('',(#1969),#1949,.T.);
#1971=OVER_RIDING_STYLED_ITEM('',(#828),#1970,#26);
#1972=CARTESIAN_POINT('',(6.5,0.65,0.));
#1973=DIRECTION('',(1.,0.,0.));
#1974=DIRECTION('',(0.,1.,0.));
#1975=AXIS2_PLACEMENT_3D('',#1972,#1973,#1974);
#1976=PLANE('',#1975);
#1977=ORIENTED_EDGE('',*,*,#803,.T.);
#1978=ORIENTED_EDGE('',*,*,#1598,.T.);
#1979=ORIENTED_EDGE('',*,*,#1612,.T.);
#1980=ORIENTED_EDGE('',*,*,#916,.T.);
#1981=CARTESIAN_POINT('',(6.5,-4.7,12.3));
#1982=VERTEX_POINT('',#1981);
#1983=CARTESIAN_POINT('',(6.5,-52.35,12.3));
#1984=DIRECTION('',(0.,-1.,-0.));
#1985=VECTOR('',#1984,0.5);
#1986=LINE('',#1983,#1985);
#1987=EDGE_CURVE('',#903,#1982,#1986,.T.);
#1988=ORIENTED_EDGE('',*,*,#1987,.T.);
#1989=CARTESIAN_POINT('',(6.5,-4.7,0.));
#1990=DIRECTION('',(0.,0.,1.));
#1991=VECTOR('',#1990,123.);
#1992=LINE('',#1989,#1991);
#1993=EDGE_CURVE('',#798,#1982,#1992,.T.);
#1994=ORIENTED_EDGE('',*,*,#1993,.F.);
#1995=EDGE_LOOP('',(#1977,#1978,#1979,#1980,#1988,#1994));
#1996=FACE_BOUND('',#1995,.T.);
#1997=ADVANCED_FACE('',(#1996),#1976,.T.);
#1998=OVER_RIDING_STYLED_ITEM('',(#828),#1997,#26);
#1999=CARTESIAN_POINT('',(0.,0.920238095,12.3));
#2000=DIRECTION('',(0.,0.,1.));
#2001=DIRECTION('',(1.,0.,-0.));
#2002=AXIS2_PLACEMENT_3D('',#1999,#2000,#2001);
#2003=PLANE('',#2002);
#2004=ORIENTED_EDGE('',*,*,#1870,.T.);
#2005=CARTESIAN_POINT('',(6.,6.,12.3));
#2006=VERTEX_POINT('',#2005);
#2007=CARTESIAN_POINT('',(6.,7.8,12.3));
#2008=DIRECTION('',(0.,1.,0.));
#2009=VECTOR('',#2008,0.5);
#2010=LINE('',#2007,#2009);
#2011=EDGE_CURVE('',#2006,#1859,#2010,.T.);
#2012=ORIENTED_EDGE('',*,*,#2011,.F.);
#2013=CARTESIAN_POINT('',(-60.,6.,12.3));
#2014=DIRECTION('',(1.,0.,-0.));
#2015=VECTOR('',#2014,120.);
#2016=LINE('',#2013,#2015);
#2017=EDGE_CURVE('',#1084,#2006,#2016,.T.);
#2018=ORIENTED_EDGE('',*,*,#2017,.F.);
#2019=ORIENTED_EDGE('',*,*,#1089,.F.);
#2020=EDGE_LOOP('',(#2004,#2012,#2018,#2019));
#2021=FACE_BOUND('',#2020,.T.);
#2022=ADVANCED_FACE('',(#2021),#2003,.F.);
#2023=OVER_RIDING_STYLED_ITEM('',(#74),#2022,#26);
#2024=CARTESIAN_POINT('',(-6.5,5.8,12.3));
#2025=DIRECTION('',(0.,1.,0.));
#2026=DIRECTION('',(-1.,0.,0.));
#2027=AXIS2_PLACEMENT_3D('',#2024,#2025,#2026);
#2028=PLANE('',#2027);
#2029=ORIENTED_EDGE('',*,*,#844,.F.);
#2030=CARTESIAN_POINT('',(-11.,5.8,12.81));
#2031=DIRECTION('',(1.,0.,-0.));
#2032=VECTOR('',#2031,5.);
#2033=LINE('',#2030,#2032);
#2034=EDGE_CURVE('',#836,#1100,#2033,.T.);
#2035=ORIENTED_EDGE('',*,*,#2034,.T.);
#2036=ORIENTED_EDGE('',*,*,#1105,.F.);
#2037=CARTESIAN_POINT('',(-35.75,5.8,12.3));
#2038=DIRECTION('',(1.,0.,-0.));
#2039=VECTOR('',#2038,5.);
#2040=LINE('',#2037,#2039);
#2041=EDGE_CURVE('',#1920,#1092,#2040,.T.);
#2042=ORIENTED_EDGE('',*,*,#2041,.F.);
#2043=ORIENTED_EDGE('',*,*,#1925,.F.);
#2044=ORIENTED_EDGE('',*,*,#1460,.T.);
#2045=ORIENTED_EDGE('',*,*,#965,.F.);
#2046=EDGE_LOOP('',(#2029,#2035,#2036,#2042,#2043,#2044,#2045));
#2047=FACE_BOUND('',#2046,.T.);
#2048=ADVANCED_FACE('',(#2047),#2028,.T.);
#2049=OVER_RIDING_STYLED_ITEM('',(#74),#2048,#26);
#2050=CARTESIAN_POINT('',(6.,6.175,12.3));
#2051=DIRECTION('',(1.,0.,0.));
#2052=DIRECTION('',(0.,1.,0.));
#2053=AXIS2_PLACEMENT_3D('',#2050,#2051,#2052);
#2054=PLANE('',#2053);
#2055=ORIENTED_EDGE('',*,*,#1025,.F.);
#2056=CARTESIAN_POINT('',(6.,8.3,12.81));
#2057=DIRECTION('',(0.,-1.,0.));
#2058=VECTOR('',#2057,2.5);
#2059=LINE('',#2056,#2058);
#2060=EDGE_CURVE('',#1017,#1281,#2059,.T.);
#2061=ORIENTED_EDGE('',*,*,#2060,.T.);
#2062=ORIENTED_EDGE('',*,*,#1286,.F.);
#2063=CARTESIAN_POINT('',(6.,29.2875,12.3));
#2064=DIRECTION('',(0.,-1.,-0.));
#2065=VECTOR('',#2064,2.);
#2066=LINE('',#2063,#2065);
#2067=EDGE_CURVE('',#2006,#1273,#2066,.T.);
#2068=ORIENTED_EDGE('',*,*,#2067,.F.);
#2069=ORIENTED_EDGE('',*,*,#2011,.T.);
#2070=ORIENTED_EDGE('',*,*,#1864,.T.);
#2071=ORIENTED_EDGE('',*,*,#1828,.T.);
#2072=ORIENTED_EDGE('',*,*,#1129,.F.);
#2073=EDGE_LOOP('',(#2055,#2061,#2062,#2068,#2069,#2070,#2071,#2072));
#2074=FACE_BOUND('',#2073,.T.);
#2075=ADVANCED_FACE('',(#2074),#2054,.T.);
#2076=OVER_RIDING_STYLED_ITEM('',(#74),#2075,#26);
#2077=CARTESIAN_POINT('',(0.,0.920238095,12.81));
#2078=DIRECTION('',(0.,0.,1.));
#2079=DIRECTION('',(1.,0.,-0.));
#2080=AXIS2_PLACEMENT_3D('',#2077,#2078,#2079);
#2081=PLANE('',#2080);
#2082=ORIENTED_EDGE('',*,*,#867,.F.);
#2083=ORIENTED_EDGE('',*,*,#947,.F.);
#2084=ORIENTED_EDGE('',*,*,#1237,.F.);
#2085=ORIENTED_EDGE('',*,*,#1292,.F.);
#2086=ORIENTED_EDGE('',*,*,#2060,.F.);
#2087=ORIENTED_EDGE('',*,*,#1048,.F.);
#2088=ORIENTED_EDGE('',*,*,#1111,.F.);
#2089=ORIENTED_EDGE('',*,*,#2034,.F.);
#2090=EDGE_LOOP('',(#2082,#2083,#2084,#2085,#2086,#2087,#2088,#2089));
#2091=FACE_BOUND('',#2090,.T.);
#2092=ADVANCED_FACE('',(#2091),#2081,.T.);
#2093=OVER_RIDING_STYLED_ITEM('',(#74),#2092,#26);
#2094=CARTESIAN_POINT('',(0.,0.65,12.3));
#2095=DIRECTION('',(0.,-0.,1.));
#2096=DIRECTION('',(1.,0.,-0.));
#2097=AXIS2_PLACEMENT_3D('',#2094,#2095,#2096);
#2098=PLANE('',#2097);
#2099=ORIENTED_EDGE('',*,*,#2067,.T.);
#2100=ORIENTED_EDGE('',*,*,#1278,.T.);
#2101=ORIENTED_EDGE('',*,*,#1966,.F.);
#2102=CARTESIAN_POINT('',(60.,6.,12.3));
#2103=DIRECTION('',(1.,0.,-0.));
#2104=VECTOR('',#2103,5.);
#2105=LINE('',#2102,#2104);
#2106=EDGE_CURVE('',#2006,#1955,#2105,.T.);
#2107=ORIENTED_EDGE('',*,*,#2106,.F.);
#2108=EDGE_LOOP('',(#2099,#2100,#2101,#2107));
#2109=FACE_BOUND('',#2108,.T.);
#2110=ADVANCED_FACE('',(#2109),#2098,.T.);
#2111=OVER_RIDING_STYLED_ITEM('',(#828),#2110,#26);
#2112=CARTESIAN_POINT('',(0.,0.65,12.3));
#2113=DIRECTION('',(0.,-0.,1.));
#2114=DIRECTION('',(1.,0.,-0.));
#2115=AXIS2_PLACEMENT_3D('',#2112,#2113,#2114);
#2116=PLANE('',#2115);
#2117=ORIENTED_EDGE('',*,*,#908,.T.);
#2118=ORIENTED_EDGE('',*,*,#1905,.F.);
#2119=CARTESIAN_POINT('',(-6.5,-4.7,12.3));
#2120=DIRECTION('',(1.,0.,-0.));
#2121=VECTOR('',#2120,130.);
#2122=LINE('',#2119,#2121);
#2123=EDGE_CURVE('',#1894,#1982,#2122,.T.);
#2124=ORIENTED_EDGE('',*,*,#2123,.T.);
#2125=ORIENTED_EDGE('',*,*,#1987,.F.);
#2126=EDGE_LOOP('',(#2117,#2118,#2124,#2125));
#2127=FACE_BOUND('',#2126,.T.);
#2128=ADVANCED_FACE('',(#2127),#2116,.T.);
#2129=OVER_RIDING_STYLED_ITEM('',(#828),#2128,#26);
#2130=CARTESIAN_POINT('',(-1.036002491,-6.4,7.430290127));
#2131=DIRECTION('',(0.,-0.707106781,0.707106781));
#2132=DIRECTION('',(1.,0.,0.));
#2133=AXIS2_PLACEMENT_3D('',#2130,#2131,#2132);
#2134=PLANE('',#2133);
#2135=CARTESIAN_POINT('',(-2.772004982,-6.5,7.330290127));
#2136=VERTEX_POINT('',#2135);
#2137=CARTESIAN_POINT('',(-1.372004982,-6.5,7.330290127));
#2138=VERTEX_POINT('',#2137);
#2139=CARTESIAN_POINT('',(-18.396027404,-6.5,7.330290127));
#2140=DIRECTION('',(1.,0.,-0.));
#2141=VECTOR('',#2140,14.);
#2142=LINE('',#2139,#2141);
#2143=EDGE_CURVE('',#2136,#2138,#2142,.T.);
#2144=ORIENTED_EDGE('',*,*,#2143,.T.);
#2145=CARTESIAN_POINT('',(-1.572004982,-6.3,7.530290127));
#2146=VERTEX_POINT('',#2145);
#2147=CARTESIAN_POINT('',(-1.372004982,-6.5,7.330290127));
#2148=DIRECTION('',(-0.577350269,0.577350269,0.577350269));
#2149=VECTOR('',#2148,0.346410162);
#2150=LINE('',#2147,#2149);
#2151=EDGE_CURVE('',#2138,#2146,#2150,.T.);
#2152=ORIENTED_EDGE('',*,*,#2151,.T.);
#2153=CARTESIAN_POINT('',(-2.572004982,-6.3,7.530290127));
#2154=VERTEX_POINT('',#2153);
#2155=CARTESIAN_POINT('',(-6.396027404,-6.3,7.530290127));
#2156=DIRECTION('',(-1.,0.,0.));
#2157=VECTOR('',#2156,10.);
#2158=LINE('',#2155,#2157);
#2159=EDGE_CURVE('',#2146,#2154,#2158,.T.);
#2160=ORIENTED_EDGE('',*,*,#2159,.T.);
#2161=CARTESIAN_POINT('',(-2.572004982,-6.3,7.530290127));
#2162=DIRECTION('',(-0.577350269,-0.577350269,-0.577350269));
#2163=VECTOR('',#2162,3.464101615);
#2164=LINE('',#2161,#2163);
#2165=EDGE_CURVE('',#2154,#2136,#2164,.T.);
#2166=ORIENTED_EDGE('',*,*,#2165,.T.);
#2167=EDGE_LOOP('',(#2144,#2152,#2160,#2166));
#2168=FACE_BOUND('',#2167,.T.);
#2169=ADVANCED_FACE('',(#2168),#2134,.T.);
#2170=CARTESIAN_POINT('',(-1.472004982,-6.4,4.015145063));
#2171=DIRECTION('',(-0.707106781,-0.707106781,0.));
#2172=DIRECTION('',(0.,0.,1.));
#2173=AXIS2_PLACEMENT_3D('',#2170,#2171,#2172);
#2174=PLANE('',#2173);
#2175=CARTESIAN_POINT('',(-1.372004982,-6.5,8.730290127));
#2176=VERTEX_POINT('',#2175);
#2177=CARTESIAN_POINT('',(-1.372004982,-6.5,37.166595697));
#2178=DIRECTION('',(0.,0.,1.));
#2179=VECTOR('',#2178,14.);
#2180=LINE('',#2177,#2179);
#2181=EDGE_CURVE('',#2138,#2176,#2180,.T.);
#2182=ORIENTED_EDGE('',*,*,#2181,.T.);
#2183=CARTESIAN_POINT('',(-1.572004982,-6.3,8.530290127));
#2184=VERTEX_POINT('',#2183);
#2185=CARTESIAN_POINT('',(-1.372004982,-6.5,8.730290127));
#2186=DIRECTION('',(-0.577350269,0.577350269,-0.577350269));
#2187=VECTOR('',#2186,3.464101615);
#2188=LINE('',#2185,#2187);
#2189=EDGE_CURVE('',#2176,#2184,#2188,.T.);
#2190=ORIENTED_EDGE('',*,*,#2189,.T.);
#2191=CARTESIAN_POINT('',(-1.572004982,-6.3,49.166595697));
#2192=DIRECTION('',(0.,0.,-1.));
#2193=VECTOR('',#2192,10.);
#2194=LINE('',#2191,#2193);
#2195=EDGE_CURVE('',#2184,#2146,#2194,.T.);
#2196=ORIENTED_EDGE('',*,*,#2195,.T.);
#2197=ORIENTED_EDGE('',*,*,#2151,.F.);
#2198=EDGE_LOOP('',(#2182,#2190,#2196,#2197));
#2199=FACE_BOUND('',#2198,.T.);
#2200=ADVANCED_FACE('',(#2199),#2174,.T.);
#2201=CARTESIAN_POINT('',(-1.036002491,-6.4,8.630290127));
#2202=DIRECTION('',(0.,-0.707106781,-0.707106781));
#2203=DIRECTION('',(-1.,0.,0.));
#2204=AXIS2_PLACEMENT_3D('',#2201,#2202,#2203);
#2205=PLANE('',#2204);
#2206=CARTESIAN_POINT('',(-2.772004982,-6.5,8.730290127));
#2207=VERTEX_POINT('',#2206);
#2208=CARTESIAN_POINT('',(-4.396027404,-6.5,8.730290127));
#2209=DIRECTION('',(-1.,0.,0.));
#2210=VECTOR('',#2209,14.);
#2211=LINE('',#2208,#2210);
#2212=EDGE_CURVE('',#2176,#2207,#2211,.T.);
#2213=ORIENTED_EDGE('',*,*,#2212,.T.);
#2214=CARTESIAN_POINT('',(-2.572004982,-6.3,8.530290127));
#2215=VERTEX_POINT('',#2214);
#2216=CARTESIAN_POINT('',(-2.772004982,-6.5,8.730290127));
#2217=DIRECTION('',(0.577350269,0.577350269,-0.577350269));
#2218=VECTOR('',#2217,3.464101615);
#2219=LINE('',#2216,#2218);
#2220=EDGE_CURVE('',#2207,#2215,#2219,.T.);
#2221=ORIENTED_EDGE('',*,*,#2220,.T.);
#2222=CARTESIAN_POINT('',(-16.396027404,-6.3,8.530290127));
#2223=DIRECTION('',(1.,0.,-0.));
#2224=VECTOR('',#2223,10.);
#2225=LINE('',#2222,#2224);
#2226=EDGE_CURVE('',#2215,#2184,#2225,.T.);
#2227=ORIENTED_EDGE('',*,*,#2226,.T.);
#2228=ORIENTED_EDGE('',*,*,#2189,.F.);
#2229=EDGE_LOOP('',(#2213,#2221,#2227,#2228));
#2230=FACE_BOUND('',#2229,.T.);
#2231=ADVANCED_FACE('',(#2230),#2205,.T.);
#2232=CARTESIAN_POINT('',(-2.672004982,-6.4,4.015145063));
#2233=DIRECTION('',(0.707106781,-0.707106781,0.));
#2234=DIRECTION('',(0.,0.,-1.));
#2235=AXIS2_PLACEMENT_3D('',#2232,#2233,#2234);
#2236=PLANE('',#2235);
#2237=CARTESIAN_POINT('',(-2.772004982,-6.5,51.166595697));
#2238=DIRECTION('',(0.,0.,-1.));
#2239=VECTOR('',#2238,14.);
#2240=LINE('',#2237,#2239);
#2241=EDGE_CURVE('',#2207,#2136,#2240,.T.);
#2242=ORIENTED_EDGE('',*,*,#2241,.T.);
#2243=ORIENTED_EDGE('',*,*,#2165,.F.);
#2244=CARTESIAN_POINT('',(-2.572004982,-6.3,39.166595697));
#2245=DIRECTION('',(0.,0.,1.));
#2246=VECTOR('',#2245,10.);
#2247=LINE('',#2244,#2246);
#2248=EDGE_CURVE('',#2154,#2215,#2247,.T.);
#2249=ORIENTED_EDGE('',*,*,#2248,.T.);
#2250=ORIENTED_EDGE('',*,*,#2220,.F.);
#2251=EDGE_LOOP('',(#2242,#2243,#2249,#2250));
#2252=FACE_BOUND('',#2251,.T.);
#2253=ADVANCED_FACE('',(#2252),#2236,.T.);
#2254=CARTESIAN_POINT('',(-2.572004982,-6.5,8.030290127));
#2255=DIRECTION('',(-1.,-0.,0.));
#2256=DIRECTION('',(0.,0.,1.));
#2257=AXIS2_PLACEMENT_3D('',#2254,#2255,#2256);
#2258=PLANE('',#2257);
#2259=ORIENTED_EDGE('',*,*,#2248,.F.);
#2260=CARTESIAN_POINT('',(-2.572004982,-1.5,7.530290127));
#2261=VERTEX_POINT('',#2260);
#2262=CARTESIAN_POINT('',(-2.572004982,-4.5,7.530290127));
#2263=DIRECTION('',(-0.,1.,0.));
#2264=VECTOR('',#2263,48.);
#2265=LINE('',#2262,#2264);
#2266=EDGE_CURVE('',#2154,#2261,#2265,.T.);
#2267=ORIENTED_EDGE('',*,*,#2266,.T.);
#2268=CARTESIAN_POINT('',(-2.572004982,-1.5,8.530290127));
#2269=VERTEX_POINT('',#2268);
#2270=CARTESIAN_POINT('',(-2.572004982,-1.5,8.530290127));
#2271=DIRECTION('',(0.,0.,-1.));
#2272=VECTOR('',#2271,10.);
#2273=LINE('',#2270,#2272);
#2274=EDGE_CURVE('',#2269,#2261,#2273,.T.);
#2275=ORIENTED_EDGE('',*,*,#2274,.F.);
#2276=CARTESIAN_POINT('',(-2.572004982,-4.5,8.530290127));
#2277=DIRECTION('',(-0.,1.,0.));
#2278=VECTOR('',#2277,48.);
#2279=LINE('',#2276,#2278);
#2280=EDGE_CURVE('',#2215,#2269,#2279,.T.);
#2281=ORIENTED_EDGE('',*,*,#2280,.F.);
#2282=EDGE_LOOP('',(#2259,#2267,#2275,#2281));
#2283=FACE_BOUND('',#2282,.T.);
#2284=ADVANCED_FACE('',(#2283),#2258,.F.);
#2285=COLOUR_RGB('',0.501960814,0.501960814,0.501960814);
#2286=FILL_AREA_STYLE_COLOUR('',#2285);
#2287=FILL_AREA_STYLE('',(#2286));
#2288=SURFACE_STYLE_FILL_AREA(#2287);
#2289=SURFACE_SIDE_STYLE('',(#2288));
#2290=SURFACE_STYLE_USAGE(.BOTH.,#2289);
#2291=PRESENTATION_STYLE_ASSIGNMENT((#2290));
#2292=OVER_RIDING_STYLED_ITEM('',(#2291),#2284,#26);
#2293=CARTESIAN_POINT('',(-2.072004982,-6.5,7.530290127));
#2294=DIRECTION('',(0.,0.,-1.));
#2295=DIRECTION('',(-1.,0.,0.));
#2296=AXIS2_PLACEMENT_3D('',#2293,#2294,#2295);
#2297=PLANE('',#2296);
#2298=ORIENTED_EDGE('',*,*,#2159,.F.);
#2299=CARTESIAN_POINT('',(-1.572004982,-1.5,7.530290127));
#2300=VERTEX_POINT('',#2299);
#2301=CARTESIAN_POINT('',(-1.572004982,-4.5,7.530290127));
#2302=DIRECTION('',(-0.,1.,0.));
#2303=VECTOR('',#2302,48.);
#2304=LINE('',#2301,#2303);
#2305=EDGE_CURVE('',#2146,#2300,#2304,.T.);
#2306=ORIENTED_EDGE('',*,*,#2305,.T.);
#2307=CARTESIAN_POINT('',(-2.572004982,-1.5,7.530290127));
#2308=DIRECTION('',(1.,0.,-0.));
#2309=VECTOR('',#2308,10.);
#2310=LINE('',#2307,#2309);
#2311=EDGE_CURVE('',#2261,#2300,#2310,.T.);
#2312=ORIENTED_EDGE('',*,*,#2311,.F.);
#2313=ORIENTED_EDGE('',*,*,#2266,.F.);
#2314=EDGE_LOOP('',(#2298,#2306,#2312,#2313));
#2315=FACE_BOUND('',#2314,.T.);
#2316=ADVANCED_FACE('',(#2315),#2297,.F.);
#2317=OVER_RIDING_STYLED_ITEM('',(#2291),#2316,#26);
#2318=CARTESIAN_POINT('',(0.,-6.5,0.));
#2319=DIRECTION('',(0.,-1.,0.));
#2320=DIRECTION('',(1.,0.,0.));
#2321=AXIS2_PLACEMENT_3D('',#2318,#2319,#2320);
#2322=PLANE('',#2321);
#2323=CARTESIAN_POINT('',(-1.175676477,-6.5,7.330290127));
#2324=VERTEX_POINT('',#2323);
#2325=CARTESIAN_POINT('',(0.224323523,-6.5,7.330290127));
#2326=VERTEX_POINT('',#2325);
#2327=CARTESIAN_POINT('',(-9.616220623,-6.5,7.330290127));
#2328=DIRECTION('',(1.,0.,-0.));
#2329=VECTOR('',#2328,14.);
#2330=LINE('',#2327,#2329);
#2331=EDGE_CURVE('',#2324,#2326,#2330,.T.);
#2332=ORIENTED_EDGE('',*,*,#2331,.F.);
#2333=CARTESIAN_POINT('',(-1.175676477,-6.5,8.730290127));
#2334=VERTEX_POINT('',#2333);
#2335=CARTESIAN_POINT('',(-1.175676477,-6.5,51.166595697));
#2336=DIRECTION('',(0.,0.,-1.));
#2337=VECTOR('',#2336,14.);
#2338=LINE('',#2335,#2337);
#2339=EDGE_CURVE('',#2334,#2324,#2338,.T.);
#2340=ORIENTED_EDGE('',*,*,#2339,.F.);
#2341=CARTESIAN_POINT('',(0.224323523,-6.5,8.730290127));
#2342=VERTEX_POINT('',#2341);
#2343=CARTESIAN_POINT('',(4.383779377,-6.5,8.730290127));
#2344=DIRECTION('',(-1.,0.,0.));
#2345=VECTOR('',#2344,14.);
#2346=LINE('',#2343,#2345);
#2347=EDGE_CURVE('',#2342,#2334,#2346,.T.);
#2348=ORIENTED_EDGE('',*,*,#2347,.F.);
#2349=CARTESIAN_POINT('',(0.224323523,-6.5,37.166595697));
#2350=DIRECTION('',(-0.,0.,1.));
#2351=VECTOR('',#2350,14.);
#2352=LINE('',#2349,#2351);
#2353=EDGE_CURVE('',#2326,#2342,#2352,.T.);
#2354=ORIENTED_EDGE('',*,*,#2353,.F.);
#2355=EDGE_LOOP('',(#2332,#2340,#2348,#2354));
#2356=FACE_BOUND('',#2355,.T.);
#2357=CARTESIAN_POINT('',(1.849000556,-6.5,5.561410832));
#2358=VERTEX_POINT('',#2357);
#2359=CARTESIAN_POINT('',(3.249000556,-6.5,5.561410832));
#2360=VERTEX_POINT('',#2359);
#2361=CARTESIAN_POINT('',(7.01950306,-6.5,5.561410832));
#2362=DIRECTION('',(1.,0.,-0.));
#2363=VECTOR('',#2362,14.);
#2364=LINE('',#2361,#2363);
#2365=EDGE_CURVE('',#2358,#2360,#2364,.T.);
#2366=ORIENTED_EDGE('',*,*,#2365,.F.);
#2367=CARTESIAN_POINT('',(1.849000556,-6.5,6.961410832));
#2368=VERTEX_POINT('',#2367);
#2369=CARTESIAN_POINT('',(1.849000556,-6.5,41.437759578));
#2370=DIRECTION('',(0.,0.,-1.));
#2371=VECTOR('',#2370,14.);
#2372=LINE('',#2369,#2371);
#2373=EDGE_CURVE('',#2368,#2358,#2372,.T.);
#2374=ORIENTED_EDGE('',*,*,#2373,.F.);
#2375=CARTESIAN_POINT('',(3.249000556,-6.5,6.961410832));
#2376=VERTEX_POINT('',#2375);
#2377=CARTESIAN_POINT('',(21.01950306,-6.5,6.961410832));
#2378=DIRECTION('',(-1.,0.,0.));
#2379=VECTOR('',#2378,14.);
#2380=LINE('',#2377,#2379);
#2381=EDGE_CURVE('',#2376,#2368,#2380,.T.);
#2382=ORIENTED_EDGE('',*,*,#2381,.F.);
#2383=CARTESIAN_POINT('',(3.249000556,-6.5,27.437759578));
#2384=DIRECTION('',(0.,0.,1.));
#2385=VECTOR('',#2384,14.);
#2386=LINE('',#2383,#2385);
#2387=EDGE_CURVE('',#2360,#2376,#2386,.T.);
#2388=ORIENTED_EDGE('',*,*,#2387,.F.);
#2389=EDGE_LOOP('',(#2366,#2374,#2382,#2388));
#2390=FACE_BOUND('',#2389,.T.);
#2391=CARTESIAN_POINT('',(-3.25949316,-6.5,5.561410832));
#2392=VERTEX_POINT('',#2391);
#2393=CARTESIAN_POINT('',(-1.85949316,-6.5,5.561410832));
#2394=VERTEX_POINT('',#2393);
#2395=CARTESIAN_POINT('',(-21.077212379,-6.5,5.561410832));
#2396=DIRECTION('',(1.,0.,-0.));
#2397=VECTOR('',#2396,14.);
#2398=LINE('',#2395,#2397);
#2399=EDGE_CURVE('',#2392,#2394,#2398,.T.);
#2400=ORIENTED_EDGE('',*,*,#2399,.F.);
#2401=CARTESIAN_POINT('',(-3.25949316,-6.5,6.961410832));
#2402=VERTEX_POINT('',#2401);
#2403=CARTESIAN_POINT('',(-3.25949316,-6.5,41.437759578));
#2404=DIRECTION('',(0.,0.,-1.));
#2405=VECTOR('',#2404,14.);
#2406=LINE('',#2403,#2405);
#2407=EDGE_CURVE('',#2402,#2392,#2406,.T.);
#2408=ORIENTED_EDGE('',*,*,#2407,.F.);
#2409=CARTESIAN_POINT('',(-1.85949316,-6.5,6.961410832));
#2410=VERTEX_POINT('',#2409);
#2411=CARTESIAN_POINT('',(-7.077212379,-6.5,6.961410832));
#2412=DIRECTION('',(-1.,0.,0.));
#2413=VECTOR('',#2412,14.);
#2414=LINE('',#2411,#2413);
#2415=EDGE_CURVE('',#2410,#2402,#2414,.T.);
#2416=ORIENTED_EDGE('',*,*,#2415,.F.);
#2417=CARTESIAN_POINT('',(-1.85949316,-6.5,27.437759578));
#2418=DIRECTION('',(0.,0.,1.));
#2419=VECTOR('',#2418,14.);
#2420=LINE('',#2417,#2419);
#2421=EDGE_CURVE('',#2394,#2410,#2420,.T.);
#2422=ORIENTED_EDGE('',*,*,#2421,.F.);
#2423=EDGE_LOOP('',(#2400,#2408,#2416,#2422));
#2424=FACE_BOUND('',#2423,.T.);
#2425=CARTESIAN_POINT('',(-1.668109488,-6.5,3.410708058));
#2426=VERTEX_POINT('',#2425);
#2427=CARTESIAN_POINT('',(-0.268109488,-6.5,3.410708058));
#2428=VERTEX_POINT('',#2427);
#2429=CARTESIAN_POINT('',(-12.324602187,-6.5,3.410708058));
#2430=DIRECTION('',(1.,0.,-0.));
#2431=VECTOR('',#2430,14.);
#2432=LINE('',#2429,#2431);
#2433=EDGE_CURVE('',#2426,#2428,#2432,.T.);
#2434=ORIENTED_EDGE('',*,*,#2433,.F.);
#2435=CARTESIAN_POINT('',(-1.668109488,-6.5,4.810708058));
#2436=VERTEX_POINT('',#2435);
#2437=CARTESIAN_POINT('',(-1.668109488,-6.5,29.608894318));
#2438=DIRECTION('',(0.,0.,-1.));
#2439=VECTOR('',#2438,14.);
#2440=LINE('',#2437,#2439);
#2441=EDGE_CURVE('',#2436,#2426,#2440,.T.);
#2442=ORIENTED_EDGE('',*,*,#2441,.F.);
#2443=CARTESIAN_POINT('',(-0.268109488,-6.5,4.810708058));
#2444=VERTEX_POINT('',#2443);
#2445=CARTESIAN_POINT('',(1.675397813,-6.5,4.810708058));
#2446=DIRECTION('',(-1.,0.,0.));
#2447=VECTOR('',#2446,14.);
#2448=LINE('',#2445,#2447);
#2449=EDGE_CURVE('',#2444,#2436,#2448,.T.);
#2450=ORIENTED_EDGE('',*,*,#2449,.F.);
#2451=CARTESIAN_POINT('',(-0.268109488,-6.5,15.608894318));
#2452=DIRECTION('',(0.,0.,1.));
#2453=VECTOR('',#2452,14.);
#2454=LINE('',#2451,#2453);
#2455=EDGE_CURVE('',#2428,#2444,#2454,.T.);
#2456=ORIENTED_EDGE('',*,*,#2455,.F.);
#2457=EDGE_LOOP('',(#2434,#2442,#2450,#2456));
#2458=FACE_BOUND('',#2457,.T.);
#2459=CARTESIAN_POINT('',(0.75,-6.5,10.429058411));
#2460=VERTEX_POINT('',#2459);
#2461=CARTESIAN_POINT('',(0.75,-6.5,9.406855703));
#2462=VERTEX_POINT('',#2461);
#2463=CARTESIAN_POINT('',(0.75,-6.5,59.659777357));
#2464=DIRECTION('',(0.,0.,-1.));
#2465=VECTOR('',#2464,10.222027086);
#2466=LINE('',#2463,#2465);
#2467=EDGE_CURVE('',#2460,#2462,#2466,.T.);
#2468=ORIENTED_EDGE('',*,*,#2467,.T.);
#2469=CARTESIAN_POINT('',(-0.75,-6.5,9.406855703));
#2470=VERTEX_POINT('',#2469);
#2471=CARTESIAN_POINT('',(7.5,-6.5,9.406855703));
#2472=DIRECTION('',(-1.,0.,0.));
#2473=VECTOR('',#2472,15.);
#2474=LINE('',#2471,#2473);
#2475=EDGE_CURVE('',#2462,#2470,#2474,.T.);
#2476=ORIENTED_EDGE('',*,*,#2475,.T.);
#2477=CARTESIAN_POINT('',(-0.75,-6.5,10.429058411));
#2478=VERTEX_POINT('',#2477);
#2479=CARTESIAN_POINT('',(-0.75,-6.5,49.437750271));
#2480=DIRECTION('',(0.,0.,1.));
#2481=VECTOR('',#2480,10.222027086);
#2482=LINE('',#2479,#2481);
#2483=EDGE_CURVE('',#2470,#2478,#2482,.T.);
#2484=ORIENTED_EDGE('',*,*,#2483,.T.);
#2485=CARTESIAN_POINT('',(-4.,-6.5,6.5));
#2486=VERTEX_POINT('',#2485);
#2487=CARTESIAN_POINT('',(0.,-6.5,6.5));
#2488=DIRECTION('',(0.,-1.,0.));
#2489=DIRECTION('',(1.,0.,0.));
#2490=AXIS2_PLACEMENT_3D('',#2487,#2488,#2489);
#2491=CIRCLE('',#2490,4.);
#2492=EDGE_CURVE('',#2478,#2486,#2491,.T.);
#2493=ORIENTED_EDGE('',*,*,#2492,.T.);
#2494=CARTESIAN_POINT('',(-3.422737317,-6.5,4.430007426));
#2495=VERTEX_POINT('',#2494);
#2496=CARTESIAN_POINT('',(0.,-6.5,6.5));
#2497=DIRECTION('',(0.,-1.,0.));
#2498=DIRECTION('',(1.,0.,0.));
#2499=AXIS2_PLACEMENT_3D('',#2496,#2497,#2498);
#2500=CIRCLE('',#2499,4.);
#2501=EDGE_CURVE('',#2486,#2495,#2500,.T.);
#2502=ORIENTED_EDGE('',*,*,#2501,.T.);
#2503=CARTESIAN_POINT('',(-2.684192287,-6.5,4.430007426));
#2504=VERTEX_POINT('',#2503);
#2505=CARTESIAN_POINT('',(-20.486781566,-6.5,4.430007426));
#2506=DIRECTION('',(1.,0.,-0.));
#2507=VECTOR('',#2506,7.38545031);
#2508=LINE('',#2505,#2507);
#2509=EDGE_CURVE('',#2495,#2504,#2508,.T.);
#2510=ORIENTED_EDGE('',*,*,#2509,.T.);
#2511=CARTESIAN_POINT('',(-2.684192287,-6.5,3.534344631));
#2512=VERTEX_POINT('',#2511);
#2513=CARTESIAN_POINT('',(-2.684192287,-6.5,26.380282134));
#2514=DIRECTION('',(0.,0.,-1.));
#2515=VECTOR('',#2514,8.956627954);
#2516=LINE('',#2513,#2515);
#2517=EDGE_CURVE('',#2504,#2512,#2516,.T.);
#2518=ORIENTED_EDGE('',*,*,#2517,.T.);
#2519=CARTESIAN_POINT('',(2.684192287,-6.5,3.534344631));
#2520=VERTEX_POINT('',#2519);
#2521=CARTESIAN_POINT('',(0.,-6.5,6.5));
#2522=DIRECTION('',(0.,-1.,0.));
#2523=DIRECTION('',(1.,0.,0.));
#2524=AXIS2_PLACEMENT_3D('',#2521,#2522,#2523);
#2525=CIRCLE('',#2524,4.);
#2526=EDGE_CURVE('',#2512,#2520,#2525,.T.);
#2527=ORIENTED_EDGE('',*,*,#2526,.T.);
#2528=CARTESIAN_POINT('',(2.684192287,-6.5,4.430007426));
#2529=VERTEX_POINT('',#2528);
#2530=CARTESIAN_POINT('',(2.684192287,-6.5,17.42365418));
#2531=DIRECTION('',(0.,0.,1.));
#2532=VECTOR('',#2531,8.956627954);
#2533=LINE('',#2530,#2532);
#2534=EDGE_CURVE('',#2520,#2529,#2533,.T.);
#2535=ORIENTED_EDGE('',*,*,#2534,.T.);
#2536=CARTESIAN_POINT('',(3.422737317,-6.5,4.430007426));
#2537=VERTEX_POINT('',#2536);
#2538=CARTESIAN_POINT('',(13.101331256,-6.5,4.430007426));
#2539=DIRECTION('',(1.,0.,-0.));
#2540=VECTOR('',#2539,7.38545031);
#2541=LINE('',#2538,#2540);
#2542=EDGE_CURVE('',#2529,#2537,#2541,.T.);
#2543=ORIENTED_EDGE('',*,*,#2542,.T.);
#2544=CARTESIAN_POINT('',(0.,-6.5,6.5));
#2545=DIRECTION('',(0.,-1.,0.));
#2546=DIRECTION('',(1.,0.,0.));
#2547=AXIS2_PLACEMENT_3D('',#2544,#2545,#2546);
#2548=CIRCLE('',#2547,4.);
#2549=EDGE_CURVE('',#2537,#2460,#2548,.T.);
#2550=ORIENTED_EDGE('',*,*,#2549,.T.);
#2551=EDGE_LOOP('',(#2468,#2476,#2484,#2493,#2502,#2510,#2518,#2527,#2535,#2543,#2550));
#2552=FACE_BOUND('',#2551,.T.);
#2553=CARTESIAN_POINT('',(0.179624605,-6.5,3.410708058));
#2554=VERTEX_POINT('',#2553);
#2555=CARTESIAN_POINT('',(1.579624605,-6.5,3.410708058));
#2556=VERTEX_POINT('',#2555);
#2557=CARTESIAN_POINT('',(-2.162064672,-6.5,3.410708058));
#2558=DIRECTION('',(1.,0.,-0.));
#2559=VECTOR('',#2558,14.);
#2560=LINE('',#2557,#2559);
#2561=EDGE_CURVE('',#2554,#2556,#2560,.T.);
#2562=ORIENTED_EDGE('',*,*,#2561,.F.);
#2563=CARTESIAN_POINT('',(0.179624605,-6.5,4.810708058));
#2564=VERTEX_POINT('',#2563);
#2565=CARTESIAN_POINT('',(0.179624605,-6.5,29.608894318));
#2566=DIRECTION('',(0.,0.,-1.));
#2567=VECTOR('',#2566,14.);
#2568=LINE('',#2565,#2567);
#2569=EDGE_CURVE('',#2564,#2554,#2568,.T.);
#2570=ORIENTED_EDGE('',*,*,#2569,.F.);
#2571=CARTESIAN_POINT('',(1.579624605,-6.5,4.810708058));
#2572=VERTEX_POINT('',#2571);
#2573=CARTESIAN_POINT('',(11.837935328,-6.5,4.810708058));
#2574=DIRECTION('',(-1.,0.,0.));
#2575=VECTOR('',#2574,14.);
#2576=LINE('',#2573,#2575);
#2577=EDGE_CURVE('',#2572,#2564,#2576,.T.);
#2578=ORIENTED_EDGE('',*,*,#2577,.F.);
#2579=CARTESIAN_POINT('',(1.579624605,-6.5,15.608894318));
#2580=DIRECTION('',(0.,0.,1.));
#2581=VECTOR('',#2580,14.);
#2582=LINE('',#2579,#2581);
#2583=EDGE_CURVE('',#2556,#2572,#2582,.T.);
#2584=ORIENTED_EDGE('',*,*,#2583,.F.);
#2585=EDGE_LOOP('',(#2562,#2570,#2578,#2584));
#2586=FACE_BOUND('',#2585,.T.);
#2587=CARTESIAN_POINT('',(-0.306938751,-6.5,5.561410832));
#2588=VERTEX_POINT('',#2587);
#2589=CARTESIAN_POINT('',(1.093061249,-6.5,5.561410832));
#2590=VERTEX_POINT('',#2589);
#2591=CARTESIAN_POINT('',(-4.838163132,-6.5,5.561410832));
#2592=DIRECTION('',(1.,0.,-0.));
#2593=VECTOR('',#2592,14.);
#2594=LINE('',#2591,#2593);
#2595=EDGE_CURVE('',#2588,#2590,#2594,.T.);
#2596=ORIENTED_EDGE('',*,*,#2595,.F.);
#2597=CARTESIAN_POINT('',(-0.306938751,-6.5,6.961410832));
#2598=VERTEX_POINT('',#2597);
#2599=CARTESIAN_POINT('',(-0.306938751,-6.5,41.437759578));
#2600=DIRECTION('',(0.,0.,-1.));
#2601=VECTOR('',#2600,14.);
#2602=LINE('',#2599,#2601);
#2603=EDGE_CURVE('',#2598,#2588,#2602,.T.);
#2604=ORIENTED_EDGE('',*,*,#2603,.F.);
#2605=CARTESIAN_POINT('',(1.093061249,-6.5,6.961410832));
#2606=VERTEX_POINT('',#2605);
#2607=CARTESIAN_POINT('',(9.161836868,-6.5,6.961410832));
#2608=DIRECTION('',(-1.,0.,0.));
#2609=VECTOR('',#2608,14.);
#2610=LINE('',#2607,#2609);
#2611=EDGE_CURVE('',#2606,#2598,#2610,.T.);
#2612=ORIENTED_EDGE('',*,*,#2611,.F.);
#2613=CARTESIAN_POINT('',(1.093061249,-6.5,27.437759578));
#2614=DIRECTION('',(0.,0.,1.));
#2615=VECTOR('',#2614,14.);
#2616=LINE('',#2613,#2615);
#2617=EDGE_CURVE('',#2590,#2606,#2616,.T.);
#2618=ORIENTED_EDGE('',*,*,#2617,.F.);
#2619=EDGE_LOOP('',(#2596,#2604,#2612,#2618));
#2620=FACE_BOUND('',#2619,.T.);
#2621=CARTESIAN_POINT('',(1.509222753,-6.5,7.330290127));
#2622=VERTEX_POINT('',#2621);
#2623=CARTESIAN_POINT('',(2.909222753,-6.5,7.330290127));
#2624=VERTEX_POINT('',#2623);
#2625=CARTESIAN_POINT('',(5.150725141,-6.5,7.330290127));
#2626=DIRECTION('',(1.,0.,-0.));
#2627=VECTOR('',#2626,14.);
#2628=LINE('',#2625,#2627);
#2629=EDGE_CURVE('',#2622,#2624,#2628,.T.);
#2630=ORIENTED_EDGE('',*,*,#2629,.F.);
#2631=CARTESIAN_POINT('',(1.509222753,-6.5,8.730290127));
#2632=VERTEX_POINT('',#2631);
#2633=CARTESIAN_POINT('',(1.509222753,-6.5,51.166595697));
#2634=DIRECTION('',(0.,0.,-1.));
#2635=VECTOR('',#2634,14.);
#2636=LINE('',#2633,#2635);
#2637=EDGE_CURVE('',#2632,#2622,#2636,.T.);
#2638=ORIENTED_EDGE('',*,*,#2637,.F.);
#2639=CARTESIAN_POINT('',(2.909222753,-6.5,8.730290127));
#2640=VERTEX_POINT('',#2639);
#2641=CARTESIAN_POINT('',(19.150725141,-6.5,8.730290127));
#2642=DIRECTION('',(-1.,0.,0.));
#2643=VECTOR('',#2642,14.);
#2644=LINE('',#2641,#2643);
#2645=EDGE_CURVE('',#2640,#2632,#2644,.T.);
#2646=ORIENTED_EDGE('',*,*,#2645,.F.);
#2647=CARTESIAN_POINT('',(2.909222753,-6.5,37.166595697));
#2648=DIRECTION('',(0.,0.,1.));
#2649=VECTOR('',#2648,14.);
#2650=LINE('',#2647,#2649);
#2651=EDGE_CURVE('',#2624,#2640,#2650,.T.);
#2652=ORIENTED_EDGE('',*,*,#2651,.F.);
#2653=EDGE_LOOP('',(#2630,#2638,#2646,#2652));
#2654=FACE_BOUND('',#2653,.T.);
#2655=ORIENTED_EDGE('',*,*,#2143,.F.);
#2656=ORIENTED_EDGE('',*,*,#2241,.F.);
#2657=ORIENTED_EDGE('',*,*,#2212,.F.);
#2658=ORIENTED_EDGE('',*,*,#2181,.F.);
#2659=EDGE_LOOP('',(#2655,#2656,#2657,#2658));
#2660=FACE_BOUND('',#2659,.T.);
#2661=ADVANCED_FACE('',(#2356,#2390,#2424,#2458,#2552,#2586,#2620,#2654,#2660),#2322,.T.);
#2662=OVER_RIDING_STYLED_ITEM('',(#828),#2661,#26);
#2663=CARTESIAN_POINT('',(-0.237838238,-6.4,7.430290127));
#2664=DIRECTION('',(0.,-0.707106781,0.707106781));
#2665=DIRECTION('',(1.,0.,0.));
#2666=AXIS2_PLACEMENT_3D('',#2663,#2664,#2665);
#2667=PLANE('',#2666);
#2668=ORIENTED_EDGE('',*,*,#2331,.T.);
#2669=CARTESIAN_POINT('',(0.024323523,-6.3,7.530290127));
#2670=VERTEX_POINT('',#2669);
#2671=CARTESIAN_POINT('',(0.224323523,-6.5,7.330290127));
#2672=DIRECTION('',(-0.577350269,0.577350269,0.577350269));
#2673=VECTOR('',#2672,3.464101615);
#2674=LINE('',#2671,#2673);
#2675=EDGE_CURVE('',#2326,#2670,#2674,.T.);
#2676=ORIENTED_EDGE('',*,*,#2675,.T.);
#2677=CARTESIAN_POINT('',(-0.975676477,-6.3,7.530290127));
#2678=VERTEX_POINT('',#2677);
#2679=CARTESIAN_POINT('',(2.383779377,-6.3,7.530290127));
#2680=DIRECTION('',(-1.,0.,0.));
#2681=VECTOR('',#2680,10.);
#2682=LINE('',#2679,#2681);
#2683=EDGE_CURVE('',#2670,#2678,#2682,.T.);
#2684=ORIENTED_EDGE('',*,*,#2683,.T.);
#2685=CARTESIAN_POINT('',(-0.975676477,-6.3,7.530290127));
#2686=DIRECTION('',(-0.577350269,-0.577350269,-0.577350269));
#2687=VECTOR('',#2686,3.464101615);
#2688=LINE('',#2685,#2687);
#2689=EDGE_CURVE('',#2678,#2324,#2688,.T.);
#2690=ORIENTED_EDGE('',*,*,#2689,.T.);
#2691=EDGE_LOOP('',(#2668,#2676,#2684,#2690));
#2692=FACE_BOUND('',#2691,.T.);
#2693=ADVANCED_FACE('',(#2692),#2667,.T.);
#2694=CARTESIAN_POINT('',(0.124323523,-6.4,4.015145063));
#2695=DIRECTION('',(-0.707106781,-0.707106781,-0.));
#2696=DIRECTION('',(-0.,-0.,1.));
#2697=AXIS2_PLACEMENT_3D('',#2694,#2695,#2696);
#2698=PLANE('',#2697);
#2699=ORIENTED_EDGE('',*,*,#2353,.T.);
#2700=CARTESIAN_POINT('',(0.024323523,-6.3,8.530290127));
#2701=VERTEX_POINT('',#2700);
#2702=CARTESIAN_POINT('',(0.224323523,-6.5,8.730290127));
#2703=DIRECTION('',(-0.577350269,0.577350269,-0.577350269));
#2704=VECTOR('',#2703,3.464101615);
#2705=LINE('',#2702,#2704);
#2706=EDGE_CURVE('',#2342,#2701,#2705,.T.);
#2707=ORIENTED_EDGE('',*,*,#2706,.T.);
#2708=CARTESIAN_POINT('',(0.024323523,-6.3,49.166595697));
#2709=DIRECTION('',(0.,0.,-1.));
#2710=VECTOR('',#2709,10.);
#2711=LINE('',#2708,#2710);
#2712=EDGE_CURVE('',#2701,#2670,#2711,.T.);
#2713=ORIENTED_EDGE('',*,*,#2712,.T.);
#2714=ORIENTED_EDGE('',*,*,#2675,.F.);
#2715=EDGE_LOOP('',(#2699,#2707,#2713,#2714));
#2716=FACE_BOUND('',#2715,.T.);
#2717=ADVANCED_FACE('',(#2716),#2698,.T.);
#2718=CARTESIAN_POINT('',(-0.237838238,-6.4,8.630290127));
#2719=DIRECTION('',(0.,-0.707106781,-0.707106781));
#2720=DIRECTION('',(-1.,0.,0.));
#2721=AXIS2_PLACEMENT_3D('',#2718,#2719,#2720);
#2722=PLANE('',#2721);
#2723=ORIENTED_EDGE('',*,*,#2347,.T.);
#2724=CARTESIAN_POINT('',(-0.975676477,-6.3,8.530290127));
#2725=VERTEX_POINT('',#2724);
#2726=CARTESIAN_POINT('',(-1.175676477,-6.5,8.730290127));
#2727=DIRECTION('',(0.577350269,0.577350269,-0.577350269));
#2728=VECTOR('',#2727,0.346410162);
#2729=LINE('',#2726,#2728);
#2730=EDGE_CURVE('',#2334,#2725,#2729,.T.);
#2731=ORIENTED_EDGE('',*,*,#2730,.T.);
#2732=CARTESIAN_POINT('',(-7.616220623,-6.3,8.530290127));
#2733=DIRECTION('',(1.,0.,-0.));
#2734=VECTOR('',#2733,10.);
#2735=LINE('',#2732,#2734);
#2736=EDGE_CURVE('',#2725,#2701,#2735,.T.);
#2737=ORIENTED_EDGE('',*,*,#2736,.T.);
#2738=ORIENTED_EDGE('',*,*,#2706,.F.);
#2739=EDGE_LOOP('',(#2723,#2731,#2737,#2738));
#2740=FACE_BOUND('',#2739,.T.);
#2741=ADVANCED_FACE('',(#2740),#2722,.T.);
#2742=CARTESIAN_POINT('',(-1.075676477,-6.4,4.015145063));
#2743=DIRECTION('',(0.707106781,-0.707106781,0.));
#2744=DIRECTION('',(0.,0.,-1.));
#2745=AXIS2_PLACEMENT_3D('',#2742,#2743,#2744);
#2746=PLANE('',#2745);
#2747=ORIENTED_EDGE('',*,*,#2339,.T.);
#2748=ORIENTED_EDGE('',*,*,#2689,.F.);
#2749=CARTESIAN_POINT('',(-0.975676477,-6.3,39.166595697));
#2750=DIRECTION('',(0.,0.,1.));
#2751=VECTOR('',#2750,10.);
#2752=LINE('',#2749,#2751);
#2753=EDGE_CURVE('',#2678,#2725,#2752,.T.);
#2754=ORIENTED_EDGE('',*,*,#2753,.T.);
#2755=ORIENTED_EDGE('',*,*,#2730,.F.);
#2756=EDGE_LOOP('',(#2747,#2748,#2754,#2755));
#2757=FACE_BOUND('',#2756,.T.);
#2758=ADVANCED_FACE('',(#2757),#2746,.T.);
#2759=CARTESIAN_POINT('',(-0.975676477,-6.5,8.030290127));
#2760=DIRECTION('',(-1.,-0.,0.));
#2761=DIRECTION('',(0.,0.,1.));
#2762=AXIS2_PLACEMENT_3D('',#2759,#2760,#2761);
#2763=PLANE('',#2762);
#2764=ORIENTED_EDGE('',*,*,#2753,.F.);
#2765=CARTESIAN_POINT('',(-0.975676477,-1.5,7.530290127));
#2766=VERTEX_POINT('',#2765);
#2767=CARTESIAN_POINT('',(-0.975676477,-4.5,7.530290127));
#2768=DIRECTION('',(-0.,1.,0.));
#2769=VECTOR('',#2768,48.);
#2770=LINE('',#2767,#2769);
#2771=EDGE_CURVE('',#2678,#2766,#2770,.T.);
#2772=ORIENTED_EDGE('',*,*,#2771,.T.);
#2773=CARTESIAN_POINT('',(-0.975676477,-1.5,8.530290127));
#2774=VERTEX_POINT('',#2773);
#2775=CARTESIAN_POINT('',(-0.975676477,-1.5,8.530290127));
#2776=DIRECTION('',(0.,0.,-1.));
#2777=VECTOR('',#2776,10.);
#2778=LINE('',#2775,#2777);
#2779=EDGE_CURVE('',#2774,#2766,#2778,.T.);
#2780=ORIENTED_EDGE('',*,*,#2779,.F.);
#2781=CARTESIAN_POINT('',(-0.975676477,-4.5,8.530290127));
#2782=DIRECTION('',(-0.,1.,0.));
#2783=VECTOR('',#2782,48.);
#2784=LINE('',#2781,#2783);
#2785=EDGE_CURVE('',#2725,#2774,#2784,.T.);
#2786=ORIENTED_EDGE('',*,*,#2785,.F.);
#2787=EDGE_LOOP('',(#2764,#2772,#2780,#2786));
#2788=FACE_BOUND('',#2787,.T.);
#2789=ADVANCED_FACE('',(#2788),#2763,.F.);
#2790=OVER_RIDING_STYLED_ITEM('',(#2291),#2789,#26);
#2791=CARTESIAN_POINT('',(-0.475676477,-6.5,7.530290127));
#2792=DIRECTION('',(0.,0.,-1.));
#2793=DIRECTION('',(-1.,0.,0.));
#2794=AXIS2_PLACEMENT_3D('',#2791,#2792,#2793);
#2795=PLANE('',#2794);
#2796=ORIENTED_EDGE('',*,*,#2683,.F.);
#2797=CARTESIAN_POINT('',(0.024323523,-1.5,7.530290127));
#2798=VERTEX_POINT('',#2797);
#2799=CARTESIAN_POINT('',(0.024323523,-4.5,7.530290127));
#2800=DIRECTION('',(-0.,1.,0.));
#2801=VECTOR('',#2800,48.);
#2802=LINE('',#2799,#2801);
#2803=EDGE_CURVE('',#2670,#2798,#2802,.T.);
#2804=ORIENTED_EDGE('',*,*,#2803,.T.);
#2805=CARTESIAN_POINT('',(-0.975676477,-1.5,7.530290127));
#2806=DIRECTION('',(1.,0.,-0.));
#2807=VECTOR('',#2806,10.);
#2808=LINE('',#2805,#2807);
#2809=EDGE_CURVE('',#2766,#2798,#2808,.T.);
#2810=ORIENTED_EDGE('',*,*,#2809,.F.);
#2811=ORIENTED_EDGE('',*,*,#2771,.F.);
#2812=EDGE_LOOP('',(#2796,#2804,#2810,#2811));
#2813=FACE_BOUND('',#2812,.T.);
#2814=ADVANCED_FACE('',(#2813),#2795,.F.);
#2815=OVER_RIDING_STYLED_ITEM('',(#2291),#2814,#26);
#2816=CARTESIAN_POINT('',(1.104611376,-6.4,7.430290127));
#2817=DIRECTION('',(0.,-0.707106781,0.707106781));
#2818=DIRECTION('',(1.,0.,0.));
#2819=AXIS2_PLACEMENT_3D('',#2816,#2817,#2818);
#2820=PLANE('',#2819);
#2821=ORIENTED_EDGE('',*,*,#2629,.T.);
#2822=CARTESIAN_POINT('',(2.709222753,-6.3,7.530290127));
#2823=VERTEX_POINT('',#2822);
#2824=CARTESIAN_POINT('',(2.909222753,-6.5,7.330290127));
#2825=DIRECTION('',(-0.577350269,0.577350269,0.577350269));
#2826=VECTOR('',#2825,3.464101615);
#2827=LINE('',#2824,#2826);
#2828=EDGE_CURVE('',#2624,#2823,#2827,.T.);
#2829=ORIENTED_EDGE('',*,*,#2828,.T.);
#2830=CARTESIAN_POINT('',(1.709222753,-6.3,7.530290127));
#2831=VERTEX_POINT('',#2830);
#2832=CARTESIAN_POINT('',(17.150725141,-6.3,7.530290127));
#2833=DIRECTION('',(-1.,0.,0.));
#2834=VECTOR('',#2833,10.);
#2835=LINE('',#2832,#2834);
#2836=EDGE_CURVE('',#2823,#2831,#2835,.T.);
#2837=ORIENTED_EDGE('',*,*,#2836,.T.);
#2838=CARTESIAN_POINT('',(1.709222753,-6.3,7.530290127));
#2839=DIRECTION('',(-0.577350269,-0.577350269,-0.577350269));
#2840=VECTOR('',#2839,0.346410162);
#2841=LINE('',#2838,#2840);
#2842=EDGE_CURVE('',#2831,#2622,#2841,.T.);
#2843=ORIENTED_EDGE('',*,*,#2842,.T.);
#2844=EDGE_LOOP('',(#2821,#2829,#2837,#2843));
#2845=FACE_BOUND('',#2844,.T.);
#2846=ADVANCED_FACE('',(#2845),#2820,.T.);
#2847=CARTESIAN_POINT('',(2.809222753,-6.4,4.015145063));
#2848=DIRECTION('',(-0.707106781,-0.707106781,0.));
#2849=DIRECTION('',(0.,0.,1.));
#2850=AXIS2_PLACEMENT_3D('',#2847,#2848,#2849);
#2851=PLANE('',#2850);
#2852=ORIENTED_EDGE('',*,*,#2651,.T.);
#2853=CARTESIAN_POINT('',(2.709222753,-6.3,8.530290127));
#2854=VERTEX_POINT('',#2853);
#2855=CARTESIAN_POINT('',(2.909222753,-6.5,8.730290127));
#2856=DIRECTION('',(-0.577350269,0.577350269,-0.577350269));
#2857=VECTOR('',#2856,3.464101615);
#2858=LINE('',#2855,#2857);
#2859=EDGE_CURVE('',#2640,#2854,#2858,.T.);
#2860=ORIENTED_EDGE('',*,*,#2859,.T.);
#2861=CARTESIAN_POINT('',(2.709222753,-6.3,49.166595697));
#2862=DIRECTION('',(0.,0.,-1.));
#2863=VECTOR('',#2862,10.);
#2864=LINE('',#2861,#2863);
#2865=EDGE_CURVE('',#2854,#2823,#2864,.T.);
#2866=ORIENTED_EDGE('',*,*,#2865,.T.);
#2867=ORIENTED_EDGE('',*,*,#2828,.F.);
#2868=EDGE_LOOP('',(#2852,#2860,#2866,#2867));
#2869=FACE_BOUND('',#2868,.T.);
#2870=ADVANCED_FACE('',(#2869),#2851,.T.);
#2871=CARTESIAN_POINT('',(1.104611376,-6.4,8.630290127));
#2872=DIRECTION('',(0.,-0.707106781,-0.707106781));
#2873=DIRECTION('',(-1.,0.,0.));
#2874=AXIS2_PLACEMENT_3D('',#2871,#2872,#2873);
#2875=PLANE('',#2874);
#2876=ORIENTED_EDGE('',*,*,#2645,.T.);
#2877=CARTESIAN_POINT('',(1.709222753,-6.3,8.530290127));
#2878=VERTEX_POINT('',#2877);
#2879=CARTESIAN_POINT('',(1.509222753,-6.5,8.730290127));
#2880=DIRECTION('',(0.577350269,0.577350269,-0.577350269));
#2881=VECTOR('',#2880,3.464101615);
#2882=LINE('',#2879,#2881);
#2883=EDGE_CURVE('',#2632,#2878,#2882,.T.);
#2884=ORIENTED_EDGE('',*,*,#2883,.T.);
#2885=CARTESIAN_POINT('',(7.150725141,-6.3,8.530290127));
#2886=DIRECTION('',(1.,0.,-0.));
#2887=VECTOR('',#2886,10.);
#2888=LINE('',#2885,#2887);
#2889=EDGE_CURVE('',#2878,#2854,#2888,.T.);
#2890=ORIENTED_EDGE('',*,*,#2889,.T.);
#2891=ORIENTED_EDGE('',*,*,#2859,.F.);
#2892=EDGE_LOOP('',(#2876,#2884,#2890,#2891));
#2893=FACE_BOUND('',#2892,.T.);
#2894=ADVANCED_FACE('',(#2893),#2875,.T.);
#2895=CARTESIAN_POINT('',(1.609222753,-6.4,4.015145063));
#2896=DIRECTION('',(0.707106781,-0.707106781,0.));
#2897=DIRECTION('',(0.,0.,-1.));
#2898=AXIS2_PLACEMENT_3D('',#2895,#2896,#2897);
#2899=PLANE('',#2898);
#2900=ORIENTED_EDGE('',*,*,#2637,.T.);
#2901=ORIENTED_EDGE('',*,*,#2842,.F.);
#2902=CARTESIAN_POINT('',(1.709222753,-6.3,39.166595697));
#2903=DIRECTION('',(0.,0.,1.));
#2904=VECTOR('',#2903,10.);
#2905=LINE('',#2902,#2904);
#2906=EDGE_CURVE('',#2831,#2878,#2905,.T.);
#2907=ORIENTED_EDGE('',*,*,#2906,.T.);
#2908=ORIENTED_EDGE('',*,*,#2883,.F.);
#2909=EDGE_LOOP('',(#2900,#2901,#2907,#2908));
#2910=FACE_BOUND('',#2909,.T.);
#2911=ADVANCED_FACE('',(#2910),#2899,.T.);
#2912=CARTESIAN_POINT('',(1.709222753,-6.5,8.030290127));
#2913=DIRECTION('',(-1.,-0.,0.));
#2914=DIRECTION('',(0.,0.,1.));
#2915=AXIS2_PLACEMENT_3D('',#2912,#2913,#2914);
#2916=PLANE('',#2915);
#2917=ORIENTED_EDGE('',*,*,#2906,.F.);
#2918=CARTESIAN_POINT('',(1.709222753,-1.5,7.530290127));
#2919=VERTEX_POINT('',#2918);
#2920=CARTESIAN_POINT('',(1.709222753,-4.5,7.530290127));
#2921=DIRECTION('',(-0.,1.,0.));
#2922=VECTOR('',#2921,48.);
#2923=LINE('',#2920,#2922);
#2924=EDGE_CURVE('',#2831,#2919,#2923,.T.);
#2925=ORIENTED_EDGE('',*,*,#2924,.T.);
#2926=CARTESIAN_POINT('',(1.709222753,-1.5,8.530290127));
#2927=VERTEX_POINT('',#2926);
#2928=CARTESIAN_POINT('',(1.709222753,-1.5,8.530290127));
#2929=DIRECTION('',(0.,0.,-1.));
#2930=VECTOR('',#2929,10.);
#2931=LINE('',#2928,#2930);
#2932=EDGE_CURVE('',#2927,#2919,#2931,.T.);
#2933=ORIENTED_EDGE('',*,*,#2932,.F.);
#2934=CARTESIAN_POINT('',(1.709222753,-4.5,8.530290127));
#2935=DIRECTION('',(-0.,1.,0.));
#2936=VECTOR('',#2935,48.);
#2937=LINE('',#2934,#2936);
#2938=EDGE_CURVE('',#2878,#2927,#2937,.T.);
#2939=ORIENTED_EDGE('',*,*,#2938,.F.);
#2940=EDGE_LOOP('',(#2917,#2925,#2933,#2939));
#2941=FACE_BOUND('',#2940,.T.);
#2942=ADVANCED_FACE('',(#2941),#2916,.F.);
#2943=OVER_RIDING_STYLED_ITEM('',(#2291),#2942,#26);
#2944=CARTESIAN_POINT('',(2.209222753,-6.5,7.530290127));
#2945=DIRECTION('',(0.,0.,-1.));
#2946=DIRECTION('',(-1.,0.,0.));
#2947=AXIS2_PLACEMENT_3D('',#2944,#2945,#2946);
#2948=PLANE('',#2947);
#2949=ORIENTED_EDGE('',*,*,#2836,.F.);
#2950=CARTESIAN_POINT('',(2.709222753,-1.5,7.530290127));
#2951=VERTEX_POINT('',#2950);
#2952=CARTESIAN_POINT('',(2.709222753,-4.5,7.530290127));
#2953=DIRECTION('',(-0.,1.,0.));
#2954=VECTOR('',#2953,48.);
#2955=LINE('',#2952,#2954);
#2956=EDGE_CURVE('',#2823,#2951,#2955,.T.);
#2957=ORIENTED_EDGE('',*,*,#2956,.T.);
#2958=CARTESIAN_POINT('',(1.709222753,-1.5,7.530290127));
#2959=DIRECTION('',(1.,0.,-0.));
#2960=VECTOR('',#2959,10.);
#2961=LINE('',#2958,#2960);
#2962=EDGE_CURVE('',#2919,#2951,#2961,.T.);
#2963=ORIENTED_EDGE('',*,*,#2962,.F.);
#2964=ORIENTED_EDGE('',*,*,#2924,.F.);
#2965=EDGE_LOOP('',(#2949,#2957,#2963,#2964));
#2966=FACE_BOUND('',#2965,.T.);
#2967=ADVANCED_FACE('',(#2966),#2948,.F.);
#2968=OVER_RIDING_STYLED_ITEM('',(#2291),#2967,#26);
#2969=CARTESIAN_POINT('',(1.274500278,-6.4,5.661410832));
#2970=DIRECTION('',(0.,-0.707106781,0.707106781));
#2971=DIRECTION('',(1.,0.,0.));
#2972=AXIS2_PLACEMENT_3D('',#2969,#2970,#2971);
#2973=PLANE('',#2972);
#2974=ORIENTED_EDGE('',*,*,#2365,.T.);
#2975=CARTESIAN_POINT('',(3.049000556,-6.3,5.761410832));
#2976=VERTEX_POINT('',#2975);
#2977=CARTESIAN_POINT('',(3.249000556,-6.5,5.561410832));
#2978=DIRECTION('',(-0.577350269,0.577350269,0.577350269));
#2979=VECTOR('',#2978,0.346410162);
#2980=LINE('',#2977,#2979);
#2981=EDGE_CURVE('',#2360,#2976,#2980,.T.);
#2982=ORIENTED_EDGE('',*,*,#2981,.T.);
#2983=CARTESIAN_POINT('',(2.049000556,-6.3,5.761410832));
#2984=VERTEX_POINT('',#2983);
#2985=CARTESIAN_POINT('',(19.01950306,-6.3,5.761410832));
#2986=DIRECTION('',(-1.,0.,0.));
#2987=VECTOR('',#2986,10.);
#2988=LINE('',#2985,#2987);
#2989=EDGE_CURVE('',#2976,#2984,#2988,.T.);
#2990=ORIENTED_EDGE('',*,*,#2989,.T.);
#2991=CARTESIAN_POINT('',(2.049000556,-6.3,5.761410832));
#2992=DIRECTION('',(-0.577350269,-0.577350269,-0.577350269));
#2993=VECTOR('',#2992,0.346410162);
#2994=LINE('',#2991,#2993);
#2995=EDGE_CURVE('',#2984,#2358,#2994,.T.);
#2996=ORIENTED_EDGE('',*,*,#2995,.T.);
#2997=EDGE_LOOP('',(#2974,#2982,#2990,#2996));
#2998=FACE_BOUND('',#2997,.T.);
#2999=ADVANCED_FACE('',(#2998),#2973,.T.);
#3000=CARTESIAN_POINT('',(3.149000556,-6.4,3.130705416));
#3001=DIRECTION('',(-0.707106781,-0.707106781,0.));
#3002=DIRECTION('',(0.,0.,1.));
#3003=AXIS2_PLACEMENT_3D('',#3000,#3001,#3002);
#3004=PLANE('',#3003);
#3005=ORIENTED_EDGE('',*,*,#2387,.T.);
#3006=CARTESIAN_POINT('',(3.049000556,-6.3,6.761410832));
#3007=VERTEX_POINT('',#3006);
#3008=CARTESIAN_POINT('',(3.249000556,-6.5,6.961410832));
#3009=DIRECTION('',(-0.577350269,0.577350269,-0.577350269));
#3010=VECTOR('',#3009,3.464101615);
#3011=LINE('',#3008,#3010);
#3012=EDGE_CURVE('',#2376,#3007,#3011,.T.);
#3013=ORIENTED_EDGE('',*,*,#3012,.T.);
#3014=CARTESIAN_POINT('',(3.049000556,-6.3,39.437759578));
#3015=DIRECTION('',(0.,0.,-1.));
#3016=VECTOR('',#3015,10.);
#3017=LINE('',#3014,#3016);
#3018=EDGE_CURVE('',#3007,#2976,#3017,.T.);
#3019=ORIENTED_EDGE('',*,*,#3018,.T.);
#3020=ORIENTED_EDGE('',*,*,#2981,.F.);
#3021=EDGE_LOOP('',(#3005,#3013,#3019,#3020));
#3022=FACE_BOUND('',#3021,.T.);
#3023=ADVANCED_FACE('',(#3022),#3004,.T.);
#3024=CARTESIAN_POINT('',(1.274500278,-6.4,6.861410832));
#3025=DIRECTION('',(0.,-0.707106781,-0.707106781));
#3026=DIRECTION('',(-1.,0.,0.));
#3027=AXIS2_PLACEMENT_3D('',#3024,#3025,#3026);
#3028=PLANE('',#3027);
#3029=ORIENTED_EDGE('',*,*,#2381,.T.);
#3030=CARTESIAN_POINT('',(2.049000556,-6.3,6.761410832));
#3031=VERTEX_POINT('',#3030);
#3032=CARTESIAN_POINT('',(1.849000556,-6.5,6.961410832));
#3033=DIRECTION('',(0.577350269,0.577350269,-0.577350269));
#3034=VECTOR('',#3033,3.464101615);
#3035=LINE('',#3032,#3034);
#3036=EDGE_CURVE('',#2368,#3031,#3035,.T.);
#3037=ORIENTED_EDGE('',*,*,#3036,.T.);
#3038=CARTESIAN_POINT('',(9.01950306,-6.3,6.761410832));
#3039=DIRECTION('',(1.,0.,-0.));
#3040=VECTOR('',#3039,10.);
#3041=LINE('',#3038,#3040);
#3042=EDGE_CURVE('',#3031,#3007,#3041,.T.);
#3043=ORIENTED_EDGE('',*,*,#3042,.T.);
#3044=ORIENTED_EDGE('',*,*,#3012,.F.);
#3045=EDGE_LOOP('',(#3029,#3037,#3043,#3044));
#3046=FACE_BOUND('',#3045,.T.);
#3047=ADVANCED_FACE('',(#3046),#3028,.T.);
#3048=CARTESIAN_POINT('',(1.949000556,-6.4,3.130705416));
#3049=DIRECTION('',(0.707106781,-0.707106781,0.));
#3050=DIRECTION('',(0.,0.,-1.));
#3051=AXIS2_PLACEMENT_3D('',#3048,#3049,#3050);
#3052=PLANE('',#3051);
#3053=ORIENTED_EDGE('',*,*,#2373,.T.);
#3054=ORIENTED_EDGE('',*,*,#2995,.F.);
#3055=CARTESIAN_POINT('',(2.049000556,-6.3,29.437759578));
#3056=DIRECTION('',(0.,0.,1.));
#3057=VECTOR('',#3056,10.);
#3058=LINE('',#3055,#3057);
#3059=EDGE_CURVE('',#2984,#3031,#3058,.T.);
#3060=ORIENTED_EDGE('',*,*,#3059,.T.);
#3061=ORIENTED_EDGE('',*,*,#3036,.F.);
#3062=EDGE_LOOP('',(#3053,#3054,#3060,#3061));
#3063=FACE_BOUND('',#3062,.T.);
#3064=ADVANCED_FACE('',(#3063),#3052,.T.);
#3065=CARTESIAN_POINT('',(2.049000556,-6.5,6.261410832));
#3066=DIRECTION('',(-1.,-0.,0.));
#3067=DIRECTION('',(0.,0.,1.));
#3068=AXIS2_PLACEMENT_3D('',#3065,#3066,#3067);
#3069=PLANE('',#3068);
#3070=ORIENTED_EDGE('',*,*,#3059,.F.);
#3071=CARTESIAN_POINT('',(2.049000556,-1.5,5.761410832));
#3072=VERTEX_POINT('',#3071);
#3073=CARTESIAN_POINT('',(2.049000556,-4.5,5.761410832));
#3074=DIRECTION('',(-0.,1.,0.));
#3075=VECTOR('',#3074,48.);
#3076=LINE('',#3073,#3075);
#3077=EDGE_CURVE('',#2984,#3072,#3076,.T.);
#3078=ORIENTED_EDGE('',*,*,#3077,.T.);
#3079=CARTESIAN_POINT('',(2.049000556,-1.5,6.761410832));
#3080=VERTEX_POINT('',#3079);
#3081=CARTESIAN_POINT('',(2.049000556,-1.5,6.761410832));
#3082=DIRECTION('',(0.,0.,-1.));
#3083=VECTOR('',#3082,10.);
#3084=LINE('',#3081,#3083);
#3085=EDGE_CURVE('',#3080,#3072,#3084,.T.);
#3086=ORIENTED_EDGE('',*,*,#3085,.F.);
#3087=CARTESIAN_POINT('',(2.049000556,-4.5,6.761410832));
#3088=DIRECTION('',(-0.,1.,0.));
#3089=VECTOR('',#3088,48.);
#3090=LINE('',#3087,#3089);
#3091=EDGE_CURVE('',#3031,#3080,#3090,.T.);
#3092=ORIENTED_EDGE('',*,*,#3091,.F.);
#3093=EDGE_LOOP('',(#3070,#3078,#3086,#3092));
#3094=FACE_BOUND('',#3093,.T.);
#3095=ADVANCED_FACE('',(#3094),#3069,.F.);
#3096=OVER_RIDING_STYLED_ITEM('',(#2291),#3095,#26);
#3097=CARTESIAN_POINT('',(2.549000556,-6.5,5.761410832));
#3098=DIRECTION('',(0.,0.,-1.));
#3099=DIRECTION('',(-1.,0.,0.));
#3100=AXIS2_PLACEMENT_3D('',#3097,#3098,#3099);
#3101=PLANE('',#3100);
#3102=ORIENTED_EDGE('',*,*,#2989,.F.);
#3103=CARTESIAN_POINT('',(3.049000556,-1.5,5.761410832));
#3104=VERTEX_POINT('',#3103);
#3105=CARTESIAN_POINT('',(3.049000556,-4.5,5.761410832));
#3106=DIRECTION('',(-0.,1.,0.));
#3107=VECTOR('',#3106,48.);
#3108=LINE('',#3105,#3107);
#3109=EDGE_CURVE('',#2976,#3104,#3108,.T.);
#3110=ORIENTED_EDGE('',*,*,#3109,.T.);
#3111=CARTESIAN_POINT('',(2.049000556,-1.5,5.761410832));
#3112=DIRECTION('',(1.,0.,-0.));
#3113=VECTOR('',#3112,10.);
#3114=LINE('',#3111,#3113);
#3115=EDGE_CURVE('',#3072,#3104,#3114,.T.);
#3116=ORIENTED_EDGE('',*,*,#3115,.F.);
#3117=ORIENTED_EDGE('',*,*,#3077,.F.);
#3118=EDGE_LOOP('',(#3102,#3110,#3116,#3117));
#3119=FACE_BOUND('',#3118,.T.);
#3120=ADVANCED_FACE('',(#3119),#3101,.F.);
#3121=OVER_RIDING_STYLED_ITEM('',(#2291),#3120,#26);
#3122=CARTESIAN_POINT('',(0.196530624,-6.4,5.661410832));
#3123=DIRECTION('',(0.,-0.707106781,0.707106781));
#3124=DIRECTION('',(1.,0.,0.));
#3125=AXIS2_PLACEMENT_3D('',#3122,#3123,#3124);
#3126=PLANE('',#3125);
#3127=ORIENTED_EDGE('',*,*,#2595,.T.);
#3128=CARTESIAN_POINT('',(0.893061249,-6.3,5.761410832));
#3129=VERTEX_POINT('',#3128);
#3130=CARTESIAN_POINT('',(1.093061249,-6.5,5.561410832));
#3131=DIRECTION('',(-0.577350269,0.577350269,0.577350269));
#3132=VECTOR('',#3131,0.346410162);
#3133=LINE('',#3130,#3132);
#3134=EDGE_CURVE('',#2590,#3129,#3133,.T.);
#3135=ORIENTED_EDGE('',*,*,#3134,.T.);
#3136=CARTESIAN_POINT('',(-0.106938751,-6.3,5.761410832));
#3137=VERTEX_POINT('',#3136);
#3138=CARTESIAN_POINT('',(7.161836868,-6.3,5.761410832));
#3139=DIRECTION('',(-1.,0.,0.));
#3140=VECTOR('',#3139,10.);
#3141=LINE('',#3138,#3140);
#3142=EDGE_CURVE('',#3129,#3137,#3141,.T.);
#3143=ORIENTED_EDGE('',*,*,#3142,.T.);
#3144=CARTESIAN_POINT('',(-0.106938751,-6.3,5.761410832));
#3145=DIRECTION('',(-0.577350269,-0.577350269,-0.577350269));
#3146=VECTOR('',#3145,3.464101615);
#3147=LINE('',#3144,#3146);
#3148=EDGE_CURVE('',#3137,#2588,#3147,.T.);
#3149=ORIENTED_EDGE('',*,*,#3148,.T.);
#3150=EDGE_LOOP('',(#3127,#3135,#3143,#3149));
#3151=FACE_BOUND('',#3150,.T.);
#3152=ADVANCED_FACE('',(#3151),#3126,.T.);
#3153=CARTESIAN_POINT('',(0.993061249,-6.4,3.130705416));
#3154=DIRECTION('',(-0.707106781,-0.707106781,0.));
#3155=DIRECTION('',(0.,0.,1.));
#3156=AXIS2_PLACEMENT_3D('',#3153,#3154,#3155);
#3157=PLANE('',#3156);
#3158=ORIENTED_EDGE('',*,*,#2617,.T.);
#3159=CARTESIAN_POINT('',(0.893061249,-6.3,6.761410832));
#3160=VERTEX_POINT('',#3159);
#3161=CARTESIAN_POINT('',(1.093061249,-6.5,6.961410832));
#3162=DIRECTION('',(-0.577350269,0.577350269,-0.577350269));
#3163=VECTOR('',#3162,3.464101615);
#3164=LINE('',#3161,#3163);
#3165=EDGE_CURVE('',#2606,#3160,#3164,.T.);
#3166=ORIENTED_EDGE('',*,*,#3165,.T.);
#3167=CARTESIAN_POINT('',(0.893061249,-6.3,39.437759578));
#3168=DIRECTION('',(0.,0.,-1.));
#3169=VECTOR('',#3168,10.);
#3170=LINE('',#3167,#3169);
#3171=EDGE_CURVE('',#3160,#3129,#3170,.T.);
#3172=ORIENTED_EDGE('',*,*,#3171,.T.);
#3173=ORIENTED_EDGE('',*,*,#3134,.F.);
#3174=EDGE_LOOP('',(#3158,#3166,#3172,#3173));
#3175=FACE_BOUND('',#3174,.T.);
#3176=ADVANCED_FACE('',(#3175),#3157,.T.);
#3177=CARTESIAN_POINT('',(0.196530624,-6.4,6.861410832));
#3178=DIRECTION('',(0.,-0.707106781,-0.707106781));
#3179=DIRECTION('',(-1.,0.,0.));
#3180=AXIS2_PLACEMENT_3D('',#3177,#3178,#3179);
#3181=PLANE('',#3180);
#3182=ORIENTED_EDGE('',*,*,#2611,.T.);
#3183=CARTESIAN_POINT('',(-0.106938751,-6.3,6.761410832));
#3184=VERTEX_POINT('',#3183);
#3185=CARTESIAN_POINT('',(-0.306938751,-6.5,6.961410832));
#3186=DIRECTION('',(0.577350269,0.577350269,-0.577350269));
#3187=VECTOR('',#3186,3.464101615);
#3188=LINE('',#3185,#3187);
#3189=EDGE_CURVE('',#2598,#3184,#3188,.T.);
#3190=ORIENTED_EDGE('',*,*,#3189,.T.);
#3191=CARTESIAN_POINT('',(-2.838163132,-6.3,6.761410832));
#3192=DIRECTION('',(1.,0.,-0.));
#3193=VECTOR('',#3192,10.);
#3194=LINE('',#3191,#3193);
#3195=EDGE_CURVE('',#3184,#3160,#3194,.T.);
#3196=ORIENTED_EDGE('',*,*,#3195,.T.);
#3197=ORIENTED_EDGE('',*,*,#3165,.F.);
#3198=EDGE_LOOP('',(#3182,#3190,#3196,#3197));
#3199=FACE_BOUND('',#3198,.T.);
#3200=ADVANCED_FACE('',(#3199),#3181,.T.);
#3201=CARTESIAN_POINT('',(-0.206938751,-6.4,3.130705416));
#3202=DIRECTION('',(0.707106781,-0.707106781,0.));
#3203=DIRECTION('',(0.,0.,-1.));
#3204=AXIS2_PLACEMENT_3D('',#3201,#3202,#3203);
#3205=PLANE('',#3204);
#3206=ORIENTED_EDGE('',*,*,#2603,.T.);
#3207=ORIENTED_EDGE('',*,*,#3148,.F.);
#3208=CARTESIAN_POINT('',(-0.106938751,-6.3,29.437759578));
#3209=DIRECTION('',(0.,0.,1.));
#3210=VECTOR('',#3209,10.);
#3211=LINE('',#3208,#3210);
#3212=EDGE_CURVE('',#3137,#3184,#3211,.T.);
#3213=ORIENTED_EDGE('',*,*,#3212,.T.);
#3214=ORIENTED_EDGE('',*,*,#3189,.F.);
#3215=EDGE_LOOP('',(#3206,#3207,#3213,#3214));
#3216=FACE_BOUND('',#3215,.T.);
#3217=ADVANCED_FACE('',(#3216),#3205,.T.);
#3218=CARTESIAN_POINT('',(-0.106938751,-6.5,6.261410832));
#3219=DIRECTION('',(-1.,-0.,0.));
#3220=DIRECTION('',(0.,0.,1.));
#3221=AXIS2_PLACEMENT_3D('',#3218,#3219,#3220);
#3222=PLANE('',#3221);
#3223=ORIENTED_EDGE('',*,*,#3212,.F.);
#3224=CARTESIAN_POINT('',(-0.106938751,-1.5,5.761410832));
#3225=VERTEX_POINT('',#3224);
#3226=CARTESIAN_POINT('',(-0.106938751,-4.5,5.761410832));
#3227=DIRECTION('',(-0.,1.,0.));
#3228=VECTOR('',#3227,48.);
#3229=LINE('',#3226,#3228);
#3230=EDGE_CURVE('',#3137,#3225,#3229,.T.);
#3231=ORIENTED_EDGE('',*,*,#3230,.T.);
#3232=CARTESIAN_POINT('',(-0.106938751,-1.5,6.761410832));
#3233=VERTEX_POINT('',#3232);
#3234=CARTESIAN_POINT('',(-0.106938751,-1.5,6.761410832));
#3235=DIRECTION('',(0.,0.,-1.));
#3236=VECTOR('',#3235,10.);
#3237=LINE('',#3234,#3236);
#3238=EDGE_CURVE('',#3233,#3225,#3237,.T.);
#3239=ORIENTED_EDGE('',*,*,#3238,.F.);
#3240=CARTESIAN_POINT('',(-0.106938751,-4.5,6.761410832));
#3241=DIRECTION('',(-0.,1.,0.));
#3242=VECTOR('',#3241,48.);
#3243=LINE('',#3240,#3242);
#3244=EDGE_CURVE('',#3184,#3233,#3243,.T.);
#3245=ORIENTED_EDGE('',*,*,#3244,.F.);
#3246=EDGE_LOOP('',(#3223,#3231,#3239,#3245));
#3247=FACE_BOUND('',#3246,.T.);
#3248=ADVANCED_FACE('',(#3247),#3222,.F.);
#3249=OVER_RIDING_STYLED_ITEM('',(#2291),#3248,#26);
#3250=CARTESIAN_POINT('',(0.393061249,-6.5,5.761410832));
#3251=DIRECTION('',(0.,0.,-1.));
#3252=DIRECTION('',(-1.,0.,0.));
#3253=AXIS2_PLACEMENT_3D('',#3250,#3251,#3252);
#3254=PLANE('',#3253);
#3255=ORIENTED_EDGE('',*,*,#3142,.F.);
#3256=CARTESIAN_POINT('',(0.893061249,-1.5,5.761410832));
#3257=VERTEX_POINT('',#3256);
#3258=CARTESIAN_POINT('',(0.893061249,-4.5,5.761410832));
#3259=DIRECTION('',(-0.,1.,0.));
#3260=VECTOR('',#3259,48.);
#3261=LINE('',#3258,#3260);
#3262=EDGE_CURVE('',#3129,#3257,#3261,.T.);
#3263=ORIENTED_EDGE('',*,*,#3262,.T.);
#3264=CARTESIAN_POINT('',(-0.106938751,-1.5,5.761410832));
#3265=DIRECTION('',(1.,0.,-0.));
#3266=VECTOR('',#3265,10.);
#3267=LINE('',#3264,#3266);
#3268=EDGE_CURVE('',#3225,#3257,#3267,.T.);
#3269=ORIENTED_EDGE('',*,*,#3268,.F.);
#3270=ORIENTED_EDGE('',*,*,#3230,.F.);
#3271=EDGE_LOOP('',(#3255,#3263,#3269,#3270));
#3272=FACE_BOUND('',#3271,.T.);
#3273=ADVANCED_FACE('',(#3272),#3254,.F.);
#3274=OVER_RIDING_STYLED_ITEM('',(#2291),#3273,#26);
#3275=CARTESIAN_POINT('',(-1.27974658,-6.4,5.661410832));
#3276=DIRECTION('',(0.,-0.707106781,0.707106781));
#3277=DIRECTION('',(1.,0.,0.));
#3278=AXIS2_PLACEMENT_3D('',#3275,#3276,#3277);
#3279=PLANE('',#3278);
#3280=ORIENTED_EDGE('',*,*,#2399,.T.);
#3281=CARTESIAN_POINT('',(-2.05949316,-6.3,5.761410832));
#3282=VERTEX_POINT('',#3281);
#3283=CARTESIAN_POINT('',(-1.85949316,-6.5,5.561410832));
#3284=DIRECTION('',(-0.577350269,0.577350269,0.577350269));
#3285=VECTOR('',#3284,0.346410162);
#3286=LINE('',#3283,#3285);
#3287=EDGE_CURVE('',#2394,#3282,#3286,.T.);
#3288=ORIENTED_EDGE('',*,*,#3287,.T.);
#3289=CARTESIAN_POINT('',(-3.05949316,-6.3,5.761410832));
#3290=VERTEX_POINT('',#3289);
#3291=CARTESIAN_POINT('',(-9.077212379,-6.3,5.761410832));
#3292=DIRECTION('',(-1.,0.,0.));
#3293=VECTOR('',#3292,10.);
#3294=LINE('',#3291,#3293);
#3295=EDGE_CURVE('',#3282,#3290,#3294,.T.);
#3296=ORIENTED_EDGE('',*,*,#3295,.T.);
#3297=CARTESIAN_POINT('',(-3.05949316,-6.3,5.761410832));
#3298=DIRECTION('',(-0.577350269,-0.577350269,-0.577350269));
#3299=VECTOR('',#3298,3.464101615);
#3300=LINE('',#3297,#3299);
#3301=EDGE_CURVE('',#3290,#2392,#3300,.T.);
#3302=ORIENTED_EDGE('',*,*,#3301,.T.);
#3303=EDGE_LOOP('',(#3280,#3288,#3296,#3302));
#3304=FACE_BOUND('',#3303,.T.);
#3305=ADVANCED_FACE('',(#3304),#3279,.T.);
#3306=CARTESIAN_POINT('',(-1.95949316,-6.4,3.130705416));
#3307=DIRECTION('',(-0.707106781,-0.707106781,0.));
#3308=DIRECTION('',(0.,0.,1.));
#3309=AXIS2_PLACEMENT_3D('',#3306,#3307,#3308);
#3310=PLANE('',#3309);
#3311=ORIENTED_EDGE('',*,*,#2421,.T.);
#3312=CARTESIAN_POINT('',(-2.05949316,-6.3,6.761410832));
#3313=VERTEX_POINT('',#3312);
#3314=CARTESIAN_POINT('',(-1.85949316,-6.5,6.961410832));
#3315=DIRECTION('',(-0.577350269,0.577350269,-0.577350269));
#3316=VECTOR('',#3315,3.464101615);
#3317=LINE('',#3314,#3316);
#3318=EDGE_CURVE('',#2410,#3313,#3317,.T.);
#3319=ORIENTED_EDGE('',*,*,#3318,.T.);
#3320=CARTESIAN_POINT('',(-2.05949316,-6.3,39.437759578));
#3321=DIRECTION('',(0.,0.,-1.));
#3322=VECTOR('',#3321,10.);
#3323=LINE('',#3320,#3322);
#3324=EDGE_CURVE('',#3313,#3282,#3323,.T.);
#3325=ORIENTED_EDGE('',*,*,#3324,.T.);
#3326=ORIENTED_EDGE('',*,*,#3287,.F.);
#3327=EDGE_LOOP('',(#3311,#3319,#3325,#3326));
#3328=FACE_BOUND('',#3327,.T.);
#3329=ADVANCED_FACE('',(#3328),#3310,.T.);
#3330=CARTESIAN_POINT('',(-1.27974658,-6.4,6.861410832));
#3331=DIRECTION('',(0.,-0.707106781,-0.707106781));
#3332=DIRECTION('',(-1.,0.,0.));
#3333=AXIS2_PLACEMENT_3D('',#3330,#3331,#3332);
#3334=PLANE('',#3333);
#3335=ORIENTED_EDGE('',*,*,#2415,.T.);
#3336=CARTESIAN_POINT('',(-3.05949316,-6.3,6.761410832));
#3337=VERTEX_POINT('',#3336);
#3338=CARTESIAN_POINT('',(-3.25949316,-6.5,6.961410832));
#3339=DIRECTION('',(0.577350269,0.577350269,-0.577350269));
#3340=VECTOR('',#3339,3.464101615);
#3341=LINE('',#3338,#3340);
#3342=EDGE_CURVE('',#2402,#3337,#3341,.T.);
#3343=ORIENTED_EDGE('',*,*,#3342,.T.);
#3344=CARTESIAN_POINT('',(-19.077212379,-6.3,6.761410832));
#3345=DIRECTION('',(1.,0.,-0.));
#3346=VECTOR('',#3345,10.);
#3347=LINE('',#3344,#3346);
#3348=EDGE_CURVE('',#3337,#3313,#3347,.T.);
#3349=ORIENTED_EDGE('',*,*,#3348,.T.);
#3350=ORIENTED_EDGE('',*,*,#3318,.F.);
#3351=EDGE_LOOP('',(#3335,#3343,#3349,#3350));
#3352=FACE_BOUND('',#3351,.T.);
#3353=ADVANCED_FACE('',(#3352),#3334,.T.);
#3354=CARTESIAN_POINT('',(-3.15949316,-6.4,3.130705416));
#3355=DIRECTION('',(0.707106781,-0.707106781,0.));
#3356=DIRECTION('',(0.,0.,-1.));
#3357=AXIS2_PLACEMENT_3D('',#3354,#3355,#3356);
#3358=PLANE('',#3357);
#3359=ORIENTED_EDGE('',*,*,#2407,.T.);
#3360=ORIENTED_EDGE('',*,*,#3301,.F.);
#3361=CARTESIAN_POINT('',(-3.05949316,-6.3,29.437759578));
#3362=DIRECTION('',(0.,0.,1.));
#3363=VECTOR('',#3362,10.);
#3364=LINE('',#3361,#3363);
#3365=EDGE_CURVE('',#3290,#3337,#3364,.T.);
#3366=ORIENTED_EDGE('',*,*,#3365,.T.);
#3367=ORIENTED_EDGE('',*,*,#3342,.F.);
#3368=EDGE_LOOP('',(#3359,#3360,#3366,#3367));
#3369=FACE_BOUND('',#3368,.T.);
#3370=ADVANCED_FACE('',(#3369),#3358,.T.);
#3371=CARTESIAN_POINT('',(-3.05949316,-6.5,6.261410832));
#3372=DIRECTION('',(-1.,-0.,0.));
#3373=DIRECTION('',(0.,0.,1.));
#3374=AXIS2_PLACEMENT_3D('',#3371,#3372,#3373);
#3375=PLANE('',#3374);
#3376=ORIENTED_EDGE('',*,*,#3365,.F.);
#3377=CARTESIAN_POINT('',(-3.05949316,-1.5,5.761410832));
#3378=VERTEX_POINT('',#3377);
#3379=CARTESIAN_POINT('',(-3.05949316,-4.5,5.761410832));
#3380=DIRECTION('',(-0.,1.,0.));
#3381=VECTOR('',#3380,48.);
#3382=LINE('',#3379,#3381);
#3383=EDGE_CURVE('',#3290,#3378,#3382,.T.);
#3384=ORIENTED_EDGE('',*,*,#3383,.T.);
#3385=CARTESIAN_POINT('',(-3.05949316,-1.5,6.761410832));
#3386=VERTEX_POINT('',#3385);
#3387=CARTESIAN_POINT('',(-3.05949316,-1.5,6.761410832));
#3388=DIRECTION('',(0.,0.,-1.));
#3389=VECTOR('',#3388,10.);
#3390=LINE('',#3387,#3389);
#3391=EDGE_CURVE('',#3386,#3378,#3390,.T.);
#3392=ORIENTED_EDGE('',*,*,#3391,.F.);
#3393=CARTESIAN_POINT('',(-3.05949316,-4.5,6.761410832));
#3394=DIRECTION('',(-0.,1.,0.));
#3395=VECTOR('',#3394,48.);
#3396=LINE('',#3393,#3395);
#3397=EDGE_CURVE('',#3337,#3386,#3396,.T.);
#3398=ORIENTED_EDGE('',*,*,#3397,.F.);
#3399=EDGE_LOOP('',(#3376,#3384,#3392,#3398));
#3400=FACE_BOUND('',#3399,.T.);
#3401=ADVANCED_FACE('',(#3400),#3375,.F.);
#3402=OVER_RIDING_STYLED_ITEM('',(#2291),#3401,#26);
#3403=CARTESIAN_POINT('',(-2.55949316,-6.5,5.761410832));
#3404=DIRECTION('',(0.,0.,-1.));
#3405=DIRECTION('',(-1.,0.,0.));
#3406=AXIS2_PLACEMENT_3D('',#3403,#3404,#3405);
#3407=PLANE('',#3406);
#3408=ORIENTED_EDGE('',*,*,#3295,.F.);
#3409=CARTESIAN_POINT('',(-2.05949316,-1.5,5.761410832));
#3410=VERTEX_POINT('',#3409);
#3411=CARTESIAN_POINT('',(-2.05949316,-4.5,5.761410832));
#3412=DIRECTION('',(-0.,1.,0.));
#3413=VECTOR('',#3412,48.);
#3414=LINE('',#3411,#3413);
#3415=EDGE_CURVE('',#3282,#3410,#3414,.T.);
#3416=ORIENTED_EDGE('',*,*,#3415,.T.);
#3417=CARTESIAN_POINT('',(-3.05949316,-1.5,5.761410832));
#3418=DIRECTION('',(1.,0.,-0.));
#3419=VECTOR('',#3418,10.);
#3420=LINE('',#3417,#3419);
#3421=EDGE_CURVE('',#3378,#3410,#3420,.T.);
#3422=ORIENTED_EDGE('',*,*,#3421,.F.);
#3423=ORIENTED_EDGE('',*,*,#3383,.F.);
#3424=EDGE_LOOP('',(#3408,#3416,#3422,#3423));
#3425=FACE_BOUND('',#3424,.T.);
#3426=ADVANCED_FACE('',(#3425),#3407,.F.);
#3427=OVER_RIDING_STYLED_ITEM('',(#2291),#3426,#26);
#3428=CARTESIAN_POINT('',(0.439812303,-6.4,3.510708058));
#3429=DIRECTION('',(0.,-0.707106781,0.707106781));
#3430=DIRECTION('',(1.,0.,0.));
#3431=AXIS2_PLACEMENT_3D('',#3428,#3429,#3430);
#3432=PLANE('',#3431);
#3433=ORIENTED_EDGE('',*,*,#2561,.T.);
#3434=CARTESIAN_POINT('',(1.379624605,-6.3,3.610708058));
#3435=VERTEX_POINT('',#3434);
#3436=CARTESIAN_POINT('',(1.579624605,-6.5,3.410708058));
#3437=DIRECTION('',(-0.577350269,0.577350269,0.577350269));
#3438=VECTOR('',#3437,0.346410162);
#3439=LINE('',#3436,#3438);
#3440=EDGE_CURVE('',#2556,#3435,#3439,.T.);
#3441=ORIENTED_EDGE('',*,*,#3440,.T.);
#3442=CARTESIAN_POINT('',(0.379624605,-6.3,3.610708058));
#3443=VERTEX_POINT('',#3442);
#3444=CARTESIAN_POINT('',(9.837935328,-6.3,3.610708058));
#3445=DIRECTION('',(-1.,0.,0.));
#3446=VECTOR('',#3445,10.);
#3447=LINE('',#3444,#3446);
#3448=EDGE_CURVE('',#3435,#3443,#3447,.T.);
#3449=ORIENTED_EDGE('',*,*,#3448,.T.);
#3450=CARTESIAN_POINT('',(0.379624605,-6.3,3.610708058));
#3451=DIRECTION('',(-0.577350269,-0.577350269,-0.577350269));
#3452=VECTOR('',#3451,3.464101615);
#3453=LINE('',#3450,#3452);
#3454=EDGE_CURVE('',#3443,#2554,#3453,.T.);
#3455=ORIENTED_EDGE('',*,*,#3454,.T.);
#3456=EDGE_LOOP('',(#3433,#3441,#3449,#3455));
#3457=FACE_BOUND('',#3456,.T.);
#3458=ADVANCED_FACE('',(#3457),#3432,.T.);
#3459=CARTESIAN_POINT('',(1.479624605,-6.4,2.055354029));
#3460=DIRECTION('',(-0.707106781,-0.707106781,0.));
#3461=DIRECTION('',(0.,0.,1.));
#3462=AXIS2_PLACEMENT_3D('',#3459,#3460,#3461);
#3463=PLANE('',#3462);
#3464=ORIENTED_EDGE('',*,*,#2583,.T.);
#3465=CARTESIAN_POINT('',(1.379624605,-6.3,4.610708058));
#3466=VERTEX_POINT('',#3465);
#3467=CARTESIAN_POINT('',(1.579624605,-6.5,4.810708058));
#3468=DIRECTION('',(-0.577350269,0.577350269,-0.577350269));
#3469=VECTOR('',#3468,3.464101615);
#3470=LINE('',#3467,#3469);
#3471=EDGE_CURVE('',#2572,#3466,#3470,.T.);
#3472=ORIENTED_EDGE('',*,*,#3471,.T.);
#3473=CARTESIAN_POINT('',(1.379624605,-6.3,27.608894318));
#3474=DIRECTION('',(0.,0.,-1.));
#3475=VECTOR('',#3474,10.);
#3476=LINE('',#3473,#3475);
#3477=EDGE_CURVE('',#3466,#3435,#3476,.T.);
#3478=ORIENTED_EDGE('',*,*,#3477,.T.);
#3479=ORIENTED_EDGE('',*,*,#3440,.F.);
#3480=EDGE_LOOP('',(#3464,#3472,#3478,#3479));
#3481=FACE_BOUND('',#3480,.T.);
#3482=ADVANCED_FACE('',(#3481),#3463,.T.);
#3483=CARTESIAN_POINT('',(0.279624605,-6.4,2.055354029));
#3484=DIRECTION('',(0.707106781,-0.707106781,0.));
#3485=DIRECTION('',(0.,0.,-1.));
#3486=AXIS2_PLACEMENT_3D('',#3483,#3484,#3485);
#3487=PLANE('',#3486);
#3488=ORIENTED_EDGE('',*,*,#2569,.T.);
#3489=ORIENTED_EDGE('',*,*,#3454,.F.);
#3490=CARTESIAN_POINT('',(0.379624605,-6.3,4.610708058));
#3491=VERTEX_POINT('',#3490);
#3492=CARTESIAN_POINT('',(0.379624605,-6.3,17.608894318));
#3493=DIRECTION('',(0.,0.,1.));
#3494=VECTOR('',#3493,10.);
#3495=LINE('',#3492,#3494);
#3496=EDGE_CURVE('',#3443,#3491,#3495,.T.);
#3497=ORIENTED_EDGE('',*,*,#3496,.T.);
#3498=CARTESIAN_POINT('',(0.179624605,-6.5,4.810708058));
#3499=DIRECTION('',(0.577350269,0.577350269,-0.577350269));
#3500=VECTOR('',#3499,0.346410162);
#3501=LINE('',#3498,#3500);
#3502=EDGE_CURVE('',#2564,#3491,#3501,.T.);
#3503=ORIENTED_EDGE('',*,*,#3502,.F.);
#3504=EDGE_LOOP('',(#3488,#3489,#3497,#3503));
#3505=FACE_BOUND('',#3504,.T.);
#3506=ADVANCED_FACE('',(#3505),#3487,.T.);
#3507=CARTESIAN_POINT('',(0.439812303,-6.4,4.710708058));
#3508=DIRECTION('',(0.,-0.707106781,-0.707106781));
#3509=DIRECTION('',(-1.,0.,0.));
#3510=AXIS2_PLACEMENT_3D('',#3507,#3508,#3509);
#3511=PLANE('',#3510);
#3512=ORIENTED_EDGE('',*,*,#2577,.T.);
#3513=ORIENTED_EDGE('',*,*,#3502,.T.);
#3514=CARTESIAN_POINT('',(-0.162064672,-6.3,4.610708058));
#3515=DIRECTION('',(1.,0.,-0.));
#3516=VECTOR('',#3515,10.);
#3517=LINE('',#3514,#3516);
#3518=EDGE_CURVE('',#3491,#3466,#3517,.T.);
#3519=ORIENTED_EDGE('',*,*,#3518,.T.);
#3520=ORIENTED_EDGE('',*,*,#3471,.F.);
#3521=EDGE_LOOP('',(#3512,#3513,#3519,#3520));
#3522=FACE_BOUND('',#3521,.T.);
#3523=ADVANCED_FACE('',(#3522),#3511,.T.);
#3524=CARTESIAN_POINT('',(0.379624605,-6.5,4.110708058));
#3525=DIRECTION('',(-1.,-0.,0.));
#3526=DIRECTION('',(0.,0.,1.));
#3527=AXIS2_PLACEMENT_3D('',#3524,#3525,#3526);
#3528=PLANE('',#3527);
#3529=ORIENTED_EDGE('',*,*,#3496,.F.);
#3530=CARTESIAN_POINT('',(0.379624605,-1.5,3.610708058));
#3531=VERTEX_POINT('',#3530);
#3532=CARTESIAN_POINT('',(0.379624605,-4.5,3.610708058));
#3533=DIRECTION('',(-0.,1.,0.));
#3534=VECTOR('',#3533,48.);
#3535=LINE('',#3532,#3534);
#3536=EDGE_CURVE('',#3443,#3531,#3535,.T.);
#3537=ORIENTED_EDGE('',*,*,#3536,.T.);
#3538=CARTESIAN_POINT('',(0.379624605,-1.5,4.610708058));
#3539=VERTEX_POINT('',#3538);
#3540=CARTESIAN_POINT('',(0.379624605,-1.5,4.610708058));
#3541=DIRECTION('',(0.,0.,-1.));
#3542=VECTOR('',#3541,10.);
#3543=LINE('',#3540,#3542);
#3544=EDGE_CURVE('',#3539,#3531,#3543,.T.);
#3545=ORIENTED_EDGE('',*,*,#3544,.F.);
#3546=CARTESIAN_POINT('',(0.379624605,-4.5,4.610708058));
#3547=DIRECTION('',(-0.,1.,0.));
#3548=VECTOR('',#3547,48.);
#3549=LINE('',#3546,#3548);
#3550=EDGE_CURVE('',#3491,#3539,#3549,.T.);
#3551=ORIENTED_EDGE('',*,*,#3550,.F.);
#3552=EDGE_LOOP('',(#3529,#3537,#3545,#3551));
#3553=FACE_BOUND('',#3552,.T.);
#3554=ADVANCED_FACE('',(#3553),#3528,.F.);
#3555=OVER_RIDING_STYLED_ITEM('',(#2291),#3554,#26);
#3556=CARTESIAN_POINT('',(0.879624605,-6.5,3.610708058));
#3557=DIRECTION('',(0.,0.,-1.));
#3558=DIRECTION('',(-1.,0.,0.));
#3559=AXIS2_PLACEMENT_3D('',#3556,#3557,#3558);
#3560=PLANE('',#3559);
#3561=ORIENTED_EDGE('',*,*,#3448,.F.);
#3562=CARTESIAN_POINT('',(1.379624605,-1.5,3.610708058));
#3563=VERTEX_POINT('',#3562);
#3564=CARTESIAN_POINT('',(1.379624605,-4.5,3.610708058));
#3565=DIRECTION('',(-0.,1.,0.));
#3566=VECTOR('',#3565,48.);
#3567=LINE('',#3564,#3566);
#3568=EDGE_CURVE('',#3435,#3563,#3567,.T.);
#3569=ORIENTED_EDGE('',*,*,#3568,.T.);
#3570=CARTESIAN_POINT('',(0.379624605,-1.5,3.610708058));
#3571=DIRECTION('',(1.,0.,-0.));
#3572=VECTOR('',#3571,10.);
#3573=LINE('',#3570,#3572);
#3574=EDGE_CURVE('',#3531,#3563,#3573,.T.);
#3575=ORIENTED_EDGE('',*,*,#3574,.F.);
#3576=ORIENTED_EDGE('',*,*,#3536,.F.);
#3577=EDGE_LOOP('',(#3561,#3569,#3575,#3576));
#3578=FACE_BOUND('',#3577,.T.);
#3579=ADVANCED_FACE('',(#3578),#3560,.F.);
#3580=OVER_RIDING_STYLED_ITEM('',(#2291),#3579,#26);
#3581=CARTESIAN_POINT('',(-0.484054744,-6.4,3.510708058));
#3582=DIRECTION('',(0.,-0.707106781,0.707106781));
#3583=DIRECTION('',(1.,0.,0.));
#3584=AXIS2_PLACEMENT_3D('',#3581,#3582,#3583);
#3585=PLANE('',#3584);
#3586=ORIENTED_EDGE('',*,*,#2433,.T.);
#3587=CARTESIAN_POINT('',(-0.468109488,-6.3,3.610708058));
#3588=VERTEX_POINT('',#3587);
#3589=CARTESIAN_POINT('',(-0.268109488,-6.5,3.410708058));
#3590=DIRECTION('',(-0.577350269,0.577350269,0.577350269));
#3591=VECTOR('',#3590,0.346410162);
#3592=LINE('',#3589,#3591);
#3593=EDGE_CURVE('',#2428,#3588,#3592,.T.);
#3594=ORIENTED_EDGE('',*,*,#3593,.T.);
#3595=CARTESIAN_POINT('',(-1.468109488,-6.3,3.610708058));
#3596=VERTEX_POINT('',#3595);
#3597=CARTESIAN_POINT('',(-0.324602187,-6.3,3.610708058));
#3598=DIRECTION('',(-1.,0.,0.));
#3599=VECTOR('',#3598,10.);
#3600=LINE('',#3597,#3599);
#3601=EDGE_CURVE('',#3588,#3596,#3600,.T.);
#3602=ORIENTED_EDGE('',*,*,#3601,.T.);
#3603=CARTESIAN_POINT('',(-1.468109488,-6.3,3.610708058));
#3604=DIRECTION('',(-0.577350269,-0.577350269,-0.577350269));
#3605=VECTOR('',#3604,0.346410162);
#3606=LINE('',#3603,#3605);
#3607=EDGE_CURVE('',#3596,#2426,#3606,.T.);
#3608=ORIENTED_EDGE('',*,*,#3607,.T.);
#3609=EDGE_LOOP('',(#3586,#3594,#3602,#3608));
#3610=FACE_BOUND('',#3609,.T.);
#3611=ADVANCED_FACE('',(#3610),#3585,.T.);
#3612=CARTESIAN_POINT('',(-0.368109488,-6.4,2.055354029));
#3613=DIRECTION('',(-0.707106781,-0.707106781,0.));
#3614=DIRECTION('',(0.,0.,1.));
#3615=AXIS2_PLACEMENT_3D('',#3612,#3613,#3614);
#3616=PLANE('',#3615);
#3617=ORIENTED_EDGE('',*,*,#2455,.T.);
#3618=CARTESIAN_POINT('',(-0.468109488,-6.3,4.610708058));
#3619=VERTEX_POINT('',#3618);
#3620=CARTESIAN_POINT('',(-0.268109488,-6.5,4.810708058));
#3621=DIRECTION('',(-0.577350269,0.577350269,-0.577350269));
#3622=VECTOR('',#3621,3.464101615);
#3623=LINE('',#3620,#3622);
#3624=EDGE_CURVE('',#2444,#3619,#3623,.T.);
#3625=ORIENTED_EDGE('',*,*,#3624,.T.);
#3626=CARTESIAN_POINT('',(-0.468109488,-6.3,27.608894318));
#3627=DIRECTION('',(0.,0.,-1.));
#3628=VECTOR('',#3627,10.);
#3629=LINE('',#3626,#3628);
#3630=EDGE_CURVE('',#3619,#3588,#3629,.T.);
#3631=ORIENTED_EDGE('',*,*,#3630,.T.);
#3632=ORIENTED_EDGE('',*,*,#3593,.F.);
#3633=EDGE_LOOP('',(#3617,#3625,#3631,#3632));
#3634=FACE_BOUND('',#3633,.T.);
#3635=ADVANCED_FACE('',(#3634),#3616,.T.);
#3636=CARTESIAN_POINT('',(-1.568109488,-6.4,2.055354029));
#3637=DIRECTION('',(0.707106781,-0.707106781,0.));
#3638=DIRECTION('',(0.,0.,-1.));
#3639=AXIS2_PLACEMENT_3D('',#3636,#3637,#3638);
#3640=PLANE('',#3639);
#3641=ORIENTED_EDGE('',*,*,#2441,.T.);
#3642=ORIENTED_EDGE('',*,*,#3607,.F.);
#3643=CARTESIAN_POINT('',(-1.468109488,-6.3,4.610708058));
#3644=VERTEX_POINT('',#3643);
#3645=CARTESIAN_POINT('',(-1.468109488,-6.3,17.608894318));
#3646=DIRECTION('',(0.,0.,1.));
#3647=VECTOR('',#3646,10.);
#3648=LINE('',#3645,#3647);
#3649=EDGE_CURVE('',#3596,#3644,#3648,.T.);
#3650=ORIENTED_EDGE('',*,*,#3649,.T.);
#3651=CARTESIAN_POINT('',(-1.668109488,-6.5,4.810708058));
#3652=DIRECTION('',(0.577350269,0.577350269,-0.577350269));
#3653=VECTOR('',#3652,3.464101615);
#3654=LINE('',#3651,#3653);
#3655=EDGE_CURVE('',#2436,#3644,#3654,.T.);
#3656=ORIENTED_EDGE('',*,*,#3655,.F.);
#3657=EDGE_LOOP('',(#3641,#3642,#3650,#3656));
#3658=FACE_BOUND('',#3657,.T.);
#3659=ADVANCED_FACE('',(#3658),#3640,.T.);
#3660=CARTESIAN_POINT('',(-0.484054744,-6.4,4.710708058));
#3661=DIRECTION('',(0.,-0.707106781,-0.707106781));
#3662=DIRECTION('',(-1.,0.,0.));
#3663=AXIS2_PLACEMENT_3D('',#3660,#3661,#3662);
#3664=PLANE('',#3663);
#3665=ORIENTED_EDGE('',*,*,#2449,.T.);
#3666=ORIENTED_EDGE('',*,*,#3655,.T.);
#3667=CARTESIAN_POINT('',(-10.324602187,-6.3,4.610708058));
#3668=DIRECTION('',(1.,0.,-0.));
#3669=VECTOR('',#3668,10.);
#3670=LINE('',#3667,#3669);
#3671=EDGE_CURVE('',#3644,#3619,#3670,.T.);
#3672=ORIENTED_EDGE('',*,*,#3671,.T.);
#3673=ORIENTED_EDGE('',*,*,#3624,.F.);
#3674=EDGE_LOOP('',(#3665,#3666,#3672,#3673));
#3675=FACE_BOUND('',#3674,.T.);
#3676=ADVANCED_FACE('',(#3675),#3664,.T.);
#3677=CARTESIAN_POINT('',(-1.468109488,-6.5,4.110708058));
#3678=DIRECTION('',(-1.,-0.,0.));
#3679=DIRECTION('',(0.,0.,1.));
#3680=AXIS2_PLACEMENT_3D('',#3677,#3678,#3679);
#3681=PLANE('',#3680);
#3682=ORIENTED_EDGE('',*,*,#3649,.F.);
#3683=CARTESIAN_POINT('',(-1.468109488,-1.5,3.610708058));
#3684=VERTEX_POINT('',#3683);
#3685=CARTESIAN_POINT('',(-1.468109488,-4.5,3.610708058));
#3686=DIRECTION('',(-0.,1.,0.));
#3687=VECTOR('',#3686,48.);
#3688=LINE('',#3685,#3687);
#3689=EDGE_CURVE('',#3596,#3684,#3688,.T.);
#3690=ORIENTED_EDGE('',*,*,#3689,.T.);
#3691=CARTESIAN_POINT('',(-1.468109488,-1.5,4.610708058));
#3692=VERTEX_POINT('',#3691);
#3693=CARTESIAN_POINT('',(-1.468109488,-1.5,4.610708058));
#3694=DIRECTION('',(0.,0.,-1.));
#3695=VECTOR('',#3694,10.);
#3696=LINE('',#3693,#3695);
#3697=EDGE_CURVE('',#3692,#3684,#3696,.T.);
#3698=ORIENTED_EDGE('',*,*,#3697,.F.);
#3699=CARTESIAN_POINT('',(-1.468109488,-4.5,4.610708058));
#3700=DIRECTION('',(-0.,1.,0.));
#3701=VECTOR('',#3700,48.);
#3702=LINE('',#3699,#3701);
#3703=EDGE_CURVE('',#3644,#3692,#3702,.T.);
#3704=ORIENTED_EDGE('',*,*,#3703,.F.);
#3705=EDGE_LOOP('',(#3682,#3690,#3698,#3704));
#3706=FACE_BOUND('',#3705,.T.);
#3707=ADVANCED_FACE('',(#3706),#3681,.F.);
#3708=OVER_RIDING_STYLED_ITEM('',(#2291),#3707,#26);
#3709=CARTESIAN_POINT('',(-0.968109488,-6.5,3.610708058));
#3710=DIRECTION('',(0.,0.,-1.));
#3711=DIRECTION('',(-1.,0.,0.));
#3712=AXIS2_PLACEMENT_3D('',#3709,#3710,#3711);
#3713=PLANE('',#3712);
#3714=ORIENTED_EDGE('',*,*,#3601,.F.);
#3715=CARTESIAN_POINT('',(-0.468109488,-1.5,3.610708058));
#3716=VERTEX_POINT('',#3715);
#3717=CARTESIAN_POINT('',(-0.468109488,-4.5,3.610708058));
#3718=DIRECTION('',(-0.,1.,0.));
#3719=VECTOR('',#3718,48.);
#3720=LINE('',#3717,#3719);
#3721=EDGE_CURVE('',#3588,#3716,#3720,.T.);
#3722=ORIENTED_EDGE('',*,*,#3721,.T.);
#3723=CARTESIAN_POINT('',(-1.468109488,-1.5,3.610708058));
#3724=DIRECTION('',(1.,0.,-0.));
#3725=VECTOR('',#3724,10.);
#3726=LINE('',#3723,#3725);
#3727=EDGE_CURVE('',#3684,#3716,#3726,.T.);
#3728=ORIENTED_EDGE('',*,*,#3727,.F.);
#3729=ORIENTED_EDGE('',*,*,#3689,.F.);
#3730=EDGE_LOOP('',(#3714,#3722,#3728,#3729));
#3731=FACE_BOUND('',#3730,.T.);
#3732=ADVANCED_FACE('',(#3731),#3713,.F.);
#3733=OVER_RIDING_STYLED_ITEM('',(#2291),#3732,#26);
#3734=CARTESIAN_POINT('',(-1.572004982,-6.5,8.030290127));
#3735=DIRECTION('',(1.,0.,0.));
#3736=DIRECTION('',(0.,0.,-1.));
#3737=AXIS2_PLACEMENT_3D('',#3734,#3735,#3736);
#3738=PLANE('',#3737);
#3739=ORIENTED_EDGE('',*,*,#2195,.F.);
#3740=CARTESIAN_POINT('',(-1.572004982,-1.5,8.530290127));
#3741=VERTEX_POINT('',#3740);
#3742=CARTESIAN_POINT('',(-1.572004982,-4.5,8.530290127));
#3743=DIRECTION('',(-0.,1.,0.));
#3744=VECTOR('',#3743,48.);
#3745=LINE('',#3742,#3744);
#3746=EDGE_CURVE('',#2184,#3741,#3745,.T.);
#3747=ORIENTED_EDGE('',*,*,#3746,.T.);
#3748=CARTESIAN_POINT('',(-1.572004982,-1.5,7.530290127));
#3749=DIRECTION('',(0.,0.,1.));
#3750=VECTOR('',#3749,10.);
#3751=LINE('',#3748,#3750);
#3752=EDGE_CURVE('',#2300,#3741,#3751,.T.);
#3753=ORIENTED_EDGE('',*,*,#3752,.F.);
#3754=ORIENTED_EDGE('',*,*,#2305,.F.);
#3755=EDGE_LOOP('',(#3739,#3747,#3753,#3754));
#3756=FACE_BOUND('',#3755,.T.);
#3757=ADVANCED_FACE('',(#3756),#3738,.F.);
#3758=OVER_RIDING_STYLED_ITEM('',(#2291),#3757,#26);
#3759=CARTESIAN_POINT('',(-2.072004982,-6.5,8.530290127));
#3760=DIRECTION('',(0.,0.,1.));
#3761=DIRECTION('',(1.,0.,0.));
#3762=AXIS2_PLACEMENT_3D('',#3759,#3760,#3761);
#3763=PLANE('',#3762);
#3764=ORIENTED_EDGE('',*,*,#2226,.F.);
#3765=ORIENTED_EDGE('',*,*,#2280,.T.);
#3766=CARTESIAN_POINT('',(-1.572004982,-1.5,8.530290127));
#3767=DIRECTION('',(-1.,0.,0.));
#3768=VECTOR('',#3767,10.);
#3769=LINE('',#3766,#3768);
#3770=EDGE_CURVE('',#3741,#2269,#3769,.T.);
#3771=ORIENTED_EDGE('',*,*,#3770,.F.);
#3772=ORIENTED_EDGE('',*,*,#3746,.F.);
#3773=EDGE_LOOP('',(#3764,#3765,#3771,#3772));
#3774=FACE_BOUND('',#3773,.T.);
#3775=ADVANCED_FACE('',(#3774),#3763,.F.);
#3776=OVER_RIDING_STYLED_ITEM('',(#2291),#3775,#26);
#3777=CARTESIAN_POINT('',(-2.072004982,-1.5,8.030290127));
#3778=DIRECTION('',(-0.,1.,-0.));
#3779=DIRECTION('',(0.,0.,1.));
#3780=AXIS2_PLACEMENT_3D('',#3777,#3778,#3779);
#3781=PLANE('',#3780);
#3782=ORIENTED_EDGE('',*,*,#2311,.T.);
#3783=ORIENTED_EDGE('',*,*,#3752,.T.);
#3784=ORIENTED_EDGE('',*,*,#3770,.T.);
#3785=ORIENTED_EDGE('',*,*,#2274,.T.);
#3786=EDGE_LOOP('',(#3782,#3783,#3784,#3785));
#3787=FACE_BOUND('',#3786,.T.);
#3788=ADVANCED_FACE('',(#3787),#3781,.F.);
#3789=OVER_RIDING_STYLED_ITEM('',(#2291),#3788,#26);
#3790=CARTESIAN_POINT('',(2.709222753,-6.5,8.030290127));
#3791=DIRECTION('',(1.,0.,0.));
#3792=DIRECTION('',(0.,0.,-1.));
#3793=AXIS2_PLACEMENT_3D('',#3790,#3791,#3792);
#3794=PLANE('',#3793);
#3795=ORIENTED_EDGE('',*,*,#2865,.F.);
#3796=CARTESIAN_POINT('',(2.709222753,-1.5,8.530290127));
#3797=VERTEX_POINT('',#3796);
#3798=CARTESIAN_POINT('',(2.709222753,-4.5,8.530290127));
#3799=DIRECTION('',(-0.,1.,0.));
#3800=VECTOR('',#3799,48.);
#3801=LINE('',#3798,#3800);
#3802=EDGE_CURVE('',#2854,#3797,#3801,.T.);
#3803=ORIENTED_EDGE('',*,*,#3802,.T.);
#3804=CARTESIAN_POINT('',(2.709222753,-1.5,7.530290127));
#3805=DIRECTION('',(0.,0.,1.));
#3806=VECTOR('',#3805,10.);
#3807=LINE('',#3804,#3806);
#3808=EDGE_CURVE('',#2951,#3797,#3807,.T.);
#3809=ORIENTED_EDGE('',*,*,#3808,.F.);
#3810=ORIENTED_EDGE('',*,*,#2956,.F.);
#3811=EDGE_LOOP('',(#3795,#3803,#3809,#3810));
#3812=FACE_BOUND('',#3811,.T.);
#3813=ADVANCED_FACE('',(#3812),#3794,.F.);
#3814=OVER_RIDING_STYLED_ITEM('',(#2291),#3813,#26);
#3815=CARTESIAN_POINT('',(2.209222753,-6.5,8.530290127));
#3816=DIRECTION('',(0.,0.,1.));
#3817=DIRECTION('',(1.,0.,0.));
#3818=AXIS2_PLACEMENT_3D('',#3815,#3816,#3817);
#3819=PLANE('',#3818);
#3820=ORIENTED_EDGE('',*,*,#2889,.F.);
#3821=ORIENTED_EDGE('',*,*,#2938,.T.);
#3822=CARTESIAN_POINT('',(2.709222753,-1.5,8.530290127));
#3823=DIRECTION('',(-1.,0.,0.));
#3824=VECTOR('',#3823,10.);
#3825=LINE('',#3822,#3824);
#3826=EDGE_CURVE('',#3797,#2927,#3825,.T.);
#3827=ORIENTED_EDGE('',*,*,#3826,.F.);
#3828=ORIENTED_EDGE('',*,*,#3802,.F.);
#3829=EDGE_LOOP('',(#3820,#3821,#3827,#3828));
#3830=FACE_BOUND('',#3829,.T.);
#3831=ADVANCED_FACE('',(#3830),#3819,.F.);
#3832=OVER_RIDING_STYLED_ITEM('',(#2291),#3831,#26);
#3833=CARTESIAN_POINT('',(2.209222753,-1.5,8.030290127));
#3834=DIRECTION('',(-0.,1.,-0.));
#3835=DIRECTION('',(0.,0.,1.));
#3836=AXIS2_PLACEMENT_3D('',#3833,#3834,#3835);
#3837=PLANE('',#3836);
#3838=ORIENTED_EDGE('',*,*,#2962,.T.);
#3839=ORIENTED_EDGE('',*,*,#3808,.T.);
#3840=ORIENTED_EDGE('',*,*,#3826,.T.);
#3841=ORIENTED_EDGE('',*,*,#2932,.T.);
#3842=EDGE_LOOP('',(#3838,#3839,#3840,#3841));
#3843=FACE_BOUND('',#3842,.T.);
#3844=ADVANCED_FACE('',(#3843),#3837,.F.);
#3845=OVER_RIDING_STYLED_ITEM('',(#2291),#3844,#26);
#3846=CARTESIAN_POINT('',(0.893061249,-6.5,6.261410832));
#3847=DIRECTION('',(1.,0.,0.));
#3848=DIRECTION('',(0.,0.,-1.));
#3849=AXIS2_PLACEMENT_3D('',#3846,#3847,#3848);
#3850=PLANE('',#3849);
#3851=ORIENTED_EDGE('',*,*,#3171,.F.);
#3852=CARTESIAN_POINT('',(0.893061249,-1.5,6.761410832));
#3853=VERTEX_POINT('',#3852);
#3854=CARTESIAN_POINT('',(0.893061249,-4.5,6.761410832));
#3855=DIRECTION('',(-0.,1.,0.));
#3856=VECTOR('',#3855,48.);
#3857=LINE('',#3854,#3856);
#3858=EDGE_CURVE('',#3160,#3853,#3857,.T.);
#3859=ORIENTED_EDGE('',*,*,#3858,.T.);
#3860=CARTESIAN_POINT('',(0.893061249,-1.5,5.761410832));
#3861=DIRECTION('',(0.,0.,1.));
#3862=VECTOR('',#3861,10.);
#3863=LINE('',#3860,#3862);
#3864=EDGE_CURVE('',#3257,#3853,#3863,.T.);
#3865=ORIENTED_EDGE('',*,*,#3864,.F.);
#3866=ORIENTED_EDGE('',*,*,#3262,.F.);
#3867=EDGE_LOOP('',(#3851,#3859,#3865,#3866));
#3868=FACE_BOUND('',#3867,.T.);
#3869=ADVANCED_FACE('',(#3868),#3850,.F.);
#3870=OVER_RIDING_STYLED_ITEM('',(#2291),#3869,#26);
#3871=CARTESIAN_POINT('',(0.393061249,-6.5,6.761410832));
#3872=DIRECTION('',(0.,0.,1.));
#3873=DIRECTION('',(1.,0.,0.));
#3874=AXIS2_PLACEMENT_3D('',#3871,#3872,#3873);
#3875=PLANE('',#3874);
#3876=ORIENTED_EDGE('',*,*,#3195,.F.);
#3877=ORIENTED_EDGE('',*,*,#3244,.T.);
#3878=CARTESIAN_POINT('',(0.893061249,-1.5,6.761410832));
#3879=DIRECTION('',(-1.,0.,0.));
#3880=VECTOR('',#3879,10.);
#3881=LINE('',#3878,#3880);
#3882=EDGE_CURVE('',#3853,#3233,#3881,.T.);
#3883=ORIENTED_EDGE('',*,*,#3882,.F.);
#3884=ORIENTED_EDGE('',*,*,#3858,.F.);
#3885=EDGE_LOOP('',(#3876,#3877,#3883,#3884));
#3886=FACE_BOUND('',#3885,.T.);
#3887=ADVANCED_FACE('',(#3886),#3875,.F.);
#3888=OVER_RIDING_STYLED_ITEM('',(#2291),#3887,#26);
#3889=CARTESIAN_POINT('',(0.393061249,-1.5,6.261410832));
#3890=DIRECTION('',(-0.,1.,0.));
#3891=DIRECTION('',(0.,-0.,1.));
#3892=AXIS2_PLACEMENT_3D('',#3889,#3890,#3891);
#3893=PLANE('',#3892);
#3894=ORIENTED_EDGE('',*,*,#3268,.T.);
#3895=ORIENTED_EDGE('',*,*,#3864,.T.);
#3896=ORIENTED_EDGE('',*,*,#3882,.T.);
#3897=ORIENTED_EDGE('',*,*,#3238,.T.);
#3898=EDGE_LOOP('',(#3894,#3895,#3896,#3897));
#3899=FACE_BOUND('',#3898,.T.);
#3900=ADVANCED_FACE('',(#3899),#3893,.F.);
#3901=OVER_RIDING_STYLED_ITEM('',(#2291),#3900,#26);
#3902=CARTESIAN_POINT('',(-0.468109488,-6.5,4.110708058));
#3903=DIRECTION('',(1.,0.,0.));
#3904=DIRECTION('',(0.,0.,-1.));
#3905=AXIS2_PLACEMENT_3D('',#3902,#3903,#3904);
#3906=PLANE('',#3905);
#3907=ORIENTED_EDGE('',*,*,#3630,.F.);
#3908=CARTESIAN_POINT('',(-0.468109488,-1.5,4.610708058));
#3909=VERTEX_POINT('',#3908);
#3910=CARTESIAN_POINT('',(-0.468109488,-4.5,4.610708058));
#3911=DIRECTION('',(-0.,1.,0.));
#3912=VECTOR('',#3911,48.);
#3913=LINE('',#3910,#3912);
#3914=EDGE_CURVE('',#3619,#3909,#3913,.T.);
#3915=ORIENTED_EDGE('',*,*,#3914,.T.);
#3916=CARTESIAN_POINT('',(-0.468109488,-1.5,3.610708058));
#3917=DIRECTION('',(0.,0.,1.));
#3918=VECTOR('',#3917,10.);
#3919=LINE('',#3916,#3918);
#3920=EDGE_CURVE('',#3716,#3909,#3919,.T.);
#3921=ORIENTED_EDGE('',*,*,#3920,.F.);
#3922=ORIENTED_EDGE('',*,*,#3721,.F.);
#3923=EDGE_LOOP('',(#3907,#3915,#3921,#3922));
#3924=FACE_BOUND('',#3923,.T.);
#3925=ADVANCED_FACE('',(#3924),#3906,.F.);
#3926=OVER_RIDING_STYLED_ITEM('',(#2291),#3925,#26);
#3927=CARTESIAN_POINT('',(-0.968109488,-6.5,4.610708058));
#3928=DIRECTION('',(0.,0.,1.));
#3929=DIRECTION('',(1.,0.,0.));
#3930=AXIS2_PLACEMENT_3D('',#3927,#3928,#3929);
#3931=PLANE('',#3930);
#3932=ORIENTED_EDGE('',*,*,#3671,.F.);
#3933=ORIENTED_EDGE('',*,*,#3703,.T.);
#3934=CARTESIAN_POINT('',(-0.468109488,-1.5,4.610708058));
#3935=DIRECTION('',(-1.,0.,0.));
#3936=VECTOR('',#3935,10.);
#3937=LINE('',#3934,#3936);
#3938=EDGE_CURVE('',#3909,#3692,#3937,.T.);
#3939=ORIENTED_EDGE('',*,*,#3938,.F.);
#3940=ORIENTED_EDGE('',*,*,#3914,.F.);
#3941=EDGE_LOOP('',(#3932,#3933,#3939,#3940));
#3942=FACE_BOUND('',#3941,.T.);
#3943=ADVANCED_FACE('',(#3942),#3931,.F.);
#3944=OVER_RIDING_STYLED_ITEM('',(#2291),#3943,#26);
#3945=CARTESIAN_POINT('',(-0.968109488,-1.5,4.110708058));
#3946=DIRECTION('',(-0.,1.,0.));
#3947=DIRECTION('',(0.,-0.,1.));
#3948=AXIS2_PLACEMENT_3D('',#3945,#3946,#3947);
#3949=PLANE('',#3948);
#3950=ORIENTED_EDGE('',*,*,#3727,.T.);
#3951=ORIENTED_EDGE('',*,*,#3920,.T.);
#3952=ORIENTED_EDGE('',*,*,#3938,.T.);
#3953=ORIENTED_EDGE('',*,*,#3697,.T.);
#3954=EDGE_LOOP('',(#3950,#3951,#3952,#3953));
#3955=FACE_BOUND('',#3954,.T.);
#3956=ADVANCED_FACE('',(#3955),#3949,.F.);
#3957=OVER_RIDING_STYLED_ITEM('',(#2291),#3956,#26);
#3958=CARTESIAN_POINT('',(1.379624605,-6.5,4.110708058));
#3959=DIRECTION('',(1.,0.,0.));
#3960=DIRECTION('',(0.,0.,-1.));
#3961=AXIS2_PLACEMENT_3D('',#3958,#3959,#3960);
#3962=PLANE('',#3961);
#3963=ORIENTED_EDGE('',*,*,#3477,.F.);
#3964=CARTESIAN_POINT('',(1.379624605,-1.5,4.610708058));
#3965=VERTEX_POINT('',#3964);
#3966=CARTESIAN_POINT('',(1.379624605,-4.5,4.610708058));
#3967=DIRECTION('',(-0.,1.,0.));
#3968=VECTOR('',#3967,48.);
#3969=LINE('',#3966,#3968);
#3970=EDGE_CURVE('',#3466,#3965,#3969,.T.);
#3971=ORIENTED_EDGE('',*,*,#3970,.T.);
#3972=CARTESIAN_POINT('',(1.379624605,-1.5,3.610708058));
#3973=DIRECTION('',(0.,0.,1.));
#3974=VECTOR('',#3973,10.);
#3975=LINE('',#3972,#3974);
#3976=EDGE_CURVE('',#3563,#3965,#3975,.T.);
#3977=ORIENTED_EDGE('',*,*,#3976,.F.);
#3978=ORIENTED_EDGE('',*,*,#3568,.F.);
#3979=EDGE_LOOP('',(#3963,#3971,#3977,#3978));
#3980=FACE_BOUND('',#3979,.T.);
#3981=ADVANCED_FACE('',(#3980),#3962,.F.);
#3982=OVER_RIDING_STYLED_ITEM('',(#2291),#3981,#26);
#3983=CARTESIAN_POINT('',(0.879624605,-6.5,4.610708058));
#3984=DIRECTION('',(0.,0.,1.));
#3985=DIRECTION('',(1.,0.,0.));
#3986=AXIS2_PLACEMENT_3D('',#3983,#3984,#3985);
#3987=PLANE('',#3986);
#3988=ORIENTED_EDGE('',*,*,#3518,.F.);
#3989=ORIENTED_EDGE('',*,*,#3550,.T.);
#3990=CARTESIAN_POINT('',(1.379624605,-1.5,4.610708058));
#3991=DIRECTION('',(-1.,0.,0.));
#3992=VECTOR('',#3991,10.);
#3993=LINE('',#3990,#3992);
#3994=EDGE_CURVE('',#3965,#3539,#3993,.T.);
#3995=ORIENTED_EDGE('',*,*,#3994,.F.);
#3996=ORIENTED_EDGE('',*,*,#3970,.F.);
#3997=EDGE_LOOP('',(#3988,#3989,#3995,#3996));
#3998=FACE_BOUND('',#3997,.T.);
#3999=ADVANCED_FACE('',(#3998),#3987,.F.);
#4000=OVER_RIDING_STYLED_ITEM('',(#2291),#3999,#26);
#4001=CARTESIAN_POINT('',(0.879624605,-1.5,4.110708058));
#4002=DIRECTION('',(0.,1.,0.));
#4003=DIRECTION('',(0.,-0.,1.));
#4004=AXIS2_PLACEMENT_3D('',#4001,#4002,#4003);
#4005=PLANE('',#4004);
#4006=ORIENTED_EDGE('',*,*,#3574,.T.);
#4007=ORIENTED_EDGE('',*,*,#3976,.T.);
#4008=ORIENTED_EDGE('',*,*,#3994,.T.);
#4009=ORIENTED_EDGE('',*,*,#3544,.T.);
#4010=EDGE_LOOP('',(#4006,#4007,#4008,#4009));
#4011=FACE_BOUND('',#4010,.T.);
#4012=ADVANCED_FACE('',(#4011),#4005,.F.);
#4013=OVER_RIDING_STYLED_ITEM('',(#2291),#4012,#26);
#4014=CARTESIAN_POINT('',(3.049000556,-6.5,6.261410832));
#4015=DIRECTION('',(1.,0.,0.));
#4016=DIRECTION('',(0.,0.,-1.));
#4017=AXIS2_PLACEMENT_3D('',#4014,#4015,#4016);
#4018=PLANE('',#4017);
#4019=ORIENTED_EDGE('',*,*,#3018,.F.);
#4020=CARTESIAN_POINT('',(3.049000556,-1.5,6.761410832));
#4021=VERTEX_POINT('',#4020);
#4022=CARTESIAN_POINT('',(3.049000556,-4.5,6.761410832));
#4023=DIRECTION('',(-0.,1.,0.));
#4024=VECTOR('',#4023,48.);
#4025=LINE('',#4022,#4024);
#4026=EDGE_CURVE('',#3007,#4021,#4025,.T.);
#4027=ORIENTED_EDGE('',*,*,#4026,.T.);
#4028=CARTESIAN_POINT('',(3.049000556,-1.5,5.761410832));
#4029=DIRECTION('',(0.,0.,1.));
#4030=VECTOR('',#4029,10.);
#4031=LINE('',#4028,#4030);
#4032=EDGE_CURVE('',#3104,#4021,#4031,.T.);
#4033=ORIENTED_EDGE('',*,*,#4032,.F.);
#4034=ORIENTED_EDGE('',*,*,#3109,.F.);
#4035=EDGE_LOOP('',(#4019,#4027,#4033,#4034));
#4036=FACE_BOUND('',#4035,.T.);
#4037=ADVANCED_FACE('',(#4036),#4018,.F.);
#4038=OVER_RIDING_STYLED_ITEM('',(#2291),#4037,#26);
#4039=CARTESIAN_POINT('',(2.549000556,-6.5,6.761410832));
#4040=DIRECTION('',(0.,0.,1.));
#4041=DIRECTION('',(1.,0.,0.));
#4042=AXIS2_PLACEMENT_3D('',#4039,#4040,#4041);
#4043=PLANE('',#4042);
#4044=ORIENTED_EDGE('',*,*,#3042,.F.);
#4045=ORIENTED_EDGE('',*,*,#3091,.T.);
#4046=CARTESIAN_POINT('',(3.049000556,-1.5,6.761410832));
#4047=DIRECTION('',(-1.,0.,0.));
#4048=VECTOR('',#4047,10.);
#4049=LINE('',#4046,#4048);
#4050=EDGE_CURVE('',#4021,#3080,#4049,.T.);
#4051=ORIENTED_EDGE('',*,*,#4050,.F.);
#4052=ORIENTED_EDGE('',*,*,#4026,.F.);
#4053=EDGE_LOOP('',(#4044,#4045,#4051,#4052));
#4054=FACE_BOUND('',#4053,.T.);
#4055=ADVANCED_FACE('',(#4054),#4043,.F.);
#4056=OVER_RIDING_STYLED_ITEM('',(#2291),#4055,#26);
#4057=CARTESIAN_POINT('',(2.549000556,-1.5,6.261410832));
#4058=DIRECTION('',(0.,1.,0.));
#4059=DIRECTION('',(0.,-0.,1.));
#4060=AXIS2_PLACEMENT_3D('',#4057,#4058,#4059);
#4061=PLANE('',#4060);
#4062=ORIENTED_EDGE('',*,*,#3115,.T.);
#4063=ORIENTED_EDGE('',*,*,#4032,.T.);
#4064=ORIENTED_EDGE('',*,*,#4050,.T.);
#4065=ORIENTED_EDGE('',*,*,#3085,.T.);
#4066=EDGE_LOOP('',(#4062,#4063,#4064,#4065));
#4067=FACE_BOUND('',#4066,.T.);
#4068=ADVANCED_FACE('',(#4067),#4061,.F.);
#4069=OVER_RIDING_STYLED_ITEM('',(#2291),#4068,#26);
#4070=CARTESIAN_POINT('',(-2.05949316,-6.5,6.261410832));
#4071=DIRECTION('',(1.,0.,0.));
#4072=DIRECTION('',(0.,0.,-1.));
#4073=AXIS2_PLACEMENT_3D('',#4070,#4071,#4072);
#4074=PLANE('',#4073);
#4075=ORIENTED_EDGE('',*,*,#3324,.F.);
#4076=CARTESIAN_POINT('',(-2.05949316,-1.5,6.761410832));
#4077=VERTEX_POINT('',#4076);
#4078=CARTESIAN_POINT('',(-2.05949316,-4.5,6.761410832));
#4079=DIRECTION('',(-0.,1.,0.));
#4080=VECTOR('',#4079,48.);
#4081=LINE('',#4078,#4080);
#4082=EDGE_CURVE('',#3313,#4077,#4081,.T.);
#4083=ORIENTED_EDGE('',*,*,#4082,.T.);
#4084=CARTESIAN_POINT('',(-2.05949316,-1.5,5.761410832));
#4085=DIRECTION('',(0.,0.,1.));
#4086=VECTOR('',#4085,10.);
#4087=LINE('',#4084,#4086);
#4088=EDGE_CURVE('',#3410,#4077,#4087,.T.);
#4089=ORIENTED_EDGE('',*,*,#4088,.F.);
#4090=ORIENTED_EDGE('',*,*,#3415,.F.);
#4091=EDGE_LOOP('',(#4075,#4083,#4089,#4090));
#4092=FACE_BOUND('',#4091,.T.);
#4093=ADVANCED_FACE('',(#4092),#4074,.F.);
#4094=OVER_RIDING_STYLED_ITEM('',(#2291),#4093,#26);
#4095=CARTESIAN_POINT('',(-2.55949316,-6.5,6.761410832));
#4096=DIRECTION('',(0.,0.,1.));
#4097=DIRECTION('',(1.,0.,0.));
#4098=AXIS2_PLACEMENT_3D('',#4095,#4096,#4097);
#4099=PLANE('',#4098);
#4100=ORIENTED_EDGE('',*,*,#3348,.F.);
#4101=ORIENTED_EDGE('',*,*,#3397,.T.);
#4102=CARTESIAN_POINT('',(-2.05949316,-1.5,6.761410832));
#4103=DIRECTION('',(-1.,0.,0.));
#4104=VECTOR('',#4103,10.);
#4105=LINE('',#4102,#4104);
#4106=EDGE_CURVE('',#4077,#3386,#4105,.T.);
#4107=ORIENTED_EDGE('',*,*,#4106,.F.);
#4108=ORIENTED_EDGE('',*,*,#4082,.F.);
#4109=EDGE_LOOP('',(#4100,#4101,#4107,#4108));
#4110=FACE_BOUND('',#4109,.T.);
#4111=ADVANCED_FACE('',(#4110),#4099,.F.);
#4112=OVER_RIDING_STYLED_ITEM('',(#2291),#4111,#26);
#4113=CARTESIAN_POINT('',(-2.55949316,-1.5,6.261410832));
#4114=DIRECTION('',(-0.,1.,0.));
#4115=DIRECTION('',(0.,-0.,1.));
#4116=AXIS2_PLACEMENT_3D('',#4113,#4114,#4115);
#4117=PLANE('',#4116);
#4118=ORIENTED_EDGE('',*,*,#3421,.T.);
#4119=ORIENTED_EDGE('',*,*,#4088,.T.);
#4120=ORIENTED_EDGE('',*,*,#4106,.T.);
#4121=ORIENTED_EDGE('',*,*,#3391,.T.);
#4122=EDGE_LOOP('',(#4118,#4119,#4120,#4121));
#4123=FACE_BOUND('',#4122,.T.);
#4124=ADVANCED_FACE('',(#4123),#4117,.F.);
#4125=OVER_RIDING_STYLED_ITEM('',(#2291),#4124,#26);
#4126=CARTESIAN_POINT('',(0.024323523,-6.5,8.030290127));
#4127=DIRECTION('',(1.,0.,0.));
#4128=DIRECTION('',(0.,0.,-1.));
#4129=AXIS2_PLACEMENT_3D('',#4126,#4127,#4128);
#4130=PLANE('',#4129);
#4131=ORIENTED_EDGE('',*,*,#2712,.F.);
#4132=CARTESIAN_POINT('',(0.024323523,-1.5,8.530290127));
#4133=VERTEX_POINT('',#4132);
#4134=CARTESIAN_POINT('',(0.024323523,-4.5,8.530290127));
#4135=DIRECTION('',(-0.,1.,0.));
#4136=VECTOR('',#4135,48.);
#4137=LINE('',#4134,#4136);
#4138=EDGE_CURVE('',#2701,#4133,#4137,.T.);
#4139=ORIENTED_EDGE('',*,*,#4138,.T.);
#4140=CARTESIAN_POINT('',(0.024323523,-1.5,7.530290127));
#4141=DIRECTION('',(-0.,0.,1.));
#4142=VECTOR('',#4141,10.);
#4143=LINE('',#4140,#4142);
#4144=EDGE_CURVE('',#2798,#4133,#4143,.T.);
#4145=ORIENTED_EDGE('',*,*,#4144,.F.);
#4146=ORIENTED_EDGE('',*,*,#2803,.F.);
#4147=EDGE_LOOP('',(#4131,#4139,#4145,#4146));
#4148=FACE_BOUND('',#4147,.T.);
#4149=ADVANCED_FACE('',(#4148),#4130,.F.);
#4150=OVER_RIDING_STYLED_ITEM('',(#2291),#4149,#26);
#4151=CARTESIAN_POINT('',(-0.475676477,-6.5,8.530290127));
#4152=DIRECTION('',(0.,0.,1.));
#4153=DIRECTION('',(1.,0.,0.));
#4154=AXIS2_PLACEMENT_3D('',#4151,#4152,#4153);
#4155=PLANE('',#4154);
#4156=ORIENTED_EDGE('',*,*,#2736,.F.);
#4157=ORIENTED_EDGE('',*,*,#2785,.T.);
#4158=CARTESIAN_POINT('',(0.024323523,-1.5,8.530290127));
#4159=DIRECTION('',(-1.,0.,0.));
#4160=VECTOR('',#4159,10.);
#4161=LINE('',#4158,#4160);
#4162=EDGE_CURVE('',#4133,#2774,#4161,.T.);
#4163=ORIENTED_EDGE('',*,*,#4162,.F.);
#4164=ORIENTED_EDGE('',*,*,#4138,.F.);
#4165=EDGE_LOOP('',(#4156,#4157,#4163,#4164));
#4166=FACE_BOUND('',#4165,.T.);
#4167=ADVANCED_FACE('',(#4166),#4155,.F.);
#4168=OVER_RIDING_STYLED_ITEM('',(#2291),#4167,#26);
#4169=CARTESIAN_POINT('',(-0.475676477,-1.5,8.030290127));
#4170=DIRECTION('',(-0.,1.,-0.));
#4171=DIRECTION('',(0.,0.,1.));
#4172=AXIS2_PLACEMENT_3D('',#4169,#4170,#4171);
#4173=PLANE('',#4172);
#4174=ORIENTED_EDGE('',*,*,#2809,.T.);
#4175=ORIENTED_EDGE('',*,*,#4144,.T.);
#4176=ORIENTED_EDGE('',*,*,#4162,.T.);
#4177=ORIENTED_EDGE('',*,*,#2779,.T.);
#4178=EDGE_LOOP('',(#4174,#4175,#4176,#4177));
#4179=FACE_BOUND('',#4178,.T.);
#4180=ADVANCED_FACE('',(#4179),#4173,.F.);
#4181=OVER_RIDING_STYLED_ITEM('',(#2291),#4180,#26);
#4182=CARTESIAN_POINT('',(0.,-6.5,6.5));
#4183=DIRECTION('',(-0.,1.,0.));
#4184=DIRECTION('',(1.,0.,0.));
#4185=AXIS2_PLACEMENT_3D('',#4182,#4183,#4184);
#4186=CYLINDRICAL_SURFACE('',#4185,4.5);
#4187=CARTESIAN_POINT('',(-4.5,-1.5,6.5));
#4188=VERTEX_POINT('',#4187);
#4189=CARTESIAN_POINT('',(-4.5,-6.5,6.5));
#4190=VERTEX_POINT('',#4189);
#4191=CARTESIAN_POINT('',(-4.5,-1.5,6.5));
#4192=DIRECTION('',(0.,-1.,-0.));
#4193=VECTOR('',#4192,5.);
#4194=LINE('',#4191,#4193);
#4195=EDGE_CURVE('',#4188,#4190,#4194,.T.);
#4196=ORIENTED_EDGE('',*,*,#4195,.F.);
#4197=CARTESIAN_POINT('',(4.5,-1.5,6.5));
#4198=VERTEX_POINT('',#4197);
#4199=CARTESIAN_POINT('',(0.,-1.5,6.5));
#4200=DIRECTION('',(0.,-1.,0.));
#4201=DIRECTION('',(1.,0.,0.));
#4202=AXIS2_PLACEMENT_3D('',#4199,#4200,#4201);
#4203=CIRCLE('',#4202,4.5);
#4204=EDGE_CURVE('',#4198,#4188,#4203,.T.);
#4205=ORIENTED_EDGE('',*,*,#4204,.F.);
#4206=CARTESIAN_POINT('',(0.,-1.5,6.5));
#4207=DIRECTION('',(0.,-1.,0.));
#4208=DIRECTION('',(1.,0.,0.));
#4209=AXIS2_PLACEMENT_3D('',#4206,#4207,#4208);
#4210=CIRCLE('',#4209,4.5);
#4211=EDGE_CURVE('',#4188,#4198,#4210,.T.);
#4212=ORIENTED_EDGE('',*,*,#4211,.F.);
#4213=ORIENTED_EDGE('',*,*,#4195,.T.);
#4214=CARTESIAN_POINT('',(4.5,-6.5,6.5));
#4215=VERTEX_POINT('',#4214);
#4216=CARTESIAN_POINT('',(0.,-6.5,6.5));
#4217=DIRECTION('',(-0.,1.,0.));
#4218=DIRECTION('',(1.,0.,0.));
#4219=AXIS2_PLACEMENT_3D('',#4216,#4217,#4218);
#4220=CIRCLE('',#4219,4.5);
#4221=EDGE_CURVE('',#4215,#4190,#4220,.T.);
#4222=ORIENTED_EDGE('',*,*,#4221,.F.);
#4223=CARTESIAN_POINT('',(0.,-6.5,6.5));
#4224=DIRECTION('',(-0.,1.,0.));
#4225=DIRECTION('',(1.,0.,0.));
#4226=AXIS2_PLACEMENT_3D('',#4223,#4224,#4225);
#4227=CIRCLE('',#4226,4.5);
#4228=EDGE_CURVE('',#4190,#4215,#4227,.T.);
#4229=ORIENTED_EDGE('',*,*,#4228,.F.);
#4230=EDGE_LOOP('',(#4196,#4205,#4212,#4213,#4222,#4229));
#4231=FACE_BOUND('',#4230,.T.);
#4232=ADVANCED_FACE('',(#4231),#4186,.F.);
#4233=OVER_RIDING_STYLED_ITEM('',(#2291),#4232,#26);
#4234=CARTESIAN_POINT('',(0.75,-6.5,9.917957057));
#4235=DIRECTION('',(1.,0.,0.));
#4236=DIRECTION('',(0.,0.,-1.));
#4237=AXIS2_PLACEMENT_3D('',#4234,#4235,#4236);
#4238=PLANE('',#4237);
#4239=CARTESIAN_POINT('',(0.75,-1.5,9.406855703));
#4240=VERTEX_POINT('',#4239);
#4241=CARTESIAN_POINT('',(0.75,-1.5,10.429058411));
#4242=VERTEX_POINT('',#4241);
#4243=CARTESIAN_POINT('',(0.75,-1.5,9.406855703));
#4244=DIRECTION('',(0.,0.,1.));
#4245=VECTOR('',#4244,10.222027086);
#4246=LINE('',#4243,#4245);
#4247=EDGE_CURVE('',#4240,#4242,#4246,.T.);
#4248=ORIENTED_EDGE('',*,*,#4247,.F.);
#4249=CARTESIAN_POINT('',(0.75,-6.5,9.406855703));
#4250=DIRECTION('',(-0.,1.,0.));
#4251=VECTOR('',#4250,50.);
#4252=LINE('',#4249,#4251);
#4253=EDGE_CURVE('',#2462,#4240,#4252,.T.);
#4254=ORIENTED_EDGE('',*,*,#4253,.F.);
#4255=ORIENTED_EDGE('',*,*,#2467,.F.);
#4256=CARTESIAN_POINT('',(0.75,-6.5,10.429058411));
#4257=DIRECTION('',(-0.,1.,0.));
#4258=VECTOR('',#4257,50.);
#4259=LINE('',#4256,#4258);
#4260=EDGE_CURVE('',#2460,#4242,#4259,.T.);
#4261=ORIENTED_EDGE('',*,*,#4260,.T.);
#4262=EDGE_LOOP('',(#4248,#4254,#4255,#4261));
#4263=FACE_BOUND('',#4262,.T.);
#4264=ADVANCED_FACE('',(#4263),#4238,.F.);
#4265=OVER_RIDING_STYLED_ITEM('',(#2291),#4264,#26);
#4266=CARTESIAN_POINT('',(0.,-6.5,6.5));
#4267=DIRECTION('',(-0.,1.,0.));
#4268=DIRECTION('',(1.,0.,0.));
#4269=AXIS2_PLACEMENT_3D('',#4266,#4267,#4268);
#4270=CYLINDRICAL_SURFACE('',#4269,4.);
#4271=CARTESIAN_POINT('',(3.422737317,-1.5,4.430007426));
#4272=VERTEX_POINT('',#4271);
#4273=CARTESIAN_POINT('',(0.,-1.5,6.5));
#4274=DIRECTION('',(-0.,1.,0.));
#4275=DIRECTION('',(1.,0.,0.));
#4276=AXIS2_PLACEMENT_3D('',#4273,#4274,#4275);
#4277=CIRCLE('',#4276,4.);
#4278=EDGE_CURVE('',#4242,#4272,#4277,.T.);
#4279=ORIENTED_EDGE('',*,*,#4278,.F.);
#4280=ORIENTED_EDGE('',*,*,#4260,.F.);
#4281=ORIENTED_EDGE('',*,*,#2549,.F.);
#4282=CARTESIAN_POINT('',(3.422737317,-6.5,4.430007426));
#4283=DIRECTION('',(-0.,1.,0.));
#4284=VECTOR('',#4283,50.);
#4285=LINE('',#4282,#4284);
#4286=EDGE_CURVE('',#2537,#4272,#4285,.T.);
#4287=ORIENTED_EDGE('',*,*,#4286,.T.);
#4288=EDGE_LOOP('',(#4279,#4280,#4281,#4287));
#4289=FACE_BOUND('',#4288,.T.);
#4290=ADVANCED_FACE('',(#4289),#4270,.T.);
#4291=OVER_RIDING_STYLED_ITEM('',(#2291),#4290,#26);
#4292=CARTESIAN_POINT('',(3.053464802,-6.5,4.430007426));
#4293=DIRECTION('',(0.,0.,1.));
#4294=DIRECTION('',(1.,0.,0.));
#4295=AXIS2_PLACEMENT_3D('',#4292,#4293,#4294);
#4296=PLANE('',#4295);
#4297=CARTESIAN_POINT('',(2.684192287,-1.5,4.430007426));
#4298=VERTEX_POINT('',#4297);
#4299=CARTESIAN_POINT('',(3.422737317,-1.5,4.430007426));
#4300=DIRECTION('',(-1.,0.,0.));
#4301=VECTOR('',#4300,7.38545031);
#4302=LINE('',#4299,#4301);
#4303=EDGE_CURVE('',#4272,#4298,#4302,.T.);
#4304=ORIENTED_EDGE('',*,*,#4303,.F.);
#4305=ORIENTED_EDGE('',*,*,#4286,.F.);
#4306=ORIENTED_EDGE('',*,*,#2542,.F.);
#4307=CARTESIAN_POINT('',(2.684192287,-6.5,4.430007426));
#4308=DIRECTION('',(-0.,1.,0.));
#4309=VECTOR('',#4308,50.);
#4310=LINE('',#4307,#4309);
#4311=EDGE_CURVE('',#2529,#4298,#4310,.T.);
#4312=ORIENTED_EDGE('',*,*,#4311,.T.);
#4313=EDGE_LOOP('',(#4304,#4305,#4306,#4312));
#4314=FACE_BOUND('',#4313,.T.);
#4315=ADVANCED_FACE('',(#4314),#4296,.F.);
#4316=OVER_RIDING_STYLED_ITEM('',(#2291),#4315,#26);
#4317=CARTESIAN_POINT('',(2.684192287,-6.5,3.982176029));
#4318=DIRECTION('',(-1.,-0.,0.));
#4319=DIRECTION('',(0.,0.,1.));
#4320=AXIS2_PLACEMENT_3D('',#4317,#4318,#4319);
#4321=PLANE('',#4320);
#4322=CARTESIAN_POINT('',(2.684192287,-1.5,3.534344631));
#4323=VERTEX_POINT('',#4322);
#4324=CARTESIAN_POINT('',(2.684192287,-1.5,4.430007426));
#4325=DIRECTION('',(0.,0.,-1.));
#4326=VECTOR('',#4325,8.956627954);
#4327=LINE('',#4324,#4326);
#4328=EDGE_CURVE('',#4298,#4323,#4327,.T.);
#4329=ORIENTED_EDGE('',*,*,#4328,.F.);
#4330=ORIENTED_EDGE('',*,*,#4311,.F.);
#4331=ORIENTED_EDGE('',*,*,#2534,.F.);
#4332=CARTESIAN_POINT('',(2.684192287,-6.5,3.534344631));
#4333=DIRECTION('',(-0.,1.,0.));
#4334=VECTOR('',#4333,50.);
#4335=LINE('',#4332,#4334);
#4336=EDGE_CURVE('',#2520,#4323,#4335,.T.);
#4337=ORIENTED_EDGE('',*,*,#4336,.T.);
#4338=EDGE_LOOP('',(#4329,#4330,#4331,#4337));
#4339=FACE_BOUND('',#4338,.T.);
#4340=ADVANCED_FACE('',(#4339),#4321,.F.);
#4341=OVER_RIDING_STYLED_ITEM('',(#2291),#4340,#26);
#4342=CARTESIAN_POINT('',(0.,-6.5,6.5));
#4343=DIRECTION('',(-0.,1.,0.));
#4344=DIRECTION('',(1.,0.,0.));
#4345=AXIS2_PLACEMENT_3D('',#4342,#4343,#4344);
#4346=CYLINDRICAL_SURFACE('',#4345,4.);
#4347=CARTESIAN_POINT('',(-2.684192287,-1.5,3.534344631));
#4348=VERTEX_POINT('',#4347);
#4349=CARTESIAN_POINT('',(0.,-1.5,6.5));
#4350=DIRECTION('',(-0.,1.,0.));
#4351=DIRECTION('',(1.,0.,0.));
#4352=AXIS2_PLACEMENT_3D('',#4349,#4350,#4351);
#4353=CIRCLE('',#4352,4.);
#4354=EDGE_CURVE('',#4323,#4348,#4353,.T.);
#4355=ORIENTED_EDGE('',*,*,#4354,.F.);
#4356=ORIENTED_EDGE('',*,*,#4336,.F.);
#4357=ORIENTED_EDGE('',*,*,#2526,.F.);
#4358=CARTESIAN_POINT('',(-2.684192287,-6.5,3.534344631));
#4359=DIRECTION('',(-0.,1.,0.));
#4360=VECTOR('',#4359,50.);
#4361=LINE('',#4358,#4360);
#4362=EDGE_CURVE('',#2512,#4348,#4361,.T.);
#4363=ORIENTED_EDGE('',*,*,#4362,.T.);
#4364=EDGE_LOOP('',(#4355,#4356,#4357,#4363));
#4365=FACE_BOUND('',#4364,.T.);
#4366=ADVANCED_FACE('',(#4365),#4346,.T.);
#4367=OVER_RIDING_STYLED_ITEM('',(#2291),#4366,#26);
#4368=CARTESIAN_POINT('',(-2.684192287,-6.5,3.982176029));
#4369=DIRECTION('',(1.,0.,0.));
#4370=DIRECTION('',(0.,0.,-1.));
#4371=AXIS2_PLACEMENT_3D('',#4368,#4369,#4370);
#4372=PLANE('',#4371);
#4373=CARTESIAN_POINT('',(-2.684192287,-1.5,4.430007426));
#4374=VERTEX_POINT('',#4373);
#4375=CARTESIAN_POINT('',(-2.684192287,-1.5,3.534344631));
#4376=DIRECTION('',(0.,0.,1.));
#4377=VECTOR('',#4376,8.956627954);
#4378=LINE('',#4375,#4377);
#4379=EDGE_CURVE('',#4348,#4374,#4378,.T.);
#4380=ORIENTED_EDGE('',*,*,#4379,.F.);
#4381=ORIENTED_EDGE('',*,*,#4362,.F.);
#4382=ORIENTED_EDGE('',*,*,#2517,.F.);
#4383=CARTESIAN_POINT('',(-2.684192287,-6.5,4.430007426));
#4384=DIRECTION('',(-0.,1.,0.));
#4385=VECTOR('',#4384,50.);
#4386=LINE('',#4383,#4385);
#4387=EDGE_CURVE('',#2504,#4374,#4386,.T.);
#4388=ORIENTED_EDGE('',*,*,#4387,.T.);
#4389=EDGE_LOOP('',(#4380,#4381,#4382,#4388));
#4390=FACE_BOUND('',#4389,.T.);
#4391=ADVANCED_FACE('',(#4390),#4372,.F.);
#4392=OVER_RIDING_STYLED_ITEM('',(#2291),#4391,#26);
#4393=CARTESIAN_POINT('',(-3.053464802,-6.5,4.430007426));
#4394=DIRECTION('',(0.,0.,1.));
#4395=DIRECTION('',(1.,0.,0.));
#4396=AXIS2_PLACEMENT_3D('',#4393,#4394,#4395);
#4397=PLANE('',#4396);
#4398=CARTESIAN_POINT('',(-3.422737317,-1.5,4.430007426));
#4399=VERTEX_POINT('',#4398);
#4400=CARTESIAN_POINT('',(-2.684192287,-1.5,4.430007426));
#4401=DIRECTION('',(-1.,0.,0.));
#4402=VECTOR('',#4401,7.38545031);
#4403=LINE('',#4400,#4402);
#4404=EDGE_CURVE('',#4374,#4399,#4403,.T.);
#4405=ORIENTED_EDGE('',*,*,#4404,.F.);
#4406=ORIENTED_EDGE('',*,*,#4387,.F.);
#4407=ORIENTED_EDGE('',*,*,#2509,.F.);
#4408=CARTESIAN_POINT('',(-3.422737317,-6.5,4.430007426));
#4409=DIRECTION('',(-0.,1.,0.));
#4410=VECTOR('',#4409,50.);
#4411=LINE('',#4408,#4410);
#4412=EDGE_CURVE('',#2495,#4399,#4411,.T.);
#4413=ORIENTED_EDGE('',*,*,#4412,.T.);
#4414=EDGE_LOOP('',(#4405,#4406,#4407,#4413));
#4415=FACE_BOUND('',#4414,.T.);
#4416=ADVANCED_FACE('',(#4415),#4397,.F.);
#4417=OVER_RIDING_STYLED_ITEM('',(#2291),#4416,#26);
#4418=CARTESIAN_POINT('',(0.,-6.5,6.5));
#4419=DIRECTION('',(-0.,1.,0.));
#4420=DIRECTION('',(1.,0.,0.));
#4421=AXIS2_PLACEMENT_3D('',#4418,#4419,#4420);
#4422=CYLINDRICAL_SURFACE('',#4421,4.);
#4423=CARTESIAN_POINT('',(-4.,-1.5,6.5));
#4424=VERTEX_POINT('',#4423);
#4425=CARTESIAN_POINT('',(-4.,-1.5,6.5));
#4426=DIRECTION('',(0.,-1.,-0.));
#4427=VECTOR('',#4426,5.);
#4428=LINE('',#4425,#4427);
#4429=EDGE_CURVE('',#4424,#2486,#4428,.T.);
#4430=ORIENTED_EDGE('',*,*,#4429,.T.);
#4431=ORIENTED_EDGE('',*,*,#2492,.F.);
#4432=CARTESIAN_POINT('',(-0.75,-1.5,10.429058411));
#4433=VERTEX_POINT('',#4432);
#4434=CARTESIAN_POINT('',(-0.75,-6.5,10.429058411));
#4435=DIRECTION('',(-0.,1.,0.));
#4436=VECTOR('',#4435,50.);
#4437=LINE('',#4434,#4436);
#4438=EDGE_CURVE('',#2478,#4433,#4437,.T.);
#4439=ORIENTED_EDGE('',*,*,#4438,.T.);
#4440=CARTESIAN_POINT('',(0.,-1.5,6.5));
#4441=DIRECTION('',(-0.,1.,0.));
#4442=DIRECTION('',(1.,0.,0.));
#4443=AXIS2_PLACEMENT_3D('',#4440,#4441,#4442);
#4444=CIRCLE('',#4443,4.);
#4445=EDGE_CURVE('',#4424,#4433,#4444,.T.);
#4446=ORIENTED_EDGE('',*,*,#4445,.F.);
#4447=EDGE_LOOP('',(#4430,#4431,#4439,#4446));
#4448=FACE_BOUND('',#4447,.T.);
#4449=ADVANCED_FACE('',(#4448),#4422,.T.);
#4450=OVER_RIDING_STYLED_ITEM('',(#2291),#4449,#26);
#4451=CARTESIAN_POINT('',(-0.75,-6.5,9.917957057));
#4452=DIRECTION('',(-1.,-0.,0.));
#4453=DIRECTION('',(0.,0.,1.));
#4454=AXIS2_PLACEMENT_3D('',#4451,#4452,#4453);
#4455=PLANE('',#4454);
#4456=CARTESIAN_POINT('',(-0.75,-1.5,9.406855703));
#4457=VERTEX_POINT('',#4456);
#4458=CARTESIAN_POINT('',(-0.75,-1.5,10.429058411));
#4459=DIRECTION('',(0.,0.,-1.));
#4460=VECTOR('',#4459,10.222027086);
#4461=LINE('',#4458,#4460);
#4462=EDGE_CURVE('',#4433,#4457,#4461,.T.);
#4463=ORIENTED_EDGE('',*,*,#4462,.F.);
#4464=ORIENTED_EDGE('',*,*,#4438,.F.);
#4465=ORIENTED_EDGE('',*,*,#2483,.F.);
#4466=CARTESIAN_POINT('',(-0.75,-6.5,9.406855703));
#4467=DIRECTION('',(-0.,1.,0.));
#4468=VECTOR('',#4467,50.);
#4469=LINE('',#4466,#4468);
#4470=EDGE_CURVE('',#2470,#4457,#4469,.T.);
#4471=ORIENTED_EDGE('',*,*,#4470,.T.);
#4472=EDGE_LOOP('',(#4463,#4464,#4465,#4471));
#4473=FACE_BOUND('',#4472,.T.);
#4474=ADVANCED_FACE('',(#4473),#4455,.F.);
#4475=OVER_RIDING_STYLED_ITEM('',(#2291),#4474,#26);
#4476=CARTESIAN_POINT('',(0.,-6.5,9.406855703));
#4477=DIRECTION('',(0.,0.,-1.));
#4478=DIRECTION('',(-1.,0.,0.));
#4479=AXIS2_PLACEMENT_3D('',#4476,#4477,#4478);
#4480=PLANE('',#4479);
#4481=CARTESIAN_POINT('',(-0.75,-1.5,9.406855703));
#4482=DIRECTION('',(1.,0.,-0.));
#4483=VECTOR('',#4482,15.);
#4484=LINE('',#4481,#4483);
#4485=EDGE_CURVE('',#4457,#4240,#4484,.T.);
#4486=ORIENTED_EDGE('',*,*,#4485,.F.);
#4487=ORIENTED_EDGE('',*,*,#4470,.F.);
#4488=ORIENTED_EDGE('',*,*,#2475,.F.);
#4489=ORIENTED_EDGE('',*,*,#4253,.T.);
#4490=EDGE_LOOP('',(#4486,#4487,#4488,#4489));
#4491=FACE_BOUND('',#4490,.T.);
#4492=ADVANCED_FACE('',(#4491),#4480,.F.);
#4493=OVER_RIDING_STYLED_ITEM('',(#2291),#4492,#26);
#4494=CARTESIAN_POINT('',(0.,-1.5,6.5));
#4495=DIRECTION('',(0.,-1.,0.));
#4496=DIRECTION('',(0.,0.,-1.));
#4497=AXIS2_PLACEMENT_3D('',#4494,#4495,#4496);
#4498=PLANE('',#4497);
#4499=ORIENTED_EDGE('',*,*,#4247,.T.);
#4500=ORIENTED_EDGE('',*,*,#4278,.T.);
#4501=ORIENTED_EDGE('',*,*,#4303,.T.);
#4502=ORIENTED_EDGE('',*,*,#4328,.T.);
#4503=ORIENTED_EDGE('',*,*,#4354,.T.);
#4504=ORIENTED_EDGE('',*,*,#4379,.T.);
#4505=ORIENTED_EDGE('',*,*,#4404,.T.);
#4506=CARTESIAN_POINT('',(0.,-1.5,6.5));
#4507=DIRECTION('',(-0.,1.,0.));
#4508=DIRECTION('',(1.,0.,0.));
#4509=AXIS2_PLACEMENT_3D('',#4506,#4507,#4508);
#4510=CIRCLE('',#4509,4.);
#4511=EDGE_CURVE('',#4399,#4424,#4510,.T.);
#4512=ORIENTED_EDGE('',*,*,#4511,.T.);
#4513=ORIENTED_EDGE('',*,*,#4445,.T.);
#4514=ORIENTED_EDGE('',*,*,#4462,.T.);
#4515=ORIENTED_EDGE('',*,*,#4485,.T.);
#4516=EDGE_LOOP('',(#4499,#4500,#4501,#4502,#4503,#4504,#4505,#4512,#4513,#4514,#4515));
#4517=FACE_BOUND('',#4516,.T.);
#4518=ORIENTED_EDGE('',*,*,#4204,.T.);
#4519=ORIENTED_EDGE('',*,*,#4211,.T.);
#4520=EDGE_LOOP('',(#4518,#4519));
#4521=FACE_BOUND('',#4520,.T.);
#4522=ADVANCED_FACE('',(#4517,#4521),#4498,.T.);
#4523=OVER_RIDING_STYLED_ITEM('',(#2291),#4522,#26);
#4524=CARTESIAN_POINT('',(0.,-6.5,0.));
#4525=DIRECTION('',(0.,-1.,0.));
#4526=DIRECTION('',(1.,0.,0.));
#4527=AXIS2_PLACEMENT_3D('',#4524,#4525,#4526);
#4528=PLANE('',#4527);
#4529=ORIENTED_EDGE('',*,*,#4221,.T.);
#4530=ORIENTED_EDGE('',*,*,#4228,.T.);
#4531=EDGE_LOOP('',(#4529,#4530));
#4532=FACE_BOUND('',#4531,.T.);
#4533=CARTESIAN_POINT('',(7.,-6.5,12.8));
#4534=VERTEX_POINT('',#4533);
#4535=CARTESIAN_POINT('',(-7.,-6.5,12.8));
#4536=VERTEX_POINT('',#4535);
#4537=CARTESIAN_POINT('',(133.,-6.5,12.8));
#4538=DIRECTION('',(-1.,0.,0.));
#4539=VECTOR('',#4538,140.);
#4540=LINE('',#4537,#4539);
#4541=EDGE_CURVE('',#4534,#4536,#4540,.T.);
#4542=ORIENTED_EDGE('',*,*,#4541,.T.);
#4543=CARTESIAN_POINT('',(-7.,-6.5,0.));
#4544=DIRECTION('',(0.,0.,1.));
#4545=VECTOR('',#4544,128.);
#4546=LINE('',#4543,#4545);
#4547=EDGE_CURVE('',#724,#4536,#4546,.T.);
#4548=ORIENTED_EDGE('',*,*,#4547,.F.);
#4549=ORIENTED_EDGE('',*,*,#731,.T.);
#4550=CARTESIAN_POINT('',(7.,-6.5,0.));
#4551=DIRECTION('',(0.,0.,1.));
#4552=VECTOR('',#4551,128.);
#4553=LINE('',#4550,#4552);
#4554=EDGE_CURVE('',#726,#4534,#4553,.T.);
#4555=ORIENTED_EDGE('',*,*,#4554,.T.);
#4556=EDGE_LOOP('',(#4542,#4548,#4549,#4555));
#4557=FACE_BOUND('',#4556,.T.);
#4558=ADVANCED_FACE('',(#4532,#4557),#4528,.T.);
#4559=OVER_RIDING_STYLED_ITEM('',(#828),#4558,#26);
#4560=CARTESIAN_POINT('',(0.,0.65,12.3));
#4561=DIRECTION('',(0.,-0.,1.));
#4562=DIRECTION('',(1.,0.,-0.));
#4563=AXIS2_PLACEMENT_3D('',#4560,#4561,#4562);
#4564=PLANE('',#4563);
#4565=ORIENTED_EDGE('',*,*,#1097,.T.);
#4566=CARTESIAN_POINT('',(-65.,6.,12.3));
#4567=DIRECTION('',(1.,0.,-0.));
#4568=VECTOR('',#4567,5.);
#4569=LINE('',#4566,#4568);
#4570=EDGE_CURVE('',#1928,#1084,#4569,.T.);
#4571=ORIENTED_EDGE('',*,*,#4570,.F.);
#4572=ORIENTED_EDGE('',*,*,#1933,.F.);
#4573=ORIENTED_EDGE('',*,*,#2041,.T.);
#4574=EDGE_LOOP('',(#4565,#4571,#4572,#4573));
#4575=FACE_BOUND('',#4574,.T.);
#4576=ADVANCED_FACE('',(#4575),#4564,.T.);
#4577=OVER_RIDING_STYLED_ITEM('',(#828),#4576,#26);
#4578=CARTESIAN_POINT('',(0.,-0.451886792,12.8));
#4579=DIRECTION('',(0.,0.,1.));
#4580=DIRECTION('',(1.,0.,0.));
#4581=AXIS2_PLACEMENT_3D('',#4578,#4579,#4580);
#4582=PLANE('',#4581);
#4583=CARTESIAN_POINT('',(-7.,-4.7,12.8));
#4584=VERTEX_POINT('',#4583);
#4585=CARTESIAN_POINT('',(7.,-4.7,12.8));
#4586=VERTEX_POINT('',#4585);
#4587=CARTESIAN_POINT('',(-11.5,-4.7,12.8));
#4588=DIRECTION('',(1.,0.,-0.));
#4589=VECTOR('',#4588,140.);
#4590=LINE('',#4587,#4589);
#4591=EDGE_CURVE('',#4584,#4586,#4590,.T.);
#4592=ORIENTED_EDGE('',*,*,#4591,.F.);
#4593=CARTESIAN_POINT('',(-7.,-22.7,12.8));
#4594=DIRECTION('',(0.,1.,0.));
#4595=VECTOR('',#4594,18.);
#4596=LINE('',#4593,#4595);
#4597=EDGE_CURVE('',#4536,#4584,#4596,.T.);
#4598=ORIENTED_EDGE('',*,*,#4597,.F.);
#4599=ORIENTED_EDGE('',*,*,#4541,.F.);
#4600=CARTESIAN_POINT('',(7.,11.5,12.8));
#4601=DIRECTION('',(0.,-1.,0.));
#4602=VECTOR('',#4601,18.);
#4603=LINE('',#4600,#4602);
#4604=EDGE_CURVE('',#4586,#4534,#4603,.T.);
#4605=ORIENTED_EDGE('',*,*,#4604,.F.);
#4606=EDGE_LOOP('',(#4592,#4598,#4599,#4605));
#4607=FACE_BOUND('',#4606,.T.);
#4608=ADVANCED_FACE('',(#4607),#4582,.T.);
#4609=OVER_RIDING_STYLED_ITEM('',(#828),#4608,#26);
#4610=CARTESIAN_POINT('',(-7.,-5.6,0.));
#4611=DIRECTION('',(-1.,0.,0.));
#4612=DIRECTION('',(0.,-1.,0.));
#4613=AXIS2_PLACEMENT_3D('',#4610,#4611,#4612);
#4614=PLANE('',#4613);
#4615=ORIENTED_EDGE('',*,*,#4597,.T.);
#4616=CARTESIAN_POINT('',(-7.,-4.7,0.));
#4617=DIRECTION('',(0.,0.,1.));
#4618=VECTOR('',#4617,128.);
#4619=LINE('',#4616,#4618);
#4620=EDGE_CURVE('',#734,#4584,#4619,.T.);
#4621=ORIENTED_EDGE('',*,*,#4620,.F.);
#4622=ORIENTED_EDGE('',*,*,#739,.T.);
#4623=ORIENTED_EDGE('',*,*,#4547,.T.);
#4624=EDGE_LOOP('',(#4615,#4621,#4622,#4623));
#4625=FACE_BOUND('',#4624,.T.);
#4626=ADVANCED_FACE('',(#4625),#4614,.T.);
#4627=OVER_RIDING_STYLED_ITEM('',(#828),#4626,#26);
#4628=CARTESIAN_POINT('',(0.,6.,0.));
#4629=DIRECTION('',(0.,1.,0.));
#4630=DIRECTION('',(-1.,0.,0.));
#4631=AXIS2_PLACEMENT_3D('',#4628,#4629,#4630);
#4632=PLANE('',#4631);
#4633=ORIENTED_EDGE('',*,*,#4570,.T.);
#4634=ORIENTED_EDGE('',*,*,#2017,.T.);
#4635=ORIENTED_EDGE('',*,*,#2106,.T.);
#4636=ORIENTED_EDGE('',*,*,#1960,.F.);
#4637=ORIENTED_EDGE('',*,*,#779,.T.);
#4638=ORIENTED_EDGE('',*,*,#1939,.T.);
#4639=EDGE_LOOP('',(#4633,#4634,#4635,#4636,#4637,#4638));
#4640=FACE_BOUND('',#4639,.T.);
#4641=ADVANCED_FACE('',(#4640),#4632,.T.);
#4642=OVER_RIDING_STYLED_ITEM('',(#828),#4641,#26);
#4643=CARTESIAN_POINT('',(6.75,-4.7,0.));
#4644=DIRECTION('',(0.,1.,0.));
#4645=DIRECTION('',(-1.,0.,0.));
#4646=AXIS2_PLACEMENT_3D('',#4643,#4644,#4645);
#4647=PLANE('',#4646);
#4648=ORIENTED_EDGE('',*,*,#4591,.T.);
#4649=CARTESIAN_POINT('',(7.,-4.7,0.));
#4650=DIRECTION('',(0.,0.,1.));
#4651=VECTOR('',#4650,128.);
#4652=LINE('',#4649,#4651);
#4653=EDGE_CURVE('',#806,#4586,#4652,.T.);
#4654=ORIENTED_EDGE('',*,*,#4653,.F.);
#4655=ORIENTED_EDGE('',*,*,#811,.T.);
#4656=ORIENTED_EDGE('',*,*,#1993,.T.);
#4657=ORIENTED_EDGE('',*,*,#2123,.F.);
#4658=ORIENTED_EDGE('',*,*,#1899,.F.);
#4659=ORIENTED_EDGE('',*,*,#747,.T.);
#4660=ORIENTED_EDGE('',*,*,#4620,.T.);
#4661=EDGE_LOOP('',(#4648,#4654,#4655,#4656,#4657,#4658,#4659,#4660));
#4662=FACE_BOUND('',#4661,.T.);
#4663=ADVANCED_FACE('',(#4662),#4647,.T.);
#4664=OVER_RIDING_STYLED_ITEM('',(#828),#4663,#26);
#4665=CARTESIAN_POINT('',(7.,-5.6,0.));
#4666=DIRECTION('',(1.,0.,0.));
#4667=DIRECTION('',(0.,1.,0.));
#4668=AXIS2_PLACEMENT_3D('',#4665,#4666,#4667);
#4669=PLANE('',#4668);
#4670=ORIENTED_EDGE('',*,*,#4604,.T.);
#4671=ORIENTED_EDGE('',*,*,#4554,.F.);
#4672=ORIENTED_EDGE('',*,*,#817,.T.);
#4673=ORIENTED_EDGE('',*,*,#4653,.T.);
#4674=EDGE_LOOP('',(#4670,#4671,#4672,#4673));
#4675=FACE_BOUND('',#4674,.T.);
#4676=ADVANCED_FACE('',(#4675),#4669,.T.);
#4677=OVER_RIDING_STYLED_ITEM('',(#828),#4676,#26);
#4678=CARTESIAN_POINT('',(0.,-6.5,6.5));
#4679=DIRECTION('',(-0.,1.,0.));
#4680=DIRECTION('',(1.,0.,0.));
#4681=AXIS2_PLACEMENT_3D('',#4678,#4679,#4680);
#4682=CYLINDRICAL_SURFACE('',#4681,4.);
#4683=ORIENTED_EDGE('',*,*,#4429,.F.);
#4684=ORIENTED_EDGE('',*,*,#4511,.F.);
#4685=ORIENTED_EDGE('',*,*,#4412,.F.);
#4686=ORIENTED_EDGE('',*,*,#2501,.F.);
#4687=EDGE_LOOP('',(#4683,#4684,#4685,#4686));
#4688=FACE_BOUND('',#4687,.T.);
#4689=ADVANCED_FACE('',(#4688),#4682,.T.);
#4690=OVER_RIDING_STYLED_ITEM('',(#2291),#4689,#26);
#4691=CLOSED_SHELL('',(#67,#107,#158,#169,#221,#232,#284,#295,#347,#358,#383,#408,#426,#478,#489,#541,#552,#604,#615,#667,#678,#821,#871,#951,#1009,#1052,
#1115,#1208,#1241,#1296,#1347,#1385,#1410,#1440,#1464,#1481,#1493,#1517,#1547,#1572,#1602,#1619,#1651,#1675,#1700,#1724,#1749,#1773,#1797,#1815,#1839,
#1851,#1883,#1909,#1943,#1970,#1997,#2022,#2048,#2075,#2092,#2110,#2128,#2169,#2200,#2231,#2253,#2284,#2316,#2661,#2693,#2717,#2741,#2758,#2789,#2814,
#2846,#2870,#2894,#2911,#2942,#2967,#2999,#3023,#3047,#3064,#3095,#3120,#3152,#3176,#3200,#3217,#3248,#3273,#3305,#3329,#3353,#3370,#3401,#3426,#3458,
#3482,#3506,#3523,#3554,#3579,#3611,#3635,#3659,#3676,#3707,#3732,#3757,#3775,#3788,#3813,#3831,#3844,#3869,#3887,#3900,#3925,#3943,#3956,#3981,#3999,
#4012,#4037,#4055,#4068,#4093,#4111,#4124,#4149,#4167,#4180,#4232,#4264,#4290,#4315,#4340,#4366,#4391,#4416,#4449,#4474,#4492,#4522,#4558,#4576,#4608,
#4626,#4641,#4663,#4676,#4689));
#4692=MANIFOLD_SOLID_BREP('alibrePartClosedBody',#4691);
#4693=COLOUR_RGB('',0.882352948,0.882352948,0.882352948);
#4694=FILL_AREA_STYLE_COLOUR('',#4693);
#4695=FILL_AREA_STYLE('',(#4694));
#4696=SURFACE_STYLE_FILL_AREA(#4695);
#4697=SURFACE_SIDE_STYLE('',(#4696));
#4698=SURFACE_STYLE_USAGE(.BOTH.,#4697);
#4699=PRESENTATION_STYLE_ASSIGNMENT((#4698));
#26=STYLED_ITEM('',(#4699),#4692);
#16=SHAPE_REPRESENTATION('Conn_Mini_DIN_round_8_canned',(#15),#10);
#17=ADVANCED_BREP_SHAPE_REPRESENTATION('Conn_Mini_DIN_round_8_canned',(#4692),#10);
#4707=SHAPE_REPRESENTATION_RELATIONSHIP('','',#16,#17);
#4708=CARTESIAN_POINT('',(0.,0.,0.));
#4709=DIRECTION('',(0.,0.,1.));
#4710=DIRECTION('',(1.,0.,0.));
#4711=AXIS2_PLACEMENT_3D('',#4708,#4709,#4710);
#4713=MAPPED_ITEM('',#4712,#4711);
#4712=REPRESENTATION_MAP(#4711,#16);
#4714=APPLICATION_CONTEXT('Managed model based 3d engineering');
#4715=APPLICATION_PROTOCOL_DEFINITION('international standard','ap242_managed_model_based_3d_engineering',2013,#4714);
#4716=PRODUCT_CONTEXT('',#4714,'mechanical');
#4717=PRODUCT_DEFINITION_CONTEXT('part definition',#4714,'design');
#24=PRODUCT('Conn_Mini_DIN_round_8_canned','Conn_Mini_DIN_round_8_canned','',(#4716));
#4718=PRODUCT_RELATED_PRODUCT_CATEGORY('part','',(#24));
#4719=PRODUCT_DEFINITION_FORMATION_WITH_SPECIFIED_SOURCE('','',#24,.NOT_KNOWN.);
#25=PRODUCT_DEFINITION('design','',#4719,#4717);
#23=PRODUCT_DEFINITION_SHAPE('','',#25);
#4720=SHAPE_DEFINITION_REPRESENTATION(#23,#16);
#11=DRAUGHTING_MODEL('',(#4713),#10);
#1=MECHANICAL_DESIGN_GEOMETRIC_PRESENTATION_REPRESENTATION('',(#75,#159,#170,#222,#233,#285,#296,#348,#359,#384,#409,#427,#479,#490,#542,#553,#605,#616,#668,#679,#829,#952,#1010,#1116,#1209,#1297,
#1348,#1910,#1944,#1971,#1998,#2023,#2049,#2076,#2093,#2111,#2129,#2292,#2317,#2662,#2790,#2815,#2943,#2968,#3096,#3121,#3249,#3274,#3402,#3427,#3555,
#3580,#3708,#3733,#3758,#3776,#3789,#3814,#3832,#3845,#3870,#3888,#3901,#3926,#3944,#3957,#3982,#4000,#4013,#4038,#4056,#4069,#4094,#4112,#4125,#4150,
#4168,#4181,#4233,#4265,#4291,#4316,#4341,#4367,#4392,#4417,#4450,#4475,#4493,#4523,#4559,#4577,#4609,#4627,#4642,#4664,#4677,#4690,#26),#10);
ENDSEC;
END-ISO-10303-21;
