ISO-10303-21;
HEADER;

/* File generated by Alibre Version V28 */

FILE_DESCRIPTION(('HOOPS Exchange Step'),'2;1');

FILE_NAME('C:\\Users\\runds\\AppData\\Local\\Temp\\Alibre Design\\28.0.2.28126\\export-2D946ADA-3C1A-4986-802E-5B70DEDE2870.stp',
'2025-02-06T11:45:03+01:00',
('runds'),
('Alibre'),
'HOOPS Exchange 2024.5',
'Alibre',
'Unknown authorisation');

FILE_SCHEMA( ('AP242_MANAGED_MODEL_BASED_3D_ENGINEERING_MIM_LF {1 0 10303 442 1 1 4 }') );

ENDSEC;

DATA;
#3=(NAMED_UNIT(*)PLANE_ANGLE_UNIT()SI_UNIT($,.RADIAN.));
#4=PLANE_ANGLE_MEASURE_WITH_UNIT(PLANE_ANGLE_MEASURE(0.0174532925),#3);
#5=(CONVERSION_BASED_UNIT('DEGREE',#4)NAMED_UNIT(#6)PLANE_ANGLE_UNIT());
#6=DIMENSIONAL_EXPONENTS(0.,0.,0.,0.,0.,0.,0.);
#7=(NAMED_UNIT(*)SI_UNIT($,.STERADIAN.)SOLID_ANGLE_UNIT());
#8=(LENGTH_UNIT()NAMED_UNIT(*)SI_UNIT(.MILLI.,.METRE.));
#9=UNCERTAINTY_MEASURE_WITH_UNIT(LENGTH_MEASURE(1.000000E-06),#8,'DISTANCE_ACCURACY_VALUE','Maximum Tolerance applied to model');
#10=(GEOMETRIC_REPRESENTATION_CONTEXT(3)GLOBAL_UNCERTAINTY_ASSIGNED_CONTEXT((#9))GLOBAL_UNIT_ASSIGNED_CONTEXT((#8,#5,#7))REPRESENTATION_CONTEXT('','Conn_Mini_DIN_round_9'));
#12=CARTESIAN_POINT('',(0.,0.,0.));
#13=DIRECTION('',(0.,0.,1.));
#14=DIRECTION('',(1.,0.,0.));
#15=AXIS2_PLACEMENT_3D('',#12,#13,#14);
#27=CARTESIAN_POINT('',(0.,-1.568851024,0.));
#28=DIRECTION('',(0.,1.,0.));
#29=DIRECTION('',(1.,0.,0.));
#30=AXIS2_PLACEMENT_3D('',#27,#28,#29);
#31=PLANE('',#30);
#32=CARTESIAN_POINT('',(-1.,-1.568851024,-2.5));
#33=VERTEX_POINT('',#32);
#34=CARTESIAN_POINT('',(1.,-1.568851024,-2.5));
#35=VERTEX_POINT('',#34);
#36=CARTESIAN_POINT('',(0.,-1.568851024,-2.5));
#37=DIRECTION('',(0.,-1.,-0.));
#38=DIRECTION('',(-0.707106781,0.,-0.707106781));
#39=AXIS2_PLACEMENT_3D('',#36,#37,#38);
#40=CIRCLE('',#39,1.);
#41=EDGE_CURVE('',#33,#35,#40,.T.);
#42=ORIENTED_EDGE('',*,*,#41,.F.);
#43=CARTESIAN_POINT('',(-1.,-1.568851024,0.));
#44=VERTEX_POINT('',#43);
#45=CARTESIAN_POINT('',(-1.,-1.568851024,0.));
#46=DIRECTION('',(0.,0.,-1.));
#47=VECTOR('',#46,25.);
#48=LINE('',#45,#47);
#49=EDGE_CURVE('',#44,#33,#48,.T.);
#50=ORIENTED_EDGE('',*,*,#49,.F.);
#51=CARTESIAN_POINT('',(1.,-1.568851024,0.));
#52=VERTEX_POINT('',#51);
#53=CARTESIAN_POINT('',(10.,-1.568851024,0.));
#54=DIRECTION('',(-1.,0.,0.));
#55=VECTOR('',#54,20.);
#56=LINE('',#53,#55);
#57=EDGE_CURVE('',#52,#44,#56,.T.);
#58=ORIENTED_EDGE('',*,*,#57,.F.);
#59=CARTESIAN_POINT('',(1.,-1.568851024,0.));
#60=DIRECTION('',(0.,0.,-1.));
#61=VECTOR('',#60,25.);
#62=LINE('',#59,#61);
#63=EDGE_CURVE('',#52,#35,#62,.T.);
#64=ORIENTED_EDGE('',*,*,#63,.T.);
#65=EDGE_LOOP('',(#42,#50,#58,#64));
#66=FACE_BOUND('',#65,.T.);
#67=ADVANCED_FACE('',(#66),#31,.T.);
#68=COLOUR_RGB('',0.752941191,0.752941191,0.752941191);
#69=FILL_AREA_STYLE_COLOUR('',#68);
#70=FILL_AREA_STYLE('',(#69));
#71=SURFACE_STYLE_FILL_AREA(#70);
#72=SURFACE_SIDE_STYLE('',(#71));
#73=SURFACE_STYLE_USAGE(.BOTH.,#72);
#74=PRESENTATION_STYLE_ASSIGNMENT((#73));
#75=OVER_RIDING_STYLED_ITEM('',(#74),#67,#26);
#76=CARTESIAN_POINT('',(0.,-1.818851024,-2.5));
#77=DIRECTION('',(0.,-1.,-0.));
#78=DIRECTION('',(-0.707106781,0.,-0.707106781));
#79=AXIS2_PLACEMENT_3D('',#76,#77,#78);
#80=CYLINDRICAL_SURFACE('',#79,1.);
#81=CARTESIAN_POINT('',(1.,-2.068851024,-2.5));
#82=VERTEX_POINT('',#81);
#83=CARTESIAN_POINT('',(-1.,-2.068851024,-2.5));
#84=VERTEX_POINT('',#83);
#85=CARTESIAN_POINT('',(0.,-2.068851024,-2.5));
#86=DIRECTION('',(0.,1.,0.));
#87=DIRECTION('',(0.707106781,0.,-0.707106781));
#88=AXIS2_PLACEMENT_3D('',#85,#86,#87);
#89=CIRCLE('',#88,1.);
#90=EDGE_CURVE('',#82,#84,#89,.T.);
#91=ORIENTED_EDGE('',*,*,#90,.T.);
#92=CARTESIAN_POINT('',(-1.,-4.318851024,-2.5));
#93=DIRECTION('',(0.,1.,0.));
#94=VECTOR('',#93,5.);
#95=LINE('',#92,#94);
#96=EDGE_CURVE('',#84,#33,#95,.T.);
#97=ORIENTED_EDGE('',*,*,#96,.T.);
#98=ORIENTED_EDGE('',*,*,#41,.T.);
#99=CARTESIAN_POINT('',(1.,0.681148976,-2.5));
#100=DIRECTION('',(0.,-1.,0.));
#101=VECTOR('',#100,5.);
#102=LINE('',#99,#101);
#103=EDGE_CURVE('',#35,#82,#102,.T.);
#104=ORIENTED_EDGE('',*,*,#103,.T.);
#105=EDGE_LOOP('',(#91,#97,#98,#104));
#106=FACE_BOUND('',#105,.T.);
#107=ADVANCED_FACE('',(#106),#80,.T.);
#108=COLOUR_RGB('',0.882352948,0.882352948,0.882352948);
#109=FILL_AREA_STYLE_COLOUR('',#108);
#110=FILL_AREA_STYLE('',(#109));
#111=SURFACE_STYLE_FILL_AREA(#110);
#112=SURFACE_SIDE_STYLE('',(#111));
#113=SURFACE_STYLE_USAGE(.BOTH.,#112);
#114=PRESENTATION_STYLE_ASSIGNMENT((#113));
#115=OVER_RIDING_STYLED_ITEM('',(#114),#107,#26);
#116=CARTESIAN_POINT('',(2.,2.,0.));
#117=DIRECTION('',(0.,0.,-1.));
#118=DIRECTION('',(-1.,0.,0.));
#119=AXIS2_PLACEMENT_3D('',#116,#117,#118);
#120=CYLINDRICAL_SURFACE('',#119,0.35);
#121=CARTESIAN_POINT('',(2.35,2.,-3.5));
#122=VERTEX_POINT('',#121);
#123=CARTESIAN_POINT('',(2.35,2.,0.));
#124=VERTEX_POINT('',#123);
#125=CARTESIAN_POINT('',(2.35,2.,-3.5));
#126=DIRECTION('',(-0.,-0.,1.));
#127=VECTOR('',#126,3.5);
#128=LINE('',#125,#127);
#129=EDGE_CURVE('',#122,#124,#128,.T.);
#130=ORIENTED_EDGE('',*,*,#129,.T.);
#131=CARTESIAN_POINT('',(1.65,2.,0.));
#132=VERTEX_POINT('',#131);
#133=CARTESIAN_POINT('',(2.,2.,0.));
#134=DIRECTION('',(0.,0.,1.));
#135=DIRECTION('',(-1.,0.,0.));
#136=AXIS2_PLACEMENT_3D('',#133,#134,#135);
#137=CIRCLE('',#136,0.35);
#138=EDGE_CURVE('',#132,#124,#137,.T.);
#139=ORIENTED_EDGE('',*,*,#138,.F.);
#140=CARTESIAN_POINT('',(2.,2.,0.));
#141=DIRECTION('',(0.,0.,1.));
#142=DIRECTION('',(-1.,0.,0.));
#143=AXIS2_PLACEMENT_3D('',#140,#141,#142);
#144=CIRCLE('',#143,0.35);
#145=EDGE_CURVE('',#124,#132,#144,.T.);
#146=ORIENTED_EDGE('',*,*,#145,.F.);
#147=ORIENTED_EDGE('',*,*,#129,.F.);
#148=CARTESIAN_POINT('',(1.65,2.,-3.5));
#149=VERTEX_POINT('',#148);
#150=CARTESIAN_POINT('',(2.,2.,-3.5));
#151=DIRECTION('',(0.,0.,1.));
#152=DIRECTION('',(-1.,0.,0.));
#153=AXIS2_PLACEMENT_3D('',#150,#151,#152);
#154=CIRCLE('',#153,0.35);
#155=EDGE_CURVE('',#122,#149,#154,.T.);
#156=ORIENTED_EDGE('',*,*,#155,.T.);
#157=CARTESIAN_POINT('',(2.,2.,-3.5));
#158=DIRECTION('',(0.,0.,1.));
#159=DIRECTION('',(-1.,0.,0.));
#160=AXIS2_PLACEMENT_3D('',#157,#158,#159);
#161=CIRCLE('',#160,0.35);
#162=EDGE_CURVE('',#149,#122,#161,.T.);
#163=ORIENTED_EDGE('',*,*,#162,.T.);
#164=EDGE_LOOP('',(#130,#139,#146,#147,#156,#163));
#165=FACE_BOUND('',#164,.T.);
#166=ADVANCED_FACE('',(#165),#120,.T.);
#167=OVER_RIDING_STYLED_ITEM('',(#74),#166,#26);
#168=CARTESIAN_POINT('',(2.,2.,-3.5));
#169=DIRECTION('',(0.,0.,-1.));
#170=DIRECTION('',(-1.,0.,0.));
#171=AXIS2_PLACEMENT_3D('',#168,#169,#170);
#172=PLANE('',#171);
#173=ORIENTED_EDGE('',*,*,#155,.F.);
#174=ORIENTED_EDGE('',*,*,#162,.F.);
#175=EDGE_LOOP('',(#173,#174));
#176=FACE_BOUND('',#175,.T.);
#177=ADVANCED_FACE('',(#176),#172,.T.);
#178=OVER_RIDING_STYLED_ITEM('',(#74),#177,#26);
#179=CARTESIAN_POINT('',(4.,4.5,0.));
#180=DIRECTION('',(0.,0.,-1.));
#181=DIRECTION('',(-1.,0.,0.));
#182=AXIS2_PLACEMENT_3D('',#179,#180,#181);
#183=CYLINDRICAL_SURFACE('',#182,0.35);
#184=CARTESIAN_POINT('',(4.35,4.5,-3.5));
#185=VERTEX_POINT('',#184);
#186=CARTESIAN_POINT('',(4.35,4.5,0.));
#187=VERTEX_POINT('',#186);
#188=CARTESIAN_POINT('',(4.35,4.5,-3.5));
#189=DIRECTION('',(-0.,-0.,1.));
#190=VECTOR('',#189,3.5);
#191=LINE('',#188,#190);
#192=EDGE_CURVE('',#185,#187,#191,.T.);
#193=ORIENTED_EDGE('',*,*,#192,.T.);
#194=CARTESIAN_POINT('',(3.65,4.5,0.));
#195=VERTEX_POINT('',#194);
#196=CARTESIAN_POINT('',(4.,4.5,0.));
#197=DIRECTION('',(0.,0.,1.));
#198=DIRECTION('',(-1.,0.,0.));
#199=AXIS2_PLACEMENT_3D('',#196,#197,#198);
#200=CIRCLE('',#199,0.35);
#201=EDGE_CURVE('',#195,#187,#200,.T.);
#202=ORIENTED_EDGE('',*,*,#201,.F.);
#203=CARTESIAN_POINT('',(4.,4.5,0.));
#204=DIRECTION('',(0.,0.,1.));
#205=DIRECTION('',(-1.,0.,0.));
#206=AXIS2_PLACEMENT_3D('',#203,#204,#205);
#207=CIRCLE('',#206,0.35);
#208=EDGE_CURVE('',#187,#195,#207,.T.);
#209=ORIENTED_EDGE('',*,*,#208,.F.);
#210=ORIENTED_EDGE('',*,*,#192,.F.);
#211=CARTESIAN_POINT('',(3.65,4.5,-3.5));
#212=VERTEX_POINT('',#211);
#213=CARTESIAN_POINT('',(4.,4.5,-3.5));
#214=DIRECTION('',(0.,0.,1.));
#215=DIRECTION('',(-1.,0.,0.));
#216=AXIS2_PLACEMENT_3D('',#213,#214,#215);
#217=CIRCLE('',#216,0.35);
#218=EDGE_CURVE('',#185,#212,#217,.T.);
#219=ORIENTED_EDGE('',*,*,#218,.T.);
#220=CARTESIAN_POINT('',(4.,4.5,-3.5));
#221=DIRECTION('',(0.,0.,1.));
#222=DIRECTION('',(-1.,0.,0.));
#223=AXIS2_PLACEMENT_3D('',#220,#221,#222);
#224=CIRCLE('',#223,0.35);
#225=EDGE_CURVE('',#212,#185,#224,.T.);
#226=ORIENTED_EDGE('',*,*,#225,.T.);
#227=EDGE_LOOP('',(#193,#202,#209,#210,#219,#226));
#228=FACE_BOUND('',#227,.T.);
#229=ADVANCED_FACE('',(#228),#183,.T.);
#230=OVER_RIDING_STYLED_ITEM('',(#74),#229,#26);
#231=CARTESIAN_POINT('',(4.,4.5,-3.5));
#232=DIRECTION('',(0.,0.,-1.));
#233=DIRECTION('',(-1.,0.,0.));
#234=AXIS2_PLACEMENT_3D('',#231,#232,#233);
#235=PLANE('',#234);
#236=ORIENTED_EDGE('',*,*,#218,.F.);
#237=ORIENTED_EDGE('',*,*,#225,.F.);
#238=EDGE_LOOP('',(#236,#237));
#239=FACE_BOUND('',#238,.T.);
#240=ADVANCED_FACE('',(#239),#235,.T.);
#241=OVER_RIDING_STYLED_ITEM('',(#74),#240,#26);
#242=CARTESIAN_POINT('',(-0.7,4.5,0.));
#243=DIRECTION('',(0.,0.,-1.));
#244=DIRECTION('',(-1.,0.,0.));
#245=AXIS2_PLACEMENT_3D('',#242,#243,#244);
#246=CYLINDRICAL_SURFACE('',#245,0.35);
#247=CARTESIAN_POINT('',(-0.35,4.5,-3.5));
#248=VERTEX_POINT('',#247);
#249=CARTESIAN_POINT('',(-0.35,4.5,0.));
#250=VERTEX_POINT('',#249);
#251=CARTESIAN_POINT('',(-0.35,4.5,-3.5));
#252=DIRECTION('',(-0.,-0.,1.));
#253=VECTOR('',#252,3.5);
#254=LINE('',#251,#253);
#255=EDGE_CURVE('',#248,#250,#254,.T.);
#256=ORIENTED_EDGE('',*,*,#255,.T.);
#257=CARTESIAN_POINT('',(-1.05,4.5,0.));
#258=VERTEX_POINT('',#257);
#259=CARTESIAN_POINT('',(-0.7,4.5,0.));
#260=DIRECTION('',(0.,0.,1.));
#261=DIRECTION('',(-1.,0.,0.));
#262=AXIS2_PLACEMENT_3D('',#259,#260,#261);
#263=CIRCLE('',#262,0.35);
#264=EDGE_CURVE('',#258,#250,#263,.T.);
#265=ORIENTED_EDGE('',*,*,#264,.F.);
#266=CARTESIAN_POINT('',(-0.7,4.5,0.));
#267=DIRECTION('',(0.,0.,1.));
#268=DIRECTION('',(-1.,0.,0.));
#269=AXIS2_PLACEMENT_3D('',#266,#267,#268);
#270=CIRCLE('',#269,0.35);
#271=EDGE_CURVE('',#250,#258,#270,.T.);
#272=ORIENTED_EDGE('',*,*,#271,.F.);
#273=ORIENTED_EDGE('',*,*,#255,.F.);
#274=CARTESIAN_POINT('',(-1.05,4.5,-3.5));
#275=VERTEX_POINT('',#274);
#276=CARTESIAN_POINT('',(-0.7,4.5,-3.5));
#277=DIRECTION('',(0.,0.,1.));
#278=DIRECTION('',(-1.,0.,0.));
#279=AXIS2_PLACEMENT_3D('',#276,#277,#278);
#280=CIRCLE('',#279,0.35);
#281=EDGE_CURVE('',#248,#275,#280,.T.);
#282=ORIENTED_EDGE('',*,*,#281,.T.);
#283=CARTESIAN_POINT('',(-0.7,4.5,-3.5));
#284=DIRECTION('',(0.,0.,1.));
#285=DIRECTION('',(-1.,0.,0.));
#286=AXIS2_PLACEMENT_3D('',#283,#284,#285);
#287=CIRCLE('',#286,0.35);
#288=EDGE_CURVE('',#275,#248,#287,.T.);
#289=ORIENTED_EDGE('',*,*,#288,.T.);
#290=EDGE_LOOP('',(#256,#265,#272,#273,#282,#289));
#291=FACE_BOUND('',#290,.T.);
#292=ADVANCED_FACE('',(#291),#246,.T.);
#293=OVER_RIDING_STYLED_ITEM('',(#74),#292,#26);
#294=CARTESIAN_POINT('',(-0.7,4.5,-3.5));
#295=DIRECTION('',(0.,0.,-1.));
#296=DIRECTION('',(-1.,0.,0.));
#297=AXIS2_PLACEMENT_3D('',#294,#295,#296);
#298=PLANE('',#297);
#299=ORIENTED_EDGE('',*,*,#281,.F.);
#300=ORIENTED_EDGE('',*,*,#288,.F.);
#301=EDGE_LOOP('',(#299,#300));
#302=FACE_BOUND('',#301,.T.);
#303=ADVANCED_FACE('',(#302),#298,.T.);
#304=OVER_RIDING_STYLED_ITEM('',(#74),#303,#26);
#305=CARTESIAN_POINT('',(-2.,2.,0.));
#306=DIRECTION('',(0.,0.,-1.));
#307=DIRECTION('',(-1.,0.,0.));
#308=AXIS2_PLACEMENT_3D('',#305,#306,#307);
#309=CYLINDRICAL_SURFACE('',#308,0.35);
#310=CARTESIAN_POINT('',(-1.65,2.,-3.5));
#311=VERTEX_POINT('',#310);
#312=CARTESIAN_POINT('',(-1.65,2.,0.));
#313=VERTEX_POINT('',#312);
#314=CARTESIAN_POINT('',(-1.65,2.,-3.5));
#315=DIRECTION('',(-0.,-0.,1.));
#316=VECTOR('',#315,3.5);
#317=LINE('',#314,#316);
#318=EDGE_CURVE('',#311,#313,#317,.T.);
#319=ORIENTED_EDGE('',*,*,#318,.T.);
#320=CARTESIAN_POINT('',(-2.35,2.,0.));
#321=VERTEX_POINT('',#320);
#322=CARTESIAN_POINT('',(-2.,2.,0.));
#323=DIRECTION('',(0.,0.,1.));
#324=DIRECTION('',(-1.,0.,0.));
#325=AXIS2_PLACEMENT_3D('',#322,#323,#324);
#326=CIRCLE('',#325,0.35);
#327=EDGE_CURVE('',#321,#313,#326,.T.);
#328=ORIENTED_EDGE('',*,*,#327,.F.);
#329=CARTESIAN_POINT('',(-2.,2.,0.));
#330=DIRECTION('',(0.,0.,1.));
#331=DIRECTION('',(-1.,0.,0.));
#332=AXIS2_PLACEMENT_3D('',#329,#330,#331);
#333=CIRCLE('',#332,0.35);
#334=EDGE_CURVE('',#313,#321,#333,.T.);
#335=ORIENTED_EDGE('',*,*,#334,.F.);
#336=ORIENTED_EDGE('',*,*,#318,.F.);
#337=CARTESIAN_POINT('',(-2.35,2.,-3.5));
#338=VERTEX_POINT('',#337);
#339=CARTESIAN_POINT('',(-2.,2.,-3.5));
#340=DIRECTION('',(0.,0.,1.));
#341=DIRECTION('',(-1.,0.,0.));
#342=AXIS2_PLACEMENT_3D('',#339,#340,#341);
#343=CIRCLE('',#342,0.35);
#344=EDGE_CURVE('',#311,#338,#343,.T.);
#345=ORIENTED_EDGE('',*,*,#344,.T.);
#346=CARTESIAN_POINT('',(-2.,2.,-3.5));
#347=DIRECTION('',(0.,0.,1.));
#348=DIRECTION('',(-1.,0.,0.));
#349=AXIS2_PLACEMENT_3D('',#346,#347,#348);
#350=CIRCLE('',#349,0.35);
#351=EDGE_CURVE('',#338,#311,#350,.T.);
#352=ORIENTED_EDGE('',*,*,#351,.T.);
#353=EDGE_LOOP('',(#319,#328,#335,#336,#345,#352));
#354=FACE_BOUND('',#353,.T.);
#355=ADVANCED_FACE('',(#354),#309,.T.);
#356=OVER_RIDING_STYLED_ITEM('',(#74),#355,#26);
#357=CARTESIAN_POINT('',(-2.,2.,-3.5));
#358=DIRECTION('',(0.,0.,-1.));
#359=DIRECTION('',(-1.,0.,0.));
#360=AXIS2_PLACEMENT_3D('',#357,#358,#359);
#361=PLANE('',#360);
#362=ORIENTED_EDGE('',*,*,#344,.F.);
#363=ORIENTED_EDGE('',*,*,#351,.F.);
#364=EDGE_LOOP('',(#362,#363));
#365=FACE_BOUND('',#364,.T.);
#366=ADVANCED_FACE('',(#365),#361,.T.);
#367=OVER_RIDING_STYLED_ITEM('',(#74),#366,#26);
#368=CARTESIAN_POINT('',(-1.,-1.818851024,0.));
#369=DIRECTION('',(-1.,0.,0.));
#370=DIRECTION('',(0.,1.,0.));
#371=AXIS2_PLACEMENT_3D('',#368,#369,#370);
#372=PLANE('',#371);
#373=ORIENTED_EDGE('',*,*,#96,.F.);
#374=CARTESIAN_POINT('',(-1.,-2.068851024,0.));
#375=VERTEX_POINT('',#374);
#376=CARTESIAN_POINT('',(-1.,-2.068851024,0.));
#377=DIRECTION('',(0.,0.,-1.));
#378=VECTOR('',#377,25.);
#379=LINE('',#376,#378);
#380=EDGE_CURVE('',#375,#84,#379,.T.);
#381=ORIENTED_EDGE('',*,*,#380,.F.);
#382=CARTESIAN_POINT('',(-1.,-5.470190065,0.));
#383=DIRECTION('',(0.,-1.,0.));
#384=VECTOR('',#383,5.);
#385=LINE('',#382,#384);
#386=EDGE_CURVE('',#44,#375,#385,.T.);
#387=ORIENTED_EDGE('',*,*,#386,.F.);
#388=ORIENTED_EDGE('',*,*,#49,.T.);
#389=EDGE_LOOP('',(#373,#381,#387,#388));
#390=FACE_BOUND('',#389,.T.);
#391=ADVANCED_FACE('',(#390),#372,.T.);
#392=OVER_RIDING_STYLED_ITEM('',(#74),#391,#26);
#393=CARTESIAN_POINT('',(0.,-2.068851024,0.));
#394=DIRECTION('',(0.,-1.,0.));
#395=DIRECTION('',(-1.,0.,0.));
#396=AXIS2_PLACEMENT_3D('',#393,#394,#395);
#397=PLANE('',#396);
#398=ORIENTED_EDGE('',*,*,#90,.F.);
#399=CARTESIAN_POINT('',(1.,-2.068851024,0.));
#400=VERTEX_POINT('',#399);
#401=CARTESIAN_POINT('',(1.,-2.068851024,0.));
#402=DIRECTION('',(0.,0.,-1.));
#403=VECTOR('',#402,25.);
#404=LINE('',#401,#403);
#405=EDGE_CURVE('',#400,#82,#404,.T.);
#406=ORIENTED_EDGE('',*,*,#405,.F.);
#407=CARTESIAN_POINT('',(-10.,-2.068851024,0.));
#408=DIRECTION('',(1.,0.,-0.));
#409=VECTOR('',#408,20.);
#410=LINE('',#407,#409);
#411=EDGE_CURVE('',#375,#400,#410,.T.);
#412=ORIENTED_EDGE('',*,*,#411,.F.);
#413=ORIENTED_EDGE('',*,*,#380,.T.);
#414=EDGE_LOOP('',(#398,#406,#412,#413));
#415=FACE_BOUND('',#414,.T.);
#416=ADVANCED_FACE('',(#415),#397,.T.);
#417=OVER_RIDING_STYLED_ITEM('',(#74),#416,#26);
#418=CARTESIAN_POINT('',(1.,-1.818851024,0.));
#419=DIRECTION('',(1.,0.,0.));
#420=DIRECTION('',(0.,-1.,0.));
#421=AXIS2_PLACEMENT_3D('',#418,#419,#420);
#422=PLANE('',#421);
#423=ORIENTED_EDGE('',*,*,#103,.F.);
#424=ORIENTED_EDGE('',*,*,#63,.F.);
#425=CARTESIAN_POINT('',(1.,-10.470190065,0.));
#426=DIRECTION('',(0.,1.,0.));
#427=VECTOR('',#426,5.);
#428=LINE('',#425,#427);
#429=EDGE_CURVE('',#400,#52,#428,.T.);
#430=ORIENTED_EDGE('',*,*,#429,.F.);
#431=ORIENTED_EDGE('',*,*,#405,.T.);
#432=EDGE_LOOP('',(#423,#424,#430,#431));
#433=FACE_BOUND('',#432,.T.);
#434=ADVANCED_FACE('',(#433),#422,.T.);
#435=OVER_RIDING_STYLED_ITEM('',(#74),#434,#26);
#436=CARTESIAN_POINT('',(0.,2.,0.));
#437=DIRECTION('',(0.,0.,-1.));
#438=DIRECTION('',(-1.,0.,0.));
#439=AXIS2_PLACEMENT_3D('',#436,#437,#438);
#440=CYLINDRICAL_SURFACE('',#439,0.35);
#441=CARTESIAN_POINT('',(0.35,2.,-3.5));
#442=VERTEX_POINT('',#441);
#443=CARTESIAN_POINT('',(0.35,2.,0.));
#444=VERTEX_POINT('',#443);
#445=CARTESIAN_POINT('',(0.35,2.,-3.5));
#446=DIRECTION('',(-0.,-0.,1.));
#447=VECTOR('',#446,3.5);
#448=LINE('',#445,#447);
#449=EDGE_CURVE('',#442,#444,#448,.T.);
#450=ORIENTED_EDGE('',*,*,#449,.T.);
#451=CARTESIAN_POINT('',(-0.35,2.,0.));
#452=VERTEX_POINT('',#451);
#453=CARTESIAN_POINT('',(0.,2.,0.));
#454=DIRECTION('',(0.,0.,1.));
#455=DIRECTION('',(-1.,0.,0.));
#456=AXIS2_PLACEMENT_3D('',#453,#454,#455);
#457=CIRCLE('',#456,0.35);
#458=EDGE_CURVE('',#452,#444,#457,.T.);
#459=ORIENTED_EDGE('',*,*,#458,.F.);
#460=CARTESIAN_POINT('',(0.,2.,0.));
#461=DIRECTION('',(0.,0.,1.));
#462=DIRECTION('',(-1.,0.,0.));
#463=AXIS2_PLACEMENT_3D('',#460,#461,#462);
#464=CIRCLE('',#463,0.35);
#465=EDGE_CURVE('',#444,#452,#464,.T.);
#466=ORIENTED_EDGE('',*,*,#465,.F.);
#467=ORIENTED_EDGE('',*,*,#449,.F.);
#468=CARTESIAN_POINT('',(-0.35,2.,-3.5));
#469=VERTEX_POINT('',#468);
#470=CARTESIAN_POINT('',(0.,2.,-3.5));
#471=DIRECTION('',(0.,0.,1.));
#472=DIRECTION('',(-1.,0.,0.));
#473=AXIS2_PLACEMENT_3D('',#470,#471,#472);
#474=CIRCLE('',#473,0.35);
#475=EDGE_CURVE('',#442,#469,#474,.T.);
#476=ORIENTED_EDGE('',*,*,#475,.T.);
#477=CARTESIAN_POINT('',(0.,2.,-3.5));
#478=DIRECTION('',(0.,0.,1.));
#479=DIRECTION('',(-1.,0.,0.));
#480=AXIS2_PLACEMENT_3D('',#477,#478,#479);
#481=CIRCLE('',#480,0.35);
#482=EDGE_CURVE('',#469,#442,#481,.T.);
#483=ORIENTED_EDGE('',*,*,#482,.T.);
#484=EDGE_LOOP('',(#450,#459,#466,#467,#476,#483));
#485=FACE_BOUND('',#484,.T.);
#486=ADVANCED_FACE('',(#485),#440,.T.);
#487=OVER_RIDING_STYLED_ITEM('',(#74),#486,#26);
#488=CARTESIAN_POINT('',(0.,2.,-3.5));
#489=DIRECTION('',(0.,0.,-1.));
#490=DIRECTION('',(-1.,0.,0.));
#491=AXIS2_PLACEMENT_3D('',#488,#489,#490);
#492=PLANE('',#491);
#493=ORIENTED_EDGE('',*,*,#475,.F.);
#494=ORIENTED_EDGE('',*,*,#482,.F.);
#495=EDGE_LOOP('',(#493,#494));
#496=FACE_BOUND('',#495,.T.);
#497=ADVANCED_FACE('',(#496),#492,.T.);
#498=OVER_RIDING_STYLED_ITEM('',(#74),#497,#26);
#499=CARTESIAN_POINT('',(-4.,4.5,0.));
#500=DIRECTION('',(0.,0.,-1.));
#501=DIRECTION('',(-1.,0.,0.));
#502=AXIS2_PLACEMENT_3D('',#499,#500,#501);
#503=CYLINDRICAL_SURFACE('',#502,0.35);
#504=CARTESIAN_POINT('',(-3.65,4.5,-3.5));
#505=VERTEX_POINT('',#504);
#506=CARTESIAN_POINT('',(-3.65,4.5,0.));
#507=VERTEX_POINT('',#506);
#508=CARTESIAN_POINT('',(-3.65,4.5,-3.5));
#509=DIRECTION('',(-0.,-0.,1.));
#510=VECTOR('',#509,3.5);
#511=LINE('',#508,#510);
#512=EDGE_CURVE('',#505,#507,#511,.T.);
#513=ORIENTED_EDGE('',*,*,#512,.T.);
#514=CARTESIAN_POINT('',(-4.35,4.5,0.));
#515=VERTEX_POINT('',#514);
#516=CARTESIAN_POINT('',(-4.,4.5,0.));
#517=DIRECTION('',(0.,0.,1.));
#518=DIRECTION('',(-1.,0.,0.));
#519=AXIS2_PLACEMENT_3D('',#516,#517,#518);
#520=CIRCLE('',#519,0.35);
#521=EDGE_CURVE('',#515,#507,#520,.T.);
#522=ORIENTED_EDGE('',*,*,#521,.F.);
#523=CARTESIAN_POINT('',(-4.,4.5,0.));
#524=DIRECTION('',(0.,0.,1.));
#525=DIRECTION('',(-1.,0.,0.));
#526=AXIS2_PLACEMENT_3D('',#523,#524,#525);
#527=CIRCLE('',#526,0.35);
#528=EDGE_CURVE('',#507,#515,#527,.T.);
#529=ORIENTED_EDGE('',*,*,#528,.F.);
#530=ORIENTED_EDGE('',*,*,#512,.F.);
#531=CARTESIAN_POINT('',(-4.35,4.5,-3.5));
#532=VERTEX_POINT('',#531);
#533=CARTESIAN_POINT('',(-4.,4.5,-3.5));
#534=DIRECTION('',(0.,0.,1.));
#535=DIRECTION('',(-1.,0.,0.));
#536=AXIS2_PLACEMENT_3D('',#533,#534,#535);
#537=CIRCLE('',#536,0.35);
#538=EDGE_CURVE('',#505,#532,#537,.T.);
#539=ORIENTED_EDGE('',*,*,#538,.T.);
#540=CARTESIAN_POINT('',(-4.,4.5,-3.5));
#541=DIRECTION('',(0.,0.,1.));
#542=DIRECTION('',(-1.,0.,0.));
#543=AXIS2_PLACEMENT_3D('',#540,#541,#542);
#544=CIRCLE('',#543,0.35);
#545=EDGE_CURVE('',#532,#505,#544,.T.);
#546=ORIENTED_EDGE('',*,*,#545,.T.);
#547=EDGE_LOOP('',(#513,#522,#529,#530,#539,#546));
#548=FACE_BOUND('',#547,.T.);
#549=ADVANCED_FACE('',(#548),#503,.T.);
#550=OVER_RIDING_STYLED_ITEM('',(#74),#549,#26);
#551=CARTESIAN_POINT('',(-4.,4.5,-3.5));
#552=DIRECTION('',(0.,0.,-1.));
#553=DIRECTION('',(-1.,0.,0.));
#554=AXIS2_PLACEMENT_3D('',#551,#552,#553);
#555=PLANE('',#554);
#556=ORIENTED_EDGE('',*,*,#538,.F.);
#557=ORIENTED_EDGE('',*,*,#545,.F.);
#558=EDGE_LOOP('',(#556,#557));
#559=FACE_BOUND('',#558,.T.);
#560=ADVANCED_FACE('',(#559),#555,.T.);
#561=OVER_RIDING_STYLED_ITEM('',(#74),#560,#26);
#562=CARTESIAN_POINT('',(1.3,4.5,0.));
#563=DIRECTION('',(0.,0.,-1.));
#564=DIRECTION('',(-1.,0.,0.));
#565=AXIS2_PLACEMENT_3D('',#562,#563,#564);
#566=CYLINDRICAL_SURFACE('',#565,0.35);
#567=CARTESIAN_POINT('',(1.65,4.5,-3.5));
#568=VERTEX_POINT('',#567);
#569=CARTESIAN_POINT('',(1.65,4.5,0.));
#570=VERTEX_POINT('',#569);
#571=CARTESIAN_POINT('',(1.65,4.5,-3.5));
#572=DIRECTION('',(-0.,-0.,1.));
#573=VECTOR('',#572,3.5);
#574=LINE('',#571,#573);
#575=EDGE_CURVE('',#568,#570,#574,.T.);
#576=ORIENTED_EDGE('',*,*,#575,.T.);
#577=CARTESIAN_POINT('',(0.95,4.5,0.));
#578=VERTEX_POINT('',#577);
#579=CARTESIAN_POINT('',(1.3,4.5,0.));
#580=DIRECTION('',(0.,0.,1.));
#581=DIRECTION('',(-1.,0.,0.));
#582=AXIS2_PLACEMENT_3D('',#579,#580,#581);
#583=CIRCLE('',#582,0.35);
#584=EDGE_CURVE('',#578,#570,#583,.T.);
#585=ORIENTED_EDGE('',*,*,#584,.F.);
#586=CARTESIAN_POINT('',(1.3,4.5,0.));
#587=DIRECTION('',(0.,0.,1.));
#588=DIRECTION('',(-1.,0.,0.));
#589=AXIS2_PLACEMENT_3D('',#586,#587,#588);
#590=CIRCLE('',#589,0.35);
#591=EDGE_CURVE('',#570,#578,#590,.T.);
#592=ORIENTED_EDGE('',*,*,#591,.F.);
#593=ORIENTED_EDGE('',*,*,#575,.F.);
#594=CARTESIAN_POINT('',(0.95,4.5,-3.5));
#595=VERTEX_POINT('',#594);
#596=CARTESIAN_POINT('',(1.3,4.5,-3.5));
#597=DIRECTION('',(0.,0.,1.));
#598=DIRECTION('',(-1.,0.,0.));
#599=AXIS2_PLACEMENT_3D('',#596,#597,#598);
#600=CIRCLE('',#599,0.35);
#601=EDGE_CURVE('',#568,#595,#600,.T.);
#602=ORIENTED_EDGE('',*,*,#601,.T.);
#603=CARTESIAN_POINT('',(1.3,4.5,-3.5));
#604=DIRECTION('',(0.,0.,1.));
#605=DIRECTION('',(-1.,0.,0.));
#606=AXIS2_PLACEMENT_3D('',#603,#604,#605);
#607=CIRCLE('',#606,0.35);
#608=EDGE_CURVE('',#595,#568,#607,.T.);
#609=ORIENTED_EDGE('',*,*,#608,.T.);
#610=EDGE_LOOP('',(#576,#585,#592,#593,#602,#609));
#611=FACE_BOUND('',#610,.T.);
#612=ADVANCED_FACE('',(#611),#566,.T.);
#613=OVER_RIDING_STYLED_ITEM('',(#74),#612,#26);
#614=CARTESIAN_POINT('',(1.3,4.5,-3.5));
#615=DIRECTION('',(0.,0.,-1.));
#616=DIRECTION('',(-1.,0.,0.));
#617=AXIS2_PLACEMENT_3D('',#614,#615,#616);
#618=PLANE('',#617);
#619=ORIENTED_EDGE('',*,*,#601,.F.);
#620=ORIENTED_EDGE('',*,*,#608,.F.);
#621=EDGE_LOOP('',(#619,#620));
#622=FACE_BOUND('',#621,.T.);
#623=ADVANCED_FACE('',(#622),#618,.T.);
#624=OVER_RIDING_STYLED_ITEM('',(#74),#623,#26);
#625=CARTESIAN_POINT('',(-4.,2.,0.));
#626=DIRECTION('',(0.,0.,-1.));
#627=DIRECTION('',(-1.,0.,0.));
#628=AXIS2_PLACEMENT_3D('',#625,#626,#627);
#629=CYLINDRICAL_SURFACE('',#628,0.35);
#630=CARTESIAN_POINT('',(-3.65,2.,-3.5));
#631=VERTEX_POINT('',#630);
#632=CARTESIAN_POINT('',(-3.65,2.,0.));
#633=VERTEX_POINT('',#632);
#634=CARTESIAN_POINT('',(-3.65,2.,-3.5));
#635=DIRECTION('',(-0.,-0.,1.));
#636=VECTOR('',#635,3.5);
#637=LINE('',#634,#636);
#638=EDGE_CURVE('',#631,#633,#637,.T.);
#639=ORIENTED_EDGE('',*,*,#638,.T.);
#640=CARTESIAN_POINT('',(-4.35,2.,0.));
#641=VERTEX_POINT('',#640);
#642=CARTESIAN_POINT('',(-4.,2.,0.));
#643=DIRECTION('',(0.,0.,1.));
#644=DIRECTION('',(-1.,0.,0.));
#645=AXIS2_PLACEMENT_3D('',#642,#643,#644);
#646=CIRCLE('',#645,0.35);
#647=EDGE_CURVE('',#641,#633,#646,.T.);
#648=ORIENTED_EDGE('',*,*,#647,.F.);
#649=CARTESIAN_POINT('',(-4.,2.,0.));
#650=DIRECTION('',(0.,0.,1.));
#651=DIRECTION('',(-1.,0.,0.));
#652=AXIS2_PLACEMENT_3D('',#649,#650,#651);
#653=CIRCLE('',#652,0.35);
#654=EDGE_CURVE('',#633,#641,#653,.T.);
#655=ORIENTED_EDGE('',*,*,#654,.F.);
#656=ORIENTED_EDGE('',*,*,#638,.F.);
#657=CARTESIAN_POINT('',(-4.35,2.,-3.5));
#658=VERTEX_POINT('',#657);
#659=CARTESIAN_POINT('',(-4.,2.,-3.5));
#660=DIRECTION('',(0.,0.,1.));
#661=DIRECTION('',(-1.,0.,0.));
#662=AXIS2_PLACEMENT_3D('',#659,#660,#661);
#663=CIRCLE('',#662,0.35);
#664=EDGE_CURVE('',#631,#658,#663,.T.);
#665=ORIENTED_EDGE('',*,*,#664,.T.);
#666=CARTESIAN_POINT('',(-4.,2.,-3.5));
#667=DIRECTION('',(0.,0.,1.));
#668=DIRECTION('',(-1.,0.,0.));
#669=AXIS2_PLACEMENT_3D('',#666,#667,#668);
#670=CIRCLE('',#669,0.35);
#671=EDGE_CURVE('',#658,#631,#670,.T.);
#672=ORIENTED_EDGE('',*,*,#671,.T.);
#673=EDGE_LOOP('',(#639,#648,#655,#656,#665,#672));
#674=FACE_BOUND('',#673,.T.);
#675=ADVANCED_FACE('',(#674),#629,.T.);
#676=OVER_RIDING_STYLED_ITEM('',(#74),#675,#26);
#677=CARTESIAN_POINT('',(-4.,2.,-3.5));
#678=DIRECTION('',(0.,0.,-1.));
#679=DIRECTION('',(-1.,0.,0.));
#680=AXIS2_PLACEMENT_3D('',#677,#678,#679);
#681=PLANE('',#680);
#682=ORIENTED_EDGE('',*,*,#664,.F.);
#683=ORIENTED_EDGE('',*,*,#671,.F.);
#684=EDGE_LOOP('',(#682,#683));
#685=FACE_BOUND('',#684,.T.);
#686=ADVANCED_FACE('',(#685),#681,.T.);
#687=OVER_RIDING_STYLED_ITEM('',(#74),#686,#26);
#688=CARTESIAN_POINT('',(4.,2.,0.));
#689=DIRECTION('',(0.,0.,-1.));
#690=DIRECTION('',(-1.,0.,0.));
#691=AXIS2_PLACEMENT_3D('',#688,#689,#690);
#692=CYLINDRICAL_SURFACE('',#691,0.35);
#693=CARTESIAN_POINT('',(4.35,2.,-3.5));
#694=VERTEX_POINT('',#693);
#695=CARTESIAN_POINT('',(4.35,2.,0.));
#696=VERTEX_POINT('',#695);
#697=CARTESIAN_POINT('',(4.35,2.,-3.5));
#698=DIRECTION('',(-0.,-0.,1.));
#699=VECTOR('',#698,3.5);
#700=LINE('',#697,#699);
#701=EDGE_CURVE('',#694,#696,#700,.T.);
#702=ORIENTED_EDGE('',*,*,#701,.T.);
#703=CARTESIAN_POINT('',(3.65,2.,0.));
#704=VERTEX_POINT('',#703);
#705=CARTESIAN_POINT('',(4.,2.,0.));
#706=DIRECTION('',(0.,0.,1.));
#707=DIRECTION('',(-1.,0.,0.));
#708=AXIS2_PLACEMENT_3D('',#705,#706,#707);
#709=CIRCLE('',#708,0.35);
#710=EDGE_CURVE('',#704,#696,#709,.T.);
#711=ORIENTED_EDGE('',*,*,#710,.F.);
#712=CARTESIAN_POINT('',(4.,2.,0.));
#713=DIRECTION('',(0.,0.,1.));
#714=DIRECTION('',(-1.,0.,0.));
#715=AXIS2_PLACEMENT_3D('',#712,#713,#714);
#716=CIRCLE('',#715,0.35);
#717=EDGE_CURVE('',#696,#704,#716,.T.);
#718=ORIENTED_EDGE('',*,*,#717,.F.);
#719=ORIENTED_EDGE('',*,*,#701,.F.);
#720=CARTESIAN_POINT('',(3.65,2.,-3.5));
#721=VERTEX_POINT('',#720);
#722=CARTESIAN_POINT('',(4.,2.,-3.5));
#723=DIRECTION('',(0.,0.,1.));
#724=DIRECTION('',(-1.,0.,0.));
#725=AXIS2_PLACEMENT_3D('',#722,#723,#724);
#726=CIRCLE('',#725,0.35);
#727=EDGE_CURVE('',#694,#721,#726,.T.);
#728=ORIENTED_EDGE('',*,*,#727,.T.);
#729=CARTESIAN_POINT('',(4.,2.,-3.5));
#730=DIRECTION('',(0.,0.,1.));
#731=DIRECTION('',(-1.,0.,0.));
#732=AXIS2_PLACEMENT_3D('',#729,#730,#731);
#733=CIRCLE('',#732,0.35);
#734=EDGE_CURVE('',#721,#694,#733,.T.);
#735=ORIENTED_EDGE('',*,*,#734,.T.);
#736=EDGE_LOOP('',(#702,#711,#718,#719,#728,#735));
#737=FACE_BOUND('',#736,.T.);
#738=ADVANCED_FACE('',(#737),#692,.T.);
#739=OVER_RIDING_STYLED_ITEM('',(#74),#738,#26);
#740=CARTESIAN_POINT('',(4.,2.,-3.5));
#741=DIRECTION('',(0.,0.,-1.));
#742=DIRECTION('',(-1.,0.,0.));
#743=AXIS2_PLACEMENT_3D('',#740,#741,#742);
#744=PLANE('',#743);
#745=ORIENTED_EDGE('',*,*,#727,.F.);
#746=ORIENTED_EDGE('',*,*,#734,.F.);
#747=EDGE_LOOP('',(#745,#746));
#748=FACE_BOUND('',#747,.T.);
#749=ADVANCED_FACE('',(#748),#744,.T.);
#750=OVER_RIDING_STYLED_ITEM('',(#74),#749,#26);
#751=CARTESIAN_POINT('',(0.,-0.451886792,0.));
#752=DIRECTION('',(0.,0.,1.));
#753=DIRECTION('',(1.,0.,0.));
#754=AXIS2_PLACEMENT_3D('',#751,#752,#753);
#755=PLANE('',#754);
#756=CARTESIAN_POINT('',(-7.,-6.5,0.));
#757=VERTEX_POINT('',#756);
#758=CARTESIAN_POINT('',(7.,-6.5,0.));
#759=VERTEX_POINT('',#758);
#760=CARTESIAN_POINT('',(-7.,-6.5,0.));
#761=DIRECTION('',(1.,0.,-0.));
#762=VECTOR('',#761,140.);
#763=LINE('',#760,#762);
#764=EDGE_CURVE('',#757,#759,#763,.T.);
#765=ORIENTED_EDGE('',*,*,#764,.F.);
#766=CARTESIAN_POINT('',(-7.,-4.7,0.));
#767=VERTEX_POINT('',#766);
#768=CARTESIAN_POINT('',(-7.,-4.7,0.));
#769=DIRECTION('',(0.,-1.,0.));
#770=VECTOR('',#769,18.);
#771=LINE('',#768,#770);
#772=EDGE_CURVE('',#767,#757,#771,.T.);
#773=ORIENTED_EDGE('',*,*,#772,.F.);
#774=CARTESIAN_POINT('',(-6.5,-4.7,0.));
#775=VERTEX_POINT('',#774);
#776=CARTESIAN_POINT('',(-6.5,-4.7,0.));
#777=DIRECTION('',(-1.,0.,0.));
#778=VECTOR('',#777,5.);
#779=LINE('',#776,#778);
#780=EDGE_CURVE('',#775,#767,#779,.T.);
#781=ORIENTED_EDGE('',*,*,#780,.F.);
#782=CARTESIAN_POINT('',(-6.5,6.,0.));
#783=VERTEX_POINT('',#782);
#784=CARTESIAN_POINT('',(-6.5,6.,0.));
#785=DIRECTION('',(0.,-1.,0.));
#786=VECTOR('',#785,107.);
#787=LINE('',#784,#786);
#788=EDGE_CURVE('',#783,#775,#787,.T.);
#789=ORIENTED_EDGE('',*,*,#788,.F.);
#790=CARTESIAN_POINT('',(6.5,6.,0.));
#791=VERTEX_POINT('',#790);
#792=CARTESIAN_POINT('',(6.5,6.,0.));
#793=DIRECTION('',(-1.,0.,0.));
#794=VECTOR('',#793,130.);
#795=LINE('',#792,#794);
#796=EDGE_CURVE('',#791,#783,#795,.T.);
#797=ORIENTED_EDGE('',*,*,#796,.F.);
#798=CARTESIAN_POINT('',(6.5,-4.7,0.));
#799=VERTEX_POINT('',#798);
#800=CARTESIAN_POINT('',(6.5,-4.7,0.));
#801=DIRECTION('',(0.,1.,0.));
#802=VECTOR('',#801,107.);
#803=LINE('',#800,#802);
#804=EDGE_CURVE('',#799,#791,#803,.T.);
#805=ORIENTED_EDGE('',*,*,#804,.F.);
#806=CARTESIAN_POINT('',(7.,-4.7,0.));
#807=VERTEX_POINT('',#806);
#808=CARTESIAN_POINT('',(7.,-4.7,0.));
#809=DIRECTION('',(-1.,0.,0.));
#810=VECTOR('',#809,5.);
#811=LINE('',#808,#810);
#812=EDGE_CURVE('',#807,#799,#811,.T.);
#813=ORIENTED_EDGE('',*,*,#812,.F.);
#814=CARTESIAN_POINT('',(7.,-6.5,0.));
#815=DIRECTION('',(0.,1.,0.));
#816=VECTOR('',#815,18.);
#817=LINE('',#814,#816);
#818=EDGE_CURVE('',#759,#807,#817,.T.);
#819=ORIENTED_EDGE('',*,*,#818,.F.);
#820=EDGE_LOOP('',(#765,#773,#781,#789,#797,#805,#813,#819));
#821=FACE_BOUND('',#820,.T.);
#822=ORIENTED_EDGE('',*,*,#710,.T.);
#823=ORIENTED_EDGE('',*,*,#717,.T.);
#824=EDGE_LOOP('',(#822,#823));
#825=FACE_BOUND('',#824,.T.);
#826=ORIENTED_EDGE('',*,*,#647,.T.);
#827=ORIENTED_EDGE('',*,*,#654,.T.);
#828=EDGE_LOOP('',(#826,#827));
#829=FACE_BOUND('',#828,.T.);
#830=ORIENTED_EDGE('',*,*,#584,.T.);
#831=ORIENTED_EDGE('',*,*,#591,.T.);
#832=EDGE_LOOP('',(#830,#831));
#833=FACE_BOUND('',#832,.T.);
#834=ORIENTED_EDGE('',*,*,#521,.T.);
#835=ORIENTED_EDGE('',*,*,#528,.T.);
#836=EDGE_LOOP('',(#834,#835));
#837=FACE_BOUND('',#836,.T.);
#838=ORIENTED_EDGE('',*,*,#458,.T.);
#839=ORIENTED_EDGE('',*,*,#465,.T.);
#840=EDGE_LOOP('',(#838,#839));
#841=FACE_BOUND('',#840,.T.);
#842=ORIENTED_EDGE('',*,*,#57,.T.);
#843=ORIENTED_EDGE('',*,*,#386,.T.);
#844=ORIENTED_EDGE('',*,*,#411,.T.);
#845=ORIENTED_EDGE('',*,*,#429,.T.);
#846=EDGE_LOOP('',(#842,#843,#844,#845));
#847=FACE_BOUND('',#846,.T.);
#848=ORIENTED_EDGE('',*,*,#327,.T.);
#849=ORIENTED_EDGE('',*,*,#334,.T.);
#850=EDGE_LOOP('',(#848,#849));
#851=FACE_BOUND('',#850,.T.);
#852=ORIENTED_EDGE('',*,*,#264,.T.);
#853=ORIENTED_EDGE('',*,*,#271,.T.);
#854=EDGE_LOOP('',(#852,#853));
#855=FACE_BOUND('',#854,.T.);
#856=ORIENTED_EDGE('',*,*,#201,.T.);
#857=ORIENTED_EDGE('',*,*,#208,.T.);
#858=EDGE_LOOP('',(#856,#857));
#859=FACE_BOUND('',#858,.T.);
#860=ORIENTED_EDGE('',*,*,#138,.T.);
#861=ORIENTED_EDGE('',*,*,#145,.T.);
#862=EDGE_LOOP('',(#860,#861));
#863=FACE_BOUND('',#862,.T.);
#864=ADVANCED_FACE('',(#821,#825,#829,#833,#837,#841,#847,#851,#855,#859,#863),#755,.F.);
#865=DRAUGHTING_PRE_DEFINED_COLOUR('black');
#866=FILL_AREA_STYLE_COLOUR('',#865);
#867=FILL_AREA_STYLE('',(#866));
#868=SURFACE_STYLE_FILL_AREA(#867);
#869=SURFACE_SIDE_STYLE('',(#868));
#870=SURFACE_STYLE_USAGE(.BOTH.,#869);
#871=PRESENTATION_STYLE_ASSIGNMENT((#870));
#872=OVER_RIDING_STYLED_ITEM('',(#871),#864,#26);
#873=CARTESIAN_POINT('',(-1.136002491,-6.4,7.568794957));
#874=DIRECTION('',(0.,-0.707106781,0.707106781));
#875=DIRECTION('',(1.,0.,0.));
#876=AXIS2_PLACEMENT_3D('',#873,#874,#875);
#877=PLANE('',#876);
#878=CARTESIAN_POINT('',(-2.772004982,-6.5,7.468794957));
#879=VERTEX_POINT('',#878);
#880=CARTESIAN_POINT('',(-1.772004982,-6.5,7.468794957));
#881=VERTEX_POINT('',#880);
#882=CARTESIAN_POINT('',(-17.496027404,-6.5,7.468794957));
#883=DIRECTION('',(1.,0.,-0.));
#884=VECTOR('',#883,10.);
#885=LINE('',#882,#884);
#886=EDGE_CURVE('',#879,#881,#885,.T.);
#887=ORIENTED_EDGE('',*,*,#886,.T.);
#888=CARTESIAN_POINT('',(-1.972004982,-6.3,7.668794957));
#889=VERTEX_POINT('',#888);
#890=CARTESIAN_POINT('',(-1.772004982,-6.5,7.468794957));
#891=DIRECTION('',(-0.577350269,0.577350269,0.577350269));
#892=VECTOR('',#891,0.346410162);
#893=LINE('',#890,#892);
#894=EDGE_CURVE('',#881,#889,#893,.T.);
#895=ORIENTED_EDGE('',*,*,#894,.T.);
#896=CARTESIAN_POINT('',(-2.572004982,-6.3,7.668794957));
#897=VERTEX_POINT('',#896);
#898=CARTESIAN_POINT('',(-9.496027404,-6.3,7.668794957));
#899=DIRECTION('',(-1.,0.,0.));
#900=VECTOR('',#899,6.);
#901=LINE('',#898,#900);
#902=EDGE_CURVE('',#889,#897,#901,.T.);
#903=ORIENTED_EDGE('',*,*,#902,.T.);
#904=CARTESIAN_POINT('',(-2.572004982,-6.3,7.668794957));
#905=DIRECTION('',(-0.577350269,-0.577350269,-0.577350269));
#906=VECTOR('',#905,3.464101615);
#907=LINE('',#904,#906);
#908=EDGE_CURVE('',#897,#879,#907,.T.);
#909=ORIENTED_EDGE('',*,*,#908,.T.);
#910=EDGE_LOOP('',(#887,#895,#903,#909));
#911=FACE_BOUND('',#910,.T.);
#912=ADVANCED_FACE('',(#911),#877,.T.);
#913=OVER_RIDING_STYLED_ITEM('',(#114),#912,#26);
#914=CARTESIAN_POINT('',(-1.872004982,-6.4,3.984397479));
#915=DIRECTION('',(-0.707106781,-0.707106781,0.));
#916=DIRECTION('',(0.,0.,1.));
#917=AXIS2_PLACEMENT_3D('',#914,#915,#916);
#918=PLANE('',#917);
#919=CARTESIAN_POINT('',(-1.772004982,-6.5,8.468794957));
#920=VERTEX_POINT('',#919);
#921=CARTESIAN_POINT('',(-1.772004982,-6.5,38.828372265));
#922=DIRECTION('',(0.,0.,1.));
#923=VECTOR('',#922,10.);
#924=LINE('',#921,#923);
#925=EDGE_CURVE('',#881,#920,#924,.T.);
#926=ORIENTED_EDGE('',*,*,#925,.T.);
#927=CARTESIAN_POINT('',(-1.972004982,-6.3,8.268794957));
#928=VERTEX_POINT('',#927);
#929=CARTESIAN_POINT('',(-1.772004982,-6.5,8.468794957));
#930=DIRECTION('',(-0.577350269,0.577350269,-0.577350269));
#931=VECTOR('',#930,0.346410162);
#932=LINE('',#929,#931);
#933=EDGE_CURVE('',#920,#928,#932,.T.);
#934=ORIENTED_EDGE('',*,*,#933,.T.);
#935=CARTESIAN_POINT('',(-1.972004982,-6.3,46.828372265));
#936=DIRECTION('',(0.,0.,-1.));
#937=VECTOR('',#936,6.);
#938=LINE('',#935,#937);
#939=EDGE_CURVE('',#928,#889,#938,.T.);
#940=ORIENTED_EDGE('',*,*,#939,.T.);
#941=ORIENTED_EDGE('',*,*,#894,.F.);
#942=EDGE_LOOP('',(#926,#934,#940,#941));
#943=FACE_BOUND('',#942,.T.);
#944=ADVANCED_FACE('',(#943),#918,.T.);
#945=OVER_RIDING_STYLED_ITEM('',(#114),#944,#26);
#946=CARTESIAN_POINT('',(-1.136002491,-6.4,8.368794957));
#947=DIRECTION('',(0.,-0.707106781,-0.707106781));
#948=DIRECTION('',(-1.,0.,0.));
#949=AXIS2_PLACEMENT_3D('',#946,#947,#948);
#950=PLANE('',#949);
#951=CARTESIAN_POINT('',(-2.772004982,-6.5,8.468794957));
#952=VERTEX_POINT('',#951);
#953=CARTESIAN_POINT('',(-7.496027404,-6.5,8.468794957));
#954=DIRECTION('',(-1.,0.,0.));
#955=VECTOR('',#954,10.);
#956=LINE('',#953,#955);
#957=EDGE_CURVE('',#920,#952,#956,.T.);
#958=ORIENTED_EDGE('',*,*,#957,.T.);
#959=CARTESIAN_POINT('',(-2.572004982,-6.3,8.268794957));
#960=VERTEX_POINT('',#959);
#961=CARTESIAN_POINT('',(-2.772004982,-6.5,8.468794957));
#962=DIRECTION('',(0.577350269,0.577350269,-0.577350269));
#963=VECTOR('',#962,3.464101615);
#964=LINE('',#961,#963);
#965=EDGE_CURVE('',#952,#960,#964,.T.);
#966=ORIENTED_EDGE('',*,*,#965,.T.);
#967=CARTESIAN_POINT('',(-15.496027404,-6.3,8.268794957));
#968=DIRECTION('',(1.,0.,-0.));
#969=VECTOR('',#968,6.);
#970=LINE('',#967,#969);
#971=EDGE_CURVE('',#960,#928,#970,.T.);
#972=ORIENTED_EDGE('',*,*,#971,.T.);
#973=ORIENTED_EDGE('',*,*,#933,.F.);
#974=EDGE_LOOP('',(#958,#966,#972,#973));
#975=FACE_BOUND('',#974,.T.);
#976=ADVANCED_FACE('',(#975),#950,.T.);
#977=OVER_RIDING_STYLED_ITEM('',(#114),#976,#26);
#978=CARTESIAN_POINT('',(-2.672004982,-6.4,3.984397479));
#979=DIRECTION('',(0.707106781,-0.707106781,0.));
#980=DIRECTION('',(0.,0.,-1.));
#981=AXIS2_PLACEMENT_3D('',#978,#979,#980);
#982=PLANE('',#981);
#983=CARTESIAN_POINT('',(-2.772004982,-6.5,48.828372265));
#984=DIRECTION('',(0.,0.,-1.));
#985=VECTOR('',#984,10.);
#986=LINE('',#983,#985);
#987=EDGE_CURVE('',#952,#879,#986,.T.);
#988=ORIENTED_EDGE('',*,*,#987,.T.);
#989=ORIENTED_EDGE('',*,*,#908,.F.);
#990=CARTESIAN_POINT('',(-2.572004982,-6.3,40.828372265));
#991=DIRECTION('',(0.,0.,1.));
#992=VECTOR('',#991,6.);
#993=LINE('',#990,#992);
#994=EDGE_CURVE('',#897,#960,#993,.T.);
#995=ORIENTED_EDGE('',*,*,#994,.T.);
#996=ORIENTED_EDGE('',*,*,#965,.F.);
#997=EDGE_LOOP('',(#988,#989,#995,#996));
#998=FACE_BOUND('',#997,.T.);
#999=ADVANCED_FACE('',(#998),#982,.T.);
#1000=OVER_RIDING_STYLED_ITEM('',(#114),#999,#26);
#1001=CARTESIAN_POINT('',(-2.572004982,-6.5,7.968794957));
#1002=DIRECTION('',(-1.,-0.,0.));
#1003=DIRECTION('',(0.,0.,1.));
#1004=AXIS2_PLACEMENT_3D('',#1001,#1002,#1003);
#1005=PLANE('',#1004);
#1006=ORIENTED_EDGE('',*,*,#994,.F.);
#1007=CARTESIAN_POINT('',(-2.572004982,-1.5,7.668794957));
#1008=VERTEX_POINT('',#1007);
#1009=CARTESIAN_POINT('',(-2.572004982,-4.5,7.668794957));
#1010=DIRECTION('',(-0.,1.,0.));
#1011=VECTOR('',#1010,48.);
#1012=LINE('',#1009,#1011);
#1013=EDGE_CURVE('',#897,#1008,#1012,.T.);
#1014=ORIENTED_EDGE('',*,*,#1013,.T.);
#1015=CARTESIAN_POINT('',(-2.572004982,-1.5,8.268794957));
#1016=VERTEX_POINT('',#1015);
#1017=CARTESIAN_POINT('',(-2.572004982,-1.5,8.268794957));
#1018=DIRECTION('',(0.,0.,-1.));
#1019=VECTOR('',#1018,6.);
#1020=LINE('',#1017,#1019);
#1021=EDGE_CURVE('',#1016,#1008,#1020,.T.);
#1022=ORIENTED_EDGE('',*,*,#1021,.F.);
#1023=CARTESIAN_POINT('',(-2.572004982,-4.5,8.268794957));
#1024=DIRECTION('',(-0.,1.,0.));
#1025=VECTOR('',#1024,48.);
#1026=LINE('',#1023,#1025);
#1027=EDGE_CURVE('',#960,#1016,#1026,.T.);
#1028=ORIENTED_EDGE('',*,*,#1027,.F.);
#1029=EDGE_LOOP('',(#1006,#1014,#1022,#1028));
#1030=FACE_BOUND('',#1029,.T.);
#1031=ADVANCED_FACE('',(#1030),#1005,.F.);
#1032=CARTESIAN_POINT('',(-2.272004982,-6.5,7.668794957));
#1033=DIRECTION('',(0.,0.,-1.));
#1034=DIRECTION('',(-1.,0.,0.));
#1035=AXIS2_PLACEMENT_3D('',#1032,#1033,#1034);
#1036=PLANE('',#1035);
#1037=ORIENTED_EDGE('',*,*,#902,.F.);
#1038=CARTESIAN_POINT('',(-1.972004982,-1.5,7.668794957));
#1039=VERTEX_POINT('',#1038);
#1040=CARTESIAN_POINT('',(-1.972004982,-4.5,7.668794957));
#1041=DIRECTION('',(-0.,1.,0.));
#1042=VECTOR('',#1041,48.);
#1043=LINE('',#1040,#1042);
#1044=EDGE_CURVE('',#889,#1039,#1043,.T.);
#1045=ORIENTED_EDGE('',*,*,#1044,.T.);
#1046=CARTESIAN_POINT('',(-2.572004982,-1.5,7.668794957));
#1047=DIRECTION('',(1.,0.,-0.));
#1048=VECTOR('',#1047,6.);
#1049=LINE('',#1046,#1048);
#1050=EDGE_CURVE('',#1008,#1039,#1049,.T.);
#1051=ORIENTED_EDGE('',*,*,#1050,.F.);
#1052=ORIENTED_EDGE('',*,*,#1013,.F.);
#1053=EDGE_LOOP('',(#1037,#1045,#1051,#1052));
#1054=FACE_BOUND('',#1053,.T.);
#1055=ADVANCED_FACE('',(#1054),#1036,.F.);
#1056=CARTESIAN_POINT('',(0.,-6.5,0.));
#1057=DIRECTION('',(0.,-1.,0.));
#1058=DIRECTION('',(1.,0.,0.));
#1059=AXIS2_PLACEMENT_3D('',#1056,#1057,#1058);
#1060=PLANE('',#1059);
#1061=CARTESIAN_POINT('',(-1.197166634,-6.5,7.468794957));
#1062=VERTEX_POINT('',#1061);
#1063=CARTESIAN_POINT('',(-0.197166634,-6.5,7.468794957));
#1064=VERTEX_POINT('',#1063);
#1065=CARTESIAN_POINT('',(-8.834416485,-6.5,7.468794957));
#1066=DIRECTION('',(1.,0.,-0.));
#1067=VECTOR('',#1066,10.);
#1068=LINE('',#1065,#1067);
#1069=EDGE_CURVE('',#1062,#1064,#1068,.T.);
#1070=ORIENTED_EDGE('',*,*,#1069,.F.);
#1071=CARTESIAN_POINT('',(-1.197166634,-6.5,8.468794957));
#1072=VERTEX_POINT('',#1071);
#1073=CARTESIAN_POINT('',(-1.197166634,-6.5,48.828372265));
#1074=DIRECTION('',(0.,0.,-1.));
#1075=VECTOR('',#1074,10.);
#1076=LINE('',#1073,#1075);
#1077=EDGE_CURVE('',#1072,#1062,#1076,.T.);
#1078=ORIENTED_EDGE('',*,*,#1077,.F.);
#1079=CARTESIAN_POINT('',(-0.197166634,-6.5,8.468794957));
#1080=VERTEX_POINT('',#1079);
#1081=CARTESIAN_POINT('',(1.165583515,-6.5,8.468794957));
#1082=DIRECTION('',(-1.,0.,0.));
#1083=VECTOR('',#1082,10.);
#1084=LINE('',#1081,#1083);
#1085=EDGE_CURVE('',#1080,#1072,#1084,.T.);
#1086=ORIENTED_EDGE('',*,*,#1085,.F.);
#1087=CARTESIAN_POINT('',(-0.197166634,-6.5,38.828372265));
#1088=DIRECTION('',(0.,0.,1.));
#1089=VECTOR('',#1088,10.);
#1090=LINE('',#1087,#1089);
#1091=EDGE_CURVE('',#1064,#1080,#1090,.T.);
#1092=ORIENTED_EDGE('',*,*,#1091,.F.);
#1093=EDGE_LOOP('',(#1070,#1078,#1086,#1092));
#1094=FACE_BOUND('',#1093,.T.);
#1095=CARTESIAN_POINT('',(2.249000556,-6.5,5.843720379));
#1096=VERTEX_POINT('',#1095);
#1097=CARTESIAN_POINT('',(3.249000556,-6.5,5.843720379));
#1098=VERTEX_POINT('',#1097);
#1099=CARTESIAN_POINT('',(10.11950306,-6.5,5.843720379));
#1100=DIRECTION('',(1.,0.,-0.));
#1101=VECTOR('',#1100,10.);
#1102=LINE('',#1099,#1101);
#1103=EDGE_CURVE('',#1096,#1098,#1102,.T.);
#1104=ORIENTED_EDGE('',*,*,#1103,.F.);
#1105=CARTESIAN_POINT('',(2.249000556,-6.5,6.843720379));
#1106=VERTEX_POINT('',#1105);
#1107=CARTESIAN_POINT('',(2.249000556,-6.5,39.890462086));
#1108=DIRECTION('',(0.,0.,-1.));
#1109=VECTOR('',#1108,10.);
#1110=LINE('',#1107,#1109);
#1111=EDGE_CURVE('',#1106,#1096,#1110,.T.);
#1112=ORIENTED_EDGE('',*,*,#1111,.F.);
#1113=CARTESIAN_POINT('',(3.249000556,-6.5,6.843720379));
#1114=VERTEX_POINT('',#1113);
#1115=CARTESIAN_POINT('',(20.11950306,-6.5,6.843720379));
#1116=DIRECTION('',(-1.,0.,0.));
#1117=VECTOR('',#1116,10.);
#1118=LINE('',#1115,#1117);
#1119=EDGE_CURVE('',#1114,#1106,#1118,.T.);
#1120=ORIENTED_EDGE('',*,*,#1119,.F.);
#1121=CARTESIAN_POINT('',(3.249000556,-6.5,29.890462086));
#1122=DIRECTION('',(0.,0.,1.));
#1123=VECTOR('',#1122,10.);
#1124=LINE('',#1121,#1123);
#1125=EDGE_CURVE('',#1098,#1114,#1124,.T.);
#1126=ORIENTED_EDGE('',*,*,#1125,.F.);
#1127=EDGE_LOOP('',(#1104,#1112,#1120,#1126));
#1128=FACE_BOUND('',#1127,.T.);
#1129=CARTESIAN_POINT('',(-2.186063818,-6.5,5.843720379));
#1130=VERTEX_POINT('',#1129);
#1131=CARTESIAN_POINT('',(-1.186063818,-6.5,5.843720379));
#1132=VERTEX_POINT('',#1131);
#1133=CARTESIAN_POINT('',(-14.273350999,-6.5,5.843720379));
#1134=DIRECTION('',(1.,0.,-0.));
#1135=VECTOR('',#1134,10.);
#1136=LINE('',#1133,#1135);
#1137=EDGE_CURVE('',#1130,#1132,#1136,.T.);
#1138=ORIENTED_EDGE('',*,*,#1137,.F.);
#1139=CARTESIAN_POINT('',(-2.186063818,-6.5,6.843720379));
#1140=VERTEX_POINT('',#1139);
#1141=CARTESIAN_POINT('',(-2.186063818,-6.5,39.890462086));
#1142=DIRECTION('',(0.,0.,-1.));
#1143=VECTOR('',#1142,10.);
#1144=LINE('',#1141,#1143);
#1145=EDGE_CURVE('',#1140,#1130,#1144,.T.);
#1146=ORIENTED_EDGE('',*,*,#1145,.F.);
#1147=CARTESIAN_POINT('',(-1.186063818,-6.5,6.843720379));
#1148=VERTEX_POINT('',#1147);
#1149=CARTESIAN_POINT('',(-4.273350999,-6.5,6.843720379));
#1150=DIRECTION('',(-1.,0.,0.));
#1151=VECTOR('',#1150,10.);
#1152=LINE('',#1149,#1151);
#1153=EDGE_CURVE('',#1148,#1140,#1152,.T.);
#1154=ORIENTED_EDGE('',*,*,#1153,.F.);
#1155=CARTESIAN_POINT('',(-1.186063818,-6.5,29.890462086));
#1156=DIRECTION('',(0.,0.,1.));
#1157=VECTOR('',#1156,10.);
#1158=LINE('',#1155,#1157);
#1159=EDGE_CURVE('',#1132,#1148,#1158,.T.);
#1160=ORIENTED_EDGE('',*,*,#1159,.F.);
#1161=EDGE_LOOP('',(#1138,#1146,#1154,#1160));
#1162=FACE_BOUND('',#1161,.T.);
#1163=CARTESIAN_POINT('',(-1.347342986,-6.5,3.805550209));
#1164=VERTEX_POINT('',#1163);
#1165=CARTESIAN_POINT('',(-0.347342986,-6.5,3.805550209));
#1166=VERTEX_POINT('',#1165);
#1167=CARTESIAN_POINT('',(-9.660386421,-6.5,3.805550209));
#1168=DIRECTION('',(1.,0.,-0.));
#1169=VECTOR('',#1168,10.);
#1170=LINE('',#1167,#1169);
#1171=EDGE_CURVE('',#1164,#1166,#1170,.T.);
#1172=ORIENTED_EDGE('',*,*,#1171,.F.);
#1173=CARTESIAN_POINT('',(-1.347342986,-6.5,4.805550209));
#1174=VERTEX_POINT('',#1173);
#1175=CARTESIAN_POINT('',(-1.347342986,-6.5,28.680526152));
#1176=DIRECTION('',(0.,0.,-1.));
#1177=VECTOR('',#1176,10.);
#1178=LINE('',#1175,#1177);
#1179=EDGE_CURVE('',#1174,#1164,#1178,.T.);
#1180=ORIENTED_EDGE('',*,*,#1179,.F.);
#1181=CARTESIAN_POINT('',(-0.347342986,-6.5,4.805550209));
#1182=VERTEX_POINT('',#1181);
#1183=CARTESIAN_POINT('',(0.339613579,-6.5,4.805550209));
#1184=DIRECTION('',(-1.,0.,0.));
#1185=VECTOR('',#1184,10.);
#1186=LINE('',#1183,#1185);
#1187=EDGE_CURVE('',#1182,#1174,#1186,.T.);
#1188=ORIENTED_EDGE('',*,*,#1187,.F.);
#1189=CARTESIAN_POINT('',(-0.347342986,-6.5,18.680526152));
#1190=DIRECTION('',(0.,0.,1.));
#1191=VECTOR('',#1190,10.);
#1192=LINE('',#1189,#1191);
#1193=EDGE_CURVE('',#1166,#1182,#1192,.T.);
#1194=ORIENTED_EDGE('',*,*,#1193,.F.);
#1195=EDGE_LOOP('',(#1172,#1180,#1188,#1194));
#1196=FACE_BOUND('',#1195,.T.);
#1197=CARTESIAN_POINT('',(-3.422737317,-6.5,4.430007426));
#1198=VERTEX_POINT('',#1197);
#1199=CARTESIAN_POINT('',(-2.684192287,-6.5,4.430007426));
#1200=VERTEX_POINT('',#1199);
#1201=CARTESIAN_POINT('',(-20.486781566,-6.5,4.430007426));
#1202=DIRECTION('',(1.,0.,-0.));
#1203=VECTOR('',#1202,7.38545031);
#1204=LINE('',#1201,#1203);
#1205=EDGE_CURVE('',#1198,#1200,#1204,.T.);
#1206=ORIENTED_EDGE('',*,*,#1205,.T.);
#1207=CARTESIAN_POINT('',(-2.684192287,-6.5,3.534344631));
#1208=VERTEX_POINT('',#1207);
#1209=CARTESIAN_POINT('',(-2.684192287,-6.5,26.380282134));
#1210=DIRECTION('',(0.,0.,-1.));
#1211=VECTOR('',#1210,8.956627954);
#1212=LINE('',#1209,#1211);
#1213=EDGE_CURVE('',#1200,#1208,#1212,.T.);
#1214=ORIENTED_EDGE('',*,*,#1213,.T.);
#1215=CARTESIAN_POINT('',(2.684192287,-6.5,3.534344631));
#1216=VERTEX_POINT('',#1215);
#1217=CARTESIAN_POINT('',(0.,-6.5,6.5));
#1218=DIRECTION('',(0.,-1.,0.));
#1219=DIRECTION('',(1.,0.,0.));
#1220=AXIS2_PLACEMENT_3D('',#1217,#1218,#1219);
#1221=CIRCLE('',#1220,4.);
#1222=EDGE_CURVE('',#1208,#1216,#1221,.T.);
#1223=ORIENTED_EDGE('',*,*,#1222,.T.);
#1224=CARTESIAN_POINT('',(2.684192287,-6.5,4.430007426));
#1225=VERTEX_POINT('',#1224);
#1226=CARTESIAN_POINT('',(2.684192287,-6.5,17.42365418));
#1227=DIRECTION('',(0.,0.,1.));
#1228=VECTOR('',#1227,8.956627954);
#1229=LINE('',#1226,#1228);
#1230=EDGE_CURVE('',#1216,#1225,#1229,.T.);
#1231=ORIENTED_EDGE('',*,*,#1230,.T.);
#1232=CARTESIAN_POINT('',(3.422737317,-6.5,4.430007426));
#1233=VERTEX_POINT('',#1232);
#1234=CARTESIAN_POINT('',(13.101331256,-6.5,4.430007426));
#1235=DIRECTION('',(1.,0.,-0.));
#1236=VECTOR('',#1235,7.38545031);
#1237=LINE('',#1234,#1236);
#1238=EDGE_CURVE('',#1225,#1233,#1237,.T.);
#1239=ORIENTED_EDGE('',*,*,#1238,.T.);
#1240=CARTESIAN_POINT('',(2.736061842,-6.5,9.417870045));
#1241=VERTEX_POINT('',#1240);
#1242=CARTESIAN_POINT('',(0.,-6.5,6.5));
#1243=DIRECTION('',(0.,-1.,0.));
#1244=DIRECTION('',(1.,0.,0.));
#1245=AXIS2_PLACEMENT_3D('',#1242,#1243,#1244);
#1246=CIRCLE('',#1245,4.);
#1247=EDGE_CURVE('',#1233,#1241,#1246,.T.);
#1248=ORIENTED_EDGE('',*,*,#1247,.T.);
#1249=CARTESIAN_POINT('',(-2.736061842,-6.5,9.417870045));
#1250=VERTEX_POINT('',#1249);
#1251=CARTESIAN_POINT('',(27.360618418,-6.5,9.417870045));
#1252=DIRECTION('',(-1.,0.,0.));
#1253=VECTOR('',#1252,54.721236836);
#1254=LINE('',#1251,#1253);
#1255=EDGE_CURVE('',#1241,#1250,#1254,.T.);
#1256=ORIENTED_EDGE('',*,*,#1255,.T.);
#1257=CARTESIAN_POINT('',(-4.,-6.5,6.5));
#1258=VERTEX_POINT('',#1257);
#1259=CARTESIAN_POINT('',(0.,-6.5,6.5));
#1260=DIRECTION('',(0.,-1.,0.));
#1261=DIRECTION('',(1.,0.,0.));
#1262=AXIS2_PLACEMENT_3D('',#1259,#1260,#1261);
#1263=CIRCLE('',#1262,4.);
#1264=EDGE_CURVE('',#1250,#1258,#1263,.T.);
#1265=ORIENTED_EDGE('',*,*,#1264,.T.);
#1266=CARTESIAN_POINT('',(0.,-6.5,6.5));
#1267=DIRECTION('',(0.,-1.,0.));
#1268=DIRECTION('',(1.,0.,0.));
#1269=AXIS2_PLACEMENT_3D('',#1266,#1267,#1268);
#1270=CIRCLE('',#1269,4.);
#1271=EDGE_CURVE('',#1258,#1198,#1270,.T.);
#1272=ORIENTED_EDGE('',*,*,#1271,.T.);
#1273=EDGE_LOOP('',(#1206,#1214,#1223,#1231,#1239,#1248,#1256,#1265,#1272));
#1274=FACE_BOUND('',#1273,.T.);
#1275=CARTESIAN_POINT('',(0.155727339,-6.5,3.805550209));
#1276=VERTEX_POINT('',#1275);
#1277=CARTESIAN_POINT('',(1.155727339,-6.5,3.805550209));
#1278=VERTEX_POINT('',#1277);
#1279=CARTESIAN_POINT('',(-1.393499635,-6.5,3.805550209));
#1280=DIRECTION('',(1.,0.,-0.));
#1281=VECTOR('',#1280,10.);
#1282=LINE('',#1279,#1281);
#1283=EDGE_CURVE('',#1276,#1278,#1282,.T.);
#1284=ORIENTED_EDGE('',*,*,#1283,.F.);
#1285=CARTESIAN_POINT('',(0.155727339,-6.5,4.805550209));
#1286=VERTEX_POINT('',#1285);
#1287=CARTESIAN_POINT('',(0.155727339,-6.5,28.680526152));
#1288=DIRECTION('',(0.,0.,-1.));
#1289=VECTOR('',#1288,10.);
#1290=LINE('',#1287,#1289);
#1291=EDGE_CURVE('',#1286,#1276,#1290,.T.);
#1292=ORIENTED_EDGE('',*,*,#1291,.F.);
#1293=CARTESIAN_POINT('',(1.155727339,-6.5,4.805550209));
#1294=VERTEX_POINT('',#1293);
#1295=CARTESIAN_POINT('',(8.606500365,-6.5,4.805550209));
#1296=DIRECTION('',(-1.,0.,0.));
#1297=VECTOR('',#1296,10.);
#1298=LINE('',#1295,#1297);
#1299=EDGE_CURVE('',#1294,#1286,#1298,.T.);
#1300=ORIENTED_EDGE('',*,*,#1299,.F.);
#1301=CARTESIAN_POINT('',(1.155727339,-6.5,18.680526152));
#1302=DIRECTION('',(0.,0.,1.));
#1303=VECTOR('',#1302,10.);
#1304=LINE('',#1301,#1303);
#1305=EDGE_CURVE('',#1278,#1294,#1304,.T.);
#1306=ORIENTED_EDGE('',*,*,#1305,.F.);
#1307=EDGE_LOOP('',(#1284,#1292,#1300,#1306));
#1308=FACE_BOUND('',#1307,.T.);
#1309=CARTESIAN_POINT('',(-3.25949316,-6.5,5.843720379));
#1310=VERTEX_POINT('',#1309);
#1311=CARTESIAN_POINT('',(-2.25949316,-6.5,5.843720379));
#1312=VERTEX_POINT('',#1311);
#1313=CARTESIAN_POINT('',(-20.177212379,-6.5,5.843720379));
#1314=DIRECTION('',(1.,0.,-0.));
#1315=VECTOR('',#1314,10.);
#1316=LINE('',#1313,#1315);
#1317=EDGE_CURVE('',#1310,#1312,#1316,.T.);
#1318=ORIENTED_EDGE('',*,*,#1317,.F.);
#1319=CARTESIAN_POINT('',(-3.25949316,-6.5,6.843720379));
#1320=VERTEX_POINT('',#1319);
#1321=CARTESIAN_POINT('',(-3.25949316,-6.5,39.890462086));
#1322=DIRECTION('',(0.,0.,-1.));
#1323=VECTOR('',#1322,10.);
#1324=LINE('',#1321,#1323);
#1325=EDGE_CURVE('',#1320,#1310,#1324,.T.);
#1326=ORIENTED_EDGE('',*,*,#1325,.F.);
#1327=CARTESIAN_POINT('',(-2.25949316,-6.5,6.843720379));
#1328=VERTEX_POINT('',#1327);
#1329=CARTESIAN_POINT('',(-10.177212379,-6.5,6.843720379));
#1330=DIRECTION('',(-1.,0.,0.));
#1331=VECTOR('',#1330,10.);
#1332=LINE('',#1329,#1331);
#1333=EDGE_CURVE('',#1328,#1320,#1332,.T.);
#1334=ORIENTED_EDGE('',*,*,#1333,.F.);
#1335=CARTESIAN_POINT('',(-2.25949316,-6.5,29.890462086));
#1336=DIRECTION('',(0.,0.,1.));
#1337=VECTOR('',#1336,10.);
#1338=LINE('',#1335,#1337);
#1339=EDGE_CURVE('',#1312,#1328,#1338,.T.);
#1340=ORIENTED_EDGE('',*,*,#1339,.F.);
#1341=EDGE_LOOP('',(#1318,#1326,#1334,#1340));
#1342=FACE_BOUND('',#1341,.T.);
#1343=CARTESIAN_POINT('',(0.222804086,-6.5,5.843720379));
#1344=VERTEX_POINT('',#1343);
#1345=CARTESIAN_POINT('',(1.222804086,-6.5,5.843720379));
#1346=VERTEX_POINT('',#1345);
#1347=CARTESIAN_POINT('',(-1.024577529,-6.5,5.843720379));
#1348=DIRECTION('',(1.,0.,-0.));
#1349=VECTOR('',#1348,10.);
#1350=LINE('',#1347,#1349);
#1351=EDGE_CURVE('',#1344,#1346,#1350,.T.);
#1352=ORIENTED_EDGE('',*,*,#1351,.F.);
#1353=CARTESIAN_POINT('',(0.222804086,-6.5,6.843720379));
#1354=VERTEX_POINT('',#1353);
#1355=CARTESIAN_POINT('',(0.222804086,-6.5,39.890462086));
#1356=DIRECTION('',(0.,0.,-1.));
#1357=VECTOR('',#1356,10.);
#1358=LINE('',#1355,#1357);
#1359=EDGE_CURVE('',#1354,#1344,#1358,.T.);
#1360=ORIENTED_EDGE('',*,*,#1359,.F.);
#1361=CARTESIAN_POINT('',(1.222804086,-6.5,6.843720379));
#1362=VERTEX_POINT('',#1361);
#1363=CARTESIAN_POINT('',(8.975422471,-6.5,6.843720379));
#1364=DIRECTION('',(-1.,0.,0.));
#1365=VECTOR('',#1364,10.);
#1366=LINE('',#1363,#1365);
#1367=EDGE_CURVE('',#1362,#1354,#1366,.T.);
#1368=ORIENTED_EDGE('',*,*,#1367,.F.);
#1369=CARTESIAN_POINT('',(1.222804086,-6.5,29.890462086));
#1370=DIRECTION('',(0.,0.,1.));
#1371=VECTOR('',#1370,10.);
#1372=LINE('',#1369,#1371);
#1373=EDGE_CURVE('',#1346,#1362,#1372,.T.);
#1374=ORIENTED_EDGE('',*,*,#1373,.F.);
#1375=EDGE_LOOP('',(#1352,#1360,#1368,#1374));
#1376=FACE_BOUND('',#1375,.T.);
#1377=CARTESIAN_POINT('',(1.909222753,-6.5,7.468794957));
#1378=VERTEX_POINT('',#1377);
#1379=CARTESIAN_POINT('',(2.909222753,-6.5,7.468794957));
#1380=VERTEX_POINT('',#1379);
#1381=CARTESIAN_POINT('',(8.250725141,-6.5,7.468794957));
#1382=DIRECTION('',(1.,0.,-0.));
#1383=VECTOR('',#1382,10.);
#1384=LINE('',#1381,#1383);
#1385=EDGE_CURVE('',#1378,#1380,#1384,.T.);
#1386=ORIENTED_EDGE('',*,*,#1385,.F.);
#1387=CARTESIAN_POINT('',(1.909222753,-6.5,8.468794957));
#1388=VERTEX_POINT('',#1387);
#1389=CARTESIAN_POINT('',(1.909222753,-6.5,48.828372265));
#1390=DIRECTION('',(0.,0.,-1.));
#1391=VECTOR('',#1390,10.);
#1392=LINE('',#1389,#1391);
#1393=EDGE_CURVE('',#1388,#1378,#1392,.T.);
#1394=ORIENTED_EDGE('',*,*,#1393,.F.);
#1395=CARTESIAN_POINT('',(2.909222753,-6.5,8.468794957));
#1396=VERTEX_POINT('',#1395);
#1397=CARTESIAN_POINT('',(18.250725141,-6.5,8.468794957));
#1398=DIRECTION('',(-1.,0.,0.));
#1399=VECTOR('',#1398,10.);
#1400=LINE('',#1397,#1399);
#1401=EDGE_CURVE('',#1396,#1388,#1400,.T.);
#1402=ORIENTED_EDGE('',*,*,#1401,.F.);
#1403=CARTESIAN_POINT('',(2.909222753,-6.5,38.828372265));
#1404=DIRECTION('',(0.,0.,1.));
#1405=VECTOR('',#1404,10.);
#1406=LINE('',#1403,#1405);
#1407=EDGE_CURVE('',#1380,#1396,#1406,.T.);
#1408=ORIENTED_EDGE('',*,*,#1407,.F.);
#1409=EDGE_LOOP('',(#1386,#1394,#1402,#1408));
#1410=FACE_BOUND('',#1409,.T.);
#1411=ORIENTED_EDGE('',*,*,#886,.F.);
#1412=ORIENTED_EDGE('',*,*,#987,.F.);
#1413=ORIENTED_EDGE('',*,*,#957,.F.);
#1414=ORIENTED_EDGE('',*,*,#925,.F.);
#1415=EDGE_LOOP('',(#1411,#1412,#1413,#1414));
#1416=FACE_BOUND('',#1415,.T.);
#1417=ADVANCED_FACE('',(#1094,#1128,#1162,#1196,#1274,#1308,#1342,#1376,#1410,#1416),#1060,.T.);
#1418=OVER_RIDING_STYLED_ITEM('',(#871),#1417,#26);
#1419=CARTESIAN_POINT('',(-0.348583317,-6.4,8.368794957));
#1420=DIRECTION('',(0.,-0.707106781,-0.707106781));
#1421=DIRECTION('',(-1.,0.,0.));
#1422=AXIS2_PLACEMENT_3D('',#1419,#1420,#1421);
#1423=PLANE('',#1422);
#1424=ORIENTED_EDGE('',*,*,#1085,.T.);
#1425=CARTESIAN_POINT('',(-0.997166634,-6.3,8.268794957));
#1426=VERTEX_POINT('',#1425);
#1427=CARTESIAN_POINT('',(-1.197166634,-6.5,8.468794957));
#1428=DIRECTION('',(0.577350269,0.577350269,-0.577350269));
#1429=VECTOR('',#1428,3.464101615);
#1430=LINE('',#1427,#1429);
#1431=EDGE_CURVE('',#1072,#1426,#1430,.T.);
#1432=ORIENTED_EDGE('',*,*,#1431,.T.);
#1433=CARTESIAN_POINT('',(-0.397166634,-6.3,8.268794957));
#1434=VERTEX_POINT('',#1433);
#1435=CARTESIAN_POINT('',(-6.834416485,-6.3,8.268794957));
#1436=DIRECTION('',(1.,0.,-0.));
#1437=VECTOR('',#1436,6.);
#1438=LINE('',#1435,#1437);
#1439=EDGE_CURVE('',#1426,#1434,#1438,.T.);
#1440=ORIENTED_EDGE('',*,*,#1439,.T.);
#1441=CARTESIAN_POINT('',(-0.197166634,-6.5,8.468794957));
#1442=DIRECTION('',(-0.577350269,0.577350269,-0.577350269));
#1443=VECTOR('',#1442,3.464101615);
#1444=LINE('',#1441,#1443);
#1445=EDGE_CURVE('',#1080,#1434,#1444,.T.);
#1446=ORIENTED_EDGE('',*,*,#1445,.F.);
#1447=EDGE_LOOP('',(#1424,#1432,#1440,#1446));
#1448=FACE_BOUND('',#1447,.T.);
#1449=ADVANCED_FACE('',(#1448),#1423,.T.);
#1450=OVER_RIDING_STYLED_ITEM('',(#114),#1449,#26);
#1451=CARTESIAN_POINT('',(-0.348583317,-6.4,7.568794957));
#1452=DIRECTION('',(0.,-0.707106781,0.707106781));
#1453=DIRECTION('',(1.,0.,0.));
#1454=AXIS2_PLACEMENT_3D('',#1451,#1452,#1453);
#1455=PLANE('',#1454);
#1456=ORIENTED_EDGE('',*,*,#1069,.T.);
#1457=CARTESIAN_POINT('',(-0.397166634,-6.3,7.668794957));
#1458=VERTEX_POINT('',#1457);
#1459=CARTESIAN_POINT('',(-0.197166634,-6.5,7.468794957));
#1460=DIRECTION('',(-0.577350269,0.577350269,0.577350269));
#1461=VECTOR('',#1460,3.464101615);
#1462=LINE('',#1459,#1461);
#1463=EDGE_CURVE('',#1064,#1458,#1462,.T.);
#1464=ORIENTED_EDGE('',*,*,#1463,.T.);
#1465=CARTESIAN_POINT('',(-0.997166634,-6.3,7.668794957));
#1466=VERTEX_POINT('',#1465);
#1467=CARTESIAN_POINT('',(-0.834416485,-6.3,7.668794957));
#1468=DIRECTION('',(-1.,0.,0.));
#1469=VECTOR('',#1468,6.);
#1470=LINE('',#1467,#1469);
#1471=EDGE_CURVE('',#1458,#1466,#1470,.T.);
#1472=ORIENTED_EDGE('',*,*,#1471,.T.);
#1473=CARTESIAN_POINT('',(-0.997166634,-6.3,7.668794957));
#1474=DIRECTION('',(-0.577350269,-0.577350269,-0.577350269));
#1475=VECTOR('',#1474,3.464101615);
#1476=LINE('',#1473,#1475);
#1477=EDGE_CURVE('',#1466,#1062,#1476,.T.);
#1478=ORIENTED_EDGE('',*,*,#1477,.T.);
#1479=EDGE_LOOP('',(#1456,#1464,#1472,#1478));
#1480=FACE_BOUND('',#1479,.T.);
#1481=ADVANCED_FACE('',(#1480),#1455,.T.);
#1482=OVER_RIDING_STYLED_ITEM('',(#114),#1481,#26);
#1483=CARTESIAN_POINT('',(-1.097166634,-6.4,3.984397479));
#1484=DIRECTION('',(0.707106781,-0.707106781,0.));
#1485=DIRECTION('',(0.,0.,-1.));
#1486=AXIS2_PLACEMENT_3D('',#1483,#1484,#1485);
#1487=PLANE('',#1486);
#1488=ORIENTED_EDGE('',*,*,#1077,.T.);
#1489=ORIENTED_EDGE('',*,*,#1477,.F.);
#1490=CARTESIAN_POINT('',(-0.997166634,-6.3,40.828372265));
#1491=DIRECTION('',(0.,0.,1.));
#1492=VECTOR('',#1491,6.);
#1493=LINE('',#1490,#1492);
#1494=EDGE_CURVE('',#1466,#1426,#1493,.T.);
#1495=ORIENTED_EDGE('',*,*,#1494,.T.);
#1496=ORIENTED_EDGE('',*,*,#1431,.F.);
#1497=EDGE_LOOP('',(#1488,#1489,#1495,#1496));
#1498=FACE_BOUND('',#1497,.T.);
#1499=ADVANCED_FACE('',(#1498),#1487,.T.);
#1500=OVER_RIDING_STYLED_ITEM('',(#114),#1499,#26);
#1501=CARTESIAN_POINT('',(-0.297166634,-6.4,3.984397479));
#1502=DIRECTION('',(-0.707106781,-0.707106781,0.));
#1503=DIRECTION('',(0.,0.,1.));
#1504=AXIS2_PLACEMENT_3D('',#1501,#1502,#1503);
#1505=PLANE('',#1504);
#1506=ORIENTED_EDGE('',*,*,#1091,.T.);
#1507=ORIENTED_EDGE('',*,*,#1445,.T.);
#1508=CARTESIAN_POINT('',(-0.397166634,-6.3,46.828372265));
#1509=DIRECTION('',(0.,0.,-1.));
#1510=VECTOR('',#1509,6.);
#1511=LINE('',#1508,#1510);
#1512=EDGE_CURVE('',#1434,#1458,#1511,.T.);
#1513=ORIENTED_EDGE('',*,*,#1512,.T.);
#1514=ORIENTED_EDGE('',*,*,#1463,.F.);
#1515=EDGE_LOOP('',(#1506,#1507,#1513,#1514));
#1516=FACE_BOUND('',#1515,.T.);
#1517=ADVANCED_FACE('',(#1516),#1505,.T.);
#1518=OVER_RIDING_STYLED_ITEM('',(#114),#1517,#26);
#1519=CARTESIAN_POINT('',(-0.997166634,-6.5,7.968794957));
#1520=DIRECTION('',(-1.,-0.,0.));
#1521=DIRECTION('',(0.,0.,1.));
#1522=AXIS2_PLACEMENT_3D('',#1519,#1520,#1521);
#1523=PLANE('',#1522);
#1524=ORIENTED_EDGE('',*,*,#1494,.F.);
#1525=CARTESIAN_POINT('',(-0.997166634,-1.5,7.668794957));
#1526=VERTEX_POINT('',#1525);
#1527=CARTESIAN_POINT('',(-0.997166634,-4.5,7.668794957));
#1528=DIRECTION('',(-0.,1.,0.));
#1529=VECTOR('',#1528,48.);
#1530=LINE('',#1527,#1529);
#1531=EDGE_CURVE('',#1466,#1526,#1530,.T.);
#1532=ORIENTED_EDGE('',*,*,#1531,.T.);
#1533=CARTESIAN_POINT('',(-0.997166634,-1.5,8.268794957));
#1534=VERTEX_POINT('',#1533);
#1535=CARTESIAN_POINT('',(-0.997166634,-1.5,8.268794957));
#1536=DIRECTION('',(0.,0.,-1.));
#1537=VECTOR('',#1536,6.);
#1538=LINE('',#1535,#1537);
#1539=EDGE_CURVE('',#1534,#1526,#1538,.T.);
#1540=ORIENTED_EDGE('',*,*,#1539,.F.);
#1541=CARTESIAN_POINT('',(-0.997166634,-4.5,8.268794957));
#1542=DIRECTION('',(-0.,1.,0.));
#1543=VECTOR('',#1542,48.);
#1544=LINE('',#1541,#1543);
#1545=EDGE_CURVE('',#1426,#1534,#1544,.T.);
#1546=ORIENTED_EDGE('',*,*,#1545,.F.);
#1547=EDGE_LOOP('',(#1524,#1532,#1540,#1546));
#1548=FACE_BOUND('',#1547,.T.);
#1549=ADVANCED_FACE('',(#1548),#1523,.F.);
#1550=CARTESIAN_POINT('',(-0.697166634,-6.5,7.668794957));
#1551=DIRECTION('',(0.,0.,-1.));
#1552=DIRECTION('',(-1.,0.,0.));
#1553=AXIS2_PLACEMENT_3D('',#1550,#1551,#1552);
#1554=PLANE('',#1553);
#1555=ORIENTED_EDGE('',*,*,#1471,.F.);
#1556=CARTESIAN_POINT('',(-0.397166634,-1.5,7.668794957));
#1557=VERTEX_POINT('',#1556);
#1558=CARTESIAN_POINT('',(-0.397166634,-4.5,7.668794957));
#1559=DIRECTION('',(-0.,1.,0.));
#1560=VECTOR('',#1559,48.);
#1561=LINE('',#1558,#1560);
#1562=EDGE_CURVE('',#1458,#1557,#1561,.T.);
#1563=ORIENTED_EDGE('',*,*,#1562,.T.);
#1564=CARTESIAN_POINT('',(-0.997166634,-1.5,7.668794957));
#1565=DIRECTION('',(1.,0.,-0.));
#1566=VECTOR('',#1565,6.);
#1567=LINE('',#1564,#1566);
#1568=EDGE_CURVE('',#1526,#1557,#1567,.T.);
#1569=ORIENTED_EDGE('',*,*,#1568,.F.);
#1570=ORIENTED_EDGE('',*,*,#1531,.F.);
#1571=EDGE_LOOP('',(#1555,#1563,#1569,#1570));
#1572=FACE_BOUND('',#1571,.T.);
#1573=ADVANCED_FACE('',(#1572),#1554,.F.);
#1574=CARTESIAN_POINT('',(1.204611376,-6.4,7.568794957));
#1575=DIRECTION('',(0.,-0.707106781,0.707106781));
#1576=DIRECTION('',(1.,0.,0.));
#1577=AXIS2_PLACEMENT_3D('',#1574,#1575,#1576);
#1578=PLANE('',#1577);
#1579=ORIENTED_EDGE('',*,*,#1385,.T.);
#1580=CARTESIAN_POINT('',(2.709222753,-6.3,7.668794957));
#1581=VERTEX_POINT('',#1580);
#1582=CARTESIAN_POINT('',(2.909222753,-6.5,7.468794957));
#1583=DIRECTION('',(-0.577350269,0.577350269,0.577350269));
#1584=VECTOR('',#1583,3.464101615);
#1585=LINE('',#1582,#1584);
#1586=EDGE_CURVE('',#1380,#1581,#1585,.T.);
#1587=ORIENTED_EDGE('',*,*,#1586,.T.);
#1588=CARTESIAN_POINT('',(2.109222753,-6.3,7.668794957));
#1589=VERTEX_POINT('',#1588);
#1590=CARTESIAN_POINT('',(16.250725141,-6.3,7.668794957));
#1591=DIRECTION('',(-1.,0.,0.));
#1592=VECTOR('',#1591,6.);
#1593=LINE('',#1590,#1592);
#1594=EDGE_CURVE('',#1581,#1589,#1593,.T.);
#1595=ORIENTED_EDGE('',*,*,#1594,.T.);
#1596=CARTESIAN_POINT('',(2.109222753,-6.3,7.668794957));
#1597=DIRECTION('',(-0.577350269,-0.577350269,-0.577350269));
#1598=VECTOR('',#1597,0.346410162);
#1599=LINE('',#1596,#1598);
#1600=EDGE_CURVE('',#1589,#1378,#1599,.T.);
#1601=ORIENTED_EDGE('',*,*,#1600,.T.);
#1602=EDGE_LOOP('',(#1579,#1587,#1595,#1601));
#1603=FACE_BOUND('',#1602,.T.);
#1604=ADVANCED_FACE('',(#1603),#1578,.T.);
#1605=OVER_RIDING_STYLED_ITEM('',(#114),#1604,#26);
#1606=CARTESIAN_POINT('',(2.809222753,-6.4,3.984397479));
#1607=DIRECTION('',(-0.707106781,-0.707106781,0.));
#1608=DIRECTION('',(0.,0.,1.));
#1609=AXIS2_PLACEMENT_3D('',#1606,#1607,#1608);
#1610=PLANE('',#1609);
#1611=ORIENTED_EDGE('',*,*,#1407,.T.);
#1612=CARTESIAN_POINT('',(2.709222753,-6.3,8.268794957));
#1613=VERTEX_POINT('',#1612);
#1614=CARTESIAN_POINT('',(2.909222753,-6.5,8.468794957));
#1615=DIRECTION('',(-0.577350269,0.577350269,-0.577350269));
#1616=VECTOR('',#1615,0.346410162);
#1617=LINE('',#1614,#1616);
#1618=EDGE_CURVE('',#1396,#1613,#1617,.T.);
#1619=ORIENTED_EDGE('',*,*,#1618,.T.);
#1620=CARTESIAN_POINT('',(2.709222753,-6.3,46.828372265));
#1621=DIRECTION('',(0.,0.,-1.));
#1622=VECTOR('',#1621,6.);
#1623=LINE('',#1620,#1622);
#1624=EDGE_CURVE('',#1613,#1581,#1623,.T.);
#1625=ORIENTED_EDGE('',*,*,#1624,.T.);
#1626=ORIENTED_EDGE('',*,*,#1586,.F.);
#1627=EDGE_LOOP('',(#1611,#1619,#1625,#1626));
#1628=FACE_BOUND('',#1627,.T.);
#1629=ADVANCED_FACE('',(#1628),#1610,.T.);
#1630=OVER_RIDING_STYLED_ITEM('',(#114),#1629,#26);
#1631=CARTESIAN_POINT('',(1.204611376,-6.4,8.368794957));
#1632=DIRECTION('',(0.,-0.707106781,-0.707106781));
#1633=DIRECTION('',(-1.,0.,0.));
#1634=AXIS2_PLACEMENT_3D('',#1631,#1632,#1633);
#1635=PLANE('',#1634);
#1636=ORIENTED_EDGE('',*,*,#1401,.T.);
#1637=CARTESIAN_POINT('',(2.109222753,-6.3,8.268794957));
#1638=VERTEX_POINT('',#1637);
#1639=CARTESIAN_POINT('',(1.909222753,-6.5,8.468794957));
#1640=DIRECTION('',(0.577350269,0.577350269,-0.577350269));
#1641=VECTOR('',#1640,3.464101615);
#1642=LINE('',#1639,#1641);
#1643=EDGE_CURVE('',#1388,#1638,#1642,.T.);
#1644=ORIENTED_EDGE('',*,*,#1643,.T.);
#1645=CARTESIAN_POINT('',(10.250725141,-6.3,8.268794957));
#1646=DIRECTION('',(1.,0.,-0.));
#1647=VECTOR('',#1646,6.);
#1648=LINE('',#1645,#1647);
#1649=EDGE_CURVE('',#1638,#1613,#1648,.T.);
#1650=ORIENTED_EDGE('',*,*,#1649,.T.);
#1651=ORIENTED_EDGE('',*,*,#1618,.F.);
#1652=EDGE_LOOP('',(#1636,#1644,#1650,#1651));
#1653=FACE_BOUND('',#1652,.T.);
#1654=ADVANCED_FACE('',(#1653),#1635,.T.);
#1655=OVER_RIDING_STYLED_ITEM('',(#114),#1654,#26);
#1656=CARTESIAN_POINT('',(2.009222753,-6.4,3.984397479));
#1657=DIRECTION('',(0.707106781,-0.707106781,0.));
#1658=DIRECTION('',(0.,0.,-1.));
#1659=AXIS2_PLACEMENT_3D('',#1656,#1657,#1658);
#1660=PLANE('',#1659);
#1661=ORIENTED_EDGE('',*,*,#1393,.T.);
#1662=ORIENTED_EDGE('',*,*,#1600,.F.);
#1663=CARTESIAN_POINT('',(2.109222753,-6.3,40.828372265));
#1664=DIRECTION('',(0.,0.,1.));
#1665=VECTOR('',#1664,6.);
#1666=LINE('',#1663,#1665);
#1667=EDGE_CURVE('',#1589,#1638,#1666,.T.);
#1668=ORIENTED_EDGE('',*,*,#1667,.T.);
#1669=ORIENTED_EDGE('',*,*,#1643,.F.);
#1670=EDGE_LOOP('',(#1661,#1662,#1668,#1669));
#1671=FACE_BOUND('',#1670,.T.);
#1672=ADVANCED_FACE('',(#1671),#1660,.T.);
#1673=OVER_RIDING_STYLED_ITEM('',(#114),#1672,#26);
#1674=CARTESIAN_POINT('',(2.109222753,-6.5,7.968794957));
#1675=DIRECTION('',(-1.,-0.,0.));
#1676=DIRECTION('',(0.,0.,1.));
#1677=AXIS2_PLACEMENT_3D('',#1674,#1675,#1676);
#1678=PLANE('',#1677);
#1679=ORIENTED_EDGE('',*,*,#1667,.F.);
#1680=CARTESIAN_POINT('',(2.109222753,-1.5,7.668794957));
#1681=VERTEX_POINT('',#1680);
#1682=CARTESIAN_POINT('',(2.109222753,-4.5,7.668794957));
#1683=DIRECTION('',(-0.,1.,0.));
#1684=VECTOR('',#1683,48.);
#1685=LINE('',#1682,#1684);
#1686=EDGE_CURVE('',#1589,#1681,#1685,.T.);
#1687=ORIENTED_EDGE('',*,*,#1686,.T.);
#1688=CARTESIAN_POINT('',(2.109222753,-1.5,8.268794957));
#1689=VERTEX_POINT('',#1688);
#1690=CARTESIAN_POINT('',(2.109222753,-1.5,8.268794957));
#1691=DIRECTION('',(0.,0.,-1.));
#1692=VECTOR('',#1691,6.);
#1693=LINE('',#1690,#1692);
#1694=EDGE_CURVE('',#1689,#1681,#1693,.T.);
#1695=ORIENTED_EDGE('',*,*,#1694,.F.);
#1696=CARTESIAN_POINT('',(2.109222753,-4.5,8.268794957));
#1697=DIRECTION('',(-0.,1.,0.));
#1698=VECTOR('',#1697,48.);
#1699=LINE('',#1696,#1698);
#1700=EDGE_CURVE('',#1638,#1689,#1699,.T.);
#1701=ORIENTED_EDGE('',*,*,#1700,.F.);
#1702=EDGE_LOOP('',(#1679,#1687,#1695,#1701));
#1703=FACE_BOUND('',#1702,.T.);
#1704=ADVANCED_FACE('',(#1703),#1678,.F.);
#1705=CARTESIAN_POINT('',(2.409222753,-6.5,7.668794957));
#1706=DIRECTION('',(0.,0.,-1.));
#1707=DIRECTION('',(-1.,0.,0.));
#1708=AXIS2_PLACEMENT_3D('',#1705,#1706,#1707);
#1709=PLANE('',#1708);
#1710=ORIENTED_EDGE('',*,*,#1594,.F.);
#1711=CARTESIAN_POINT('',(2.709222753,-1.5,7.668794957));
#1712=VERTEX_POINT('',#1711);
#1713=CARTESIAN_POINT('',(2.709222753,-4.5,7.668794957));
#1714=DIRECTION('',(-0.,1.,0.));
#1715=VECTOR('',#1714,48.);
#1716=LINE('',#1713,#1715);
#1717=EDGE_CURVE('',#1581,#1712,#1716,.T.);
#1718=ORIENTED_EDGE('',*,*,#1717,.T.);
#1719=CARTESIAN_POINT('',(2.109222753,-1.5,7.668794957));
#1720=DIRECTION('',(1.,0.,-0.));
#1721=VECTOR('',#1720,6.);
#1722=LINE('',#1719,#1721);
#1723=EDGE_CURVE('',#1681,#1712,#1722,.T.);
#1724=ORIENTED_EDGE('',*,*,#1723,.F.);
#1725=ORIENTED_EDGE('',*,*,#1686,.F.);
#1726=EDGE_LOOP('',(#1710,#1718,#1724,#1725));
#1727=FACE_BOUND('',#1726,.T.);
#1728=ADVANCED_FACE('',(#1727),#1709,.F.);
#1729=CARTESIAN_POINT('',(1.374500278,-6.4,5.943720379));
#1730=DIRECTION('',(0.,-0.707106781,0.707106781));
#1731=DIRECTION('',(1.,0.,0.));
#1732=AXIS2_PLACEMENT_3D('',#1729,#1730,#1731);
#1733=PLANE('',#1732);
#1734=ORIENTED_EDGE('',*,*,#1103,.T.);
#1735=CARTESIAN_POINT('',(3.049000556,-6.3,6.043720379));
#1736=VERTEX_POINT('',#1735);
#1737=CARTESIAN_POINT('',(3.249000556,-6.5,5.843720379));
#1738=DIRECTION('',(-0.577350269,0.577350269,0.577350269));
#1739=VECTOR('',#1738,3.464101615);
#1740=LINE('',#1737,#1739);
#1741=EDGE_CURVE('',#1098,#1736,#1740,.T.);
#1742=ORIENTED_EDGE('',*,*,#1741,.T.);
#1743=CARTESIAN_POINT('',(2.449000556,-6.3,6.043720379));
#1744=VERTEX_POINT('',#1743);
#1745=CARTESIAN_POINT('',(18.11950306,-6.3,6.043720379));
#1746=DIRECTION('',(-1.,0.,0.));
#1747=VECTOR('',#1746,6.);
#1748=LINE('',#1745,#1747);
#1749=EDGE_CURVE('',#1736,#1744,#1748,.T.);
#1750=ORIENTED_EDGE('',*,*,#1749,.T.);
#1751=CARTESIAN_POINT('',(2.449000556,-6.3,6.043720379));
#1752=DIRECTION('',(-0.577350269,-0.577350269,-0.577350269));
#1753=VECTOR('',#1752,0.346410162);
#1754=LINE('',#1751,#1753);
#1755=EDGE_CURVE('',#1744,#1096,#1754,.T.);
#1756=ORIENTED_EDGE('',*,*,#1755,.T.);
#1757=EDGE_LOOP('',(#1734,#1742,#1750,#1756));
#1758=FACE_BOUND('',#1757,.T.);
#1759=ADVANCED_FACE('',(#1758),#1733,.T.);
#1760=OVER_RIDING_STYLED_ITEM('',(#114),#1759,#26);
#1761=CARTESIAN_POINT('',(3.149000556,-6.4,3.17186019));
#1762=DIRECTION('',(-0.707106781,-0.707106781,0.));
#1763=DIRECTION('',(0.,0.,1.));
#1764=AXIS2_PLACEMENT_3D('',#1761,#1762,#1763);
#1765=PLANE('',#1764);
#1766=ORIENTED_EDGE('',*,*,#1125,.T.);
#1767=CARTESIAN_POINT('',(3.049000556,-6.3,6.643720379));
#1768=VERTEX_POINT('',#1767);
#1769=CARTESIAN_POINT('',(3.249000556,-6.5,6.843720379));
#1770=DIRECTION('',(-0.577350269,0.577350269,-0.577350269));
#1771=VECTOR('',#1770,3.464101615);
#1772=LINE('',#1769,#1771);
#1773=EDGE_CURVE('',#1114,#1768,#1772,.T.);
#1774=ORIENTED_EDGE('',*,*,#1773,.T.);
#1775=CARTESIAN_POINT('',(3.049000556,-6.3,37.890462086));
#1776=DIRECTION('',(0.,0.,-1.));
#1777=VECTOR('',#1776,6.);
#1778=LINE('',#1775,#1777);
#1779=EDGE_CURVE('',#1768,#1736,#1778,.T.);
#1780=ORIENTED_EDGE('',*,*,#1779,.T.);
#1781=ORIENTED_EDGE('',*,*,#1741,.F.);
#1782=EDGE_LOOP('',(#1766,#1774,#1780,#1781));
#1783=FACE_BOUND('',#1782,.T.);
#1784=ADVANCED_FACE('',(#1783),#1765,.T.);
#1785=OVER_RIDING_STYLED_ITEM('',(#114),#1784,#26);
#1786=CARTESIAN_POINT('',(2.349000556,-6.4,3.17186019));
#1787=DIRECTION('',(0.707106781,-0.707106781,0.));
#1788=DIRECTION('',(0.,0.,-1.));
#1789=AXIS2_PLACEMENT_3D('',#1786,#1787,#1788);
#1790=PLANE('',#1789);
#1791=ORIENTED_EDGE('',*,*,#1111,.T.);
#1792=ORIENTED_EDGE('',*,*,#1755,.F.);
#1793=CARTESIAN_POINT('',(2.449000556,-6.3,6.643720379));
#1794=VERTEX_POINT('',#1793);
#1795=CARTESIAN_POINT('',(2.449000556,-6.3,31.890462086));
#1796=DIRECTION('',(0.,0.,1.));
#1797=VECTOR('',#1796,6.);
#1798=LINE('',#1795,#1797);
#1799=EDGE_CURVE('',#1744,#1794,#1798,.T.);
#1800=ORIENTED_EDGE('',*,*,#1799,.T.);
#1801=CARTESIAN_POINT('',(2.249000556,-6.5,6.843720379));
#1802=DIRECTION('',(0.577350269,0.577350269,-0.577350269));
#1803=VECTOR('',#1802,3.464101615);
#1804=LINE('',#1801,#1803);
#1805=EDGE_CURVE('',#1106,#1794,#1804,.T.);
#1806=ORIENTED_EDGE('',*,*,#1805,.F.);
#1807=EDGE_LOOP('',(#1791,#1792,#1800,#1806));
#1808=FACE_BOUND('',#1807,.T.);
#1809=ADVANCED_FACE('',(#1808),#1790,.T.);
#1810=OVER_RIDING_STYLED_ITEM('',(#114),#1809,#26);
#1811=CARTESIAN_POINT('',(1.374500278,-6.4,6.743720379));
#1812=DIRECTION('',(0.,-0.707106781,-0.707106781));
#1813=DIRECTION('',(-1.,0.,0.));
#1814=AXIS2_PLACEMENT_3D('',#1811,#1812,#1813);
#1815=PLANE('',#1814);
#1816=ORIENTED_EDGE('',*,*,#1119,.T.);
#1817=ORIENTED_EDGE('',*,*,#1805,.T.);
#1818=CARTESIAN_POINT('',(12.11950306,-6.3,6.643720379));
#1819=DIRECTION('',(1.,0.,-0.));
#1820=VECTOR('',#1819,6.);
#1821=LINE('',#1818,#1820);
#1822=EDGE_CURVE('',#1794,#1768,#1821,.T.);
#1823=ORIENTED_EDGE('',*,*,#1822,.T.);
#1824=ORIENTED_EDGE('',*,*,#1773,.F.);
#1825=EDGE_LOOP('',(#1816,#1817,#1823,#1824));
#1826=FACE_BOUND('',#1825,.T.);
#1827=ADVANCED_FACE('',(#1826),#1815,.T.);
#1828=OVER_RIDING_STYLED_ITEM('',(#114),#1827,#26);
#1829=CARTESIAN_POINT('',(2.449000556,-6.5,6.343720379));
#1830=DIRECTION('',(-1.,-0.,0.));
#1831=DIRECTION('',(0.,0.,1.));
#1832=AXIS2_PLACEMENT_3D('',#1829,#1830,#1831);
#1833=PLANE('',#1832);
#1834=ORIENTED_EDGE('',*,*,#1799,.F.);
#1835=CARTESIAN_POINT('',(2.449000556,-1.5,6.043720379));
#1836=VERTEX_POINT('',#1835);
#1837=CARTESIAN_POINT('',(2.449000556,-4.5,6.043720379));
#1838=DIRECTION('',(-0.,1.,0.));
#1839=VECTOR('',#1838,48.);
#1840=LINE('',#1837,#1839);
#1841=EDGE_CURVE('',#1744,#1836,#1840,.T.);
#1842=ORIENTED_EDGE('',*,*,#1841,.T.);
#1843=CARTESIAN_POINT('',(2.449000556,-1.5,6.643720379));
#1844=VERTEX_POINT('',#1843);
#1845=CARTESIAN_POINT('',(2.449000556,-1.5,6.643720379));
#1846=DIRECTION('',(0.,0.,-1.));
#1847=VECTOR('',#1846,6.);
#1848=LINE('',#1845,#1847);
#1849=EDGE_CURVE('',#1844,#1836,#1848,.T.);
#1850=ORIENTED_EDGE('',*,*,#1849,.F.);
#1851=CARTESIAN_POINT('',(2.449000556,-4.5,6.643720379));
#1852=DIRECTION('',(-0.,1.,0.));
#1853=VECTOR('',#1852,48.);
#1854=LINE('',#1851,#1853);
#1855=EDGE_CURVE('',#1794,#1844,#1854,.T.);
#1856=ORIENTED_EDGE('',*,*,#1855,.F.);
#1857=EDGE_LOOP('',(#1834,#1842,#1850,#1856));
#1858=FACE_BOUND('',#1857,.T.);
#1859=ADVANCED_FACE('',(#1858),#1833,.F.);
#1860=CARTESIAN_POINT('',(2.749000556,-6.5,6.043720379));
#1861=DIRECTION('',(0.,0.,-1.));
#1862=DIRECTION('',(-1.,0.,0.));
#1863=AXIS2_PLACEMENT_3D('',#1860,#1861,#1862);
#1864=PLANE('',#1863);
#1865=ORIENTED_EDGE('',*,*,#1749,.F.);
#1866=CARTESIAN_POINT('',(3.049000556,-1.5,6.043720379));
#1867=VERTEX_POINT('',#1866);
#1868=CARTESIAN_POINT('',(3.049000556,-4.5,6.043720379));
#1869=DIRECTION('',(-0.,1.,0.));
#1870=VECTOR('',#1869,48.);
#1871=LINE('',#1868,#1870);
#1872=EDGE_CURVE('',#1736,#1867,#1871,.T.);
#1873=ORIENTED_EDGE('',*,*,#1872,.T.);
#1874=CARTESIAN_POINT('',(2.449000556,-1.5,6.043720379));
#1875=DIRECTION('',(1.,0.,-0.));
#1876=VECTOR('',#1875,6.);
#1877=LINE('',#1874,#1876);
#1878=EDGE_CURVE('',#1836,#1867,#1877,.T.);
#1879=ORIENTED_EDGE('',*,*,#1878,.F.);
#1880=ORIENTED_EDGE('',*,*,#1841,.F.);
#1881=EDGE_LOOP('',(#1865,#1873,#1879,#1880));
#1882=FACE_BOUND('',#1881,.T.);
#1883=ADVANCED_FACE('',(#1882),#1864,.F.);
#1884=CARTESIAN_POINT('',(0.361402043,-6.4,5.943720379));
#1885=DIRECTION('',(0.,-0.707106781,0.707106781));
#1886=DIRECTION('',(1.,0.,0.));
#1887=AXIS2_PLACEMENT_3D('',#1884,#1885,#1886);
#1888=PLANE('',#1887);
#1889=ORIENTED_EDGE('',*,*,#1351,.T.);
#1890=CARTESIAN_POINT('',(1.022804086,-6.3,6.043720379));
#1891=VERTEX_POINT('',#1890);
#1892=CARTESIAN_POINT('',(1.222804086,-6.5,5.843720379));
#1893=DIRECTION('',(-0.577350269,0.577350269,0.577350269));
#1894=VECTOR('',#1893,3.464101615);
#1895=LINE('',#1892,#1894);
#1896=EDGE_CURVE('',#1346,#1891,#1895,.T.);
#1897=ORIENTED_EDGE('',*,*,#1896,.T.);
#1898=CARTESIAN_POINT('',(0.422804086,-6.3,6.043720379));
#1899=VERTEX_POINT('',#1898);
#1900=CARTESIAN_POINT('',(6.975422471,-6.3,6.043720379));
#1901=DIRECTION('',(-1.,0.,0.));
#1902=VECTOR('',#1901,6.);
#1903=LINE('',#1900,#1902);
#1904=EDGE_CURVE('',#1891,#1899,#1903,.T.);
#1905=ORIENTED_EDGE('',*,*,#1904,.T.);
#1906=CARTESIAN_POINT('',(0.422804086,-6.3,6.043720379));
#1907=DIRECTION('',(-0.577350269,-0.577350269,-0.577350269));
#1908=VECTOR('',#1907,3.464101615);
#1909=LINE('',#1906,#1908);
#1910=EDGE_CURVE('',#1899,#1344,#1909,.T.);
#1911=ORIENTED_EDGE('',*,*,#1910,.T.);
#1912=EDGE_LOOP('',(#1889,#1897,#1905,#1911));
#1913=FACE_BOUND('',#1912,.T.);
#1914=ADVANCED_FACE('',(#1913),#1888,.T.);
#1915=OVER_RIDING_STYLED_ITEM('',(#114),#1914,#26);
#1916=CARTESIAN_POINT('',(1.122804086,-6.4,3.17186019));
#1917=DIRECTION('',(-0.707106781,-0.707106781,0.));
#1918=DIRECTION('',(0.,0.,1.));
#1919=AXIS2_PLACEMENT_3D('',#1916,#1917,#1918);
#1920=PLANE('',#1919);
#1921=ORIENTED_EDGE('',*,*,#1373,.T.);
#1922=CARTESIAN_POINT('',(1.022804086,-6.3,6.643720379));
#1923=VERTEX_POINT('',#1922);
#1924=CARTESIAN_POINT('',(1.222804086,-6.5,6.843720379));
#1925=DIRECTION('',(-0.577350269,0.577350269,-0.577350269));
#1926=VECTOR('',#1925,3.464101615);
#1927=LINE('',#1924,#1926);
#1928=EDGE_CURVE('',#1362,#1923,#1927,.T.);
#1929=ORIENTED_EDGE('',*,*,#1928,.T.);
#1930=CARTESIAN_POINT('',(1.022804086,-6.3,37.890462086));
#1931=DIRECTION('',(0.,0.,-1.));
#1932=VECTOR('',#1931,6.);
#1933=LINE('',#1930,#1932);
#1934=EDGE_CURVE('',#1923,#1891,#1933,.T.);
#1935=ORIENTED_EDGE('',*,*,#1934,.T.);
#1936=ORIENTED_EDGE('',*,*,#1896,.F.);
#1937=EDGE_LOOP('',(#1921,#1929,#1935,#1936));
#1938=FACE_BOUND('',#1937,.T.);
#1939=ADVANCED_FACE('',(#1938),#1920,.T.);
#1940=OVER_RIDING_STYLED_ITEM('',(#114),#1939,#26);
#1941=CARTESIAN_POINT('',(0.361402043,-6.4,6.743720379));
#1942=DIRECTION('',(0.,-0.707106781,-0.707106781));
#1943=DIRECTION('',(-1.,0.,0.));
#1944=AXIS2_PLACEMENT_3D('',#1941,#1942,#1943);
#1945=PLANE('',#1944);
#1946=ORIENTED_EDGE('',*,*,#1367,.T.);
#1947=CARTESIAN_POINT('',(0.422804086,-6.3,6.643720379));
#1948=VERTEX_POINT('',#1947);
#1949=CARTESIAN_POINT('',(0.222804086,-6.5,6.843720379));
#1950=DIRECTION('',(0.577350269,0.577350269,-0.577350269));
#1951=VECTOR('',#1950,3.464101615);
#1952=LINE('',#1949,#1951);
#1953=EDGE_CURVE('',#1354,#1948,#1952,.T.);
#1954=ORIENTED_EDGE('',*,*,#1953,.T.);
#1955=CARTESIAN_POINT('',(0.975422471,-6.3,6.643720379));
#1956=DIRECTION('',(1.,0.,-0.));
#1957=VECTOR('',#1956,6.);
#1958=LINE('',#1955,#1957);
#1959=EDGE_CURVE('',#1948,#1923,#1958,.T.);
#1960=ORIENTED_EDGE('',*,*,#1959,.T.);
#1961=ORIENTED_EDGE('',*,*,#1928,.F.);
#1962=EDGE_LOOP('',(#1946,#1954,#1960,#1961));
#1963=FACE_BOUND('',#1962,.T.);
#1964=ADVANCED_FACE('',(#1963),#1945,.T.);
#1965=OVER_RIDING_STYLED_ITEM('',(#114),#1964,#26);
#1966=CARTESIAN_POINT('',(0.322804086,-6.4,3.17186019));
#1967=DIRECTION('',(0.707106781,-0.707106781,0.));
#1968=DIRECTION('',(0.,0.,-1.));
#1969=AXIS2_PLACEMENT_3D('',#1966,#1967,#1968);
#1970=PLANE('',#1969);
#1971=ORIENTED_EDGE('',*,*,#1359,.T.);
#1972=ORIENTED_EDGE('',*,*,#1910,.F.);
#1973=CARTESIAN_POINT('',(0.422804086,-6.3,31.890462086));
#1974=DIRECTION('',(0.,0.,1.));
#1975=VECTOR('',#1974,6.);
#1976=LINE('',#1973,#1975);
#1977=EDGE_CURVE('',#1899,#1948,#1976,.T.);
#1978=ORIENTED_EDGE('',*,*,#1977,.T.);
#1979=ORIENTED_EDGE('',*,*,#1953,.F.);
#1980=EDGE_LOOP('',(#1971,#1972,#1978,#1979));
#1981=FACE_BOUND('',#1980,.T.);
#1982=ADVANCED_FACE('',(#1981),#1970,.T.);
#1983=OVER_RIDING_STYLED_ITEM('',(#114),#1982,#26);
#1984=CARTESIAN_POINT('',(0.422804086,-6.5,6.343720379));
#1985=DIRECTION('',(-1.,-0.,0.));
#1986=DIRECTION('',(0.,0.,1.));
#1987=AXIS2_PLACEMENT_3D('',#1984,#1985,#1986);
#1988=PLANE('',#1987);
#1989=ORIENTED_EDGE('',*,*,#1977,.F.);
#1990=CARTESIAN_POINT('',(0.422804086,-1.5,6.043720379));
#1991=VERTEX_POINT('',#1990);
#1992=CARTESIAN_POINT('',(0.422804086,-4.5,6.043720379));
#1993=DIRECTION('',(-0.,1.,0.));
#1994=VECTOR('',#1993,48.);
#1995=LINE('',#1992,#1994);
#1996=EDGE_CURVE('',#1899,#1991,#1995,.T.);
#1997=ORIENTED_EDGE('',*,*,#1996,.T.);
#1998=CARTESIAN_POINT('',(0.422804086,-1.5,6.643720379));
#1999=VERTEX_POINT('',#1998);
#2000=CARTESIAN_POINT('',(0.422804086,-1.5,6.643720379));
#2001=DIRECTION('',(0.,0.,-1.));
#2002=VECTOR('',#2001,6.);
#2003=LINE('',#2000,#2002);
#2004=EDGE_CURVE('',#1999,#1991,#2003,.T.);
#2005=ORIENTED_EDGE('',*,*,#2004,.F.);
#2006=CARTESIAN_POINT('',(0.422804086,-4.5,6.643720379));
#2007=DIRECTION('',(-0.,1.,0.));
#2008=VECTOR('',#2007,48.);
#2009=LINE('',#2006,#2008);
#2010=EDGE_CURVE('',#1948,#1999,#2009,.T.);
#2011=ORIENTED_EDGE('',*,*,#2010,.F.);
#2012=EDGE_LOOP('',(#1989,#1997,#2005,#2011));
#2013=FACE_BOUND('',#2012,.T.);
#2014=ADVANCED_FACE('',(#2013),#1988,.F.);
#2015=CARTESIAN_POINT('',(0.722804086,-6.5,6.043720379));
#2016=DIRECTION('',(0.,0.,-1.));
#2017=DIRECTION('',(-1.,0.,0.));
#2018=AXIS2_PLACEMENT_3D('',#2015,#2016,#2017);
#2019=PLANE('',#2018);
#2020=ORIENTED_EDGE('',*,*,#1904,.F.);
#2021=CARTESIAN_POINT('',(1.022804086,-1.5,6.043720379));
#2022=VERTEX_POINT('',#2021);
#2023=CARTESIAN_POINT('',(1.022804086,-4.5,6.043720379));
#2024=DIRECTION('',(-0.,1.,0.));
#2025=VECTOR('',#2024,48.);
#2026=LINE('',#2023,#2025);
#2027=EDGE_CURVE('',#1891,#2022,#2026,.T.);
#2028=ORIENTED_EDGE('',*,*,#2027,.T.);
#2029=CARTESIAN_POINT('',(0.422804086,-1.5,6.043720379));
#2030=DIRECTION('',(1.,0.,-0.));
#2031=VECTOR('',#2030,6.);
#2032=LINE('',#2029,#2031);
#2033=EDGE_CURVE('',#1991,#2022,#2032,.T.);
#2034=ORIENTED_EDGE('',*,*,#2033,.F.);
#2035=ORIENTED_EDGE('',*,*,#1996,.F.);
#2036=EDGE_LOOP('',(#2020,#2028,#2034,#2035));
#2037=FACE_BOUND('',#2036,.T.);
#2038=ADVANCED_FACE('',(#2037),#2019,.F.);
#2039=CARTESIAN_POINT('',(-0.843031909,-6.4,5.943720379));
#2040=DIRECTION('',(0.,-0.707106781,0.707106781));
#2041=DIRECTION('',(1.,0.,0.));
#2042=AXIS2_PLACEMENT_3D('',#2039,#2040,#2041);
#2043=PLANE('',#2042);
#2044=ORIENTED_EDGE('',*,*,#1137,.T.);
#2045=CARTESIAN_POINT('',(-1.386063818,-6.3,6.043720379));
#2046=VERTEX_POINT('',#2045);
#2047=CARTESIAN_POINT('',(-1.186063818,-6.5,5.843720379));
#2048=DIRECTION('',(-0.577350269,0.577350269,0.577350269));
#2049=VECTOR('',#2048,3.464101615);
#2050=LINE('',#2047,#2049);
#2051=EDGE_CURVE('',#1132,#2046,#2050,.T.);
#2052=ORIENTED_EDGE('',*,*,#2051,.T.);
#2053=CARTESIAN_POINT('',(-1.986063818,-6.3,6.043720379));
#2054=VERTEX_POINT('',#2053);
#2055=CARTESIAN_POINT('',(-6.273350999,-6.3,6.043720379));
#2056=DIRECTION('',(-1.,0.,0.));
#2057=VECTOR('',#2056,6.);
#2058=LINE('',#2055,#2057);
#2059=EDGE_CURVE('',#2046,#2054,#2058,.T.);
#2060=ORIENTED_EDGE('',*,*,#2059,.T.);
#2061=CARTESIAN_POINT('',(-1.986063818,-6.3,6.043720379));
#2062=DIRECTION('',(-0.577350269,-0.577350269,-0.577350269));
#2063=VECTOR('',#2062,3.464101615);
#2064=LINE('',#2061,#2063);
#2065=EDGE_CURVE('',#2054,#1130,#2064,.T.);
#2066=ORIENTED_EDGE('',*,*,#2065,.T.);
#2067=EDGE_LOOP('',(#2044,#2052,#2060,#2066));
#2068=FACE_BOUND('',#2067,.T.);
#2069=ADVANCED_FACE('',(#2068),#2043,.T.);
#2070=OVER_RIDING_STYLED_ITEM('',(#114),#2069,#26);
#2071=CARTESIAN_POINT('',(-1.286063818,-6.4,3.17186019));
#2072=DIRECTION('',(-0.707106781,-0.707106781,0.));
#2073=DIRECTION('',(0.,0.,1.));
#2074=AXIS2_PLACEMENT_3D('',#2071,#2072,#2073);
#2075=PLANE('',#2074);
#2076=ORIENTED_EDGE('',*,*,#1159,.T.);
#2077=CARTESIAN_POINT('',(-1.386063818,-6.3,6.643720379));
#2078=VERTEX_POINT('',#2077);
#2079=CARTESIAN_POINT('',(-1.186063818,-6.5,6.843720379));
#2080=DIRECTION('',(-0.577350269,0.577350269,-0.577350269));
#2081=VECTOR('',#2080,3.464101615);
#2082=LINE('',#2079,#2081);
#2083=EDGE_CURVE('',#1148,#2078,#2082,.T.);
#2084=ORIENTED_EDGE('',*,*,#2083,.T.);
#2085=CARTESIAN_POINT('',(-1.386063818,-6.3,37.890462086));
#2086=DIRECTION('',(0.,0.,-1.));
#2087=VECTOR('',#2086,6.);
#2088=LINE('',#2085,#2087);
#2089=EDGE_CURVE('',#2078,#2046,#2088,.T.);
#2090=ORIENTED_EDGE('',*,*,#2089,.T.);
#2091=ORIENTED_EDGE('',*,*,#2051,.F.);
#2092=EDGE_LOOP('',(#2076,#2084,#2090,#2091));
#2093=FACE_BOUND('',#2092,.T.);
#2094=ADVANCED_FACE('',(#2093),#2075,.T.);
#2095=OVER_RIDING_STYLED_ITEM('',(#114),#2094,#26);
#2096=CARTESIAN_POINT('',(-0.843031909,-6.4,6.743720379));
#2097=DIRECTION('',(0.,-0.707106781,-0.707106781));
#2098=DIRECTION('',(-1.,0.,0.));
#2099=AXIS2_PLACEMENT_3D('',#2096,#2097,#2098);
#2100=PLANE('',#2099);
#2101=ORIENTED_EDGE('',*,*,#1153,.T.);
#2102=CARTESIAN_POINT('',(-1.986063818,-6.3,6.643720379));
#2103=VERTEX_POINT('',#2102);
#2104=CARTESIAN_POINT('',(-2.186063818,-6.5,6.843720379));
#2105=DIRECTION('',(0.577350269,0.577350269,-0.577350269));
#2106=VECTOR('',#2105,3.464101615);
#2107=LINE('',#2104,#2106);
#2108=EDGE_CURVE('',#1140,#2103,#2107,.T.);
#2109=ORIENTED_EDGE('',*,*,#2108,.T.);
#2110=CARTESIAN_POINT('',(-12.273350999,-6.3,6.643720379));
#2111=DIRECTION('',(1.,0.,-0.));
#2112=VECTOR('',#2111,6.);
#2113=LINE('',#2110,#2112);
#2114=EDGE_CURVE('',#2103,#2078,#2113,.T.);
#2115=ORIENTED_EDGE('',*,*,#2114,.T.);
#2116=ORIENTED_EDGE('',*,*,#2083,.F.);
#2117=EDGE_LOOP('',(#2101,#2109,#2115,#2116));
#2118=FACE_BOUND('',#2117,.T.);
#2119=ADVANCED_FACE('',(#2118),#2100,.T.);
#2120=OVER_RIDING_STYLED_ITEM('',(#114),#2119,#26);
#2121=CARTESIAN_POINT('',(-2.086063818,-6.4,3.17186019));
#2122=DIRECTION('',(0.707106781,-0.707106781,0.));
#2123=DIRECTION('',(0.,0.,-1.));
#2124=AXIS2_PLACEMENT_3D('',#2121,#2122,#2123);
#2125=PLANE('',#2124);
#2126=ORIENTED_EDGE('',*,*,#1145,.T.);
#2127=ORIENTED_EDGE('',*,*,#2065,.F.);
#2128=CARTESIAN_POINT('',(-1.986063818,-6.3,31.890462086));
#2129=DIRECTION('',(0.,0.,1.));
#2130=VECTOR('',#2129,6.);
#2131=LINE('',#2128,#2130);
#2132=EDGE_CURVE('',#2054,#2103,#2131,.T.);
#2133=ORIENTED_EDGE('',*,*,#2132,.T.);
#2134=ORIENTED_EDGE('',*,*,#2108,.F.);
#2135=EDGE_LOOP('',(#2126,#2127,#2133,#2134));
#2136=FACE_BOUND('',#2135,.T.);
#2137=ADVANCED_FACE('',(#2136),#2125,.T.);
#2138=OVER_RIDING_STYLED_ITEM('',(#114),#2137,#26);
#2139=CARTESIAN_POINT('',(-1.986063818,-6.5,6.343720379));
#2140=DIRECTION('',(-1.,-0.,0.));
#2141=DIRECTION('',(0.,0.,1.));
#2142=AXIS2_PLACEMENT_3D('',#2139,#2140,#2141);
#2143=PLANE('',#2142);
#2144=ORIENTED_EDGE('',*,*,#2132,.F.);
#2145=CARTESIAN_POINT('',(-1.986063818,-1.5,6.043720379));
#2146=VERTEX_POINT('',#2145);
#2147=CARTESIAN_POINT('',(-1.986063818,-4.5,6.043720379));
#2148=DIRECTION('',(-0.,1.,0.));
#2149=VECTOR('',#2148,48.);
#2150=LINE('',#2147,#2149);
#2151=EDGE_CURVE('',#2054,#2146,#2150,.T.);
#2152=ORIENTED_EDGE('',*,*,#2151,.T.);
#2153=CARTESIAN_POINT('',(-1.986063818,-1.5,6.643720379));
#2154=VERTEX_POINT('',#2153);
#2155=CARTESIAN_POINT('',(-1.986063818,-1.5,6.643720379));
#2156=DIRECTION('',(0.,0.,-1.));
#2157=VECTOR('',#2156,6.);
#2158=LINE('',#2155,#2157);
#2159=EDGE_CURVE('',#2154,#2146,#2158,.T.);
#2160=ORIENTED_EDGE('',*,*,#2159,.F.);
#2161=CARTESIAN_POINT('',(-1.986063818,-4.5,6.643720379));
#2162=DIRECTION('',(-0.,1.,0.));
#2163=VECTOR('',#2162,48.);
#2164=LINE('',#2161,#2163);
#2165=EDGE_CURVE('',#2103,#2154,#2164,.T.);
#2166=ORIENTED_EDGE('',*,*,#2165,.F.);
#2167=EDGE_LOOP('',(#2144,#2152,#2160,#2166));
#2168=FACE_BOUND('',#2167,.T.);
#2169=ADVANCED_FACE('',(#2168),#2143,.F.);
#2170=CARTESIAN_POINT('',(-1.686063818,-6.5,6.043720379));
#2171=DIRECTION('',(0.,0.,-1.));
#2172=DIRECTION('',(-1.,0.,0.));
#2173=AXIS2_PLACEMENT_3D('',#2170,#2171,#2172);
#2174=PLANE('',#2173);
#2175=ORIENTED_EDGE('',*,*,#2059,.F.);
#2176=CARTESIAN_POINT('',(-1.386063818,-1.5,6.043720379));
#2177=VERTEX_POINT('',#2176);
#2178=CARTESIAN_POINT('',(-1.386063818,-4.5,6.043720379));
#2179=DIRECTION('',(-0.,1.,0.));
#2180=VECTOR('',#2179,48.);
#2181=LINE('',#2178,#2180);
#2182=EDGE_CURVE('',#2046,#2177,#2181,.T.);
#2183=ORIENTED_EDGE('',*,*,#2182,.T.);
#2184=CARTESIAN_POINT('',(-1.986063818,-1.5,6.043720379));
#2185=DIRECTION('',(1.,0.,-0.));
#2186=VECTOR('',#2185,6.);
#2187=LINE('',#2184,#2186);
#2188=EDGE_CURVE('',#2146,#2177,#2187,.T.);
#2189=ORIENTED_EDGE('',*,*,#2188,.F.);
#2190=ORIENTED_EDGE('',*,*,#2151,.F.);
#2191=EDGE_LOOP('',(#2175,#2183,#2189,#2190));
#2192=FACE_BOUND('',#2191,.T.);
#2193=ADVANCED_FACE('',(#2192),#2174,.F.);
#2194=CARTESIAN_POINT('',(-1.37974658,-6.4,5.943720379));
#2195=DIRECTION('',(0.,-0.707106781,0.707106781));
#2196=DIRECTION('',(1.,0.,0.));
#2197=AXIS2_PLACEMENT_3D('',#2194,#2195,#2196);
#2198=PLANE('',#2197);
#2199=ORIENTED_EDGE('',*,*,#1317,.T.);
#2200=CARTESIAN_POINT('',(-2.45949316,-6.3,6.043720379));
#2201=VERTEX_POINT('',#2200);
#2202=CARTESIAN_POINT('',(-2.25949316,-6.5,5.843720379));
#2203=DIRECTION('',(-0.577350269,0.577350269,0.577350269));
#2204=VECTOR('',#2203,0.346410162);
#2205=LINE('',#2202,#2204);
#2206=EDGE_CURVE('',#1312,#2201,#2205,.T.);
#2207=ORIENTED_EDGE('',*,*,#2206,.T.);
#2208=CARTESIAN_POINT('',(-3.05949316,-6.3,6.043720379));
#2209=VERTEX_POINT('',#2208);
#2210=CARTESIAN_POINT('',(-12.177212379,-6.3,6.043720379));
#2211=DIRECTION('',(-1.,0.,0.));
#2212=VECTOR('',#2211,6.);
#2213=LINE('',#2210,#2212);
#2214=EDGE_CURVE('',#2201,#2209,#2213,.T.);
#2215=ORIENTED_EDGE('',*,*,#2214,.T.);
#2216=CARTESIAN_POINT('',(-3.05949316,-6.3,6.043720379));
#2217=DIRECTION('',(-0.577350269,-0.577350269,-0.577350269));
#2218=VECTOR('',#2217,3.464101615);
#2219=LINE('',#2216,#2218);
#2220=EDGE_CURVE('',#2209,#1310,#2219,.T.);
#2221=ORIENTED_EDGE('',*,*,#2220,.T.);
#2222=EDGE_LOOP('',(#2199,#2207,#2215,#2221));
#2223=FACE_BOUND('',#2222,.T.);
#2224=ADVANCED_FACE('',(#2223),#2198,.T.);
#2225=OVER_RIDING_STYLED_ITEM('',(#114),#2224,#26);
#2226=CARTESIAN_POINT('',(-2.35949316,-6.4,3.17186019));
#2227=DIRECTION('',(-0.707106781,-0.707106781,0.));
#2228=DIRECTION('',(0.,0.,1.));
#2229=AXIS2_PLACEMENT_3D('',#2226,#2227,#2228);
#2230=PLANE('',#2229);
#2231=ORIENTED_EDGE('',*,*,#1339,.T.);
#2232=CARTESIAN_POINT('',(-2.45949316,-6.3,6.643720379));
#2233=VERTEX_POINT('',#2232);
#2234=CARTESIAN_POINT('',(-2.25949316,-6.5,6.843720379));
#2235=DIRECTION('',(-0.577350269,0.577350269,-0.577350269));
#2236=VECTOR('',#2235,3.464101615);
#2237=LINE('',#2234,#2236);
#2238=EDGE_CURVE('',#1328,#2233,#2237,.T.);
#2239=ORIENTED_EDGE('',*,*,#2238,.T.);
#2240=CARTESIAN_POINT('',(-2.45949316,-6.3,37.890462086));
#2241=DIRECTION('',(0.,0.,-1.));
#2242=VECTOR('',#2241,6.);
#2243=LINE('',#2240,#2242);
#2244=EDGE_CURVE('',#2233,#2201,#2243,.T.);
#2245=ORIENTED_EDGE('',*,*,#2244,.T.);
#2246=ORIENTED_EDGE('',*,*,#2206,.F.);
#2247=EDGE_LOOP('',(#2231,#2239,#2245,#2246));
#2248=FACE_BOUND('',#2247,.T.);
#2249=ADVANCED_FACE('',(#2248),#2230,.T.);
#2250=OVER_RIDING_STYLED_ITEM('',(#114),#2249,#26);
#2251=CARTESIAN_POINT('',(-1.37974658,-6.4,6.743720379));
#2252=DIRECTION('',(0.,-0.707106781,-0.707106781));
#2253=DIRECTION('',(-1.,0.,0.));
#2254=AXIS2_PLACEMENT_3D('',#2251,#2252,#2253);
#2255=PLANE('',#2254);
#2256=ORIENTED_EDGE('',*,*,#1333,.T.);
#2257=CARTESIAN_POINT('',(-3.05949316,-6.3,6.643720379));
#2258=VERTEX_POINT('',#2257);
#2259=CARTESIAN_POINT('',(-3.25949316,-6.5,6.843720379));
#2260=DIRECTION('',(0.577350269,0.577350269,-0.577350269));
#2261=VECTOR('',#2260,3.464101615);
#2262=LINE('',#2259,#2261);
#2263=EDGE_CURVE('',#1320,#2258,#2262,.T.);
#2264=ORIENTED_EDGE('',*,*,#2263,.T.);
#2265=CARTESIAN_POINT('',(-18.177212379,-6.3,6.643720379));
#2266=DIRECTION('',(1.,0.,-0.));
#2267=VECTOR('',#2266,6.);
#2268=LINE('',#2265,#2267);
#2269=EDGE_CURVE('',#2258,#2233,#2268,.T.);
#2270=ORIENTED_EDGE('',*,*,#2269,.T.);
#2271=ORIENTED_EDGE('',*,*,#2238,.F.);
#2272=EDGE_LOOP('',(#2256,#2264,#2270,#2271));
#2273=FACE_BOUND('',#2272,.T.);
#2274=ADVANCED_FACE('',(#2273),#2255,.T.);
#2275=OVER_RIDING_STYLED_ITEM('',(#114),#2274,#26);
#2276=CARTESIAN_POINT('',(-3.15949316,-6.4,3.17186019));
#2277=DIRECTION('',(0.707106781,-0.707106781,0.));
#2278=DIRECTION('',(0.,0.,-1.));
#2279=AXIS2_PLACEMENT_3D('',#2276,#2277,#2278);
#2280=PLANE('',#2279);
#2281=ORIENTED_EDGE('',*,*,#1325,.T.);
#2282=ORIENTED_EDGE('',*,*,#2220,.F.);
#2283=CARTESIAN_POINT('',(-3.05949316,-6.3,31.890462086));
#2284=DIRECTION('',(0.,0.,1.));
#2285=VECTOR('',#2284,6.);
#2286=LINE('',#2283,#2285);
#2287=EDGE_CURVE('',#2209,#2258,#2286,.T.);
#2288=ORIENTED_EDGE('',*,*,#2287,.T.);
#2289=ORIENTED_EDGE('',*,*,#2263,.F.);
#2290=EDGE_LOOP('',(#2281,#2282,#2288,#2289));
#2291=FACE_BOUND('',#2290,.T.);
#2292=ADVANCED_FACE('',(#2291),#2280,.T.);
#2293=OVER_RIDING_STYLED_ITEM('',(#114),#2292,#26);
#2294=CARTESIAN_POINT('',(-3.05949316,-6.5,6.343720379));
#2295=DIRECTION('',(-1.,-0.,0.));
#2296=DIRECTION('',(0.,0.,1.));
#2297=AXIS2_PLACEMENT_3D('',#2294,#2295,#2296);
#2298=PLANE('',#2297);
#2299=ORIENTED_EDGE('',*,*,#2287,.F.);
#2300=CARTESIAN_POINT('',(-3.05949316,-1.5,6.043720379));
#2301=VERTEX_POINT('',#2300);
#2302=CARTESIAN_POINT('',(-3.05949316,-4.5,6.043720379));
#2303=DIRECTION('',(-0.,1.,0.));
#2304=VECTOR('',#2303,48.);
#2305=LINE('',#2302,#2304);
#2306=EDGE_CURVE('',#2209,#2301,#2305,.T.);
#2307=ORIENTED_EDGE('',*,*,#2306,.T.);
#2308=CARTESIAN_POINT('',(-3.05949316,-1.5,6.643720379));
#2309=VERTEX_POINT('',#2308);
#2310=CARTESIAN_POINT('',(-3.05949316,-1.5,6.643720379));
#2311=DIRECTION('',(0.,0.,-1.));
#2312=VECTOR('',#2311,6.);
#2313=LINE('',#2310,#2312);
#2314=EDGE_CURVE('',#2309,#2301,#2313,.T.);
#2315=ORIENTED_EDGE('',*,*,#2314,.F.);
#2316=CARTESIAN_POINT('',(-3.05949316,-4.5,6.643720379));
#2317=DIRECTION('',(-0.,1.,0.));
#2318=VECTOR('',#2317,48.);
#2319=LINE('',#2316,#2318);
#2320=EDGE_CURVE('',#2258,#2309,#2319,.T.);
#2321=ORIENTED_EDGE('',*,*,#2320,.F.);
#2322=EDGE_LOOP('',(#2299,#2307,#2315,#2321));
#2323=FACE_BOUND('',#2322,.T.);
#2324=ADVANCED_FACE('',(#2323),#2298,.F.);
#2325=CARTESIAN_POINT('',(-2.75949316,-6.5,6.043720379));
#2326=DIRECTION('',(0.,0.,-1.));
#2327=DIRECTION('',(-1.,0.,0.));
#2328=AXIS2_PLACEMENT_3D('',#2325,#2326,#2327);
#2329=PLANE('',#2328);
#2330=ORIENTED_EDGE('',*,*,#2214,.F.);
#2331=CARTESIAN_POINT('',(-2.45949316,-1.5,6.043720379));
#2332=VERTEX_POINT('',#2331);
#2333=CARTESIAN_POINT('',(-2.45949316,-4.5,6.043720379));
#2334=DIRECTION('',(-0.,1.,0.));
#2335=VECTOR('',#2334,48.);
#2336=LINE('',#2333,#2335);
#2337=EDGE_CURVE('',#2201,#2332,#2336,.T.);
#2338=ORIENTED_EDGE('',*,*,#2337,.T.);
#2339=CARTESIAN_POINT('',(-3.05949316,-1.5,6.043720379));
#2340=DIRECTION('',(1.,0.,-0.));
#2341=VECTOR('',#2340,6.);
#2342=LINE('',#2339,#2341);
#2343=EDGE_CURVE('',#2301,#2332,#2342,.T.);
#2344=ORIENTED_EDGE('',*,*,#2343,.F.);
#2345=ORIENTED_EDGE('',*,*,#2306,.F.);
#2346=EDGE_LOOP('',(#2330,#2338,#2344,#2345));
#2347=FACE_BOUND('',#2346,.T.);
#2348=ADVANCED_FACE('',(#2347),#2329,.F.);
#2349=CARTESIAN_POINT('',(-0.423671493,-6.4,4.705550209));
#2350=DIRECTION('',(0.,-0.707106781,-0.707106781));
#2351=DIRECTION('',(-1.,0.,0.));
#2352=AXIS2_PLACEMENT_3D('',#2349,#2350,#2351);
#2353=PLANE('',#2352);
#2354=ORIENTED_EDGE('',*,*,#1187,.T.);
#2355=CARTESIAN_POINT('',(-1.147342986,-6.3,4.605550209));
#2356=VERTEX_POINT('',#2355);
#2357=CARTESIAN_POINT('',(-1.347342986,-6.5,4.805550209));
#2358=DIRECTION('',(0.577350269,0.577350269,-0.577350269));
#2359=VECTOR('',#2358,3.464101615);
#2360=LINE('',#2357,#2359);
#2361=EDGE_CURVE('',#1174,#2356,#2360,.T.);
#2362=ORIENTED_EDGE('',*,*,#2361,.T.);
#2363=CARTESIAN_POINT('',(-0.547342986,-6.3,4.605550209));
#2364=VERTEX_POINT('',#2363);
#2365=CARTESIAN_POINT('',(-7.660386421,-6.3,4.605550209));
#2366=DIRECTION('',(1.,0.,-0.));
#2367=VECTOR('',#2366,6.);
#2368=LINE('',#2365,#2367);
#2369=EDGE_CURVE('',#2356,#2364,#2368,.T.);
#2370=ORIENTED_EDGE('',*,*,#2369,.T.);
#2371=CARTESIAN_POINT('',(-0.347342986,-6.5,4.805550209));
#2372=DIRECTION('',(-0.577350269,0.577350269,-0.577350269));
#2373=VECTOR('',#2372,3.464101615);
#2374=LINE('',#2371,#2373);
#2375=EDGE_CURVE('',#1182,#2364,#2374,.T.);
#2376=ORIENTED_EDGE('',*,*,#2375,.F.);
#2377=EDGE_LOOP('',(#2354,#2362,#2370,#2376));
#2378=FACE_BOUND('',#2377,.T.);
#2379=ADVANCED_FACE('',(#2378),#2353,.T.);
#2380=OVER_RIDING_STYLED_ITEM('',(#114),#2379,#26);
#2381=CARTESIAN_POINT('',(-0.423671493,-6.4,3.905550209));
#2382=DIRECTION('',(0.,-0.707106781,0.707106781));
#2383=DIRECTION('',(1.,0.,0.));
#2384=AXIS2_PLACEMENT_3D('',#2381,#2382,#2383);
#2385=PLANE('',#2384);
#2386=ORIENTED_EDGE('',*,*,#1171,.T.);
#2387=CARTESIAN_POINT('',(-0.547342986,-6.3,4.005550209));
#2388=VERTEX_POINT('',#2387);
#2389=CARTESIAN_POINT('',(-0.347342986,-6.5,3.805550209));
#2390=DIRECTION('',(-0.577350269,0.577350269,0.577350269));
#2391=VECTOR('',#2390,3.464101615);
#2392=LINE('',#2389,#2391);
#2393=EDGE_CURVE('',#1166,#2388,#2392,.T.);
#2394=ORIENTED_EDGE('',*,*,#2393,.T.);
#2395=CARTESIAN_POINT('',(-1.147342986,-6.3,4.005550209));
#2396=VERTEX_POINT('',#2395);
#2397=CARTESIAN_POINT('',(-1.660386421,-6.3,4.005550209));
#2398=DIRECTION('',(-1.,0.,0.));
#2399=VECTOR('',#2398,6.);
#2400=LINE('',#2397,#2399);
#2401=EDGE_CURVE('',#2388,#2396,#2400,.T.);
#2402=ORIENTED_EDGE('',*,*,#2401,.T.);
#2403=CARTESIAN_POINT('',(-1.147342986,-6.3,4.005550209));
#2404=DIRECTION('',(-0.577350269,-0.577350269,-0.577350269));
#2405=VECTOR('',#2404,3.464101615);
#2406=LINE('',#2403,#2405);
#2407=EDGE_CURVE('',#2396,#1164,#2406,.T.);
#2408=ORIENTED_EDGE('',*,*,#2407,.T.);
#2409=EDGE_LOOP('',(#2386,#2394,#2402,#2408));
#2410=FACE_BOUND('',#2409,.T.);
#2411=ADVANCED_FACE('',(#2410),#2385,.T.);
#2412=OVER_RIDING_STYLED_ITEM('',(#114),#2411,#26);
#2413=CARTESIAN_POINT('',(-1.247342986,-6.4,2.152775105));
#2414=DIRECTION('',(0.707106781,-0.707106781,0.));
#2415=DIRECTION('',(0.,0.,-1.));
#2416=AXIS2_PLACEMENT_3D('',#2413,#2414,#2415);
#2417=PLANE('',#2416);
#2418=ORIENTED_EDGE('',*,*,#1179,.T.);
#2419=ORIENTED_EDGE('',*,*,#2407,.F.);
#2420=CARTESIAN_POINT('',(-1.147342986,-6.3,20.680526152));
#2421=DIRECTION('',(0.,0.,1.));
#2422=VECTOR('',#2421,6.);
#2423=LINE('',#2420,#2422);
#2424=EDGE_CURVE('',#2396,#2356,#2423,.T.);
#2425=ORIENTED_EDGE('',*,*,#2424,.T.);
#2426=ORIENTED_EDGE('',*,*,#2361,.F.);
#2427=EDGE_LOOP('',(#2418,#2419,#2425,#2426));
#2428=FACE_BOUND('',#2427,.T.);
#2429=ADVANCED_FACE('',(#2428),#2417,.T.);
#2430=OVER_RIDING_STYLED_ITEM('',(#114),#2429,#26);
#2431=CARTESIAN_POINT('',(-0.447342986,-6.4,2.152775105));
#2432=DIRECTION('',(-0.707106781,-0.707106781,0.));
#2433=DIRECTION('',(0.,0.,1.));
#2434=AXIS2_PLACEMENT_3D('',#2431,#2432,#2433);
#2435=PLANE('',#2434);
#2436=ORIENTED_EDGE('',*,*,#1193,.T.);
#2437=ORIENTED_EDGE('',*,*,#2375,.T.);
#2438=CARTESIAN_POINT('',(-0.547342986,-6.3,26.680526152));
#2439=DIRECTION('',(0.,0.,-1.));
#2440=VECTOR('',#2439,6.);
#2441=LINE('',#2438,#2440);
#2442=EDGE_CURVE('',#2364,#2388,#2441,.T.);
#2443=ORIENTED_EDGE('',*,*,#2442,.T.);
#2444=ORIENTED_EDGE('',*,*,#2393,.F.);
#2445=EDGE_LOOP('',(#2436,#2437,#2443,#2444));
#2446=FACE_BOUND('',#2445,.T.);
#2447=ADVANCED_FACE('',(#2446),#2435,.T.);
#2448=OVER_RIDING_STYLED_ITEM('',(#114),#2447,#26);
#2449=CARTESIAN_POINT('',(-1.147342986,-6.5,4.305550209));
#2450=DIRECTION('',(-1.,-0.,0.));
#2451=DIRECTION('',(0.,0.,1.));
#2452=AXIS2_PLACEMENT_3D('',#2449,#2450,#2451);
#2453=PLANE('',#2452);
#2454=ORIENTED_EDGE('',*,*,#2424,.F.);
#2455=CARTESIAN_POINT('',(-1.147342986,-1.5,4.005550209));
#2456=VERTEX_POINT('',#2455);
#2457=CARTESIAN_POINT('',(-1.147342986,-4.5,4.005550209));
#2458=DIRECTION('',(-0.,1.,0.));
#2459=VECTOR('',#2458,48.);
#2460=LINE('',#2457,#2459);
#2461=EDGE_CURVE('',#2396,#2456,#2460,.T.);
#2462=ORIENTED_EDGE('',*,*,#2461,.T.);
#2463=CARTESIAN_POINT('',(-1.147342986,-1.5,4.605550209));
#2464=VERTEX_POINT('',#2463);
#2465=CARTESIAN_POINT('',(-1.147342986,-1.5,4.605550209));
#2466=DIRECTION('',(0.,0.,-1.));
#2467=VECTOR('',#2466,6.);
#2468=LINE('',#2465,#2467);
#2469=EDGE_CURVE('',#2464,#2456,#2468,.T.);
#2470=ORIENTED_EDGE('',*,*,#2469,.F.);
#2471=CARTESIAN_POINT('',(-1.147342986,-4.5,4.605550209));
#2472=DIRECTION('',(-0.,1.,0.));
#2473=VECTOR('',#2472,48.);
#2474=LINE('',#2471,#2473);
#2475=EDGE_CURVE('',#2356,#2464,#2474,.T.);
#2476=ORIENTED_EDGE('',*,*,#2475,.F.);
#2477=EDGE_LOOP('',(#2454,#2462,#2470,#2476));
#2478=FACE_BOUND('',#2477,.T.);
#2479=ADVANCED_FACE('',(#2478),#2453,.F.);
#2480=CARTESIAN_POINT('',(-0.847342986,-6.5,4.005550209));
#2481=DIRECTION('',(0.,0.,-1.));
#2482=DIRECTION('',(-1.,0.,0.));
#2483=AXIS2_PLACEMENT_3D('',#2480,#2481,#2482);
#2484=PLANE('',#2483);
#2485=ORIENTED_EDGE('',*,*,#2401,.F.);
#2486=CARTESIAN_POINT('',(-0.547342986,-1.5,4.005550209));
#2487=VERTEX_POINT('',#2486);
#2488=CARTESIAN_POINT('',(-0.547342986,-4.5,4.005550209));
#2489=DIRECTION('',(-0.,1.,0.));
#2490=VECTOR('',#2489,48.);
#2491=LINE('',#2488,#2490);
#2492=EDGE_CURVE('',#2388,#2487,#2491,.T.);
#2493=ORIENTED_EDGE('',*,*,#2492,.T.);
#2494=CARTESIAN_POINT('',(-1.147342986,-1.5,4.005550209));
#2495=DIRECTION('',(1.,0.,-0.));
#2496=VECTOR('',#2495,6.);
#2497=LINE('',#2494,#2496);
#2498=EDGE_CURVE('',#2456,#2487,#2497,.T.);
#2499=ORIENTED_EDGE('',*,*,#2498,.F.);
#2500=ORIENTED_EDGE('',*,*,#2461,.F.);
#2501=EDGE_LOOP('',(#2485,#2493,#2499,#2500));
#2502=FACE_BOUND('',#2501,.T.);
#2503=ADVANCED_FACE('',(#2502),#2484,.F.);
#2504=CARTESIAN_POINT('',(0.32786367,-6.4,3.905550209));
#2505=DIRECTION('',(0.,-0.707106781,0.707106781));
#2506=DIRECTION('',(1.,0.,0.));
#2507=AXIS2_PLACEMENT_3D('',#2504,#2505,#2506);
#2508=PLANE('',#2507);
#2509=ORIENTED_EDGE('',*,*,#1283,.T.);
#2510=CARTESIAN_POINT('',(0.955727339,-6.3,4.005550209));
#2511=VERTEX_POINT('',#2510);
#2512=CARTESIAN_POINT('',(1.155727339,-6.5,3.805550209));
#2513=DIRECTION('',(-0.577350269,0.577350269,0.577350269));
#2514=VECTOR('',#2513,3.464101615);
#2515=LINE('',#2512,#2514);
#2516=EDGE_CURVE('',#1278,#2511,#2515,.T.);
#2517=ORIENTED_EDGE('',*,*,#2516,.T.);
#2518=CARTESIAN_POINT('',(0.355727339,-6.3,4.005550209));
#2519=VERTEX_POINT('',#2518);
#2520=CARTESIAN_POINT('',(6.606500365,-6.3,4.005550209));
#2521=DIRECTION('',(-1.,0.,0.));
#2522=VECTOR('',#2521,6.);
#2523=LINE('',#2520,#2522);
#2524=EDGE_CURVE('',#2511,#2519,#2523,.T.);
#2525=ORIENTED_EDGE('',*,*,#2524,.T.);
#2526=CARTESIAN_POINT('',(0.355727339,-6.3,4.005550209));
#2527=DIRECTION('',(-0.577350269,-0.577350269,-0.577350269));
#2528=VECTOR('',#2527,3.464101615);
#2529=LINE('',#2526,#2528);
#2530=EDGE_CURVE('',#2519,#1276,#2529,.T.);
#2531=ORIENTED_EDGE('',*,*,#2530,.T.);
#2532=EDGE_LOOP('',(#2509,#2517,#2525,#2531));
#2533=FACE_BOUND('',#2532,.T.);
#2534=ADVANCED_FACE('',(#2533),#2508,.T.);
#2535=OVER_RIDING_STYLED_ITEM('',(#114),#2534,#26);
#2536=CARTESIAN_POINT('',(1.055727339,-6.4,2.152775105));
#2537=DIRECTION('',(-0.707106781,-0.707106781,0.));
#2538=DIRECTION('',(0.,0.,1.));
#2539=AXIS2_PLACEMENT_3D('',#2536,#2537,#2538);
#2540=PLANE('',#2539);
#2541=ORIENTED_EDGE('',*,*,#1305,.T.);
#2542=CARTESIAN_POINT('',(0.955727339,-6.3,4.605550209));
#2543=VERTEX_POINT('',#2542);
#2544=CARTESIAN_POINT('',(1.155727339,-6.5,4.805550209));
#2545=DIRECTION('',(-0.577350269,0.577350269,-0.577350269));
#2546=VECTOR('',#2545,3.464101615);
#2547=LINE('',#2544,#2546);
#2548=EDGE_CURVE('',#1294,#2543,#2547,.T.);
#2549=ORIENTED_EDGE('',*,*,#2548,.T.);
#2550=CARTESIAN_POINT('',(0.955727339,-6.3,26.680526152));
#2551=DIRECTION('',(0.,0.,-1.));
#2552=VECTOR('',#2551,6.);
#2553=LINE('',#2550,#2552);
#2554=EDGE_CURVE('',#2543,#2511,#2553,.T.);
#2555=ORIENTED_EDGE('',*,*,#2554,.T.);
#2556=ORIENTED_EDGE('',*,*,#2516,.F.);
#2557=EDGE_LOOP('',(#2541,#2549,#2555,#2556));
#2558=FACE_BOUND('',#2557,.T.);
#2559=ADVANCED_FACE('',(#2558),#2540,.T.);
#2560=OVER_RIDING_STYLED_ITEM('',(#114),#2559,#26);
#2561=CARTESIAN_POINT('',(0.255727339,-6.4,2.152775105));
#2562=DIRECTION('',(0.707106781,-0.707106781,0.));
#2563=DIRECTION('',(0.,0.,-1.));
#2564=AXIS2_PLACEMENT_3D('',#2561,#2562,#2563);
#2565=PLANE('',#2564);
#2566=ORIENTED_EDGE('',*,*,#1291,.T.);
#2567=ORIENTED_EDGE('',*,*,#2530,.F.);
#2568=CARTESIAN_POINT('',(0.355727339,-6.3,4.605550209));
#2569=VERTEX_POINT('',#2568);
#2570=CARTESIAN_POINT('',(0.355727339,-6.3,20.680526152));
#2571=DIRECTION('',(0.,0.,1.));
#2572=VECTOR('',#2571,6.);
#2573=LINE('',#2570,#2572);
#2574=EDGE_CURVE('',#2519,#2569,#2573,.T.);
#2575=ORIENTED_EDGE('',*,*,#2574,.T.);
#2576=CARTESIAN_POINT('',(0.155727339,-6.5,4.805550209));
#2577=DIRECTION('',(0.577350269,0.577350269,-0.577350269));
#2578=VECTOR('',#2577,3.464101615);
#2579=LINE('',#2576,#2578);
#2580=EDGE_CURVE('',#1286,#2569,#2579,.T.);
#2581=ORIENTED_EDGE('',*,*,#2580,.F.);
#2582=EDGE_LOOP('',(#2566,#2567,#2575,#2581));
#2583=FACE_BOUND('',#2582,.T.);
#2584=ADVANCED_FACE('',(#2583),#2565,.T.);
#2585=OVER_RIDING_STYLED_ITEM('',(#114),#2584,#26);
#2586=CARTESIAN_POINT('',(0.32786367,-6.4,4.705550209));
#2587=DIRECTION('',(0.,-0.707106781,-0.707106781));
#2588=DIRECTION('',(-1.,0.,0.));
#2589=AXIS2_PLACEMENT_3D('',#2586,#2587,#2588);
#2590=PLANE('',#2589);
#2591=ORIENTED_EDGE('',*,*,#1299,.T.);
#2592=ORIENTED_EDGE('',*,*,#2580,.T.);
#2593=CARTESIAN_POINT('',(0.606500365,-6.3,4.605550209));
#2594=DIRECTION('',(1.,0.,-0.));
#2595=VECTOR('',#2594,6.);
#2596=LINE('',#2593,#2595);
#2597=EDGE_CURVE('',#2569,#2543,#2596,.T.);
#2598=ORIENTED_EDGE('',*,*,#2597,.T.);
#2599=ORIENTED_EDGE('',*,*,#2548,.F.);
#2600=EDGE_LOOP('',(#2591,#2592,#2598,#2599));
#2601=FACE_BOUND('',#2600,.T.);
#2602=ADVANCED_FACE('',(#2601),#2590,.T.);
#2603=OVER_RIDING_STYLED_ITEM('',(#114),#2602,#26);
#2604=CARTESIAN_POINT('',(0.355727339,-6.5,4.305550209));
#2605=DIRECTION('',(-1.,-0.,0.));
#2606=DIRECTION('',(0.,0.,1.));
#2607=AXIS2_PLACEMENT_3D('',#2604,#2605,#2606);
#2608=PLANE('',#2607);
#2609=ORIENTED_EDGE('',*,*,#2574,.F.);
#2610=CARTESIAN_POINT('',(0.355727339,-1.5,4.005550209));
#2611=VERTEX_POINT('',#2610);
#2612=CARTESIAN_POINT('',(0.355727339,-4.5,4.005550209));
#2613=DIRECTION('',(-0.,1.,0.));
#2614=VECTOR('',#2613,48.);
#2615=LINE('',#2612,#2614);
#2616=EDGE_CURVE('',#2519,#2611,#2615,.T.);
#2617=ORIENTED_EDGE('',*,*,#2616,.T.);
#2618=CARTESIAN_POINT('',(0.355727339,-1.5,4.605550209));
#2619=VERTEX_POINT('',#2618);
#2620=CARTESIAN_POINT('',(0.355727339,-1.5,4.605550209));
#2621=DIRECTION('',(0.,0.,-1.));
#2622=VECTOR('',#2621,6.);
#2623=LINE('',#2620,#2622);
#2624=EDGE_CURVE('',#2619,#2611,#2623,.T.);
#2625=ORIENTED_EDGE('',*,*,#2624,.F.);
#2626=CARTESIAN_POINT('',(0.355727339,-4.5,4.605550209));
#2627=DIRECTION('',(-0.,1.,0.));
#2628=VECTOR('',#2627,48.);
#2629=LINE('',#2626,#2628);
#2630=EDGE_CURVE('',#2569,#2619,#2629,.T.);
#2631=ORIENTED_EDGE('',*,*,#2630,.F.);
#2632=EDGE_LOOP('',(#2609,#2617,#2625,#2631));
#2633=FACE_BOUND('',#2632,.T.);
#2634=ADVANCED_FACE('',(#2633),#2608,.F.);
#2635=CARTESIAN_POINT('',(0.655727339,-6.5,4.005550209));
#2636=DIRECTION('',(0.,0.,-1.));
#2637=DIRECTION('',(-1.,0.,0.));
#2638=AXIS2_PLACEMENT_3D('',#2635,#2636,#2637);
#2639=PLANE('',#2638);
#2640=ORIENTED_EDGE('',*,*,#2524,.F.);
#2641=CARTESIAN_POINT('',(0.955727339,-1.5,4.005550209));
#2642=VERTEX_POINT('',#2641);
#2643=CARTESIAN_POINT('',(0.955727339,-4.5,4.005550209));
#2644=DIRECTION('',(-0.,1.,0.));
#2645=VECTOR('',#2644,48.);
#2646=LINE('',#2643,#2645);
#2647=EDGE_CURVE('',#2511,#2642,#2646,.T.);
#2648=ORIENTED_EDGE('',*,*,#2647,.T.);
#2649=CARTESIAN_POINT('',(0.355727339,-1.5,4.005550209));
#2650=DIRECTION('',(1.,0.,-0.));
#2651=VECTOR('',#2650,6.);
#2652=LINE('',#2649,#2651);
#2653=EDGE_CURVE('',#2611,#2642,#2652,.T.);
#2654=ORIENTED_EDGE('',*,*,#2653,.F.);
#2655=ORIENTED_EDGE('',*,*,#2616,.F.);
#2656=EDGE_LOOP('',(#2640,#2648,#2654,#2655));
#2657=FACE_BOUND('',#2656,.T.);
#2658=ADVANCED_FACE('',(#2657),#2639,.F.);
#2659=CARTESIAN_POINT('',(-1.972004982,-6.5,7.968794957));
#2660=DIRECTION('',(1.,0.,0.));
#2661=DIRECTION('',(0.,0.,-1.));
#2662=AXIS2_PLACEMENT_3D('',#2659,#2660,#2661);
#2663=PLANE('',#2662);
#2664=ORIENTED_EDGE('',*,*,#939,.F.);
#2665=CARTESIAN_POINT('',(-1.972004982,-1.5,8.268794957));
#2666=VERTEX_POINT('',#2665);
#2667=CARTESIAN_POINT('',(-1.972004982,-4.5,8.268794957));
#2668=DIRECTION('',(-0.,1.,0.));
#2669=VECTOR('',#2668,48.);
#2670=LINE('',#2667,#2669);
#2671=EDGE_CURVE('',#928,#2666,#2670,.T.);
#2672=ORIENTED_EDGE('',*,*,#2671,.T.);
#2673=CARTESIAN_POINT('',(-1.972004982,-1.5,7.668794957));
#2674=DIRECTION('',(0.,0.,1.));
#2675=VECTOR('',#2674,6.);
#2676=LINE('',#2673,#2675);
#2677=EDGE_CURVE('',#1039,#2666,#2676,.T.);
#2678=ORIENTED_EDGE('',*,*,#2677,.F.);
#2679=ORIENTED_EDGE('',*,*,#1044,.F.);
#2680=EDGE_LOOP('',(#2664,#2672,#2678,#2679));
#2681=FACE_BOUND('',#2680,.T.);
#2682=ADVANCED_FACE('',(#2681),#2663,.F.);
#2683=CARTESIAN_POINT('',(-2.272004982,-6.5,8.268794957));
#2684=DIRECTION('',(0.,0.,1.));
#2685=DIRECTION('',(1.,0.,0.));
#2686=AXIS2_PLACEMENT_3D('',#2683,#2684,#2685);
#2687=PLANE('',#2686);
#2688=ORIENTED_EDGE('',*,*,#971,.F.);
#2689=ORIENTED_EDGE('',*,*,#1027,.T.);
#2690=CARTESIAN_POINT('',(-1.972004982,-1.5,8.268794957));
#2691=DIRECTION('',(-1.,0.,0.));
#2692=VECTOR('',#2691,6.);
#2693=LINE('',#2690,#2692);
#2694=EDGE_CURVE('',#2666,#1016,#2693,.T.);
#2695=ORIENTED_EDGE('',*,*,#2694,.F.);
#2696=ORIENTED_EDGE('',*,*,#2671,.F.);
#2697=EDGE_LOOP('',(#2688,#2689,#2695,#2696));
#2698=FACE_BOUND('',#2697,.T.);
#2699=ADVANCED_FACE('',(#2698),#2687,.F.);
#2700=CARTESIAN_POINT('',(-2.272004982,-1.5,7.968794957));
#2701=DIRECTION('',(-0.,1.,0.));
#2702=DIRECTION('',(0.,-0.,1.));
#2703=AXIS2_PLACEMENT_3D('',#2700,#2701,#2702);
#2704=PLANE('',#2703);
#2705=ORIENTED_EDGE('',*,*,#1050,.T.);
#2706=ORIENTED_EDGE('',*,*,#2677,.T.);
#2707=ORIENTED_EDGE('',*,*,#2694,.T.);
#2708=ORIENTED_EDGE('',*,*,#1021,.T.);
#2709=EDGE_LOOP('',(#2705,#2706,#2707,#2708));
#2710=FACE_BOUND('',#2709,.T.);
#2711=ADVANCED_FACE('',(#2710),#2704,.F.);
#2712=CARTESIAN_POINT('',(2.709222753,-6.5,7.968794957));
#2713=DIRECTION('',(1.,0.,0.));
#2714=DIRECTION('',(0.,0.,-1.));
#2715=AXIS2_PLACEMENT_3D('',#2712,#2713,#2714);
#2716=PLANE('',#2715);
#2717=ORIENTED_EDGE('',*,*,#1624,.F.);
#2718=CARTESIAN_POINT('',(2.709222753,-1.5,8.268794957));
#2719=VERTEX_POINT('',#2718);
#2720=CARTESIAN_POINT('',(2.709222753,-4.5,8.268794957));
#2721=DIRECTION('',(-0.,1.,0.));
#2722=VECTOR('',#2721,48.);
#2723=LINE('',#2720,#2722);
#2724=EDGE_CURVE('',#1613,#2719,#2723,.T.);
#2725=ORIENTED_EDGE('',*,*,#2724,.T.);
#2726=CARTESIAN_POINT('',(2.709222753,-1.5,7.668794957));
#2727=DIRECTION('',(0.,0.,1.));
#2728=VECTOR('',#2727,6.);
#2729=LINE('',#2726,#2728);
#2730=EDGE_CURVE('',#1712,#2719,#2729,.T.);
#2731=ORIENTED_EDGE('',*,*,#2730,.F.);
#2732=ORIENTED_EDGE('',*,*,#1717,.F.);
#2733=EDGE_LOOP('',(#2717,#2725,#2731,#2732));
#2734=FACE_BOUND('',#2733,.T.);
#2735=ADVANCED_FACE('',(#2734),#2716,.F.);
#2736=CARTESIAN_POINT('',(2.409222753,-6.5,8.268794957));
#2737=DIRECTION('',(0.,0.,1.));
#2738=DIRECTION('',(1.,0.,0.));
#2739=AXIS2_PLACEMENT_3D('',#2736,#2737,#2738);
#2740=PLANE('',#2739);
#2741=ORIENTED_EDGE('',*,*,#1649,.F.);
#2742=ORIENTED_EDGE('',*,*,#1700,.T.);
#2743=CARTESIAN_POINT('',(2.709222753,-1.5,8.268794957));
#2744=DIRECTION('',(-1.,0.,0.));
#2745=VECTOR('',#2744,6.);
#2746=LINE('',#2743,#2745);
#2747=EDGE_CURVE('',#2719,#1689,#2746,.T.);
#2748=ORIENTED_EDGE('',*,*,#2747,.F.);
#2749=ORIENTED_EDGE('',*,*,#2724,.F.);
#2750=EDGE_LOOP('',(#2741,#2742,#2748,#2749));
#2751=FACE_BOUND('',#2750,.T.);
#2752=ADVANCED_FACE('',(#2751),#2740,.F.);
#2753=CARTESIAN_POINT('',(2.409222753,-1.5,7.968794957));
#2754=DIRECTION('',(-0.,1.,0.));
#2755=DIRECTION('',(0.,-0.,1.));
#2756=AXIS2_PLACEMENT_3D('',#2753,#2754,#2755);
#2757=PLANE('',#2756);
#2758=ORIENTED_EDGE('',*,*,#1723,.T.);
#2759=ORIENTED_EDGE('',*,*,#2730,.T.);
#2760=ORIENTED_EDGE('',*,*,#2747,.T.);
#2761=ORIENTED_EDGE('',*,*,#1694,.T.);
#2762=EDGE_LOOP('',(#2758,#2759,#2760,#2761));
#2763=FACE_BOUND('',#2762,.T.);
#2764=ADVANCED_FACE('',(#2763),#2757,.F.);
#2765=CARTESIAN_POINT('',(-1.386063818,-6.5,6.343720379));
#2766=DIRECTION('',(1.,0.,0.));
#2767=DIRECTION('',(0.,0.,-1.));
#2768=AXIS2_PLACEMENT_3D('',#2765,#2766,#2767);
#2769=PLANE('',#2768);
#2770=ORIENTED_EDGE('',*,*,#2089,.F.);
#2771=CARTESIAN_POINT('',(-1.386063818,-1.5,6.643720379));
#2772=VERTEX_POINT('',#2771);
#2773=CARTESIAN_POINT('',(-1.386063818,-4.5,6.643720379));
#2774=DIRECTION('',(-0.,1.,0.));
#2775=VECTOR('',#2774,48.);
#2776=LINE('',#2773,#2775);
#2777=EDGE_CURVE('',#2078,#2772,#2776,.T.);
#2778=ORIENTED_EDGE('',*,*,#2777,.T.);
#2779=CARTESIAN_POINT('',(-1.386063818,-1.5,6.043720379));
#2780=DIRECTION('',(0.,0.,1.));
#2781=VECTOR('',#2780,6.);
#2782=LINE('',#2779,#2781);
#2783=EDGE_CURVE('',#2177,#2772,#2782,.T.);
#2784=ORIENTED_EDGE('',*,*,#2783,.F.);
#2785=ORIENTED_EDGE('',*,*,#2182,.F.);
#2786=EDGE_LOOP('',(#2770,#2778,#2784,#2785));
#2787=FACE_BOUND('',#2786,.T.);
#2788=ADVANCED_FACE('',(#2787),#2769,.F.);
#2789=CARTESIAN_POINT('',(-1.686063818,-6.5,6.643720379));
#2790=DIRECTION('',(0.,0.,1.));
#2791=DIRECTION('',(1.,0.,0.));
#2792=AXIS2_PLACEMENT_3D('',#2789,#2790,#2791);
#2793=PLANE('',#2792);
#2794=ORIENTED_EDGE('',*,*,#2114,.F.);
#2795=ORIENTED_EDGE('',*,*,#2165,.T.);
#2796=CARTESIAN_POINT('',(-1.386063818,-1.5,6.643720379));
#2797=DIRECTION('',(-1.,0.,0.));
#2798=VECTOR('',#2797,6.);
#2799=LINE('',#2796,#2798);
#2800=EDGE_CURVE('',#2772,#2154,#2799,.T.);
#2801=ORIENTED_EDGE('',*,*,#2800,.F.);
#2802=ORIENTED_EDGE('',*,*,#2777,.F.);
#2803=EDGE_LOOP('',(#2794,#2795,#2801,#2802));
#2804=FACE_BOUND('',#2803,.T.);
#2805=ADVANCED_FACE('',(#2804),#2793,.F.);
#2806=CARTESIAN_POINT('',(-1.686063818,-1.5,6.343720379));
#2807=DIRECTION('',(0.,1.,0.));
#2808=DIRECTION('',(0.,-0.,1.));
#2809=AXIS2_PLACEMENT_3D('',#2806,#2807,#2808);
#2810=PLANE('',#2809);
#2811=ORIENTED_EDGE('',*,*,#2188,.T.);
#2812=ORIENTED_EDGE('',*,*,#2783,.T.);
#2813=ORIENTED_EDGE('',*,*,#2800,.T.);
#2814=ORIENTED_EDGE('',*,*,#2159,.T.);
#2815=EDGE_LOOP('',(#2811,#2812,#2813,#2814));
#2816=FACE_BOUND('',#2815,.T.);
#2817=ADVANCED_FACE('',(#2816),#2810,.F.);
#2818=CARTESIAN_POINT('',(3.049000556,-6.5,6.343720379));
#2819=DIRECTION('',(1.,0.,0.));
#2820=DIRECTION('',(0.,0.,-1.));
#2821=AXIS2_PLACEMENT_3D('',#2818,#2819,#2820);
#2822=PLANE('',#2821);
#2823=ORIENTED_EDGE('',*,*,#1779,.F.);
#2824=CARTESIAN_POINT('',(3.049000556,-1.5,6.643720379));
#2825=VERTEX_POINT('',#2824);
#2826=CARTESIAN_POINT('',(3.049000556,-4.5,6.643720379));
#2827=DIRECTION('',(-0.,1.,0.));
#2828=VECTOR('',#2827,48.);
#2829=LINE('',#2826,#2828);
#2830=EDGE_CURVE('',#1768,#2825,#2829,.T.);
#2831=ORIENTED_EDGE('',*,*,#2830,.T.);
#2832=CARTESIAN_POINT('',(3.049000556,-1.5,6.043720379));
#2833=DIRECTION('',(0.,0.,1.));
#2834=VECTOR('',#2833,6.);
#2835=LINE('',#2832,#2834);
#2836=EDGE_CURVE('',#1867,#2825,#2835,.T.);
#2837=ORIENTED_EDGE('',*,*,#2836,.F.);
#2838=ORIENTED_EDGE('',*,*,#1872,.F.);
#2839=EDGE_LOOP('',(#2823,#2831,#2837,#2838));
#2840=FACE_BOUND('',#2839,.T.);
#2841=ADVANCED_FACE('',(#2840),#2822,.F.);
#2842=CARTESIAN_POINT('',(2.749000556,-6.5,6.643720379));
#2843=DIRECTION('',(0.,0.,1.));
#2844=DIRECTION('',(1.,0.,0.));
#2845=AXIS2_PLACEMENT_3D('',#2842,#2843,#2844);
#2846=PLANE('',#2845);
#2847=ORIENTED_EDGE('',*,*,#1822,.F.);
#2848=ORIENTED_EDGE('',*,*,#1855,.T.);
#2849=CARTESIAN_POINT('',(3.049000556,-1.5,6.643720379));
#2850=DIRECTION('',(-1.,0.,0.));
#2851=VECTOR('',#2850,6.);
#2852=LINE('',#2849,#2851);
#2853=EDGE_CURVE('',#2825,#1844,#2852,.T.);
#2854=ORIENTED_EDGE('',*,*,#2853,.F.);
#2855=ORIENTED_EDGE('',*,*,#2830,.F.);
#2856=EDGE_LOOP('',(#2847,#2848,#2854,#2855));
#2857=FACE_BOUND('',#2856,.T.);
#2858=ADVANCED_FACE('',(#2857),#2846,.F.);
#2859=CARTESIAN_POINT('',(2.749000556,-1.5,6.343720379));
#2860=DIRECTION('',(0.,1.,0.));
#2861=DIRECTION('',(0.,-0.,1.));
#2862=AXIS2_PLACEMENT_3D('',#2859,#2860,#2861);
#2863=PLANE('',#2862);
#2864=ORIENTED_EDGE('',*,*,#1878,.T.);
#2865=ORIENTED_EDGE('',*,*,#2836,.T.);
#2866=ORIENTED_EDGE('',*,*,#2853,.T.);
#2867=ORIENTED_EDGE('',*,*,#1849,.T.);
#2868=EDGE_LOOP('',(#2864,#2865,#2866,#2867));
#2869=FACE_BOUND('',#2868,.T.);
#2870=ADVANCED_FACE('',(#2869),#2863,.F.);
#2871=CARTESIAN_POINT('',(0.955727339,-6.5,4.305550209));
#2872=DIRECTION('',(1.,0.,0.));
#2873=DIRECTION('',(0.,0.,-1.));
#2874=AXIS2_PLACEMENT_3D('',#2871,#2872,#2873);
#2875=PLANE('',#2874);
#2876=ORIENTED_EDGE('',*,*,#2554,.F.);
#2877=CARTESIAN_POINT('',(0.955727339,-1.5,4.605550209));
#2878=VERTEX_POINT('',#2877);
#2879=CARTESIAN_POINT('',(0.955727339,-4.5,4.605550209));
#2880=DIRECTION('',(-0.,1.,0.));
#2881=VECTOR('',#2880,48.);
#2882=LINE('',#2879,#2881);
#2883=EDGE_CURVE('',#2543,#2878,#2882,.T.);
#2884=ORIENTED_EDGE('',*,*,#2883,.T.);
#2885=CARTESIAN_POINT('',(0.955727339,-1.5,4.005550209));
#2886=DIRECTION('',(0.,0.,1.));
#2887=VECTOR('',#2886,6.);
#2888=LINE('',#2885,#2887);
#2889=EDGE_CURVE('',#2642,#2878,#2888,.T.);
#2890=ORIENTED_EDGE('',*,*,#2889,.F.);
#2891=ORIENTED_EDGE('',*,*,#2647,.F.);
#2892=EDGE_LOOP('',(#2876,#2884,#2890,#2891));
#2893=FACE_BOUND('',#2892,.T.);
#2894=ADVANCED_FACE('',(#2893),#2875,.F.);
#2895=CARTESIAN_POINT('',(0.655727339,-6.5,4.605550209));
#2896=DIRECTION('',(0.,0.,1.));
#2897=DIRECTION('',(1.,0.,0.));
#2898=AXIS2_PLACEMENT_3D('',#2895,#2896,#2897);
#2899=PLANE('',#2898);
#2900=ORIENTED_EDGE('',*,*,#2597,.F.);
#2901=ORIENTED_EDGE('',*,*,#2630,.T.);
#2902=CARTESIAN_POINT('',(0.955727339,-1.5,4.605550209));
#2903=DIRECTION('',(-1.,0.,0.));
#2904=VECTOR('',#2903,6.);
#2905=LINE('',#2902,#2904);
#2906=EDGE_CURVE('',#2878,#2619,#2905,.T.);
#2907=ORIENTED_EDGE('',*,*,#2906,.F.);
#2908=ORIENTED_EDGE('',*,*,#2883,.F.);
#2909=EDGE_LOOP('',(#2900,#2901,#2907,#2908));
#2910=FACE_BOUND('',#2909,.T.);
#2911=ADVANCED_FACE('',(#2910),#2899,.F.);
#2912=CARTESIAN_POINT('',(0.655727339,-1.5,4.305550209));
#2913=DIRECTION('',(-0.,1.,-0.));
#2914=DIRECTION('',(0.,0.,1.));
#2915=AXIS2_PLACEMENT_3D('',#2912,#2913,#2914);
#2916=PLANE('',#2915);
#2917=ORIENTED_EDGE('',*,*,#2653,.T.);
#2918=ORIENTED_EDGE('',*,*,#2889,.T.);
#2919=ORIENTED_EDGE('',*,*,#2906,.T.);
#2920=ORIENTED_EDGE('',*,*,#2624,.T.);
#2921=EDGE_LOOP('',(#2917,#2918,#2919,#2920));
#2922=FACE_BOUND('',#2921,.T.);
#2923=ADVANCED_FACE('',(#2922),#2916,.F.);
#2924=CARTESIAN_POINT('',(-0.547342986,-6.5,4.305550209));
#2925=DIRECTION('',(1.,0.,0.));
#2926=DIRECTION('',(0.,0.,-1.));
#2927=AXIS2_PLACEMENT_3D('',#2924,#2925,#2926);
#2928=PLANE('',#2927);
#2929=ORIENTED_EDGE('',*,*,#2442,.F.);
#2930=CARTESIAN_POINT('',(-0.547342986,-1.5,4.605550209));
#2931=VERTEX_POINT('',#2930);
#2932=CARTESIAN_POINT('',(-0.547342986,-4.5,4.605550209));
#2933=DIRECTION('',(-0.,1.,0.));
#2934=VECTOR('',#2933,48.);
#2935=LINE('',#2932,#2934);
#2936=EDGE_CURVE('',#2364,#2931,#2935,.T.);
#2937=ORIENTED_EDGE('',*,*,#2936,.T.);
#2938=CARTESIAN_POINT('',(-0.547342986,-1.5,4.005550209));
#2939=DIRECTION('',(0.,0.,1.));
#2940=VECTOR('',#2939,6.);
#2941=LINE('',#2938,#2940);
#2942=EDGE_CURVE('',#2487,#2931,#2941,.T.);
#2943=ORIENTED_EDGE('',*,*,#2942,.F.);
#2944=ORIENTED_EDGE('',*,*,#2492,.F.);
#2945=EDGE_LOOP('',(#2929,#2937,#2943,#2944));
#2946=FACE_BOUND('',#2945,.T.);
#2947=ADVANCED_FACE('',(#2946),#2928,.F.);
#2948=CARTESIAN_POINT('',(-0.847342986,-6.5,4.605550209));
#2949=DIRECTION('',(0.,0.,1.));
#2950=DIRECTION('',(1.,0.,0.));
#2951=AXIS2_PLACEMENT_3D('',#2948,#2949,#2950);
#2952=PLANE('',#2951);
#2953=ORIENTED_EDGE('',*,*,#2369,.F.);
#2954=ORIENTED_EDGE('',*,*,#2475,.T.);
#2955=CARTESIAN_POINT('',(-0.547342986,-1.5,4.605550209));
#2956=DIRECTION('',(-1.,0.,0.));
#2957=VECTOR('',#2956,6.);
#2958=LINE('',#2955,#2957);
#2959=EDGE_CURVE('',#2931,#2464,#2958,.T.);
#2960=ORIENTED_EDGE('',*,*,#2959,.F.);
#2961=ORIENTED_EDGE('',*,*,#2936,.F.);
#2962=EDGE_LOOP('',(#2953,#2954,#2960,#2961));
#2963=FACE_BOUND('',#2962,.T.);
#2964=ADVANCED_FACE('',(#2963),#2952,.F.);
#2965=CARTESIAN_POINT('',(-0.847342986,-1.5,4.305550209));
#2966=DIRECTION('',(0.,1.,-0.));
#2967=DIRECTION('',(0.,0.,1.));
#2968=AXIS2_PLACEMENT_3D('',#2965,#2966,#2967);
#2969=PLANE('',#2968);
#2970=ORIENTED_EDGE('',*,*,#2498,.T.);
#2971=ORIENTED_EDGE('',*,*,#2942,.T.);
#2972=ORIENTED_EDGE('',*,*,#2959,.T.);
#2973=ORIENTED_EDGE('',*,*,#2469,.T.);
#2974=EDGE_LOOP('',(#2970,#2971,#2972,#2973));
#2975=FACE_BOUND('',#2974,.T.);
#2976=ADVANCED_FACE('',(#2975),#2969,.F.);
#2977=CARTESIAN_POINT('',(1.022804086,-6.5,6.343720379));
#2978=DIRECTION('',(1.,0.,0.));
#2979=DIRECTION('',(0.,0.,-1.));
#2980=AXIS2_PLACEMENT_3D('',#2977,#2978,#2979);
#2981=PLANE('',#2980);
#2982=ORIENTED_EDGE('',*,*,#1934,.F.);
#2983=CARTESIAN_POINT('',(1.022804086,-1.5,6.643720379));
#2984=VERTEX_POINT('',#2983);
#2985=CARTESIAN_POINT('',(1.022804086,-4.5,6.643720379));
#2986=DIRECTION('',(-0.,1.,0.));
#2987=VECTOR('',#2986,48.);
#2988=LINE('',#2985,#2987);
#2989=EDGE_CURVE('',#1923,#2984,#2988,.T.);
#2990=ORIENTED_EDGE('',*,*,#2989,.T.);
#2991=CARTESIAN_POINT('',(1.022804086,-1.5,6.043720379));
#2992=DIRECTION('',(0.,0.,1.));
#2993=VECTOR('',#2992,6.);
#2994=LINE('',#2991,#2993);
#2995=EDGE_CURVE('',#2022,#2984,#2994,.T.);
#2996=ORIENTED_EDGE('',*,*,#2995,.F.);
#2997=ORIENTED_EDGE('',*,*,#2027,.F.);
#2998=EDGE_LOOP('',(#2982,#2990,#2996,#2997));
#2999=FACE_BOUND('',#2998,.T.);
#3000=ADVANCED_FACE('',(#2999),#2981,.F.);
#3001=CARTESIAN_POINT('',(0.722804086,-6.5,6.643720379));
#3002=DIRECTION('',(0.,0.,1.));
#3003=DIRECTION('',(1.,0.,0.));
#3004=AXIS2_PLACEMENT_3D('',#3001,#3002,#3003);
#3005=PLANE('',#3004);
#3006=ORIENTED_EDGE('',*,*,#1959,.F.);
#3007=ORIENTED_EDGE('',*,*,#2010,.T.);
#3008=CARTESIAN_POINT('',(1.022804086,-1.5,6.643720379));
#3009=DIRECTION('',(-1.,0.,0.));
#3010=VECTOR('',#3009,6.);
#3011=LINE('',#3008,#3010);
#3012=EDGE_CURVE('',#2984,#1999,#3011,.T.);
#3013=ORIENTED_EDGE('',*,*,#3012,.F.);
#3014=ORIENTED_EDGE('',*,*,#2989,.F.);
#3015=EDGE_LOOP('',(#3006,#3007,#3013,#3014));
#3016=FACE_BOUND('',#3015,.T.);
#3017=ADVANCED_FACE('',(#3016),#3005,.F.);
#3018=CARTESIAN_POINT('',(0.722804086,-1.5,6.343720379));
#3019=DIRECTION('',(0.,1.,0.));
#3020=DIRECTION('',(0.,-0.,1.));
#3021=AXIS2_PLACEMENT_3D('',#3018,#3019,#3020);
#3022=PLANE('',#3021);
#3023=ORIENTED_EDGE('',*,*,#2033,.T.);
#3024=ORIENTED_EDGE('',*,*,#2995,.T.);
#3025=ORIENTED_EDGE('',*,*,#3012,.T.);
#3026=ORIENTED_EDGE('',*,*,#2004,.T.);
#3027=EDGE_LOOP('',(#3023,#3024,#3025,#3026));
#3028=FACE_BOUND('',#3027,.T.);
#3029=ADVANCED_FACE('',(#3028),#3022,.F.);
#3030=CARTESIAN_POINT('',(-2.45949316,-6.5,6.343720379));
#3031=DIRECTION('',(1.,0.,0.));
#3032=DIRECTION('',(0.,0.,-1.));
#3033=AXIS2_PLACEMENT_3D('',#3030,#3031,#3032);
#3034=PLANE('',#3033);
#3035=ORIENTED_EDGE('',*,*,#2244,.F.);
#3036=CARTESIAN_POINT('',(-2.45949316,-1.5,6.643720379));
#3037=VERTEX_POINT('',#3036);
#3038=CARTESIAN_POINT('',(-2.45949316,-4.5,6.643720379));
#3039=DIRECTION('',(-0.,1.,0.));
#3040=VECTOR('',#3039,48.);
#3041=LINE('',#3038,#3040);
#3042=EDGE_CURVE('',#2233,#3037,#3041,.T.);
#3043=ORIENTED_EDGE('',*,*,#3042,.T.);
#3044=CARTESIAN_POINT('',(-2.45949316,-1.5,6.043720379));
#3045=DIRECTION('',(0.,0.,1.));
#3046=VECTOR('',#3045,6.);
#3047=LINE('',#3044,#3046);
#3048=EDGE_CURVE('',#2332,#3037,#3047,.T.);
#3049=ORIENTED_EDGE('',*,*,#3048,.F.);
#3050=ORIENTED_EDGE('',*,*,#2337,.F.);
#3051=EDGE_LOOP('',(#3035,#3043,#3049,#3050));
#3052=FACE_BOUND('',#3051,.T.);
#3053=ADVANCED_FACE('',(#3052),#3034,.F.);
#3054=CARTESIAN_POINT('',(-2.75949316,-6.5,6.643720379));
#3055=DIRECTION('',(0.,0.,1.));
#3056=DIRECTION('',(1.,0.,0.));
#3057=AXIS2_PLACEMENT_3D('',#3054,#3055,#3056);
#3058=PLANE('',#3057);
#3059=ORIENTED_EDGE('',*,*,#2269,.F.);
#3060=ORIENTED_EDGE('',*,*,#2320,.T.);
#3061=CARTESIAN_POINT('',(-2.45949316,-1.5,6.643720379));
#3062=DIRECTION('',(-1.,0.,0.));
#3063=VECTOR('',#3062,6.);
#3064=LINE('',#3061,#3063);
#3065=EDGE_CURVE('',#3037,#2309,#3064,.T.);
#3066=ORIENTED_EDGE('',*,*,#3065,.F.);
#3067=ORIENTED_EDGE('',*,*,#3042,.F.);
#3068=EDGE_LOOP('',(#3059,#3060,#3066,#3067));
#3069=FACE_BOUND('',#3068,.T.);
#3070=ADVANCED_FACE('',(#3069),#3058,.F.);
#3071=CARTESIAN_POINT('',(-2.75949316,-1.5,6.343720379));
#3072=DIRECTION('',(-0.,1.,0.));
#3073=DIRECTION('',(0.,-0.,1.));
#3074=AXIS2_PLACEMENT_3D('',#3071,#3072,#3073);
#3075=PLANE('',#3074);
#3076=ORIENTED_EDGE('',*,*,#2343,.T.);
#3077=ORIENTED_EDGE('',*,*,#3048,.T.);
#3078=ORIENTED_EDGE('',*,*,#3065,.T.);
#3079=ORIENTED_EDGE('',*,*,#2314,.T.);
#3080=EDGE_LOOP('',(#3076,#3077,#3078,#3079));
#3081=FACE_BOUND('',#3080,.T.);
#3082=ADVANCED_FACE('',(#3081),#3075,.F.);
#3083=CARTESIAN_POINT('',(-0.397166634,-6.5,7.968794957));
#3084=DIRECTION('',(1.,0.,0.));
#3085=DIRECTION('',(0.,0.,-1.));
#3086=AXIS2_PLACEMENT_3D('',#3083,#3084,#3085);
#3087=PLANE('',#3086);
#3088=ORIENTED_EDGE('',*,*,#1512,.F.);
#3089=CARTESIAN_POINT('',(-0.397166634,-1.5,8.268794957));
#3090=VERTEX_POINT('',#3089);
#3091=CARTESIAN_POINT('',(-0.397166634,-4.5,8.268794957));
#3092=DIRECTION('',(-0.,1.,0.));
#3093=VECTOR('',#3092,48.);
#3094=LINE('',#3091,#3093);
#3095=EDGE_CURVE('',#1434,#3090,#3094,.T.);
#3096=ORIENTED_EDGE('',*,*,#3095,.T.);
#3097=CARTESIAN_POINT('',(-0.397166634,-1.5,7.668794957));
#3098=DIRECTION('',(0.,0.,1.));
#3099=VECTOR('',#3098,6.);
#3100=LINE('',#3097,#3099);
#3101=EDGE_CURVE('',#1557,#3090,#3100,.T.);
#3102=ORIENTED_EDGE('',*,*,#3101,.F.);
#3103=ORIENTED_EDGE('',*,*,#1562,.F.);
#3104=EDGE_LOOP('',(#3088,#3096,#3102,#3103));
#3105=FACE_BOUND('',#3104,.T.);
#3106=ADVANCED_FACE('',(#3105),#3087,.F.);
#3107=CARTESIAN_POINT('',(-0.697166634,-6.5,8.268794957));
#3108=DIRECTION('',(0.,0.,1.));
#3109=DIRECTION('',(1.,0.,0.));
#3110=AXIS2_PLACEMENT_3D('',#3107,#3108,#3109);
#3111=PLANE('',#3110);
#3112=ORIENTED_EDGE('',*,*,#1439,.F.);
#3113=ORIENTED_EDGE('',*,*,#1545,.T.);
#3114=CARTESIAN_POINT('',(-0.397166634,-1.5,8.268794957));
#3115=DIRECTION('',(-1.,0.,0.));
#3116=VECTOR('',#3115,6.);
#3117=LINE('',#3114,#3116);
#3118=EDGE_CURVE('',#3090,#1534,#3117,.T.);
#3119=ORIENTED_EDGE('',*,*,#3118,.F.);
#3120=ORIENTED_EDGE('',*,*,#3095,.F.);
#3121=EDGE_LOOP('',(#3112,#3113,#3119,#3120));
#3122=FACE_BOUND('',#3121,.T.);
#3123=ADVANCED_FACE('',(#3122),#3111,.F.);
#3124=CARTESIAN_POINT('',(-0.697166634,-1.5,7.968794957));
#3125=DIRECTION('',(-0.,1.,0.));
#3126=DIRECTION('',(0.,-0.,1.));
#3127=AXIS2_PLACEMENT_3D('',#3124,#3125,#3126);
#3128=PLANE('',#3127);
#3129=ORIENTED_EDGE('',*,*,#1568,.T.);
#3130=ORIENTED_EDGE('',*,*,#3101,.T.);
#3131=ORIENTED_EDGE('',*,*,#3118,.T.);
#3132=ORIENTED_EDGE('',*,*,#1539,.T.);
#3133=EDGE_LOOP('',(#3129,#3130,#3131,#3132));
#3134=FACE_BOUND('',#3133,.T.);
#3135=ADVANCED_FACE('',(#3134),#3128,.F.);
#3136=CARTESIAN_POINT('',(0.,-6.5,6.5));
#3137=DIRECTION('',(-0.,1.,0.));
#3138=DIRECTION('',(1.,0.,0.));
#3139=AXIS2_PLACEMENT_3D('',#3136,#3137,#3138);
#3140=CYLINDRICAL_SURFACE('',#3139,4.5);
#3141=CARTESIAN_POINT('',(-4.5,-1.5,6.5));
#3142=VERTEX_POINT('',#3141);
#3143=CARTESIAN_POINT('',(-4.5,-6.5,6.5));
#3144=VERTEX_POINT('',#3143);
#3145=CARTESIAN_POINT('',(-4.5,-1.5,6.5));
#3146=DIRECTION('',(0.,-1.,-0.));
#3147=VECTOR('',#3146,5.);
#3148=LINE('',#3145,#3147);
#3149=EDGE_CURVE('',#3142,#3144,#3148,.T.);
#3150=ORIENTED_EDGE('',*,*,#3149,.F.);
#3151=CARTESIAN_POINT('',(4.5,-1.5,6.5));
#3152=VERTEX_POINT('',#3151);
#3153=CARTESIAN_POINT('',(0.,-1.5,6.5));
#3154=DIRECTION('',(0.,-1.,0.));
#3155=DIRECTION('',(1.,0.,0.));
#3156=AXIS2_PLACEMENT_3D('',#3153,#3154,#3155);
#3157=CIRCLE('',#3156,4.5);
#3158=EDGE_CURVE('',#3152,#3142,#3157,.T.);
#3159=ORIENTED_EDGE('',*,*,#3158,.F.);
#3160=CARTESIAN_POINT('',(0.,-1.5,6.5));
#3161=DIRECTION('',(0.,-1.,0.));
#3162=DIRECTION('',(1.,0.,0.));
#3163=AXIS2_PLACEMENT_3D('',#3160,#3161,#3162);
#3164=CIRCLE('',#3163,4.5);
#3165=EDGE_CURVE('',#3142,#3152,#3164,.T.);
#3166=ORIENTED_EDGE('',*,*,#3165,.F.);
#3167=ORIENTED_EDGE('',*,*,#3149,.T.);
#3168=CARTESIAN_POINT('',(4.5,-6.5,6.5));
#3169=VERTEX_POINT('',#3168);
#3170=CARTESIAN_POINT('',(0.,-6.5,6.5));
#3171=DIRECTION('',(-0.,1.,0.));
#3172=DIRECTION('',(1.,0.,0.));
#3173=AXIS2_PLACEMENT_3D('',#3170,#3171,#3172);
#3174=CIRCLE('',#3173,4.5);
#3175=EDGE_CURVE('',#3169,#3144,#3174,.T.);
#3176=ORIENTED_EDGE('',*,*,#3175,.F.);
#3177=CARTESIAN_POINT('',(0.,-6.5,6.5));
#3178=DIRECTION('',(-0.,1.,0.));
#3179=DIRECTION('',(1.,0.,0.));
#3180=AXIS2_PLACEMENT_3D('',#3177,#3178,#3179);
#3181=CIRCLE('',#3180,4.5);
#3182=EDGE_CURVE('',#3144,#3169,#3181,.T.);
#3183=ORIENTED_EDGE('',*,*,#3182,.F.);
#3184=EDGE_LOOP('',(#3150,#3159,#3166,#3167,#3176,#3183));
#3185=FACE_BOUND('',#3184,.T.);
#3186=ADVANCED_FACE('',(#3185),#3140,.F.);
#3187=CARTESIAN_POINT('',(-3.053464802,-6.5,4.430007426));
#3188=DIRECTION('',(0.,0.,1.));
#3189=DIRECTION('',(1.,0.,0.));
#3190=AXIS2_PLACEMENT_3D('',#3187,#3188,#3189);
#3191=PLANE('',#3190);
#3192=CARTESIAN_POINT('',(-2.684192287,-1.5,4.430007426));
#3193=VERTEX_POINT('',#3192);
#3194=CARTESIAN_POINT('',(-3.422737317,-1.5,4.430007426));
#3195=VERTEX_POINT('',#3194);
#3196=CARTESIAN_POINT('',(-2.684192287,-1.5,4.430007426));
#3197=DIRECTION('',(-1.,0.,0.));
#3198=VECTOR('',#3197,7.38545031);
#3199=LINE('',#3196,#3198);
#3200=EDGE_CURVE('',#3193,#3195,#3199,.T.);
#3201=ORIENTED_EDGE('',*,*,#3200,.F.);
#3202=CARTESIAN_POINT('',(-2.684192287,-6.5,4.430007426));
#3203=DIRECTION('',(-0.,1.,0.));
#3204=VECTOR('',#3203,50.);
#3205=LINE('',#3202,#3204);
#3206=EDGE_CURVE('',#1200,#3193,#3205,.T.);
#3207=ORIENTED_EDGE('',*,*,#3206,.F.);
#3208=ORIENTED_EDGE('',*,*,#1205,.F.);
#3209=CARTESIAN_POINT('',(-3.422737317,-6.5,4.430007426));
#3210=DIRECTION('',(-0.,1.,0.));
#3211=VECTOR('',#3210,50.);
#3212=LINE('',#3209,#3211);
#3213=EDGE_CURVE('',#1198,#3195,#3212,.T.);
#3214=ORIENTED_EDGE('',*,*,#3213,.T.);
#3215=EDGE_LOOP('',(#3201,#3207,#3208,#3214));
#3216=FACE_BOUND('',#3215,.T.);
#3217=ADVANCED_FACE('',(#3216),#3191,.F.);
#3218=CARTESIAN_POINT('',(0.,-6.5,6.5));
#3219=DIRECTION('',(-0.,1.,0.));
#3220=DIRECTION('',(1.,0.,0.));
#3221=AXIS2_PLACEMENT_3D('',#3218,#3219,#3220);
#3222=CYLINDRICAL_SURFACE('',#3221,4.);
#3223=CARTESIAN_POINT('',(-4.,-1.5,6.5));
#3224=VERTEX_POINT('',#3223);
#3225=CARTESIAN_POINT('',(-4.,-1.5,6.5));
#3226=DIRECTION('',(0.,-1.,-0.));
#3227=VECTOR('',#3226,5.);
#3228=LINE('',#3225,#3227);
#3229=EDGE_CURVE('',#3224,#1258,#3228,.T.);
#3230=ORIENTED_EDGE('',*,*,#3229,.T.);
#3231=ORIENTED_EDGE('',*,*,#1264,.F.);
#3232=CARTESIAN_POINT('',(-2.736061842,-1.5,9.417870045));
#3233=VERTEX_POINT('',#3232);
#3234=CARTESIAN_POINT('',(-2.736061842,-6.5,9.417870045));
#3235=DIRECTION('',(-0.,1.,0.));
#3236=VECTOR('',#3235,50.);
#3237=LINE('',#3234,#3236);
#3238=EDGE_CURVE('',#1250,#3233,#3237,.T.);
#3239=ORIENTED_EDGE('',*,*,#3238,.T.);
#3240=CARTESIAN_POINT('',(0.,-1.5,6.5));
#3241=DIRECTION('',(-0.,1.,0.));
#3242=DIRECTION('',(1.,0.,0.));
#3243=AXIS2_PLACEMENT_3D('',#3240,#3241,#3242);
#3244=CIRCLE('',#3243,4.);
#3245=EDGE_CURVE('',#3224,#3233,#3244,.T.);
#3246=ORIENTED_EDGE('',*,*,#3245,.F.);
#3247=EDGE_LOOP('',(#3230,#3231,#3239,#3246));
#3248=FACE_BOUND('',#3247,.T.);
#3249=ADVANCED_FACE('',(#3248),#3222,.T.);
#3250=CARTESIAN_POINT('',(-0.,-6.5,9.417870045));
#3251=DIRECTION('',(0.,0.,-1.));
#3252=DIRECTION('',(-1.,0.,0.));
#3253=AXIS2_PLACEMENT_3D('',#3250,#3251,#3252);
#3254=PLANE('',#3253);
#3255=CARTESIAN_POINT('',(2.736061842,-1.5,9.417870045));
#3256=VERTEX_POINT('',#3255);
#3257=CARTESIAN_POINT('',(-2.736061842,-1.5,9.417870045));
#3258=DIRECTION('',(1.,0.,-0.));
#3259=VECTOR('',#3258,54.721236836);
#3260=LINE('',#3257,#3259);
#3261=EDGE_CURVE('',#3233,#3256,#3260,.T.);
#3262=ORIENTED_EDGE('',*,*,#3261,.F.);
#3263=ORIENTED_EDGE('',*,*,#3238,.F.);
#3264=ORIENTED_EDGE('',*,*,#1255,.F.);
#3265=CARTESIAN_POINT('',(2.736061842,-6.5,9.417870045));
#3266=DIRECTION('',(-0.,1.,0.));
#3267=VECTOR('',#3266,50.);
#3268=LINE('',#3265,#3267);
#3269=EDGE_CURVE('',#1241,#3256,#3268,.T.);
#3270=ORIENTED_EDGE('',*,*,#3269,.T.);
#3271=EDGE_LOOP('',(#3262,#3263,#3264,#3270));
#3272=FACE_BOUND('',#3271,.T.);
#3273=ADVANCED_FACE('',(#3272),#3254,.F.);
#3274=CARTESIAN_POINT('',(0.,-6.5,6.5));
#3275=DIRECTION('',(-0.,1.,0.));
#3276=DIRECTION('',(1.,0.,0.));
#3277=AXIS2_PLACEMENT_3D('',#3274,#3275,#3276);
#3278=CYLINDRICAL_SURFACE('',#3277,4.);
#3279=CARTESIAN_POINT('',(3.422737317,-1.5,4.430007426));
#3280=VERTEX_POINT('',#3279);
#3281=CARTESIAN_POINT('',(0.,-1.5,6.5));
#3282=DIRECTION('',(-0.,1.,0.));
#3283=DIRECTION('',(1.,0.,0.));
#3284=AXIS2_PLACEMENT_3D('',#3281,#3282,#3283);
#3285=CIRCLE('',#3284,4.);
#3286=EDGE_CURVE('',#3256,#3280,#3285,.T.);
#3287=ORIENTED_EDGE('',*,*,#3286,.F.);
#3288=ORIENTED_EDGE('',*,*,#3269,.F.);
#3289=ORIENTED_EDGE('',*,*,#1247,.F.);
#3290=CARTESIAN_POINT('',(3.422737317,-6.5,4.430007426));
#3291=DIRECTION('',(-0.,1.,0.));
#3292=VECTOR('',#3291,50.);
#3293=LINE('',#3290,#3292);
#3294=EDGE_CURVE('',#1233,#3280,#3293,.T.);
#3295=ORIENTED_EDGE('',*,*,#3294,.T.);
#3296=EDGE_LOOP('',(#3287,#3288,#3289,#3295));
#3297=FACE_BOUND('',#3296,.T.);
#3298=ADVANCED_FACE('',(#3297),#3278,.T.);
#3299=CARTESIAN_POINT('',(3.053464802,-6.5,4.430007426));
#3300=DIRECTION('',(0.,0.,1.));
#3301=DIRECTION('',(1.,0.,0.));
#3302=AXIS2_PLACEMENT_3D('',#3299,#3300,#3301);
#3303=PLANE('',#3302);
#3304=CARTESIAN_POINT('',(2.684192287,-1.5,4.430007426));
#3305=VERTEX_POINT('',#3304);
#3306=CARTESIAN_POINT('',(3.422737317,-1.5,4.430007426));
#3307=DIRECTION('',(-1.,0.,0.));
#3308=VECTOR('',#3307,7.38545031);
#3309=LINE('',#3306,#3308);
#3310=EDGE_CURVE('',#3280,#3305,#3309,.T.);
#3311=ORIENTED_EDGE('',*,*,#3310,.F.);
#3312=ORIENTED_EDGE('',*,*,#3294,.F.);
#3313=ORIENTED_EDGE('',*,*,#1238,.F.);
#3314=CARTESIAN_POINT('',(2.684192287,-6.5,4.430007426));
#3315=DIRECTION('',(-0.,1.,0.));
#3316=VECTOR('',#3315,50.);
#3317=LINE('',#3314,#3316);
#3318=EDGE_CURVE('',#1225,#3305,#3317,.T.);
#3319=ORIENTED_EDGE('',*,*,#3318,.T.);
#3320=EDGE_LOOP('',(#3311,#3312,#3313,#3319));
#3321=FACE_BOUND('',#3320,.T.);
#3322=ADVANCED_FACE('',(#3321),#3303,.F.);
#3323=CARTESIAN_POINT('',(2.684192287,-6.5,3.982176029));
#3324=DIRECTION('',(-1.,-0.,0.));
#3325=DIRECTION('',(0.,0.,1.));
#3326=AXIS2_PLACEMENT_3D('',#3323,#3324,#3325);
#3327=PLANE('',#3326);
#3328=CARTESIAN_POINT('',(2.684192287,-1.5,3.534344631));
#3329=VERTEX_POINT('',#3328);
#3330=CARTESIAN_POINT('',(2.684192287,-1.5,4.430007426));
#3331=DIRECTION('',(0.,0.,-1.));
#3332=VECTOR('',#3331,8.956627954);
#3333=LINE('',#3330,#3332);
#3334=EDGE_CURVE('',#3305,#3329,#3333,.T.);
#3335=ORIENTED_EDGE('',*,*,#3334,.F.);
#3336=ORIENTED_EDGE('',*,*,#3318,.F.);
#3337=ORIENTED_EDGE('',*,*,#1230,.F.);
#3338=CARTESIAN_POINT('',(2.684192287,-6.5,3.534344631));
#3339=DIRECTION('',(-0.,1.,0.));
#3340=VECTOR('',#3339,50.);
#3341=LINE('',#3338,#3340);
#3342=EDGE_CURVE('',#1216,#3329,#3341,.T.);
#3343=ORIENTED_EDGE('',*,*,#3342,.T.);
#3344=EDGE_LOOP('',(#3335,#3336,#3337,#3343));
#3345=FACE_BOUND('',#3344,.T.);
#3346=ADVANCED_FACE('',(#3345),#3327,.F.);
#3347=CARTESIAN_POINT('',(0.,-6.5,6.5));
#3348=DIRECTION('',(-0.,1.,0.));
#3349=DIRECTION('',(1.,0.,0.));
#3350=AXIS2_PLACEMENT_3D('',#3347,#3348,#3349);
#3351=CYLINDRICAL_SURFACE('',#3350,4.);
#3352=CARTESIAN_POINT('',(-2.684192287,-1.5,3.534344631));
#3353=VERTEX_POINT('',#3352);
#3354=CARTESIAN_POINT('',(0.,-1.5,6.5));
#3355=DIRECTION('',(-0.,1.,0.));
#3356=DIRECTION('',(1.,0.,0.));
#3357=AXIS2_PLACEMENT_3D('',#3354,#3355,#3356);
#3358=CIRCLE('',#3357,4.);
#3359=EDGE_CURVE('',#3329,#3353,#3358,.T.);
#3360=ORIENTED_EDGE('',*,*,#3359,.F.);
#3361=ORIENTED_EDGE('',*,*,#3342,.F.);
#3362=ORIENTED_EDGE('',*,*,#1222,.F.);
#3363=CARTESIAN_POINT('',(-2.684192287,-6.5,3.534344631));
#3364=DIRECTION('',(-0.,1.,0.));
#3365=VECTOR('',#3364,50.);
#3366=LINE('',#3363,#3365);
#3367=EDGE_CURVE('',#1208,#3353,#3366,.T.);
#3368=ORIENTED_EDGE('',*,*,#3367,.T.);
#3369=EDGE_LOOP('',(#3360,#3361,#3362,#3368));
#3370=FACE_BOUND('',#3369,.T.);
#3371=ADVANCED_FACE('',(#3370),#3351,.T.);
#3372=CARTESIAN_POINT('',(-2.684192287,-6.5,3.982176029));
#3373=DIRECTION('',(1.,0.,0.));
#3374=DIRECTION('',(0.,0.,-1.));
#3375=AXIS2_PLACEMENT_3D('',#3372,#3373,#3374);
#3376=PLANE('',#3375);
#3377=CARTESIAN_POINT('',(-2.684192287,-1.5,3.534344631));
#3378=DIRECTION('',(0.,0.,1.));
#3379=VECTOR('',#3378,8.956627954);
#3380=LINE('',#3377,#3379);
#3381=EDGE_CURVE('',#3353,#3193,#3380,.T.);
#3382=ORIENTED_EDGE('',*,*,#3381,.F.);
#3383=ORIENTED_EDGE('',*,*,#3367,.F.);
#3384=ORIENTED_EDGE('',*,*,#1213,.F.);
#3385=ORIENTED_EDGE('',*,*,#3206,.T.);
#3386=EDGE_LOOP('',(#3382,#3383,#3384,#3385));
#3387=FACE_BOUND('',#3386,.T.);
#3388=ADVANCED_FACE('',(#3387),#3376,.F.);
#3389=CARTESIAN_POINT('',(0.,-1.5,6.5));
#3390=DIRECTION('',(0.,-1.,0.));
#3391=DIRECTION('',(0.,0.,-1.));
#3392=AXIS2_PLACEMENT_3D('',#3389,#3390,#3391);
#3393=PLANE('',#3392);
#3394=ORIENTED_EDGE('',*,*,#3200,.T.);
#3395=CARTESIAN_POINT('',(0.,-1.5,6.5));
#3396=DIRECTION('',(-0.,1.,0.));
#3397=DIRECTION('',(1.,0.,0.));
#3398=AXIS2_PLACEMENT_3D('',#3395,#3396,#3397);
#3399=CIRCLE('',#3398,4.);
#3400=EDGE_CURVE('',#3195,#3224,#3399,.T.);
#3401=ORIENTED_EDGE('',*,*,#3400,.T.);
#3402=ORIENTED_EDGE('',*,*,#3245,.T.);
#3403=ORIENTED_EDGE('',*,*,#3261,.T.);
#3404=ORIENTED_EDGE('',*,*,#3286,.T.);
#3405=ORIENTED_EDGE('',*,*,#3310,.T.);
#3406=ORIENTED_EDGE('',*,*,#3334,.T.);
#3407=ORIENTED_EDGE('',*,*,#3359,.T.);
#3408=ORIENTED_EDGE('',*,*,#3381,.T.);
#3409=EDGE_LOOP('',(#3394,#3401,#3402,#3403,#3404,#3405,#3406,#3407,#3408));
#3410=FACE_BOUND('',#3409,.T.);
#3411=ORIENTED_EDGE('',*,*,#3158,.T.);
#3412=ORIENTED_EDGE('',*,*,#3165,.T.);
#3413=EDGE_LOOP('',(#3411,#3412));
#3414=FACE_BOUND('',#3413,.T.);
#3415=ADVANCED_FACE('',(#3410,#3414),#3393,.T.);
#3416=CARTESIAN_POINT('',(0.,-6.5,0.));
#3417=DIRECTION('',(0.,-1.,0.));
#3418=DIRECTION('',(1.,0.,0.));
#3419=AXIS2_PLACEMENT_3D('',#3416,#3417,#3418);
#3420=PLANE('',#3419);
#3421=CARTESIAN_POINT('',(7.,-6.5,12.8));
#3422=VERTEX_POINT('',#3421);
#3423=CARTESIAN_POINT('',(-7.,-6.5,12.8));
#3424=VERTEX_POINT('',#3423);
#3425=CARTESIAN_POINT('',(133.,-6.5,12.8));
#3426=DIRECTION('',(-1.,0.,0.));
#3427=VECTOR('',#3426,140.);
#3428=LINE('',#3425,#3427);
#3429=EDGE_CURVE('',#3422,#3424,#3428,.T.);
#3430=ORIENTED_EDGE('',*,*,#3429,.T.);
#3431=CARTESIAN_POINT('',(-7.,-6.5,0.));
#3432=DIRECTION('',(0.,0.,1.));
#3433=VECTOR('',#3432,128.);
#3434=LINE('',#3431,#3433);
#3435=EDGE_CURVE('',#757,#3424,#3434,.T.);
#3436=ORIENTED_EDGE('',*,*,#3435,.F.);
#3437=ORIENTED_EDGE('',*,*,#764,.T.);
#3438=CARTESIAN_POINT('',(7.,-6.5,0.));
#3439=DIRECTION('',(0.,0.,1.));
#3440=VECTOR('',#3439,128.);
#3441=LINE('',#3438,#3440);
#3442=EDGE_CURVE('',#759,#3422,#3441,.T.);
#3443=ORIENTED_EDGE('',*,*,#3442,.T.);
#3444=EDGE_LOOP('',(#3430,#3436,#3437,#3443));
#3445=FACE_BOUND('',#3444,.T.);
#3446=ORIENTED_EDGE('',*,*,#3175,.T.);
#3447=ORIENTED_EDGE('',*,*,#3182,.T.);
#3448=EDGE_LOOP('',(#3446,#3447));
#3449=FACE_BOUND('',#3448,.T.);
#3450=ADVANCED_FACE('',(#3445,#3449),#3420,.T.);
#3451=OVER_RIDING_STYLED_ITEM('',(#871),#3450,#26);
#3452=CARTESIAN_POINT('',(0.,0.65,12.3));
#3453=DIRECTION('',(0.,-0.,1.));
#3454=DIRECTION('',(1.,0.,-0.));
#3455=AXIS2_PLACEMENT_3D('',#3452,#3453,#3454);
#3456=PLANE('',#3455);
#3457=CARTESIAN_POINT('',(-6.5,-4.7,12.3));
#3458=VERTEX_POINT('',#3457);
#3459=CARTESIAN_POINT('',(6.5,-4.7,12.3));
#3460=VERTEX_POINT('',#3459);
#3461=CARTESIAN_POINT('',(-6.5,-4.7,12.3));
#3462=DIRECTION('',(1.,0.,-0.));
#3463=VECTOR('',#3462,130.);
#3464=LINE('',#3461,#3463);
#3465=EDGE_CURVE('',#3458,#3460,#3464,.T.);
#3466=ORIENTED_EDGE('',*,*,#3465,.T.);
#3467=CARTESIAN_POINT('',(6.5,6.,12.3));
#3468=VERTEX_POINT('',#3467);
#3469=CARTESIAN_POINT('',(6.5,54.15,12.3));
#3470=DIRECTION('',(0.,-1.,-0.));
#3471=VECTOR('',#3470,107.);
#3472=LINE('',#3469,#3471);
#3473=EDGE_CURVE('',#3468,#3460,#3472,.T.);
#3474=ORIENTED_EDGE('',*,*,#3473,.F.);
#3475=CARTESIAN_POINT('',(-6.5,6.,12.3));
#3476=VERTEX_POINT('',#3475);
#3477=CARTESIAN_POINT('',(-65.,6.,12.3));
#3478=DIRECTION('',(1.,0.,-0.));
#3479=VECTOR('',#3478,130.);
#3480=LINE('',#3477,#3479);
#3481=EDGE_CURVE('',#3476,#3468,#3480,.T.);
#3482=ORIENTED_EDGE('',*,*,#3481,.F.);
#3483=CARTESIAN_POINT('',(-6.5,-52.85,12.3));
#3484=DIRECTION('',(0.,1.,0.));
#3485=VECTOR('',#3484,107.);
#3486=LINE('',#3483,#3485);
#3487=EDGE_CURVE('',#3458,#3476,#3486,.T.);
#3488=ORIENTED_EDGE('',*,*,#3487,.F.);
#3489=EDGE_LOOP('',(#3466,#3474,#3482,#3488));
#3490=FACE_BOUND('',#3489,.T.);
#3491=ADVANCED_FACE('',(#3490),#3456,.T.);
#3492=OVER_RIDING_STYLED_ITEM('',(#871),#3491,#26);
#3493=CARTESIAN_POINT('',(0.,-0.451886792,12.8));
#3494=DIRECTION('',(0.,0.,1.));
#3495=DIRECTION('',(1.,0.,0.));
#3496=AXIS2_PLACEMENT_3D('',#3493,#3494,#3495);
#3497=PLANE('',#3496);
#3498=CARTESIAN_POINT('',(-7.,-4.7,12.8));
#3499=VERTEX_POINT('',#3498);
#3500=CARTESIAN_POINT('',(7.,-4.7,12.8));
#3501=VERTEX_POINT('',#3500);
#3502=CARTESIAN_POINT('',(-11.5,-4.7,12.8));
#3503=DIRECTION('',(1.,0.,-0.));
#3504=VECTOR('',#3503,140.);
#3505=LINE('',#3502,#3504);
#3506=EDGE_CURVE('',#3499,#3501,#3505,.T.);
#3507=ORIENTED_EDGE('',*,*,#3506,.F.);
#3508=CARTESIAN_POINT('',(-7.,-22.7,12.8));
#3509=DIRECTION('',(0.,1.,0.));
#3510=VECTOR('',#3509,18.);
#3511=LINE('',#3508,#3510);
#3512=EDGE_CURVE('',#3424,#3499,#3511,.T.);
#3513=ORIENTED_EDGE('',*,*,#3512,.F.);
#3514=ORIENTED_EDGE('',*,*,#3429,.F.);
#3515=CARTESIAN_POINT('',(7.,11.5,12.8));
#3516=DIRECTION('',(0.,-1.,0.));
#3517=VECTOR('',#3516,18.);
#3518=LINE('',#3515,#3517);
#3519=EDGE_CURVE('',#3501,#3422,#3518,.T.);
#3520=ORIENTED_EDGE('',*,*,#3519,.F.);
#3521=EDGE_LOOP('',(#3507,#3513,#3514,#3520));
#3522=FACE_BOUND('',#3521,.T.);
#3523=ADVANCED_FACE('',(#3522),#3497,.T.);
#3524=OVER_RIDING_STYLED_ITEM('',(#871),#3523,#26);
#3525=CARTESIAN_POINT('',(-6.5,0.65,0.));
#3526=DIRECTION('',(-1.,0.,0.));
#3527=DIRECTION('',(0.,-1.,0.));
#3528=AXIS2_PLACEMENT_3D('',#3525,#3526,#3527);
#3529=PLANE('',#3528);
#3530=ORIENTED_EDGE('',*,*,#3487,.T.);
#3531=CARTESIAN_POINT('',(-6.5,6.,0.));
#3532=DIRECTION('',(0.,0.,1.));
#3533=VECTOR('',#3532,123.);
#3534=LINE('',#3531,#3533);
#3535=EDGE_CURVE('',#783,#3476,#3534,.T.);
#3536=ORIENTED_EDGE('',*,*,#3535,.F.);
#3537=ORIENTED_EDGE('',*,*,#788,.T.);
#3538=CARTESIAN_POINT('',(-6.5,-4.7,0.));
#3539=DIRECTION('',(0.,0.,1.));
#3540=VECTOR('',#3539,123.);
#3541=LINE('',#3538,#3540);
#3542=EDGE_CURVE('',#775,#3458,#3541,.T.);
#3543=ORIENTED_EDGE('',*,*,#3542,.T.);
#3544=EDGE_LOOP('',(#3530,#3536,#3537,#3543));
#3545=FACE_BOUND('',#3544,.T.);
#3546=ADVANCED_FACE('',(#3545),#3529,.T.);
#3547=OVER_RIDING_STYLED_ITEM('',(#871),#3546,#26);
#3548=CARTESIAN_POINT('',(-7.,-5.6,0.));
#3549=DIRECTION('',(-1.,0.,0.));
#3550=DIRECTION('',(0.,-1.,0.));
#3551=AXIS2_PLACEMENT_3D('',#3548,#3549,#3550);
#3552=PLANE('',#3551);
#3553=ORIENTED_EDGE('',*,*,#3512,.T.);
#3554=CARTESIAN_POINT('',(-7.,-4.7,0.));
#3555=DIRECTION('',(0.,0.,1.));
#3556=VECTOR('',#3555,128.);
#3557=LINE('',#3554,#3556);
#3558=EDGE_CURVE('',#767,#3499,#3557,.T.);
#3559=ORIENTED_EDGE('',*,*,#3558,.F.);
#3560=ORIENTED_EDGE('',*,*,#772,.T.);
#3561=ORIENTED_EDGE('',*,*,#3435,.T.);
#3562=EDGE_LOOP('',(#3553,#3559,#3560,#3561));
#3563=FACE_BOUND('',#3562,.T.);
#3564=ADVANCED_FACE('',(#3563),#3552,.T.);
#3565=OVER_RIDING_STYLED_ITEM('',(#871),#3564,#26);
#3566=CARTESIAN_POINT('',(0.,6.,0.));
#3567=DIRECTION('',(0.,1.,0.));
#3568=DIRECTION('',(-1.,0.,0.));
#3569=AXIS2_PLACEMENT_3D('',#3566,#3567,#3568);
#3570=PLANE('',#3569);
#3571=ORIENTED_EDGE('',*,*,#3481,.T.);
#3572=CARTESIAN_POINT('',(6.5,6.,0.));
#3573=DIRECTION('',(0.,0.,1.));
#3574=VECTOR('',#3573,123.);
#3575=LINE('',#3572,#3574);
#3576=EDGE_CURVE('',#791,#3468,#3575,.T.);
#3577=ORIENTED_EDGE('',*,*,#3576,.F.);
#3578=ORIENTED_EDGE('',*,*,#796,.T.);
#3579=ORIENTED_EDGE('',*,*,#3535,.T.);
#3580=EDGE_LOOP('',(#3571,#3577,#3578,#3579));
#3581=FACE_BOUND('',#3580,.T.);
#3582=ADVANCED_FACE('',(#3581),#3570,.T.);
#3583=OVER_RIDING_STYLED_ITEM('',(#871),#3582,#26);
#3584=CARTESIAN_POINT('',(6.5,0.65,0.));
#3585=DIRECTION('',(1.,0.,0.));
#3586=DIRECTION('',(0.,1.,0.));
#3587=AXIS2_PLACEMENT_3D('',#3584,#3585,#3586);
#3588=PLANE('',#3587);
#3589=ORIENTED_EDGE('',*,*,#3473,.T.);
#3590=CARTESIAN_POINT('',(6.5,-4.7,0.));
#3591=DIRECTION('',(0.,0.,1.));
#3592=VECTOR('',#3591,123.);
#3593=LINE('',#3590,#3592);
#3594=EDGE_CURVE('',#799,#3460,#3593,.T.);
#3595=ORIENTED_EDGE('',*,*,#3594,.F.);
#3596=ORIENTED_EDGE('',*,*,#804,.T.);
#3597=ORIENTED_EDGE('',*,*,#3576,.T.);
#3598=EDGE_LOOP('',(#3589,#3595,#3596,#3597));
#3599=FACE_BOUND('',#3598,.T.);
#3600=ADVANCED_FACE('',(#3599),#3588,.T.);
#3601=OVER_RIDING_STYLED_ITEM('',(#871),#3600,#26);
#3602=CARTESIAN_POINT('',(6.75,-4.7,0.));
#3603=DIRECTION('',(0.,1.,0.));
#3604=DIRECTION('',(-1.,0.,0.));
#3605=AXIS2_PLACEMENT_3D('',#3602,#3603,#3604);
#3606=PLANE('',#3605);
#3607=ORIENTED_EDGE('',*,*,#3506,.T.);
#3608=CARTESIAN_POINT('',(7.,-4.7,0.));
#3609=DIRECTION('',(0.,0.,1.));
#3610=VECTOR('',#3609,128.);
#3611=LINE('',#3608,#3610);
#3612=EDGE_CURVE('',#807,#3501,#3611,.T.);
#3613=ORIENTED_EDGE('',*,*,#3612,.F.);
#3614=ORIENTED_EDGE('',*,*,#812,.T.);
#3615=ORIENTED_EDGE('',*,*,#3594,.T.);
#3616=ORIENTED_EDGE('',*,*,#3465,.F.);
#3617=ORIENTED_EDGE('',*,*,#3542,.F.);
#3618=ORIENTED_EDGE('',*,*,#780,.T.);
#3619=ORIENTED_EDGE('',*,*,#3558,.T.);
#3620=EDGE_LOOP('',(#3607,#3613,#3614,#3615,#3616,#3617,#3618,#3619));
#3621=FACE_BOUND('',#3620,.T.);
#3622=ADVANCED_FACE('',(#3621),#3606,.T.);
#3623=OVER_RIDING_STYLED_ITEM('',(#871),#3622,#26);
#3624=CARTESIAN_POINT('',(7.,-5.6,0.));
#3625=DIRECTION('',(1.,0.,0.));
#3626=DIRECTION('',(0.,1.,0.));
#3627=AXIS2_PLACEMENT_3D('',#3624,#3625,#3626);
#3628=PLANE('',#3627);
#3629=ORIENTED_EDGE('',*,*,#3519,.T.);
#3630=ORIENTED_EDGE('',*,*,#3442,.F.);
#3631=ORIENTED_EDGE('',*,*,#818,.T.);
#3632=ORIENTED_EDGE('',*,*,#3612,.T.);
#3633=EDGE_LOOP('',(#3629,#3630,#3631,#3632));
#3634=FACE_BOUND('',#3633,.T.);
#3635=ADVANCED_FACE('',(#3634),#3628,.T.);
#3636=OVER_RIDING_STYLED_ITEM('',(#871),#3635,#26);
#3637=CARTESIAN_POINT('',(0.,-6.5,6.5));
#3638=DIRECTION('',(-0.,1.,0.));
#3639=DIRECTION('',(1.,0.,0.));
#3640=AXIS2_PLACEMENT_3D('',#3637,#3638,#3639);
#3641=CYLINDRICAL_SURFACE('',#3640,4.);
#3642=ORIENTED_EDGE('',*,*,#3229,.F.);
#3643=ORIENTED_EDGE('',*,*,#3400,.F.);
#3644=ORIENTED_EDGE('',*,*,#3213,.F.);
#3645=ORIENTED_EDGE('',*,*,#1271,.F.);
#3646=EDGE_LOOP('',(#3642,#3643,#3644,#3645));
#3647=FACE_BOUND('',#3646,.T.);
#3648=ADVANCED_FACE('',(#3647),#3641,.T.);
#3649=CLOSED_SHELL('',(#67,#107,#166,#177,#229,#240,#292,#303,#355,#366,#391,#416,#434,#486,#497,#549,#560,#612,#623,#675,#686,#738,#749,#864,#912,#944,
#976,#999,#1031,#1055,#1417,#1449,#1481,#1499,#1517,#1549,#1573,#1604,#1629,#1654,#1672,#1704,#1728,#1759,#1784,#1809,#1827,#1859,#1883,#1914,#1939,
#1964,#1982,#2014,#2038,#2069,#2094,#2119,#2137,#2169,#2193,#2224,#2249,#2274,#2292,#2324,#2348,#2379,#2411,#2429,#2447,#2479,#2503,#2534,#2559,#2584,
#2602,#2634,#2658,#2682,#2699,#2711,#2735,#2752,#2764,#2788,#2805,#2817,#2841,#2858,#2870,#2894,#2911,#2923,#2947,#2964,#2976,#3000,#3017,#3029,#3053,
#3070,#3082,#3106,#3123,#3135,#3186,#3217,#3249,#3273,#3298,#3322,#3346,#3371,#3388,#3415,#3450,#3491,#3523,#3546,#3564,#3582,#3600,#3622,#3635,#3648));
#3650=MANIFOLD_SOLID_BREP('alibrePartClosedBody',#3649);
#3651=COLOUR_RGB('',0.501960814,0.501960814,0.501960814);
#3652=FILL_AREA_STYLE_COLOUR('',#3651);
#3653=FILL_AREA_STYLE('',(#3652));
#3654=SURFACE_STYLE_FILL_AREA(#3653);
#3655=SURFACE_SIDE_STYLE('',(#3654));
#3656=SURFACE_STYLE_USAGE(.BOTH.,#3655);
#3657=PRESENTATION_STYLE_ASSIGNMENT((#3656));
#26=STYLED_ITEM('',(#3657),#3650);
#16=SHAPE_REPRESENTATION('Conn_Mini_DIN_round_9',(#15),#10);
#17=ADVANCED_BREP_SHAPE_REPRESENTATION('Conn_Mini_DIN_round_9',(#3650),#10);
#3665=SHAPE_REPRESENTATION_RELATIONSHIP('','',#16,#17);
#3666=CARTESIAN_POINT('',(0.,0.,0.));
#3667=DIRECTION('',(0.,0.,1.));
#3668=DIRECTION('',(1.,0.,0.));
#3669=AXIS2_PLACEMENT_3D('',#3666,#3667,#3668);
#3671=MAPPED_ITEM('',#3670,#3669);
#3670=REPRESENTATION_MAP(#3669,#16);
#3672=APPLICATION_CONTEXT('Managed model based 3d engineering');
#3673=APPLICATION_PROTOCOL_DEFINITION('international standard','ap242_managed_model_based_3d_engineering',2013,#3672);
#3674=PRODUCT_CONTEXT('',#3672,'mechanical');
#3675=PRODUCT_DEFINITION_CONTEXT('part definition',#3672,'design');
#24=PRODUCT('Conn_Mini_DIN_round_9','Conn_Mini_DIN_round_9','',(#3674));
#3676=PRODUCT_RELATED_PRODUCT_CATEGORY('part','',(#24));
#3677=PRODUCT_DEFINITION_FORMATION_WITH_SPECIFIED_SOURCE('','',#24,.NOT_KNOWN.);
#25=PRODUCT_DEFINITION('design','',#3677,#3675);
#23=PRODUCT_DEFINITION_SHAPE('','',#25);
#3678=SHAPE_DEFINITION_REPRESENTATION(#23,#16);
#11=DRAUGHTING_MODEL('',(#3671),#10);
#1=MECHANICAL_DESIGN_GEOMETRIC_PRESENTATION_REPRESENTATION('',(#75,#115,#167,#178,#230,#241,#293,#304,#356,#367,#392,#417,#435,#487,#498,#550,#561,#613,#624,#676,#687,#739,#750,#872,#913,#945,
#977,#1000,#1418,#1450,#1482,#1500,#1518,#1605,#1630,#1655,#1673,#1760,#1785,#1810,#1828,#1915,#1940,#1965,#1983,#2070,#2095,#2120,#2138,#2225,#2250,
#2275,#2293,#2380,#2412,#2430,#2448,#2535,#2560,#2585,#2603,#3451,#3492,#3524,#3547,#3565,#3583,#3601,#3623,#3636,#26),#10);
ENDSEC;
END-ISO-10303-21;
